'''
    ezFBfont_PTSansNarrow_48_ascii_69 : generated as part of the microPyEZfonts repository
      https://github.com/easytarget/microPyEZfonts

    This font definition can be used with the "ezFBfont" class provided there.
    It can also be used with the "writer" class from Peter Hinches micropython
      font-to-py tool: https://github.com/peterhinch/micropython-font-to-py

    Original PTSansNarrow_48.bdf font file was sourced from the U8G2 project:
      https://github.com/olikraus/u8g2

'''
# Code generated by bdf2dict.py
# Font: PTSansNarrow_48
# Cmd: ['bdf2dict.py'], ['./PTSansNarrow-48.bdf', '_', './ascii-char.set']
# Date: 2025-05-29 13:11:13
'''
    Original Copyright, Comments and Notices from source:

    COPYRIGHT Sourced from Google Fonts, Wed 28 May 2025
    COPYRIGHT https://fonts.google.com/specimen/PT+Sans+Narrow
    COPYRIGHT 
    COPYRIGHT Distributed there under the SIL Open Font License, Version 1.1
    COPYRIGHT 
    COPYRIGHT -----------------------------------------------------------
    COPYRIGHT Copyright (c) 2010, ParaType Ltd. (http://www.paratype.com/public),
    COPYRIGHT with Reserved Font Names "PT Sans" and "ParaType".
    COPYRIGHT 
    COPYRIGHT This Font Software is licensed under the SIL Open Font License, Version 1.1.
    COPYRIGHT This license is copied below, and is also available with a FAQ at:
    COPYRIGHT https://openfontlicense.org
    COPYRIGHT 
    COPYRIGHT 
    COPYRIGHT -----------------------------------------------------------
    COPYRIGHT SIL OPEN FONT LICENSE Version 1.1 - 26 February 2007
    COPYRIGHT -----------------------------------------------------------
    COPYRIGHT 
    COPYRIGHT PREAMBLE
    COPYRIGHT The goals of the Open Font License (OFL) are to stimulate worldwide
    COPYRIGHT development of collaborative font projects, to support the font creation
    COPYRIGHT efforts of academic and linguistic communities, and to provide a free and
    COPYRIGHT open framework in which fonts may be shared and improved in partnership
    COPYRIGHT with others.
    COPYRIGHT 
    COPYRIGHT The OFL allows the licensed fonts to be used, studied, modified and
    COPYRIGHT redistributed freely as long as they are not sold by themselves. The
    COPYRIGHT fonts, including any derivative works, can be bundled, embedded,
    COPYRIGHT redistributed and/or sold with any software provided that any reserved
    COPYRIGHT names are not used by derivative works. The fonts and derivatives,
    COPYRIGHT however, cannot be released under any other type of license. The
    COPYRIGHT requirement for fonts to remain under this license does not apply
    COPYRIGHT to any document created using the fonts or their derivatives.
    COPYRIGHT 
    COPYRIGHT DEFINITIONS
    COPYRIGHT "Font Software" refers to the set of files released by the Copyright
    COPYRIGHT Holder(s) under this license and clearly marked as such. This may
    COPYRIGHT include source files, build scripts and documentation.
    COPYRIGHT 
    COPYRIGHT "Reserved Font Name" refers to any names specified as such after the
    COPYRIGHT copyright statement(s).
    COPYRIGHT 
    COPYRIGHT "Original Version" refers to the collection of Font Software components as
    COPYRIGHT distributed by the Copyright Holder(s).
    COPYRIGHT 
    COPYRIGHT "Modified Version" refers to any derivative made by adding to, deleting,
    COPYRIGHT or substituting -- in part or in whole -- any of the components of the
    COPYRIGHT Original Version, by changing formats or by porting the Font Software to a
    COPYRIGHT new environment.
    COPYRIGHT 
    COPYRIGHT "Author" refers to any designer, engineer, programmer, technical
    COPYRIGHT writer or other person who contributed to the Font Software.
    COPYRIGHT 
    COPYRIGHT PERMISSION & CONDITIONS
    COPYRIGHT Permission is hereby granted, free of charge, to any person obtaining
    COPYRIGHT a copy of the Font Software, to use, study, copy, merge, embed, modify,
    COPYRIGHT redistribute, and sell modified and unmodified copies of the Font
    COPYRIGHT Software, subject to the following conditions:
    COPYRIGHT 
    COPYRIGHT 1) Neither the Font Software nor any of its individual components,
    COPYRIGHT in Original or Modified Versions, may be sold by itself.
    COPYRIGHT 
    COPYRIGHT 2) Original or Modified Versions of the Font Software may be bundled,
    COPYRIGHT redistributed and/or sold with any software, provided that each copy
    COPYRIGHT contains the above copyright notice and this license. These can be
    COPYRIGHT included either as stand-alone text files, human-readable headers or
    COPYRIGHT in the appropriate machine-readable metadata fields within text or
    COPYRIGHT binary files as long as those fields can be easily viewed by the user.
    COPYRIGHT 
    COPYRIGHT 3) No Modified Version of the Font Software may use the Reserved Font
    COPYRIGHT Name(s) unless explicit written permission is granted by the corresponding
    COPYRIGHT Copyright Holder. This restriction only applies to the primary font name as
    COPYRIGHT presented to the users.
    COPYRIGHT 
    COPYRIGHT 4) The name(s) of the Copyright Holder(s) or the Author(s) of the Font
    COPYRIGHT Software shall not be used to promote, endorse or advertise any
    COPYRIGHT Modified Version, except to acknowledge the contribution(s) of the
    COPYRIGHT Copyright Holder(s) and the Author(s) or with their explicit written
    COPYRIGHT permission.
    COPYRIGHT 
    COPYRIGHT 5) The Font Software, modified or unmodified, in part or in whole,
    COPYRIGHT must be distributed entirely under this license, and must not be
    COPYRIGHT distributed under any other license. The requirement for fonts to
    COPYRIGHT remain under this license does not apply to any document created
    COPYRIGHT using the Font Software.
    COPYRIGHT 
    COPYRIGHT TERMINATION
    COPYRIGHT This license becomes null and void if any of the above conditions are
    COPYRIGHT not met.
    COPYRIGHT 
    COPYRIGHT DISCLAIMER
    COPYRIGHT THE FONT SOFTWARE IS PROVIDED "AS IS", WITHOUT WARRANTY OF ANY KIND,
    COPYRIGHT EXPRESS OR IMPLIED, INCLUDING BUT NOT LIMITED TO ANY WARRANTIES OF
    COPYRIGHT MERCHANTABILITY, FITNESS FOR A PARTICULAR PURPOSE AND NONINFRINGEMENT
    COPYRIGHT OF COPYRIGHT, PATENT, TRADEMARK, OR OTHER RIGHT. IN NO EVENT SHALL THE
    COPYRIGHT COPYRIGHT HOLDER BE LIABLE FOR ANY CLAIM, DAMAGES OR OTHER LIABILITY,
    COPYRIGHT INCLUDING ANY GENERAL, SPECIAL, INDIRECT, INCIDENTAL, OR CONSEQUENTIAL
    COPYRIGHT DAMAGES, WHETHER IN AN ACTION OF CONTRACT, TORT OR OTHERWISE, ARISING
    COPYRIGHT FROM, OUT OF THE USE OR INABILITY TO USE THE FONT SOFTWARE OR FROM
    COPYRIGHT OTHER DEALINGS IN THE FONT SOFTWARE.
    COPYRIGHT -----------------------------------------------------------
    COPYRIGHT 
    COPYRIGHT Converted from OpenType font "PTSansNarrow.ttf" by "otf2bdf 3.0".
    COPYRIGHT 

    COMMENT "Copyright © 2009 ParaType Ltd. All rights reserved."
'''
version = '0.33'
name = '-freetype-pt sans narrow-medium-r-normal--66-480-100-100-p-245-iso10646-1'
family = 'pt sans narrow'
weight = 'medium'
size = 66

def height():
    return 69

def baseline():
    return 54

def max_width():
    return 57

def hmap():
    return True

def reverse():
    return False

def monospaced():
    return False

def min_ch():
    return 32

def max_ch():
    return 126

_g = {
  32:b'\x00\x00\x00\x00\x00\x00\x00\x00\x00\x00\x00\x00\x00\x00\x00\x00\x00\x00\x00\x00\x00\x00\x00\x00\x00\x00\x00\x00\x00\x00\x00\x00\x00\x00\x00\x00\x00\x00\x00\x00\x00\x00\x00\x00\x00\x00\x00\x00\x00\x00\x00\x00\x00\x00\x00\x00\x00\x00\x00\x00\x00\x00\x00\x00\x00\x00\x00\x00\x00\x00\x00\x00\x00\x00\x00\x00\x00\x00\x00\x00\x00\x00\x00\x00\x00\x00\x00\x00\x00\x00\x00\x00\x00\x00\x00\x00\x00\x00\x00\x00\x00\x00\x00\x00\x00\x00\x00\x00\x00\x00\x00\x00\x00\x00\x00\x00\x00\x00\x00\x00\x00\x00\x00\x00\x00\x00\x00\x00\x00\x00\x00\x00\x00\x00\x00\x00\x00\x00\x0e',
  33:b'\x00\x00\x00\x00\x00\x00\x00\x00\x00\x00\x00\x00\x00\x00\x00\x00\x00\x00\x00\x00\x00\x01\xf0\x00\x01\xf0\x00\x01\xf0\x00\x01\xf0\x00\x01\xf0\x00\x01\xf0\x00\x01\xf0\x00\x01\xf0\x00\x01\xf0\x00\x01\xf0\x00\x01\xf0\x00\x01\xf0\x00\x01\xf0\x00\x01\xf0\x00\x01\xf0\x00\x01\xf0\x00\x01\xf0\x00\x01\xf0\x00\x01\xf0\x00\x01\xf0\x00\x01\xf0\x00\x01\xf0\x00\x01\xf0\x00\x01\xf0\x00\x01\xf0\x00\x01\xf0\x00\x01\xf0\x00\x01\xe0\x00\x01\xe0\x00\x01\xe0\x00\x01\xe0\x00\x01\xe0\x00\x00\xe0\x00\x00\xe0\x00\x00\xe0\x00\x00\x00\x00\x00\x00\x00\x00\x00\x00\x00\x00\x00\x00\x00\x00\x01\xe0\x00\x03\xf0\x00\x03\xf0\x00\x03\xf8\x00\x03\xf8\x00\x03\xf0\x00\x03\xf0\x00\x01\xe0\x00\x00\x00\x00\x00\x00\x00\x00\x00\x00\x00\x00\x00\x00\x00\x00\x00\x00\x00\x00\x00\x00\x00\x00\x00\x00\x00\x00\x00\x00\x00\x00\x00\x00\x00\x00\x00\x00\x00\x00\x00\x00\x00\x11',
  34:b'\x00\x00\x00\x00\x00\x00\x00\x00\x00\x00\x00\x00\x00\x00\x00\x00\x00\x00\x00\x00\x00\x07\x8f\x00\x07\x8f\x00\x07\x8f\x00\x07\x8f\x00\x07\x8f\x00\x07\x8f\x00\x07\x8f\x00\x07\x0e\x00\x07\x0e\x00\x07\x0e\x00\x07\x0e\x00\x07\x0e\x00\x07\x0e\x00\x00\x00\x00\x00\x00\x00\x00\x00\x00\x00\x00\x00\x00\x00\x00\x00\x00\x00\x00\x00\x00\x00\x00\x00\x00\x00\x00\x00\x00\x00\x00\x00\x00\x00\x00\x00\x00\x00\x00\x00\x00\x00\x00\x00\x00\x00\x00\x00\x00\x00\x00\x00\x00\x00\x00\x00\x00\x00\x00\x00\x00\x00\x00\x00\x00\x00\x00\x00\x00\x00\x00\x00\x00\x00\x00\x00\x00\x00\x00\x00\x00\x00\x00\x00\x00\x00\x00\x00\x00\x00\x00\x00\x00\x00\x00\x00\x00\x00\x00\x00\x00\x00\x00\x00\x00\x00\x00\x00\x00\x00\x00\x00\x00\x00\x00\x00\x00\x00\x00\x00\x00\x00\x00\x00\x00\x00\x00\x00\x00\x00\x00\x00\x00\x00\x00\x00\x00\x00\x00\x00\x00\x00\x00\x00\x00\x00\x00\x13',
  35:b'\x00\x00\x00\x00\x00\x00\x00\x00\x00\x00\x00\x00\x00\x00\x00\x00\x00\x00\x00\x00\x00\x00\x00\x00\x00\x00\x00\x00\x00\x00\x00\x00\x00\x00\x00\x00\x00\x00\x00\x00\x00\x00\x00\x00\x00\x1e\x07\x80\x00\x1e\x07\x80\x00\x1e\x0f\x00\x00>\x0f\x00\x00<\x0f\x00\x00<\x0f\x00\x00<\x1f\x00\x00<\x1e\x00\x00|\x1e\x00\x00x\x1e\x00\x07\xff\xff\xe0\x07\xff\xff\xe0\x07\xff\xff\xc0\x0f\xff\xff\xc0\x00\xf0<\x00\x00\xf0<\x00\x00\xf0|\x00\x00\xf0x\x00\x01\xf0x\x00\x01\xe0x\x00\x01\xe0x\x00\x01\xe0\xf8\x00\x01\xe0\xf0\x00?\xff\xff\x00?\xff\xff\x00?\xff\xff\x00?\xff\xff\x00\x03\xc1\xe0\x00\x03\xc1\xe0\x00\x07\x81\xe0\x00\x07\x81\xe0\x00\x07\x81\xe0\x00\x07\x83\xe0\x00\x07\x83\xc0\x00\x0f\x83\xc0\x00\x0f\x03\xc0\x00\x0f\x03\xc0\x00\x0f\x03\xc0\x00\x0f\x07\xc0\x00\x00\x00\x00\x00\x00\x00\x00\x00\x00\x00\x00\x00\x00\x00\x00\x00\x00\x00\x00\x00\x00\x00\x00\x00\x00\x00\x00\x00\x00\x00\x00\x00\x00\x00\x00\x00\x00\x00\x00\x00\x00\x00\x00\x00\x00\x00\x00\x00\x00\x00\x00\x00\x00\x00\x00\x00\x00\x00\x00\x00\x00\x00\x00\x00\x00\x00\x00\x00\x00\x00\x00\x00\x00\x00\x00\x00\x1e',
  36:b'\x00\x07\x80\x00\x00\x07\x80\x00\x00\x07\x80\x00\x00\x07\x80\x00\x00\x07\x80\x00\x00\x07\x80\x00\x00\x0f\xfc\x00\x00\x7f\xff\x80\x00\xff\xff\x80\x01\xff\xff\x00\x03\xfb\x8f\x00\x03\xe3\x83\x00\x07\xc3\x80\x00\x07\xc3\x80\x00\x07\xc3\x80\x00\x0f\x83\x80\x00\x0f\x83\x80\x00\x0f\x83\x80\x00\x0f\x83\x80\x00\x0f\xc3\x80\x00\x07\xc3\x80\x00\x07\xc3\x80\x00\x07\xe3\x80\x00\x07\xf3\x80\x00\x03\xfb\x80\x00\x01\xff\x80\x00\x01\xff\x80\x00\x00\xff\x80\x00\x00\x7f\xc0\x00\x00\x1f\xf0\x00\x00\x0f\xf8\x00\x00\x07\xfc\x00\x00\x07\xfe\x00\x00\x07\xff\x00\x00\x07\x7f\x00\x00\x07\x1f\x80\x00\x07\x1f\x80\x00\x07\x0f\xc0\x00\x07\x07\xc0\x00\x07\x07\xc0\x00\x07\x07\xc0\x00\x07\x07\xc0\x00\x07\x07\xc0\x00\x07\x07\xc0\x00\x07\x07\xc0\x00\x07\x07\xc0\x00\x07\x07\xc0\x00\x07\x0f\xc0\x04\x07\x0f\x80\x07\x07\x1f\x80\x07\xc7\x7f\x00\x07\xff\xfe\x00\x0f\xff\xfc\x00\x07\xff\xf0\x00\x00\x7f\xc0\x00\x00\x07\x80\x00\x00\x07\x80\x00\x00\x07\x80\x00\x00\x07\x80\x00\x00\x07\x80\x00\x00\x07\x80\x00\x00\x00\x00\x00\x00\x00\x00\x00\x00\x00\x00\x00\x00\x00\x00\x00\x00\x00\x00\x00\x00\x00\x00\x00\x00\x00\x00\x00\x00\x00\x00\x00\x1e',
  37:b'\x00\x00\x00\x00\x00\x00\x00\x00\x00\x00\x00\x00\x00\x00\x00\x00\x00\x00\x00\x00\x00\x00\x00\x00\x00\x00\x00\x00\x00\x00\x00\x00\x00\x00\x00\x00\x00~\x00\x00 \x00\x01\xff\x80\x008\x00\x03\xff\xc0\x00|\x00\x07\xff\xe0\x00x\x00\x07\xc3\xf0\x00\xf0\x00\x07\x81\xf0\x01\xf0\x00\x0f\x80\xf0\x01\xe0\x00\x0f\x00\xf8\x03\xe0\x00\x0f\x00\xf8\x03\xc0\x00\x0f\x00\xf8\x07\x80\x00\x0f\x00\xf8\x0f\x80\x00\x0f\x00\xf8\x0f\x00\x00\x0f\x00\xf8\x1f\x00\x00\x0f\x00\xf8>\x00\x00\x0f\x00\xf8<\x00\x00\x0f\x00\xf8|\x00\x00\x0f\x80\xf0x\x00\x00\x0f\x81\xf0\xf0\x00\x00\x07\xc3\xf1\xf0\x00\x00\x07\xff\xe1\xe0\x00\x00\x03\xff\xc3\xe0\x00\x00\x01\xff\x83\xc0\x00\x00\x00~\x07\x80\x00\x00\x00\x00\x0f\x80\x00\x00\x00\x00\x0f\x00\x00\x00\x00\x00\x1f\x07\xe0\x00\x00\x00\x1e\x1f\xf8\x00\x00\x00<?\xfc\x00\x00\x00|\x7f\xfe\x00\x00\x00x|>\x00\x00\x00\xf8\xf8\x1f\x00\x00\x00\xf0\xf0\x1f\x00\x00\x01\xe0\xf0\x0f\x00\x00\x03\xe0\xf0\x0f\x00\x00\x03\xc1\xf0\x0f\x00\x00\x07\xc1\xf0\x0f\x80\x00\x0f\x81\xf0\x0f\x80\x00\x0f\x01\xf0\x0f\x80\x00\x1f\x01\xf0\x0f\x00\x00\x1e\x00\xf0\x0f\x00\x00<\x00\xf0\x0f\x00\x00|\x00\xf0\x1f\x00\x00x\x00\xf8\x1f\x00\x00\xf8\x00|>\x00\x00\xf0\x00\x7f\xfe\x00\x01\xe0\x00?\xfc\x00\x03\xe0\x00\x1f\xf8\x00\x01\xc0\x00\x07\xe0\x00\x00@\x00\x00\x00\x00\x00\x00\x00\x00\x00\x00\x00\x00\x00\x00\x00\x00\x00\x00\x00\x00\x00\x00\x00\x00\x00\x00\x00\x00\x00\x00\x00\x00\x00\x00\x00\x00\x00\x00\x00\x00\x00\x00\x00\x00\x00\x00\x00\x00\x00\x00\x00\x00\x00\x00\x00\x00\x00\x00\x00\x00\x00\x00\x00\x00\x00\x00\x00\x00\x00\x00\x00\x00\x00\x00\x00\x00\x00\x00\x00\x00\x00\x00\x00\x00\x00\x00\x00\x00+',
  38:b'\x00\x00\x00\x00\x00\x00\x00\x00\x00\x00\x00\x00\x00\x00\x00\x00\x00\x00\x00\x00\x00\x00\x00\x00\x00\x00\x00\x00\x00\x00\x00\x00\x00\x00\x00\x00\x00\x00\x7f\x00\x00\x00\x00\x01\xff\xc0\x00\x00\x00\x03\xff\xe0\x00\x00\x00\x07\xff\xe0\x00\x00\x00\x07\xe3\xf0\x00\x00\x00\x0f\xc1\xf0\x00\x00\x00\x0f\x80\xf0\x00\x00\x00\x0f\x80\xf0\x00\x00\x00\x0f\x80\xf0\x00\x00\x00\x0f\x80\xf0\x00\x00\x00\x0f\x80\xf0\x00\x00\x00\x0f\x81\xf0\x00\x00\x00\x07\x81\xe0\x00\x00\x00\x07\xc3\xe0\x00\x00\x00\x07\xc7\xc0\x00\x00\x00\x03\xef\x80\x00\x00\x00\x03\xff\x80\x00\x00\x00\x01\xff\x00\x00\x00\x00\x01\xfe\x00\x00\x00\x00\x01\xf8\x00\x00\x00\x00\x03\xf8\x00\x00\x00\x00\x07\xfc\x00\x00\x00\x00\x0f\xfc\x00\x00\x00\x00\x1f\xbe\x00\x00\x00\x00??\x00\x00\x00\x00~\x1f\x00\x00\x00\x00|\x1f\x800\x00\x00\xf8\x0f\x80<\x00\x00\xf8\x07\xc0<\x00\x01\xf0\x07\xc0|\x00\x01\xf0\x03\xe0x\x00\x01\xe0\x03\xf0x\x00\x03\xe0\x01\xf0\xf8\x00\x03\xe0\x00\xf8\xf0\x00\x03\xe0\x00\xfd\xf0\x00\x03\xe0\x00\x7f\xe0\x00\x03\xe0\x00?\xe0\x00\x03\xe0\x00?\xc0\x00\x03\xe0\x00\x1f\xc0\x00\x03\xf0\x00\x0f\xc0\x00\x01\xf0\x00\x1f\xe0\x00\x01\xf8\x00?\xf0\x00\x00\xf8\x00\x7f\xf8\x00\x00\xfe\x00\xfd\xfc\x00\x00\x7f\x03\xf8\xfe\x00\x00?\xff\xf0\x7f\x00\x00\x1f\xff\xe0>\x00\x00\x0f\xff\x80\x1c\x00\x00\x01\xfc\x00\x08\x00\x00\x00\x00\x00\x00\x00\x00\x00\x00\x00\x00\x00\x00\x00\x00\x00\x00\x00\x00\x00\x00\x00\x00\x00\x00\x00\x00\x00\x00\x00\x00\x00\x00\x00\x00\x00\x00\x00\x00\x00\x00\x00\x00\x00\x00\x00\x00\x00\x00\x00\x00\x00\x00\x00\x00\x00\x00\x00\x00\x00\x00\x00\x00\x00\x00\x00\x00\x00\x00\x00\x00\x00\x00\x00\x00\x00\x00\x00\x00\x00\x00\x00\x00\x00,',
  39:b'\x00\x00\x00\x00\x00\x00\x00\x00\x00\x00\x00\x00\x00\x00\x07\x80\x07\x80\x07\x80\x07\x80\x07\x80\x07\x80\x07\x80\x07\x00\x07\x00\x07\x00\x07\x00\x07\x00\x07\x00\x00\x00\x00\x00\x00\x00\x00\x00\x00\x00\x00\x00\x00\x00\x00\x00\x00\x00\x00\x00\x00\x00\x00\x00\x00\x00\x00\x00\x00\x00\x00\x00\x00\x00\x00\x00\x00\x00\x00\x00\x00\x00\x00\x00\x00\x00\x00\x00\x00\x00\x00\x00\x00\x00\x00\x00\x00\x00\x00\x00\x00\x00\x00\x00\x00\x00\x00\x00\x00\x00\x00\x00\x00\x00\x00\x00\x00\x00\x00\x00\x00\x00\x00\x00\x00\x00\x00\x00\x00\x00\x00\x00\x00\x00\x00\x00\x00\x00\x0c',
  40:b'\x00\x00\x00\x00\x00\x00\x00\x00\x00\x00\x00\x00\x00\x08\x00\x1e\x00\x1e\x00<\x00|\x00x\x00\xf8\x00\xf0\x00\xf0\x01\xf0\x01\xe0\x03\xe0\x03\xe0\x03\xc0\x07\xc0\x07\xc0\x07\xc0\x07\x80\x0f\x80\x0f\x80\x0f\x80\x0f\x80\x0f\x80\x0f\x00\x0f\x00\x1f\x00\x1f\x00\x1f\x00\x1f\x00\x1f\x00\x1f\x00\x1f\x00\x1f\x00\x1f\x00\x1f\x00\x1f\x00\x1f\x00\x0f\x00\x0f\x00\x0f\x80\x0f\x80\x0f\x80\x0f\x80\x0f\x80\x07\x80\x07\xc0\x07\xc0\x07\xc0\x03\xc0\x03\xe0\x03\xe0\x01\xe0\x01\xf0\x01\xf0\x00\xf0\x00\xf8\x00x\x00|\x00<\x00>\x00\x1e\x00\x08\x00\x00\x10',
  41:b'\x00\x00\x00\x00\x00\x00\x00\x00\x00\x00\x00\x00\x06\x00\x0e\x00\x1f\x00\x0f\x80\x07\x80\x07\xc0\x03\xc0\x03\xe0\x01\xe0\x01\xe0\x01\xf0\x00\xf0\x00\xf8\x00\xf8\x00x\x00x\x00|\x00|\x00|\x00<\x00<\x00>\x00>\x00>\x00>\x00>\x00>\x00>\x00\x1e\x00\x1e\x00\x1e\x00\x1e\x00\x1e\x00\x1e\x00>\x00>\x00>\x00>\x00>\x00>\x00>\x00>\x00<\x00|\x00|\x00|\x00|\x00\xf8\x00\xf8\x00\xf8\x00\xf0\x01\xf0\x01\xf0\x01\xe0\x03\xe0\x03\xc0\x07\xc0\x07\x80\x0f\x80\x0f\x00\x1e\x00\x02\x00\x00\x00\x10',
  42:b'\x00\x00\x00\x00\x00\x00\x00\x00\x00\x00\x00\x00\x00\x00\x00\x00\x00\x00\x00\x00\x00\x03\x08\x00\x07\x1e\x00\x0f\x9e\x00\x07\xbc\x00\x03\xbc\x00\x03\xb8\x00\x01\xf0\x00>\xef\x80?\xff\x80?\xff\x80>\xef\x80\x01\xb0\x00\x03\xb8\x00\x07\xbc\x00\x07\x9e\x00\x0f\x1e\x00\x02\x08\x00\x00\x00\x00\x00\x00\x00\x00\x00\x00\x00\x00\x00\x00\x00\x00\x00\x00\x00\x00\x00\x00\x00\x00\x00\x00\x00\x00\x00\x00\x00\x00\x00\x00\x00\x00\x00\x00\x00\x00\x00\x00\x00\x00\x00\x00\x00\x00\x00\x00\x00\x00\x00\x00\x00\x00\x00\x00\x00\x00\x00\x00\x00\x00\x00\x00\x00\x00\x00\x00\x00\x00\x00\x00\x00\x00\x00\x00\x00\x00\x00\x00\x00\x00\x00\x00\x00\x00\x00\x00\x00\x00\x00\x00\x00\x00\x00\x00\x00\x00\x00\x00\x00\x00\x00\x00\x00\x00\x00\x00\x00\x00\x00\x00\x00\x00\x00\x00\x00\x00\x00\x00\x00\x00\x00\x00\x00\x00\x00\x00\x00\x00\x00\x00\x00\x00\x14',
  43:b'\x00\x00\x00\x00\x00\x00\x00\x00\x00\x00\x00\x00\x00\x00\x00\x00\x00\x00\x00\x00\x00\x00\x00\x00\x00\x00\x00\x00\x00\x00\x00\x00\x00\x00\x00\x00\x00\x00\x00\x00\x00\x00\x00\x00\x00\x00\x00\x00\x00\x00\x00\x00\x00\x00\x00\x00\x00\x00\x00\x00\x00\x00\x00\x00\x00\x00\x00\x00\x00\x00\x00\x00\x00\x00\x00\x00\x00\x0f\x00\x00\x00\x0f\x00\x00\x00\x0f\x00\x00\x00\x0f\x00\x00\x00\x0f\x00\x00\x00\x0f\x00\x00\x00\x0f\x00\x00\x00\x0f\x00\x00\x00\x0f\x00\x00\x00\x0f\x00\x00?\xff\xff\x80?\xff\xff\x80?\xff\xff\x80?\xff\xff\x80\x00\x0f\x00\x00\x00\x0f\x00\x00\x00\x0f\x00\x00\x00\x0f\x00\x00\x00\x0f\x00\x00\x00\x0f\x00\x00\x00\x0f\x00\x00\x00\x0f\x00\x00\x00\x0f\x00\x00\x00\x0f\x00\x00\x00\x00\x00\x00\x00\x00\x00\x00\x00\x00\x00\x00\x00\x00\x00\x00\x00\x00\x00\x00\x00\x00\x00\x00\x00\x00\x00\x00\x00\x00\x00\x00\x00\x00\x00\x00\x00\x00\x00\x00\x00\x00\x00\x00\x00\x00\x00\x00\x00\x00\x00\x00\x00\x00\x00\x00\x00\x00\x00\x00\x00\x00\x00\x00\x00\x00\x00\x00\x00\x00\x00\x00\x00\x00\x00\x00\x00\x00\x00\x00\x00\x00\x00\x00\x00\x00\x00\x00\x00\x00\x00\x00\x00\x00\x00\x00\x00\x00\x00\x00\x00\x00\x00\x00\x1c',
  44:b'\x00\x00\x00\x00\x00\x00\x00\x00\x00\x00\x00\x00\x00\x00\x00\x00\x00\x00\x00\x00\x00\x00\x00\x00\x00\x00\x00\x00\x00\x00\x00\x00\x00\x00\x00\x00\x00\x00\x00\x00\x00\x00\x00\x00\x00\x00\x00\x00\x00\x00\x00\x00\x00\x00\x00\x00\x00\x00\x00\x00\x00\x00\x00\x00\x00\x00\x00\x00\x00\x00\x00\x00\x00\x00\x00\x00\x00\x00\x00\x00\x00\x00\x00\x00\x00\x00\x00\x00\x00\x00\x00\x00\x00\x00\x00\x00\x0f\x00\x1f\x80\x1f\x80?\xc0?\xc0\x1f\xc0\x0f\xc0\x03\xc0\x03\xc0\x03\x80\x07\x80\x07\x00\x0f\x00\x1e\x00<\x00\x18\x00\x00\x00\x00\x00\x00\x00\x00\x00\x00\x00\x0c',
  45:b'\x00\x00\x00\x00\x00\x00\x00\x00\x00\x00\x00\x00\x00\x00\x00\x00\x00\x00\x00\x00\x00\x00\x00\x00\x00\x00\x00\x00\x00\x00\x00\x00\x00\x00\x00\x00\x00\x00\x00\x00\x00\x00\x00\x00\x00\x00\x00\x00\x00\x00\x00\x00\x00\x00\x00\x00\x00\x00\x00\x00\x00\x00\x00\x00\x00\x00\x00\x00\x00\x00\x00\x00\x00\x00\x00\x00\x00\x00\x00\x00\x00\x00\x00\x00\x00\x00\x00\x00\x00\x00\x00\x00\x00\x00\x00\x00\x1f\xff\x00\x1f\xff\x00\x1f\xff\x00\x1f\xff\x00\x1f\xff\x00\x00\x00\x00\x00\x00\x00\x00\x00\x00\x00\x00\x00\x00\x00\x00\x00\x00\x00\x00\x00\x00\x00\x00\x00\x00\x00\x00\x00\x00\x00\x00\x00\x00\x00\x00\x00\x00\x00\x00\x00\x00\x00\x00\x00\x00\x00\x00\x00\x00\x00\x00\x00\x00\x00\x00\x00\x00\x00\x00\x00\x00\x00\x00\x00\x00\x00\x00\x00\x00\x00\x00\x00\x00\x00\x00\x00\x00\x00\x00\x00\x00\x00\x00\x00\x00\x00\x00\x00\x00\x00\x00\x00\x00\x00\x00\x00\x14',
  46:b'\x00\x00\x00\x00\x00\x00\x00\x00\x00\x00\x00\x00\x00\x00\x00\x00\x00\x00\x00\x00\x00\x00\x00\x00\x00\x00\x00\x00\x00\x00\x00\x00\x00\x00\x00\x00\x00\x00\x00\x00\x00\x00\x00\x00\x00\x00\x00\x00\x00\x00\x00\x00\x00\x00\x00\x00\x00\x00\x00\x00\x00\x00\x00\x00\x00\x00\x00\x00\x00\x00\x00\x00\x00\x00\x00\x00\x00\x00\x00\x00\x00\x00\x00\x00\x00\x00\x00\x00\x00\x00\x00\x00\x00\x00\x0f\x00\x1f\x80\x1f\x80\x1f\x80\x1f\x80\x1f\x80\x1f\x80\x0f\x00\x00\x00\x00\x00\x00\x00\x00\x00\x00\x00\x00\x00\x00\x00\x00\x00\x00\x00\x00\x00\x00\x00\x00\x00\x00\x00\x00\x00\x0c',
  47:b'\x00\x00\x00\x00\x00\x00\x00\x00\x00\x00\x00\x00\x00\x00\x00\x00\x00\x00\x00\x00\x08\x00\x00\x1f\x00\x00\x1e\x00\x00\x1e\x00\x00>\x00\x00<\x00\x00<\x00\x00x\x00\x00x\x00\x00\xf8\x00\x00\xf0\x00\x00\xf0\x00\x01\xf0\x00\x01\xe0\x00\x01\xe0\x00\x03\xe0\x00\x03\xc0\x00\x03\xc0\x00\x07\xc0\x00\x07\x80\x00\x07\x80\x00\x0f\x80\x00\x0f\x00\x00\x1f\x00\x00\x1e\x00\x00\x1e\x00\x00>\x00\x00<\x00\x00<\x00\x00|\x00\x00x\x00\x00x\x00\x00\xf8\x00\x00\xf0\x00\x00\xf0\x00\x01\xf0\x00\x01\xe0\x00\x01\xe0\x00\x03\xe0\x00\x03\xc0\x00\x07\xc0\x00\x07\x80\x00\x07\x80\x00\x0f\x80\x00\x0f\x00\x00\x0f\x00\x00\x1f\x00\x00\x1e\x00\x00\x1e\x00\x00>\x00\x00<\x00\x00<\x00\x00|\x00\x00x\x00\x00\xf8\x00\x00\xf8\x00\x00\x10\x00\x00\x00\x00\x00\x00\x00\x00\x00\x00\x00\x00\x00\x00\x00\x00\x00\x00\x00\x00\x18',
  48:b'\x00\x00\x00\x00\x00\x00\x00\x00\x00\x00\x00\x00\x00\x00\x00\x00\x00\x00\x00\x00\x00\x00\x00\x00\x00\x0f\xe0\x00\x00?\xf8\x00\x00\xff\xfc\x00\x01\xff\xfe\x00\x03\xf8\x7f\x00\x03\xe0\x1f\x00\x07\xe0\x0f\x80\x07\xc0\x0f\x80\x07\xc0\x07\xc0\x0f\x80\x07\xc0\x0f\x80\x07\xc0\x0f\x80\x07\xe0\x1f\x00\x03\xe0\x1f\x00\x03\xe0\x1f\x00\x03\xe0\x1f\x00\x03\xe0\x1f\x00\x03\xe0\x1f\x00\x03\xe0\x1f\x00\x03\xe0\x1f\x00\x03\xe0\x1f\x00\x01\xf0\x1f\x00\x01\xf0\x1f\x00\x01\xf0\x1f\x00\x01\xf0\x1f\x00\x01\xf0\x1f\x00\x01\xf0\x1f\x00\x01\xf0\x1f\x00\x01\xf0\x1f\x00\x01\xf0\x1f\x00\x01\xe0\x1f\x00\x03\xe0\x1f\x00\x03\xe0\x1f\x00\x03\xe0\x1f\x00\x03\xe0\x1f\x00\x03\xe0\x1f\x00\x03\xe0\x1f\x80\x03\xe0\x0f\x80\x03\xc0\x0f\x80\x07\xc0\x0f\x80\x07\xc0\x0f\xc0\x07\xc0\x07\xc0\x0f\x80\x07\xe0\x0f\x80\x03\xf0\x1f\x00\x03\xf8\x7f\x00\x01\xff\xfe\x00\x00\xff\xfc\x00\x00\x7f\xf8\x00\x00\x1f\xc0\x00\x00\x00\x00\x00\x00\x00\x00\x00\x00\x00\x00\x00\x00\x00\x00\x00\x00\x00\x00\x00\x00\x00\x00\x00\x00\x00\x00\x00\x00\x00\x00\x00\x00\x00\x00\x00\x00\x00\x00\x00\x00\x00\x00\x00\x00\x00\x00\x00\x00\x00\x00\x00\x00\x00\x00\x00\x1e',
  49:b'\x00\x00\x00\x00\x00\x00\x00\x00\x00\x00\x00\x00\x00\x00\x00\x00\x00\x00\x00\x00\x00\x00\x00\x00\x00\x00\xe0\x00\x00\x01\xe0\x00\x00\x07\xe0\x00\x00\x0f\xe0\x00\x00\x1f\xe0\x00\x00?\xe0\x00\x00\x7f\xe0\x00\x00\xff\xe0\x00\x01\xfb\xe0\x00\x03\xf3\xe0\x00\x07\xe3\xe0\x00\x0f\xc3\xe0\x00\x07\x03\xe0\x00\x02\x03\xe0\x00\x00\x03\xe0\x00\x00\x03\xe0\x00\x00\x03\xe0\x00\x00\x03\xe0\x00\x00\x03\xe0\x00\x00\x03\xe0\x00\x00\x03\xe0\x00\x00\x03\xe0\x00\x00\x03\xe0\x00\x00\x03\xe0\x00\x00\x03\xe0\x00\x00\x03\xe0\x00\x00\x03\xe0\x00\x00\x03\xe0\x00\x00\x03\xe0\x00\x00\x03\xe0\x00\x00\x03\xe0\x00\x00\x03\xe0\x00\x00\x03\xe0\x00\x00\x03\xe0\x00\x00\x03\xe0\x00\x00\x03\xe0\x00\x00\x03\xe0\x00\x00\x03\xe0\x00\x00\x03\xe0\x00\x00\x03\xe0\x00\x00\x03\xe0\x00\x00\x03\xe0\x00\x00\x03\xe0\x00\x00\x03\xe0\x00\x03\xff\xff\xc0\x03\xff\xff\xc0\x03\xff\xff\xc0\x03\xff\xff\xc0\x00\x00\x00\x00\x00\x00\x00\x00\x00\x00\x00\x00\x00\x00\x00\x00\x00\x00\x00\x00\x00\x00\x00\x00\x00\x00\x00\x00\x00\x00\x00\x00\x00\x00\x00\x00\x00\x00\x00\x00\x00\x00\x00\x00\x00\x00\x00\x00\x00\x00\x00\x00\x00\x00\x00\x00\x00\x00\x00\x00\x1e',
  50:b'\x00\x00\x00\x00\x00\x00\x00\x00\x00\x00\x00\x00\x00\x00\x00\x00\x00\x00\x00\x00\x00\x00\x00\x00\x00?\xc0\x00\x00\xff\xf0\x00\x03\xff\xfc\x00\x07\xff\xfc\x00\x07\xe0\xfe\x00\x03\x80?\x00\x02\x00?\x00\x00\x00\x1f\x00\x00\x00\x1f\x00\x00\x00\x1f\x80\x00\x00\x0f\x80\x00\x00\x0f\x80\x00\x00\x0f\x80\x00\x00\x0f\x80\x00\x00\x1f\x00\x00\x00\x1f\x00\x00\x00\x1f\x00\x00\x00\x1f\x00\x00\x00\x1f\x00\x00\x00>\x00\x00\x00>\x00\x00\x00>\x00\x00\x00|\x00\x00\x00|\x00\x00\x00|\x00\x00\x00\xf8\x00\x00\x00\xf8\x00\x00\x01\xf8\x00\x00\x01\xf0\x00\x00\x03\xf0\x00\x00\x03\xe0\x00\x00\x07\xe0\x00\x00\x07\xc0\x00\x00\x0f\xc0\x00\x00\x1f\x80\x00\x00\x1f\x80\x00\x00?\x00\x00\x00>\x00\x00\x00~\x00\x00\x00\xfc\x00\x00\x00\xf8\x00\x00\x01\xf8\x00\x00\x03\xf0\x00\x00\x03\xe0\x00\x00\x07\xdf\xff\x80\x0f\xff\xff\x80\x0f\xff\xff\x80\x0f\xff\xff\x80\x00\x00\x00\x00\x00\x00\x00\x00\x00\x00\x00\x00\x00\x00\x00\x00\x00\x00\x00\x00\x00\x00\x00\x00\x00\x00\x00\x00\x00\x00\x00\x00\x00\x00\x00\x00\x00\x00\x00\x00\x00\x00\x00\x00\x00\x00\x00\x00\x00\x00\x00\x00\x00\x00\x00\x00\x00\x00\x00\x00\x1e',
  51:b'\x00\x00\x00\x00\x00\x00\x00\x00\x00\x00\x00\x00\x00\x00\x00\x00\x00\x00\x00\x00\x00\x00\x00\x00\x00\x00\x00\x00\x07\xff\xff\x80\x07\xff\xff\x80\x07\xff\xff\x00\x07\xff\xff\x00\x00\x00>\x00\x00\x00>\x00\x00\x00|\x00\x00\x00\xfc\x00\x00\x00\xf8\x00\x00\x01\xf8\x00\x00\x01\xf0\x00\x00\x03\xf0\x00\x00\x03\xe0\x00\x00\x07\xc0\x00\x00\x07\xc0\x00\x00\x0f\x80\x00\x00\x0f\x80\x00\x00\x1f\x00\x00\x00\x1f\x00\x00\x00>\x00\x00\x00?\xe0\x00\x00\x7f\xf8\x00\x00\x7f\xfc\x00\x00\x7f\xfe\x00\x00\x00\xff\x00\x00\x00?\x00\x00\x00\x1f\x80\x00\x00\x0f\x80\x00\x00\x0f\xc0\x00\x00\x07\xc0\x00\x00\x07\xc0\x00\x00\x07\xc0\x00\x00\x07\xc0\x00\x00\x07\xc0\x00\x00\x07\xc0\x00\x00\x07\xc0\x00\x00\x07\xc0\x00\x00\x07\xc0\x00\x00\x0f\x80\x00\x00\x0f\x80\x00\x00\x1f\x80\x00\x00\x1f\x00\x02\x00~\x00\x03\x80\xfe\x00\x07\xff\xfc\x00\x07\xff\xf8\x00\x07\xff\xe0\x00\x00\xff\x80\x00\x00\x00\x00\x00\x00\x00\x00\x00\x00\x00\x00\x00\x00\x00\x00\x00\x00\x00\x00\x00\x00\x00\x00\x00\x00\x00\x00\x00\x00\x00\x00\x00\x00\x00\x00\x00\x00\x00\x00\x00\x00\x00\x00\x00\x00\x00\x00\x00\x00\x00\x00\x00\x00\x00\x00\x00\x1e',
  52:b'\x00\x00\x00\x00\x00\x00\x00\x00\x00\x00\x00\x00\x00\x00\x00\x00\x00\x00\x00\x00\x00\x00\x00\x00\x00\x00\x1e\x00\x00\x00>\x00\x00\x00>\x00\x00\x00~\x00\x00\x00\xfe\x00\x00\x00\xfe\x00\x00\x01\xfe\x00\x00\x01\xfe\x00\x00\x03\xde\x00\x00\x03\xfe\x00\x00\x07\xfe\x00\x00\x0f\xbe\x00\x00\x0f\xbe\x00\x00\x1f>\x00\x00\x1f>\x00\x00>>\x00\x00>>\x00\x00|>\x00\x00\xf8>\x00\x00\xf8>\x00\x01\xf0>\x00\x01\xf0>\x00\x03\xe0>\x00\x03\xe0>\x00\x07\xc0>\x00\x0f\x80>\x00\x0f\x80>\x00\x1f\x00>\x00\x1e\x00>\x00?\xff\xff\xf8\x7f\xff\xff\xf8\x7f\xff\xff\xf8\x7f\xff\xff\xf8\x00\x00>\x00\x00\x00>\x00\x00\x00>\x00\x00\x00>\x00\x00\x00>\x00\x00\x00>\x00\x00\x00>\x00\x00\x00>\x00\x00\x00>\x00\x00\x00>\x00\x00\x00>\x00\x00\x00>\x00\x00\x00>\x00\x00\x00>\x00\x00\x00>\x00\x00\x00\x00\x00\x00\x00\x00\x00\x00\x00\x00\x00\x00\x00\x00\x00\x00\x00\x00\x00\x00\x00\x00\x00\x00\x00\x00\x00\x00\x00\x00\x00\x00\x00\x00\x00\x00\x00\x00\x00\x00\x00\x00\x00\x00\x00\x00\x00\x00\x00\x00\x00\x00\x00\x00\x00\x00\x00\x00\x00\x1e',
  53:b'\x00\x00\x00\x00\x00\x00\x00\x00\x00\x00\x00\x00\x00\x00\x00\x00\x00\x00\x00\x00\x00\x00\x00\x00\x00\x00\x00\x00\x01\xff\xff\x00\x01\xff\xff\x00\x01\xff\xff\x00\x01\xff\xff\x00\x01\xff\xff\x00\x01\xe0\x00\x00\x01\xe0\x00\x00\x01\xe0\x00\x00\x01\xe0\x00\x00\x01\xe0\x00\x00\x01\xe0\x00\x00\x01\xe0\x00\x00\x01\xe0\x00\x00\x01\xe0\x00\x00\x01\xe0\x00\x00\x01\xe0\x00\x00\x01\xe0\x00\x00\x01\xe0\x00\x00\x01\xff\x80\x00\x01\xff\xe0\x00\x01\xff\xf8\x00\x01\xff\xfc\x00\x00\x03\xfc\x00\x00\x00\xfe\x00\x00\x00?\x00\x00\x00?\x00\x00\x00\x1f\x00\x00\x00\x1f\x80\x00\x00\x0f\x80\x00\x00\x0f\x80\x00\x00\x0f\x80\x00\x00\x0f\x80\x00\x00\x0f\x80\x00\x00\x0f\x80\x00\x00\x0f\x80\x00\x00\x0f\x80\x00\x00\x0f\x80\x00\x00\x0f\x00\x00\x00\x1f\x00\x00\x00\x1f\x00\x00\x00>\x00\x00\x00~\x00\x00\x00\xfc\x00\x06\x03\xfc\x00\x07\xff\xf8\x00\x07\xff\xe0\x00\x0f\xff\xc0\x00\x03\xfe\x00\x00\x00\x00\x00\x00\x00\x00\x00\x00\x00\x00\x00\x00\x00\x00\x00\x00\x00\x00\x00\x00\x00\x00\x00\x00\x00\x00\x00\x00\x00\x00\x00\x00\x00\x00\x00\x00\x00\x00\x00\x00\x00\x00\x00\x00\x00\x00\x00\x00\x00\x00\x00\x00\x00\x00\x00\x00\x1e',
  54:b'\x00\x00\x00\x00\x00\x00\x00\x00\x00\x00\x00\x00\x00\x00\x00\x00\x00\x00\x00\x00\x00\x00\x00\x00\x00\x00\x0c\x00\x00\x00|\x00\x00\x00\xfe\x00\x00\x03\xfe\x00\x00\x07\xf8\x00\x00\x0f\xe0\x00\x00\x1f\xc0\x00\x00?\x80\x00\x00?\x00\x00\x00~\x00\x00\x00\xfc\x00\x00\x00\xf8\x00\x00\x01\xf0\x00\x00\x01\xf0\x00\x00\x03\xe0\x00\x00\x03\xe0\x00\x00\x03\xc0\x00\x00\x07\xc0\x00\x00\x07\xc0\x00\x00\x07\x80\x00\x00\x07\x87\xf0\x00\x0f\x9f\xfc\x00\x0f\xbf\xfe\x00\x0f\xff\xff\x00\x0f\xf8?\x80\x0f\xe0\x1f\x80\x0f\xc0\x0f\xc0\x0f\x80\x07\xc0\x1f\x80\x07\xe0\x1f\x00\x03\xe0\x1f\x00\x03\xe0\x1f\x00\x03\xe0\x1f\x00\x03\xe0\x1f\x00\x03\xe0\x1f\x00\x03\xe0\x0f\x00\x03\xe0\x0f\x00\x03\xe0\x0f\x80\x03\xe0\x0f\x80\x03\xe0\x0f\x80\x03\xc0\x0f\x80\x07\xc0\x07\xc0\x07\xc0\x07\xe0\x0f\x80\x03\xf0\x1f\x80\x03\xf8?\x00\x01\xff\xfe\x00\x00\xff\xfc\x00\x00\x7f\xf8\x00\x00\x0f\xe0\x00\x00\x00\x00\x00\x00\x00\x00\x00\x00\x00\x00\x00\x00\x00\x00\x00\x00\x00\x00\x00\x00\x00\x00\x00\x00\x00\x00\x00\x00\x00\x00\x00\x00\x00\x00\x00\x00\x00\x00\x00\x00\x00\x00\x00\x00\x00\x00\x00\x00\x00\x00\x00\x00\x00\x00\x00\x1e',
  55:b'\x00\x00\x00\x00\x00\x00\x00\x00\x00\x00\x00\x00\x00\x00\x00\x00\x00\x00\x00\x00\x00\x00\x00\x00\x00\x00\x00\x00\x0f\xff\xff\xe0\x0f\xff\xff\xe0\x0f\xff\xff\xc0\x0f\xff\xff\xc0\x0f\xff\xff\xc0\x00\x00\x07\x80\x00\x00\x07\x80\x00\x00\x0f\x80\x00\x00\x0f\x00\x00\x00\x1f\x00\x00\x00\x1f\x00\x00\x00\x1e\x00\x00\x00>\x00\x00\x00>\x00\x00\x00<\x00\x00\x00|\x00\x00\x00|\x00\x00\x00x\x00\x00\x00\xf8\x00\x00\x00\xf8\x00\x00\x01\xf0\x00\x00\x01\xf0\x00\x00\x01\xf0\x00\x00\x03\xe0\x00\x00\x03\xe0\x00\x00\x03\xe0\x00\x00\x07\xc0\x00\x00\x07\xc0\x00\x00\x07\xc0\x00\x00\x0f\x80\x00\x00\x0f\x80\x00\x00\x0f\x00\x00\x00\x1f\x00\x00\x00\x1f\x00\x00\x00\x1e\x00\x00\x00>\x00\x00\x00>\x00\x00\x00<\x00\x00\x00|\x00\x00\x00|\x00\x00\x00x\x00\x00\x00\xf8\x00\x00\x00\xf8\x00\x00\x00\xf0\x00\x00\x01\xf0\x00\x00\x01\xf0\x00\x00\x03\xe0\x00\x00\x00\x00\x00\x00\x00\x00\x00\x00\x00\x00\x00\x00\x00\x00\x00\x00\x00\x00\x00\x00\x00\x00\x00\x00\x00\x00\x00\x00\x00\x00\x00\x00\x00\x00\x00\x00\x00\x00\x00\x00\x00\x00\x00\x00\x00\x00\x00\x00\x00\x00\x00\x00\x00\x00\x00\x00\x00\x00\x00\x00\x1e',
  56:b'\x00\x00\x00\x00\x00\x00\x00\x00\x00\x00\x00\x00\x00\x00\x00\x00\x00\x00\x00\x00\x00\x00\x00\x00\x00\x0f\xe0\x00\x00?\xf8\x00\x00\xff\xfc\x00\x01\xff\xfe\x00\x01\xf8\x7f\x00\x03\xf0\x1f\x00\x03\xe0\x0f\x80\x07\xc0\x0f\x80\x07\xc0\x0f\x80\x07\xc0\x07\x80\x07\xc0\x07\x80\x07\x80\x07\x80\x07\x80\x07\x80\x07\xc0\x07\x80\x07\xc0\x0f\x80\x07\xc0\x0f\x80\x07\xe0\x0f\x00\x03\xe0\x1f\x00\x03\xf0\x1f\x00\x01\xf8>\x00\x00\xfe|\x00\x00\x7f\xf8\x00\x00?\xf0\x00\x00\x1f\xe0\x00\x00?\xf8\x00\x00\x7f\xfc\x00\x00\xf9\xfe\x00\x01\xf0\x7f\x00\x03\xe0?\x00\x03\xe0\x1f\x80\x07\xc0\x0f\x80\x07\xc0\x0f\xc0\x0f\x80\x07\xc0\x0f\x80\x07\xc0\x0f\x80\x07\xc0\x0f\x80\x07\xc0\x0f\x80\x07\xc0\x0f\x80\x07\xc0\x0f\x80\x07\xc0\x0f\x80\x07\xc0\x0f\x80\x07\xc0\x0f\xc0\x07\xc0\x07\xc0\x0f\x80\x07\xe0\x1f\x80\x03\xf8?\x00\x01\xff\xfe\x00\x00\xff\xfc\x00\x00\x7f\xf8\x00\x00\x1f\xe0\x00\x00\x00\x00\x00\x00\x00\x00\x00\x00\x00\x00\x00\x00\x00\x00\x00\x00\x00\x00\x00\x00\x00\x00\x00\x00\x00\x00\x00\x00\x00\x00\x00\x00\x00\x00\x00\x00\x00\x00\x00\x00\x00\x00\x00\x00\x00\x00\x00\x00\x00\x00\x00\x00\x00\x00\x00\x1e',
  57:b'\x00\x00\x00\x00\x00\x00\x00\x00\x00\x00\x00\x00\x00\x00\x00\x00\x00\x00\x00\x00\x00\x00\x00\x00\x00\x1f\xc0\x00\x00\x7f\xf8\x00\x01\xff\xfc\x00\x03\xff\xfe\x00\x03\xf0\x7f\x00\x07\xe0?\x00\x07\xc0\x1f\x80\x0f\x80\x0f\x80\x0f\x80\x07\xc0\x0f\x80\x07\xc0\x1f\x00\x07\xc0\x1f\x00\x07\xc0\x1f\x00\x03\xe0\x1f\x00\x03\xe0\x1f\x00\x03\xe0\x1f\x00\x03\xe0\x1f\x00\x03\xe0\x1f\x00\x03\xe0\x1f\x00\x03\xe0\x1f\x80\x03\xe0\x0f\x80\x03\xe0\x0f\x80\x03\xe0\x0f\xc0\x07\xe0\x07\xe0\x0f\xe0\x03\xf8?\xc0\x03\xff\xff\xc0\x01\xff\xff\xc0\x00\x7f\xf7\xc0\x00\x1f\xc7\xc0\x00\x00\x07\xc0\x00\x00\x07\x80\x00\x00\x0f\x80\x00\x00\x0f\x80\x00\x00\x0f\x00\x00\x00\x1f\x00\x00\x00\x1f\x00\x00\x00>\x00\x00\x00>\x00\x00\x00|\x00\x00\x00\xfc\x00\x00\x01\xf8\x00\x00\x03\xf0\x00\x00\x07\xf0\x00\x00\x1f\xe0\x00\x00\x7f\xc0\x00\x01\xff\x00\x00\x00\xfe\x00\x00\x00\xf8\x00\x00\x00\xe0\x00\x00\x00\x00\x00\x00\x00\x00\x00\x00\x00\x00\x00\x00\x00\x00\x00\x00\x00\x00\x00\x00\x00\x00\x00\x00\x00\x00\x00\x00\x00\x00\x00\x00\x00\x00\x00\x00\x00\x00\x00\x00\x00\x00\x00\x00\x00\x00\x00\x00\x00\x00\x00\x00\x00\x00\x00\x00\x1e',
  58:b'\x00\x00\x00\x00\x00\x00\x00\x00\x00\x00\x00\x00\x00\x00\x00\x00\x00\x00\x00\x00\x00\x00\x00\x00\x00\x00\x00\x00\x00\x00\x00\x00\x00\x00\x00\x00\x00\x00\x00\x00\x01\xc0\x03\xe0\x07\xf0\x07\xf0\x07\xf0\x07\xf0\x03\xe0\x01\xc0\x00\x00\x00\x00\x00\x00\x00\x00\x00\x00\x00\x00\x00\x00\x00\x00\x00\x00\x00\x00\x00\x00\x00\x00\x00\x00\x00\x00\x00\x00\x00\x00\x00\x00\x00\x00\x00\x00\x01\xc0\x03\xe0\x07\xf0\x07\xf0\x07\xf0\x07\xf0\x03\xe0\x01\xc0\x00\x00\x00\x00\x00\x00\x00\x00\x00\x00\x00\x00\x00\x00\x00\x00\x00\x00\x00\x00\x00\x00\x00\x00\x00\x00\x00\x00\x0e',
  59:b'\x00\x00\x00\x00\x00\x00\x00\x00\x00\x00\x00\x00\x00\x00\x00\x00\x00\x00\x00\x00\x00\x00\x00\x00\x00\x00\x00\x00\x00\x00\x00\x00\x00\x00\x00\x00\x00\x00\x00\x00\x01\xe0\x03\xf0\x03\xf0\x03\xf0\x03\xf0\x03\xf0\x03\xf0\x01\xe0\x00\x00\x00\x00\x00\x00\x00\x00\x00\x00\x00\x00\x00\x00\x00\x00\x00\x00\x00\x00\x00\x00\x00\x00\x00\x00\x00\x00\x00\x00\x00\x00\x00\x00\x00\x00\x00\x00\x00\x00\x01\xc0\x03\xe0\x07\xf0\x07\xf0\x07\xf0\x07\xf0\x03\xf0\x00p\x00\xf0\x00\xf0\x00\xf0\x01\xe0\x03\xc0\x07\xc0\x07\x80\x02\x00\x00\x00\x00\x00\x00\x00\x00\x00\x00\x00\x0e',
  60:b'\x00\x00\x00\x00\x00\x00\x00\x00\x00\x00\x00\x00\x00\x00\x00\x00\x00\x00\x00\x00\x00\x00\x00\x00\x00\x00\x00\x00\x00\x00\x00\x00\x00\x00\x00\x00\x00\x00\x00\x00\x00\x00\x00\x00\x00\x00\x00\x00\x00\x00\x00\x00\x00\x00\x00\x00\x00\x00\x00\x00\x00\x00\x00\x00\x00\x00\x00\x00\x00\x00\x02\x00\x00\x00\x0f\x00\x00\x00\x1f\x00\x00\x00?\x80\x00\x00\xff\x00\x00\x01\xfe\x00\x00\x03\xf8\x00\x00\x0f\xf0\x00\x00\x1f\xe0\x00\x00?\x80\x00\x00\xff\x00\x00\x01\xfe\x00\x00\x03\xf8\x00\x00\x0f\xf0\x00\x00\x1f\xc0\x00\x00?\x00\x00\x00?\x80\x00\x00\x0f\xe0\x00\x00\x07\xf8\x00\x00\x03\xfe\x00\x00\x00\xff\x00\x00\x00\x7f\x80\x00\x00\x1f\xe0\x00\x00\x0f\xf0\x00\x00\x03\xf8\x00\x00\x01\xfe\x00\x00\x00\xff\x00\x00\x00?\x80\x00\x00\x1f\x80\x00\x00\x07\x00\x00\x00\x02\x00\x00\x00\x00\x00\x00\x00\x00\x00\x00\x00\x00\x00\x00\x00\x00\x00\x00\x00\x00\x00\x00\x00\x00\x00\x00\x00\x00\x00\x00\x00\x00\x00\x00\x00\x00\x00\x00\x00\x00\x00\x00\x00\x00\x00\x00\x00\x00\x00\x00\x00\x00\x00\x00\x00\x00\x00\x00\x00\x00\x00\x00\x00\x00\x00\x00\x00\x00\x00\x00\x00\x00\x00\x00\x00\x00\x00\x00\x00\x00\x00\x00\x00\x00\x00\x1c',
  61:b'\x00\x00\x00\x00\x00\x00\x00\x00\x00\x00\x00\x00\x00\x00\x00\x00\x00\x00\x00\x00\x00\x00\x00\x00\x00\x00\x00\x00\x00\x00\x00\x00\x00\x00\x00\x00\x00\x00\x00\x00\x00\x00\x00\x00\x00\x00\x00\x00\x00\x00\x00\x00\x00\x00\x00\x00\x00\x00\x00\x00\x00\x00\x00\x00\x00\x00\x00\x00\x00\x00\x00\x00\x00\x00\x00\x00\x00\x00\x00\x00\x00\x00\x00\x00\x00\x00\x00\x00\x00\x00\x00\x00?\xff\xff\x80?\xff\xff\x80?\xff\xff\x80?\xff\xff\x80\x00\x00\x00\x00\x00\x00\x00\x00\x00\x00\x00\x00\x00\x00\x00\x00\x00\x00\x00\x00\x00\x00\x00\x00\x00\x00\x00\x00?\xff\xff\x80?\xff\xff\x80?\xff\xff\x80?\xff\xff\x80\x00\x00\x00\x00\x00\x00\x00\x00\x00\x00\x00\x00\x00\x00\x00\x00\x00\x00\x00\x00\x00\x00\x00\x00\x00\x00\x00\x00\x00\x00\x00\x00\x00\x00\x00\x00\x00\x00\x00\x00\x00\x00\x00\x00\x00\x00\x00\x00\x00\x00\x00\x00\x00\x00\x00\x00\x00\x00\x00\x00\x00\x00\x00\x00\x00\x00\x00\x00\x00\x00\x00\x00\x00\x00\x00\x00\x00\x00\x00\x00\x00\x00\x00\x00\x00\x00\x00\x00\x00\x00\x00\x00\x00\x00\x00\x00\x00\x00\x00\x00\x00\x00\x00\x00\x00\x00\x00\x00\x00\x00\x00\x00\x00\x00\x00\x00\x00\x00\x00\x00\x00\x00\x00\x00\x1c',
  62:b'\x00\x00\x00\x00\x00\x00\x00\x00\x00\x00\x00\x00\x00\x00\x00\x00\x00\x00\x00\x00\x00\x00\x00\x00\x00\x00\x00\x00\x00\x00\x00\x00\x00\x00\x00\x00\x00\x00\x00\x00\x00\x00\x00\x00\x00\x00\x00\x00\x00\x00\x00\x00\x00\x00\x00\x00\x00\x00\x00\x00\x00\x00\x00\x00\x00\x00\x00\x00\x04\x00\x00\x00\x0e\x00\x00\x00\x1f\x80\x00\x00?\xc0\x00\x00\x0f\xf0\x00\x00\x07\xf8\x00\x00\x03\xfc\x00\x00\x00\xff\x00\x00\x00\x7f\x80\x00\x00\x1f\xe0\x00\x00\x0f\xf0\x00\x00\x07\xfc\x00\x00\x01\xfe\x00\x00\x00\xff\x00\x00\x00\x1f\x80\x00\x00\x0f\x80\x00\x00?\x80\x00\x00\xff\x00\x00\x01\xfc\x00\x00\x07\xf8\x00\x00\x0f\xf0\x00\x00\x1f\xc0\x00\x00\x7f\x80\x00\x00\xff\x00\x00\x01\xfc\x00\x00\x07\xf8\x00\x00\x0f\xe0\x00\x00\x1f\xc0\x00\x00\x1f\x80\x00\x00\x0e\x00\x00\x00\x04\x00\x00\x00\x00\x00\x00\x00\x00\x00\x00\x00\x00\x00\x00\x00\x00\x00\x00\x00\x00\x00\x00\x00\x00\x00\x00\x00\x00\x00\x00\x00\x00\x00\x00\x00\x00\x00\x00\x00\x00\x00\x00\x00\x00\x00\x00\x00\x00\x00\x00\x00\x00\x00\x00\x00\x00\x00\x00\x00\x00\x00\x00\x00\x00\x00\x00\x00\x00\x00\x00\x00\x00\x00\x00\x00\x00\x00\x00\x00\x00\x00\x00\x00\x00\x00\x00\x00\x1c',
  63:b'\x00\x00\x00\x00\x00\x00\x00\x00\x00\x00\x00\x00\x00\x00\x00\x00\x00\x00\x00\xff\x00\x07\xff\xc0\x1f\xff\xe0?\xff\xf0\x1f\x03\xf8\x1c\x01\xf8\x08\x00\xfc\x00\x00|\x00\x00|\x00\x00|\x00\x00|\x00\x00|\x00\x00|\x00\x00|\x00\x00|\x00\x00\xf8\x00\x00\xf8\x00\x00\xf8\x00\x01\xf0\x00\x03\xf0\x00\x03\xe0\x00\x07\xe0\x00\x07\xc0\x00\x0f\x80\x00\x1f\x80\x00\x1f\x00\x00>\x00\x00>\x00\x00|\x00\x00|\x00\x00x\x00\x00\xf8\x00\x00\xf8\x00\x00\xf0\x00\x00\xf0\x00\x00\xf0\x00\x00\x00\x00\x00\x00\x00\x00\x00\x00\x00\x00\x00\x00\x00\x00\x00p\x00\x00\xf8\x00\x01\xfc\x00\x01\xfc\x00\x01\xfc\x00\x01\xfc\x00\x00\xf8\x00\x00p\x00\x00\x00\x00\x00\x00\x00\x00\x00\x00\x00\x00\x00\x00\x00\x00\x00\x00\x00\x00\x00\x00\x00\x00\x00\x00\x00\x00\x00\x00\x00\x00\x00\x00\x00\x00\x00\x00\x00\x00\x00\x00\x00\x18',
  64:b'\x00\x00\x00\x00\x00\x00\x00\x00\x00\x00\x00\x00\x00\x00\x00\x00\x00\x00\x00\x00\x00\x00\x00\x00\x00\x00\x00\x00\x00\x00\x00\x00\x00\x00\x00\x00\x00\x00\x00\x00\x00\x00\x00\x00\x00\x00\x00\x00\x00\x00\x00\x00\x00\x00\x00\x00\x00\x00\x00\x00\x00\x00\x00\x00\x00\x00\x00\x00\x00\x00\x00\x00\x00\x00\x00\x7f\xe0\x00\x00\x00\x00\x00\x07\xff\xfe\x00\x00\x00\x00\x00\x1f\xff\xff\xc0\x00\x00\x00\x00\x7f\xff\xff\xe0\x00\x00\x00\x00\xff\x80\x1f\xf8\x00\x00\x00\x03\xfc\x00\x03\xfc\x00\x00\x00\x07\xf0\x00\x00\xfe\x00\x00\x00\x0f\xe0\x00\x00?\x00\x00\x00\x1f\x80\x00\x00\x1f\x80\x00\x00\x1f\x00\x00\x00\x0f\x80\x00\x00>\x00\x00\x00\x07\xc0\x00\x00|\x00\x00\x00\x07\xc0\x00\x00|\x00\x0f\xc7\x03\xe0\x00\x00\xf8\x00?\xf7\x01\xe0\x00\x00\xf0\x00\xff\xff\x01\xf0\x00\x01\xf0\x01\xff\xff\x01\xf0\x00\x01\xe0\x03\xf8~\x00\xf0\x00\x03\xe0\x07\xe0>\x00\xf0\x00\x03\xe0\x07\xc0\x1e\x00\xf8\x00\x03\xc0\x0f\x80\x1e\x00\xf8\x00\x03\xc0\x0f\x80>\x00\xf8\x00\x07\xc0\x1f\x00>\x00x\x00\x07\x80\x1f\x00>\x00x\x00\x07\x80>\x00<\x00x\x00\x07\x80>\x00<\x00x\x00\x07\x80<\x00<\x00x\x00\x07\x80<\x00<\x00\xf8\x00\x07\x80|\x00<\x00\xf8\x00\x07\x80|\x00|\x00\xf0\x00\x07\x80|\x00|\x00\xf0\x00\x07\x80x\x00|\x00\xf0\x00\x07\x80x\x00x\x00\xf0\x00\x07\x80x\x00x\x01\xe0\x00\x07\x80x\x00x\x01\xe0\x00\x07\x80x\x00\xf8\x01\xe0\x00\x07\x80x\x01\xf8\x03\xc0\x00\x07\xc0x\x01\xf8\x07\xc0\x00\x07\xc0|\x03\xf8\x07\x80\x00\x03\xc0|\x07\xf8\x0f\x80\x00\x03\xc0|\x0fx\x1f\x00\x00\x03\xe0~\x1e|~\x00\x00\x01\xe0?\xfc\x7f\xfc\x00\x00\x01\xf0\x1f\xf8\x7f\xf8\x00\x00\x01\xf0\x1f\xf0?\xe0\x00\x00\x00\xf8\x07\xc0\x1f\x80\x00\x00\x00\xfc\x00\x00\x00\x00\x00\x00\x00~\x00\x00\x00\x00\x00\x00\x00?\x00\x00\x00\x00\x00\x00\x00\x1f\x80\x00\x00\x00\x00\x00\x00\x0f\xe0\x00\x00\x00\x00\x00\x00\x07\xf8\x00\x08\x00\x00\x00\x00\x03\xff\x008\x00\x00\x00\x00\x01\xff\xff\xf8\x00\x00\x00\x00\x00\x7f\xff\xfc\x00\x00\x00\x00\x00\x0f\xff\xf8\x00\x00\x00\x00\x00\x01\xff\xc0\x00\x00\x00\x00\x00\x00\x00\x00\x00\x00\x00\x00\x00\x00\x00\x00\x00\x00\x00\x00\x00\x00\x00\x00\x00\x00\x00\x00\x00\x00\x00\x00\x00\x00\x009',
  65:b'\x00\x00\x00\x00\x00\x00\x00\x00\x00\x00\x00\x00\x00\x00\x00\x00\x00\x00\x00\x00\x00\x00\x00\x00\x00\x03\x80\x00\x00\x03\xc0\x00\x00\x03\xc0\x00\x00\x07\xc0\x00\x00\x07\xe0\x00\x00\x07\xe0\x00\x00\x07\xe0\x00\x00\x0f\xe0\x00\x00\x0f\xf0\x00\x00\x0e\xf0\x00\x00\x1e\xf0\x00\x00\x1e\xf8\x00\x00\x1e\xf8\x00\x00>x\x00\x00>x\x00\x00<|\x00\x00<|\x00\x00||\x00\x00|>\x00\x00x>\x00\x00\xf8>\x00\x00\xf8\x1f\x00\x00\xf8\x1f\x00\x00\xf0\x1f\x00\x01\xf0\x1f\x00\x01\xf0\x0f\x80\x01\xf0\x0f\x80\x03\xe0\x0f\x80\x03\xe0\x0f\xc0\x03\xe0\x07\xc0\x07\xe0\x07\xc0\x07\xff\xff\xe0\x07\xff\xff\xe0\x07\xff\xff\xe0\x0f\xff\xff\xe0\x0f\x80\x03\xf0\x0f\x80\x01\xf0\x1f\x00\x01\xf0\x1f\x00\x01\xf8\x1f\x00\x00\xf8\x1e\x00\x00\xf8>\x00\x00\xf8>\x00\x00|>\x00\x00||\x00\x00||\x00\x00~|\x00\x00>\xf8\x00\x00>\x00\x00\x00\x00\x00\x00\x00\x00\x00\x00\x00\x00\x00\x00\x00\x00\x00\x00\x00\x00\x00\x00\x00\x00\x00\x00\x00\x00\x00\x00\x00\x00\x00\x00\x00\x00\x00\x00\x00\x00\x00\x00\x00\x00\x00\x00\x00\x00\x00\x00\x00\x00\x00\x00\x00\x00\x00\x00\x00\x00 ',
  66:b'\x00\x00\x00\x00\x00\x00\x00\x00\x00\x00\x00\x00\x00\x00\x00\x00\x00\x00\x00\x00\x00\x00\x00\x00\x00\x00\x00\x00\x01\xff\xf0\x00\x0f\xff\xfe\x00\x0f\xff\xff\x00\x0f\xff\xff\x80\x0f\xff\xff\xc0\x0f\x80?\xc0\x0f\x80\x0f\xe0\x0f\x80\x07\xe0\x0f\x80\x07\xe0\x0f\x80\x03\xe0\x0f\x80\x03\xf0\x0f\x80\x03\xf0\x0f\x80\x03\xe0\x0f\x80\x03\xe0\x0f\x80\x03\xe0\x0f\x80\x03\xe0\x0f\x80\x07\xc0\x0f\x80\x07\xc0\x0f\x80\x0f\x80\x0f\x80\x1f\x00\x0f\x80~\x00\x0f\xff\xfc\x00\x0f\xff\xf8\x00\x0f\xff\xff\x00\x0f\xff\xff\x80\x0f\x80?\xc0\x0f\x80\x0f\xe0\x0f\x80\x07\xe0\x0f\x80\x03\xf0\x0f\x80\x01\xf0\x0f\x80\x01\xf0\x0f\x80\x01\xf8\x0f\x80\x01\xf8\x0f\x80\x01\xf8\x0f\x80\x01\xf8\x0f\x80\x01\xf8\x0f\x80\x01\xf8\x0f\x80\x01\xf0\x0f\x80\x03\xf0\x0f\x80\x03\xf0\x0f\x80\x07\xe0\x0f\x80\x0f\xe0\x0f\x80?\xc0\x0f\xff\xff\xc0\x0f\xff\xff\x80\x0f\xff\xfe\x00\x0f\xff\xfc\x00\x03\xff\xe0\x00\x00\x00\x00\x00\x00\x00\x00\x00\x00\x00\x00\x00\x00\x00\x00\x00\x00\x00\x00\x00\x00\x00\x00\x00\x00\x00\x00\x00\x00\x00\x00\x00\x00\x00\x00\x00\x00\x00\x00\x00\x00\x00\x00\x00\x00\x00\x00\x00\x00\x00\x00\x00\x00\x00\x00\x00 ',
  67:b'\x00\x00\x00\x00\x00\x00\x00\x00\x00\x00\x00\x00\x00\x00\x00\x00\x00\x00\x00\x00\x00\x00\x00\x00\x00\x01\xff\x80\x00\x07\xff\xf0\x00\x1f\xff\xf0\x00?\xff\xf0\x00\x7f\xff\xf0\x00\xff\x80`\x01\xfe\x00\x00\x01\xf8\x00\x00\x03\xf0\x00\x00\x03\xf0\x00\x00\x07\xe0\x00\x00\x07\xc0\x00\x00\x0f\xc0\x00\x00\x0f\xc0\x00\x00\x0f\x80\x00\x00\x0f\x80\x00\x00\x1f\x80\x00\x00\x1f\x80\x00\x00\x1f\x80\x00\x00\x1f\x00\x00\x00\x1f\x00\x00\x00\x1f\x00\x00\x00\x1f\x00\x00\x00\x1f\x00\x00\x00\x1f\x00\x00\x00\x1f\x00\x00\x00\x1f\x00\x00\x00\x1f\x00\x00\x00\x1f\x00\x00\x00\x1f\x00\x00\x00\x1f\x80\x00\x00\x1f\x80\x00\x00\x1f\x80\x00\x00\x0f\x80\x00\x00\x0f\x80\x00\x00\x0f\xc0\x00\x00\x0f\xc0\x00\x00\x07\xe0\x00\x00\x07\xe0\x00\x00\x07\xf0\x00\x00\x03\xf8\x00\x00\x03\xfc\x00\x00\x01\xfe\x00\x10\x00\xff\x80\xf0\x00\xff\xff\xf0\x00\x7f\xff\xf8\x00\x1f\xff\xf8\x00\x0f\xff\xe0\x00\x01\xff\x00\x00\x00\x00\x00\x00\x00\x00\x00\x00\x00\x00\x00\x00\x00\x00\x00\x00\x00\x00\x00\x00\x00\x00\x00\x00\x00\x00\x00\x00\x00\x00\x00\x00\x00\x00\x00\x00\x00\x00\x00\x00\x00\x00\x00\x00\x00\x00\x00\x00\x00\x00\x00\x00\x00\x00\x00\x1f',
  68:b'\x00\x00\x00\x00\x00\x00\x00\x00\x00\x00\x00\x00\x00\x00\x00\x00\x00\x00\x00\x00\x00\x00\x00\x00\x00\x00\x00\x00\x00\x00\x00\x00\x00\x00\x00\x07\xff\xe0\x00\x00\x0f\xff\xfc\x00\x00\x0f\xff\xff\x00\x00\x0f\xff\xff\xc0\x00\x0f\xff\xff\xe0\x00\x0f\x80?\xf0\x00\x0f\x80\x07\xf0\x00\x0f\x80\x03\xf8\x00\x0f\x80\x01\xf8\x00\x0f\x80\x00\xfc\x00\x0f\x80\x00\xfc\x00\x0f\x80\x00~\x00\x0f\x80\x00~\x00\x0f\x80\x00>\x00\x0f\x80\x00>\x00\x0f\x80\x00?\x00\x0f\x80\x00?\x00\x0f\x80\x00\x1f\x00\x0f\x80\x00\x1f\x00\x0f\x80\x00\x1f\x00\x0f\x80\x00\x1f\x00\x0f\x80\x00\x1f\x00\x0f\x80\x00\x1f\x00\x0f\x80\x00\x1f\x00\x0f\x80\x00\x1f\x00\x0f\x80\x00\x1f\x00\x0f\x80\x00\x1f\x00\x0f\x80\x00\x1f\x00\x0f\x80\x00\x1f\x00\x0f\x80\x00\x1f\x00\x0f\x80\x00?\x00\x0f\x80\x00?\x00\x0f\x80\x00>\x00\x0f\x80\x00>\x00\x0f\x80\x00>\x00\x0f\x80\x00~\x00\x0f\x80\x00|\x00\x0f\x80\x00\xfc\x00\x0f\x80\x01\xfc\x00\x0f\x80\x01\xf8\x00\x0f\x80\x03\xf0\x00\x0f\x80\x0f\xf0\x00\x0f\x80?\xe0\x00\x0f\xff\xff\xc0\x00\x0f\xff\xff\x80\x00\x0f\xff\xff\x00\x00\x0f\xff\xfc\x00\x00\x07\xff\xe0\x00\x00\x00\x00\x00\x00\x00\x00\x00\x00\x00\x00\x00\x00\x00\x00\x00\x00\x00\x00\x00\x00\x00\x00\x00\x00\x00\x00\x00\x00\x00\x00\x00\x00\x00\x00\x00\x00\x00\x00\x00\x00\x00\x00\x00\x00\x00\x00\x00\x00\x00\x00\x00\x00\x00\x00\x00\x00\x00\x00\x00\x00\x00\x00\x00\x00\x00\x00\x00\x00\x00\x00#',
  69:b'\x00\x00\x00\x00\x00\x00\x00\x00\x00\x00\x00\x00\x00\x00\x00\x00\x00\x00\x00\x00\x00\x00\x00\x00\x00\x00\x00\x00\x0f\xff\xff\x80\x0f\xff\xff\x80\x0f\xff\xff\x80\x0f\xff\xff\x80\x0f\xff\xff\x80\x0f\x80\x00\x00\x0f\x80\x00\x00\x0f\x80\x00\x00\x0f\x80\x00\x00\x0f\x80\x00\x00\x0f\x80\x00\x00\x0f\x80\x00\x00\x0f\x80\x00\x00\x0f\x80\x00\x00\x0f\x80\x00\x00\x0f\x80\x00\x00\x0f\x80\x00\x00\x0f\x80\x00\x00\x0f\x80\x00\x00\x0f\x80\x00\x00\x0f\x80\x00\x00\x0f\xff\xff\x00\x0f\xff\xff\x00\x0f\xff\xff\x00\x0f\xff\xff\x00\x0f\xff\xff\x00\x0f\x80\x00\x00\x0f\x80\x00\x00\x0f\x80\x00\x00\x0f\x80\x00\x00\x0f\x80\x00\x00\x0f\x80\x00\x00\x0f\x80\x00\x00\x0f\x80\x00\x00\x0f\x80\x00\x00\x0f\x80\x00\x00\x0f\x80\x00\x00\x0f\x80\x00\x00\x0f\x80\x00\x00\x0f\x80\x00\x00\x0f\x80\x00\x00\x0f\x80\x00\x00\x0f\xff\xff\x80\x0f\xff\xff\x80\x0f\xff\xff\x80\x0f\xff\xff\x80\x0f\xff\xff\x80\x00\x00\x00\x00\x00\x00\x00\x00\x00\x00\x00\x00\x00\x00\x00\x00\x00\x00\x00\x00\x00\x00\x00\x00\x00\x00\x00\x00\x00\x00\x00\x00\x00\x00\x00\x00\x00\x00\x00\x00\x00\x00\x00\x00\x00\x00\x00\x00\x00\x00\x00\x00\x00\x00\x00\x00\x00\x00\x00\x00\x1d',
  70:b'\x00\x00\x00\x00\x00\x00\x00\x00\x00\x00\x00\x00\x00\x00\x00\x00\x00\x00\x00\x00\x00\x00\x00\x00\x00\x00\x00\x00\x0f\xff\xff\x80\x0f\xff\xff\x80\x0f\xff\xff\x80\x0f\xff\xff\x80\x0f\xff\xff\x80\x0f\x80\x00\x00\x0f\x80\x00\x00\x0f\x80\x00\x00\x0f\x80\x00\x00\x0f\x80\x00\x00\x0f\x80\x00\x00\x0f\x80\x00\x00\x0f\x80\x00\x00\x0f\x80\x00\x00\x0f\x80\x00\x00\x0f\x80\x00\x00\x0f\x80\x00\x00\x0f\x80\x00\x00\x0f\x80\x00\x00\x0f\x80\x00\x00\x0f\x80\x00\x00\x0f\xff\xff\x00\x0f\xff\xff\x00\x0f\xff\xff\x00\x0f\xff\xff\x00\x0f\xff\xff\x00\x0f\x80\x00\x00\x0f\x80\x00\x00\x0f\x80\x00\x00\x0f\x80\x00\x00\x0f\x80\x00\x00\x0f\x80\x00\x00\x0f\x80\x00\x00\x0f\x80\x00\x00\x0f\x80\x00\x00\x0f\x80\x00\x00\x0f\x80\x00\x00\x0f\x80\x00\x00\x0f\x80\x00\x00\x0f\x80\x00\x00\x0f\x80\x00\x00\x0f\x80\x00\x00\x0f\x80\x00\x00\x0f\x80\x00\x00\x0f\x80\x00\x00\x0f\x80\x00\x00\x0f\x80\x00\x00\x00\x00\x00\x00\x00\x00\x00\x00\x00\x00\x00\x00\x00\x00\x00\x00\x00\x00\x00\x00\x00\x00\x00\x00\x00\x00\x00\x00\x00\x00\x00\x00\x00\x00\x00\x00\x00\x00\x00\x00\x00\x00\x00\x00\x00\x00\x00\x00\x00\x00\x00\x00\x00\x00\x00\x00\x00\x00\x00\x00\x1c',
  71:b'\x00\x00\x00\x00\x00\x00\x00\x00\x00\x00\x00\x00\x00\x00\x00\x00\x00\x00\x00\x00\x00\x00\x00\x00\x00\x00\x00\x00\x00\x00\x00\x00\xff\x80\x00\x00\x07\xff\xf8\x00\x00\x1f\xff\xf8\x00\x00?\xff\xf0\x00\x00\x7f\xff\xf0\x00\x00\xff\x80p\x00\x01\xfe\x00\x00\x00\x01\xfc\x00\x00\x00\x03\xf8\x00\x00\x00\x03\xf0\x00\x00\x00\x07\xe0\x00\x00\x00\x07\xe0\x00\x00\x00\x0f\xc0\x00\x00\x00\x0f\xc0\x00\x00\x00\x0f\x80\x00\x00\x00\x0f\x80\x00\x00\x00\x1f\x80\x00\x00\x00\x1f\x80\x00\x00\x00\x1f\x80\x00\x00\x00\x1f\x00\x00\x00\x00\x1f\x00\x00\x00\x00\x1f\x00\x00\x00\x00\x1f\x00\x00\x00\x00\x1f\x00\x00\x00\x00\x1f\x00\x00\x00\x00\x1f\x00\x7f\xfc\x00\x1f\x00\x7f\xfc\x00\x1f\x00\x7f\xfc\x00\x1f\x00\x03\xfc\x00\x1f\x00\x00<\x00\x1f\x80\x00<\x00\x1f\x80\x00<\x00\x1f\x80\x00<\x00\x0f\x80\x00<\x00\x0f\x80\x00<\x00\x0f\xc0\x00<\x00\x0f\xc0\x00<\x00\x07\xc0\x00<\x00\x07\xe0\x00<\x00\x07\xf0\x00<\x00\x03\xf0\x00<\x00\x03\xf8\x00<\x00\x01\xfe\x00<\x00\x00\xff\x80\xfc\x00\x00\xff\xff\xfc\x00\x00\x7f\xff\xfc\x00\x00\x1f\xff\xf8\x00\x00\x0f\xff\xe0\x00\x00\x01\xff\x00\x00\x00\x00\x00\x00\x00\x00\x00\x00\x00\x00\x00\x00\x00\x00\x00\x00\x00\x00\x00\x00\x00\x00\x00\x00\x00\x00\x00\x00\x00\x00\x00\x00\x00\x00\x00\x00\x00\x00\x00\x00\x00\x00\x00\x00\x00\x00\x00\x00\x00\x00\x00\x00\x00\x00\x00\x00\x00\x00\x00\x00\x00\x00\x00\x00\x00\x00\x00\x00\x00\x00!',
  72:b'\x00\x00\x00\x00\x00\x00\x00\x00\x00\x00\x00\x00\x00\x00\x00\x00\x00\x00\x00\x00\x00\x00\x00\x00\x00\x00\x00\x00\x00\x00\x00\x00\x00\x00\x00\x0f\x80\x00\x1f\x00\x0f\x80\x00\x1f\x00\x0f\x80\x00\x1f\x00\x0f\x80\x00\x1f\x00\x0f\x80\x00\x1f\x00\x0f\x80\x00\x1f\x00\x0f\x80\x00\x1f\x00\x0f\x80\x00\x1f\x00\x0f\x80\x00\x1f\x00\x0f\x80\x00\x1f\x00\x0f\x80\x00\x1f\x00\x0f\x80\x00\x1f\x00\x0f\x80\x00\x1f\x00\x0f\x80\x00\x1f\x00\x0f\x80\x00\x1f\x00\x0f\x80\x00\x1f\x00\x0f\x80\x00\x1f\x00\x0f\x80\x00\x1f\x00\x0f\x80\x00\x1f\x00\x0f\x80\x00\x1f\x00\x0f\x80\x00\x1f\x00\x0f\xff\xff\xff\x00\x0f\xff\xff\xff\x00\x0f\xff\xff\xff\x00\x0f\xff\xff\xff\x00\x0f\x80\x00\x1f\x00\x0f\x80\x00\x1f\x00\x0f\x80\x00\x1f\x00\x0f\x80\x00\x1f\x00\x0f\x80\x00\x1f\x00\x0f\x80\x00\x1f\x00\x0f\x80\x00\x1f\x00\x0f\x80\x00\x1f\x00\x0f\x80\x00\x1f\x00\x0f\x80\x00\x1f\x00\x0f\x80\x00\x1f\x00\x0f\x80\x00\x1f\x00\x0f\x80\x00\x1f\x00\x0f\x80\x00\x1f\x00\x0f\x80\x00\x1f\x00\x0f\x80\x00\x1f\x00\x0f\x80\x00\x1f\x00\x0f\x80\x00\x1f\x00\x0f\x80\x00\x1f\x00\x0f\x80\x00\x1f\x00\x0f\x80\x00\x1f\x00\x0f\x80\x00\x1f\x00\x00\x00\x00\x00\x00\x00\x00\x00\x00\x00\x00\x00\x00\x00\x00\x00\x00\x00\x00\x00\x00\x00\x00\x00\x00\x00\x00\x00\x00\x00\x00\x00\x00\x00\x00\x00\x00\x00\x00\x00\x00\x00\x00\x00\x00\x00\x00\x00\x00\x00\x00\x00\x00\x00\x00\x00\x00\x00\x00\x00\x00\x00\x00\x00\x00\x00\x00\x00\x00\x00\x00\x00\x00\x00\x00$',
  73:b'\x00\x00\x00\x00\x00\x00\x00\x00\x00\x00\x00\x00\x00\x00\x07\xc0\x07\xc0\x07\xc0\x07\xc0\x07\xc0\x07\xc0\x07\xc0\x07\xc0\x07\xc0\x07\xc0\x07\xc0\x07\xc0\x07\xc0\x07\xc0\x07\xc0\x07\xc0\x07\xc0\x07\xc0\x07\xc0\x07\xc0\x07\xc0\x07\xc0\x07\xc0\x07\xc0\x07\xc0\x07\xc0\x07\xc0\x07\xc0\x07\xc0\x07\xc0\x07\xc0\x07\xc0\x07\xc0\x07\xc0\x07\xc0\x07\xc0\x07\xc0\x07\xc0\x07\xc0\x07\xc0\x07\xc0\x07\xc0\x07\xc0\x07\xc0\x07\xc0\x07\xc0\x07\xc0\x00\x00\x00\x00\x00\x00\x00\x00\x00\x00\x00\x00\x00\x00\x00\x00\x00\x00\x00\x00\x00\x00\x00\x00\x00\x00\x00\x00\x00\x00\x10',
  74:b'\x00\x00\x00\x00\x00\x00\x00\x00\x00\x00\x00\x00\x00\x00\x00\xf8\x00\xf8\x00\xf8\x00\xf8\x00\xf8\x00\xf8\x00\xf8\x00\xf8\x00\xf8\x00\xf8\x00\xf8\x00\xf8\x00\xf8\x00\xf8\x00\xf8\x00\xf8\x00\xf8\x00\xf8\x00\xf8\x00\xf8\x00\xf8\x00\xf8\x00\xf8\x00\xf8\x00\xf8\x00\xf8\x00\xf8\x00\xf8\x00\xf8\x00\xf8\x00\xf8\x00\xf8\x00\xf8\x00\xf8\x00\xf8\x00\xf8\x00\xf8\x00\xf8\x00\xf8\x00\xf8\x00\xf8\x01\xf8C\xf8\x7f\xf0\x7f\xf0\x7f\xe0\xff\xc0?\x00\x00\x00\x00\x00\x00\x00\x00\x00\x00\x00\x00\x00\x00\x00\x00\x00\x00\x00\x00\x00\x00\x00\x00\x00\x00\x00\x00\x00\x10',
  75:b'\x00\x00\x00\x00\x00\x00\x00\x00\x00\x00\x00\x00\x00\x00\x00\x00\x00\x00\x00\x00\x00\x00\x00\x00\x00\x00\x00\x00\x00\x00\x00\x00\x00\x00\x00\x0f\x80\x00\xfc\x00\x0f\x80\x01\xf8\x00\x0f\x80\x03\xf0\x00\x0f\x80\x03\xf0\x00\x0f\x80\x07\xe0\x00\x0f\x80\x07\xc0\x00\x0f\x80\x0f\xc0\x00\x0f\x80\x1f\x80\x00\x0f\x80\x1f\x00\x00\x0f\x80?\x00\x00\x0f\x80>\x00\x00\x0f\x80~\x00\x00\x0f\x80|\x00\x00\x0f\x80\xf8\x00\x00\x0f\x81\xf8\x00\x00\x0f\x81\xf0\x00\x00\x0f\x83\xf0\x00\x00\x0f\x83\xe0\x00\x00\x0f\x87\xc0\x00\x00\x0f\x8f\xc0\x00\x00\x0f\x8f\x80\x00\x00\x0f\xbf\x00\x00\x00\x0f\xfe\x00\x00\x00\x0f\xff\x00\x00\x00\x0f\xff\x80\x00\x00\x0f\x8f\xc0\x00\x00\x0f\x8f\xe0\x00\x00\x0f\x87\xe0\x00\x00\x0f\x83\xf0\x00\x00\x0f\x83\xf0\x00\x00\x0f\x81\xf8\x00\x00\x0f\x80\xfc\x00\x00\x0f\x80\xfc\x00\x00\x0f\x80~\x00\x00\x0f\x80\x7f\x00\x00\x0f\x80?\x00\x00\x0f\x80\x1f\x80\x00\x0f\x80\x1f\x80\x00\x0f\x80\x0f\xc0\x00\x0f\x80\x0f\xe0\x00\x0f\x80\x07\xe0\x00\x0f\x80\x03\xf0\x00\x0f\x80\x03\xf8\x00\x0f\x80\x01\xf8\x00\x0f\x80\x01\xfc\x00\x0f\x80\x00\xfc\x00\x0f\x80\x00~\x00\x00\x00\x00\x00\x00\x00\x00\x00\x00\x00\x00\x00\x00\x00\x00\x00\x00\x00\x00\x00\x00\x00\x00\x00\x00\x00\x00\x00\x00\x00\x00\x00\x00\x00\x00\x00\x00\x00\x00\x00\x00\x00\x00\x00\x00\x00\x00\x00\x00\x00\x00\x00\x00\x00\x00\x00\x00\x00\x00\x00\x00\x00\x00\x00\x00\x00\x00\x00\x00\x00\x00\x00\x00\x00\x00!',
  76:b'\x00\x00\x00\x00\x00\x00\x00\x00\x00\x00\x00\x00\x00\x00\x00\x00\x00\x00\x00\x00\x00\x00\x00\x00\x00\x00\x00\x00\x0f\x80\x00\x00\x0f\x80\x00\x00\x0f\x80\x00\x00\x0f\x80\x00\x00\x0f\x80\x00\x00\x0f\x80\x00\x00\x0f\x80\x00\x00\x0f\x80\x00\x00\x0f\x80\x00\x00\x0f\x80\x00\x00\x0f\x80\x00\x00\x0f\x80\x00\x00\x0f\x80\x00\x00\x0f\x80\x00\x00\x0f\x80\x00\x00\x0f\x80\x00\x00\x0f\x80\x00\x00\x0f\x80\x00\x00\x0f\x80\x00\x00\x0f\x80\x00\x00\x0f\x80\x00\x00\x0f\x80\x00\x00\x0f\x80\x00\x00\x0f\x80\x00\x00\x0f\x80\x00\x00\x0f\x80\x00\x00\x0f\x80\x00\x00\x0f\x80\x00\x00\x0f\x80\x00\x00\x0f\x80\x00\x00\x0f\x80\x00\x00\x0f\x80\x00\x00\x0f\x80\x00\x00\x0f\x80\x00\x00\x0f\x80\x00\x00\x0f\x80\x00\x00\x0f\x80\x00\x00\x0f\x80\x00\x00\x0f\x80\x00\x00\x0f\x80\x00\x00\x0f\x80\x00\x00\x0f\x80\x00\x00\x0f\xff\xff\xe0\x0f\xff\xff\xe0\x0f\xff\xff\xe0\x0f\xff\xff\xe0\x0f\xff\xff\xe0\x00\x00\x00\x00\x00\x00\x00\x00\x00\x00\x00\x00\x00\x00\x00\x00\x00\x00\x00\x00\x00\x00\x00\x00\x00\x00\x00\x00\x00\x00\x00\x00\x00\x00\x00\x00\x00\x00\x00\x00\x00\x00\x00\x00\x00\x00\x00\x00\x00\x00\x00\x00\x00\x00\x00\x00\x00\x00\x00\x00\x1c',
  77:b'\x00\x00\x00\x00\x00\x00\x00\x00\x00\x00\x00\x00\x00\x00\x00\x00\x00\x00\x00\x00\x00\x00\x00\x00\x00\x00\x00\x00\x00\x00\x00\x00\x00\x00\x00\x00\x00\x00\x00\x00\x00\x00\x0f\x80\x00\x00<\x00\x0f\x80\x00\x00|\x00\x0f\xc0\x00\x00|\x00\x0f\xc0\x00\x00\xfc\x00\x0f\xe0\x00\x00\xfc\x00\x0f\xe0\x00\x01\xfc\x00\x0f\xf0\x00\x01\xfc\x00\x0f\xf0\x00\x03\xfc\x00\x0f\xf8\x00\x03\xfc\x00\x0fx\x00\x03\xfc\x00\x0f|\x00\x07\xbc\x00\x0f|\x00\x07\xbc\x00\x0f\xbe\x00\x0f\xbc\x00\x0f\xbe\x00\x0f<\x00\x0f\xbf\x00\x1f|\x00\x0f\xbf\x00\x1f|\x00\x0f\x9f\x80>|\x00\x0f\x9f\x80>|\x00\x0f\x8f\xc0||\x00\x0f\x8f\xc0||\x00\x0f\x87\xe0\xf8|\x00\x0f\x87\xe0\xf8|\x00\x0f\x83\xf1\xf0|\x00\x0f\x83\xf1\xf0|\x00\x0f\x81\xf1\xe0|\x00\x0f\x81\xf9\xe0|\x00\x0f\x80\xfb\xe0|\x00\x0f\x80\xfb\xc0|\x00\x0f\x80{\xc0|\x00\x0f\x80\x7f\x80|\x00\x0f\x80?\x80|\x00\x0f\x80?\x00|\x00\x0f\x80\x1f\x00|\x00\x0f\x80\x1e\x00|\x00\x0f\x80\x0e\x00|\x00\x0f\x80\x0c\x00|\x00\x0f\x80\x00\x00|\x00\x0f\x80\x00\x00|\x00\x0f\x80\x00\x00|\x00\x0f\x80\x00\x00|\x00\x0f\x80\x00\x00|\x00\x0f\x80\x00\x00|\x00\x0f\x80\x00\x00|\x00\x0f\x80\x00\x00|\x00\x0f\x80\x00\x00|\x00\x0f\x80\x00\x00|\x00\x0f\x80\x00\x00|\x00\x00\x00\x00\x00\x00\x00\x00\x00\x00\x00\x00\x00\x00\x00\x00\x00\x00\x00\x00\x00\x00\x00\x00\x00\x00\x00\x00\x00\x00\x00\x00\x00\x00\x00\x00\x00\x00\x00\x00\x00\x00\x00\x00\x00\x00\x00\x00\x00\x00\x00\x00\x00\x00\x00\x00\x00\x00\x00\x00\x00\x00\x00\x00\x00\x00\x00\x00\x00\x00\x00\x00\x00\x00\x00\x00\x00\x00\x00\x00\x00\x00\x00\x00\x00\x00\x00\x00\x00\x00\x00+',
  78:b'\x00\x00\x00\x00\x00\x00\x00\x00\x00\x00\x00\x00\x00\x00\x00\x00\x00\x00\x00\x00\x00\x00\x00\x00\x00\x00\x00\x00\x00\x00\x0f\x00\x00\x00\x00\x0f\x00\x00\x1f\x00\x0f\x80\x00\x1f\x00\x0f\x80\x00\x1f\x00\x0f\xc0\x00\x1f\x00\x0f\xc0\x00\x1f\x00\x0f\xe0\x00\x1f\x00\x0f\xf0\x00\x1f\x00\x0f\xf0\x00\x1f\x00\x0f\xf8\x00\x1f\x00\x0f\xf8\x00\x1f\x00\x0f|\x00\x1f\x00\x0f\xfc\x00\x1f\x00\x0f\xbe\x00\x1f\x00\x0f\xbe\x00\x1f\x00\x0f\xbf\x00\x1f\x00\x0f\x9f\x80\x1f\x00\x0f\x9f\x80\x1f\x00\x0f\x8f\xc0\x1f\x00\x0f\x8f\xc0\x1f\x00\x0f\x87\xe0\x1f\x00\x0f\x87\xe0\x1f\x00\x0f\x83\xf0\x1f\x00\x0f\x83\xf0\x1f\x00\x0f\x81\xf8\x1f\x00\x0f\x80\xfc\x1f\x00\x0f\x80\xfc\x1f\x00\x0f\x80~\x1f\x00\x0f\x80~\x1f\x00\x0f\x80?\x1f\x00\x0f\x80?\x1f\x00\x0f\x80\x1f\x9f\x00\x0f\x80\x1f\x9f\x00\x0f\x80\x0f\xdf\x00\x0f\x80\x07\xdf\x00\x0f\x80\x07\xdf\x00\x0f\x80\x03\xef\x00\x0f\x80\x03\xef\x00\x0f\x80\x01\xff\x00\x0f\x80\x01\xff\x00\x0f\x80\x00\xff\x00\x0f\x80\x00\xff\x00\x0f\x80\x00\x7f\x00\x0f\x80\x00?\x00\x0f\x80\x00?\x00\x0f\x80\x00\x1f\x00\x0f\x80\x00\x1f\x00\x0f\x80\x00\x0f\x00\x00\x00\x00\x0f\x00\x00\x00\x00\x00\x00\x00\x00\x00\x00\x00\x00\x00\x00\x00\x00\x00\x00\x00\x00\x00\x00\x00\x00\x00\x00\x00\x00\x00\x00\x00\x00\x00\x00\x00\x00\x00\x00\x00\x00\x00\x00\x00\x00\x00\x00\x00\x00\x00\x00\x00\x00\x00\x00\x00\x00\x00\x00\x00\x00\x00\x00\x00\x00\x00\x00\x00\x00\x00\x00\x00$',
  79:b'\x00\x00\x00\x00\x00\x00\x00\x00\x00\x00\x00\x00\x00\x00\x00\x00\x00\x00\x00\x00\x00\x00\x00\x00\x00\x00\x00\x00\x00\x00\x00\x03\xfe\x00\x00\x00\x0f\xff\x80\x00\x00?\xff\xe0\x00\x00\x7f\xff\xf0\x00\x00\xff\xff\xf8\x00\x01\xfe\x07\xfc\x00\x01\xfc\x01\xfc\x00\x03\xf0\x00\xfe\x00\x07\xf0\x00~\x00\x07\xe0\x00?\x00\x07\xc0\x00?\x00\x0f\xc0\x00\x1f\x00\x0f\xc0\x00\x1f\x80\x0f\x80\x00\x1f\x80\x0f\x80\x00\x1f\x80\x0f\x80\x00\x0f\x80\x1f\x80\x00\x0f\x80\x1f\x80\x00\x0f\xc0\x1f\x00\x00\x0f\xc0\x1f\x00\x00\x0f\xc0\x1f\x00\x00\x0f\xc0\x1f\x00\x00\x07\xc0\x1f\x00\x00\x07\xc0\x1f\x00\x00\x07\xc0\x1f\x00\x00\x07\xc0\x1f\x00\x00\x07\xc0\x1f\x00\x00\x07\xc0\x1f\x00\x00\x07\xc0\x1f\x00\x00\x0f\xc0\x1f\x00\x00\x0f\xc0\x1f\x80\x00\x0f\xc0\x1f\x80\x00\x0f\xc0\x1f\x80\x00\x0f\x80\x1f\x80\x00\x0f\x80\x0f\x80\x00\x0f\x80\x0f\xc0\x00\x1f\x80\x0f\xc0\x00\x1f\x80\x0f\xc0\x00\x1f\x00\x07\xe0\x00?\x00\x07\xe0\x00?\x00\x07\xf0\x00~\x00\x03\xf8\x00\xfe\x00\x03\xfc\x01\xfc\x00\x01\xff\x07\xfc\x00\x00\xff\xff\xf8\x00\x00\x7f\xff\xf0\x00\x00?\xff\xe0\x00\x00\x0f\xff\x80\x00\x00\x03\xfc\x00\x00\x00\x00\x00\x00\x00\x00\x00\x00\x00\x00\x00\x00\x00\x00\x00\x00\x00\x00\x00\x00\x00\x00\x00\x00\x00\x00\x00\x00\x00\x00\x00\x00\x00\x00\x00\x00\x00\x00\x00\x00\x00\x00\x00\x00\x00\x00\x00\x00\x00\x00\x00\x00\x00\x00\x00\x00\x00\x00\x00\x00\x00\x00\x00\x00\x00\x00\x00\x00\x00\x00%',
  80:b'\x00\x00\x00\x00\x00\x00\x00\x00\x00\x00\x00\x00\x00\x00\x00\x00\x00\x00\x00\x00\x00\x00\x00\x00\x00\x00\x00\x00\x03\xff\xc0\x00\x0f\xff\xf8\x00\x0f\xff\xfe\x00\x0f\xff\xff\x00\x0f\xff\xff\x80\x0f\x80\x7f\xc0\x0f\x80\x0f\xe0\x0f\x80\x07\xe0\x0f\x80\x07\xf0\x0f\x80\x03\xf0\x0f\x80\x03\xf0\x0f\x80\x01\xf0\x0f\x80\x01\xf0\x0f\x80\x01\xf0\x0f\x80\x01\xf0\x0f\x80\x01\xf0\x0f\x80\x01\xf0\x0f\x80\x01\xf0\x0f\x80\x01\xf0\x0f\x80\x03\xf0\x0f\x80\x03\xf0\x0f\x80\x07\xe0\x0f\x80\x0f\xe0\x0f\x80\x1f\xc0\x0f\x80\x7f\xc0\x0f\xff\xff\x80\x0f\xff\xff\x00\x0f\xff\xfe\x00\x0f\xff\xf8\x00\x0f\xff\xc0\x00\x0f\x80\x00\x00\x0f\x80\x00\x00\x0f\x80\x00\x00\x0f\x80\x00\x00\x0f\x80\x00\x00\x0f\x80\x00\x00\x0f\x80\x00\x00\x0f\x80\x00\x00\x0f\x80\x00\x00\x0f\x80\x00\x00\x0f\x80\x00\x00\x0f\x80\x00\x00\x0f\x80\x00\x00\x0f\x80\x00\x00\x0f\x80\x00\x00\x0f\x80\x00\x00\x0f\x80\x00\x00\x00\x00\x00\x00\x00\x00\x00\x00\x00\x00\x00\x00\x00\x00\x00\x00\x00\x00\x00\x00\x00\x00\x00\x00\x00\x00\x00\x00\x00\x00\x00\x00\x00\x00\x00\x00\x00\x00\x00\x00\x00\x00\x00\x00\x00\x00\x00\x00\x00\x00\x00\x00\x00\x00\x00\x00\x00\x00\x00\x00\x1e',
  81:b'\x00\x00\x00\x00\x00\x00\x00\x00\x00\x00\x00\x00\x00\x00\x00\x00\x00\x00\x00\x00\x00\x00\x00\x00\x00\x00\x00\x00\x00\x00\x00\x03\xfe\x00\x00\x00\x0f\xff\x80\x00\x00?\xff\xe0\x00\x00\x7f\xff\xf0\x00\x00\xff\xff\xf8\x00\x01\xfe\x07\xfc\x00\x01\xfc\x01\xfc\x00\x03\xf0\x00\xfe\x00\x07\xf0\x00~\x00\x07\xe0\x00?\x00\x07\xc0\x00?\x00\x0f\xc0\x00\x1f\x00\x0f\xc0\x00\x1f\x80\x0f\x80\x00\x1f\x80\x0f\x80\x00\x1f\x80\x0f\x80\x00\x0f\x80\x1f\x80\x00\x0f\x80\x1f\x80\x00\x0f\xc0\x1f\x00\x00\x0f\xc0\x1f\x00\x00\x0f\xc0\x1f\x00\x00\x0f\xc0\x1f\x00\x00\x07\xc0\x1f\x00\x00\x07\xc0\x1f\x00\x00\x07\xc0\x1f\x00\x00\x07\xc0\x1f\x00\x00\x07\xc0\x1f\x00\x00\x07\xc0\x1f\x00\x00\x07\xc0\x1f\x00\x00\x0f\xc0\x1f\x00\x00\x0f\xc0\x1f\x80\x00\x0f\xc0\x1f\x80\x00\x0f\xc0\x1f\x80\x00\x0f\x80\x1f\x80\x00\x0f\x80\x0f\x80\x00\x0f\x80\x0f\xc0\x00\x1f\x80\x0f\xc0\x00\x1f\x80\x0f\xc0\x00\x1f\x00\x07\xe0\x00?\x00\x07\xe0\x00?\x00\x07\xf0\x00~\x00\x03\xf8\x00\xfe\x00\x03\xfc\x01\xfc\x00\x01\xff\x07\xfc\x00\x00\xff\xff\xf8\x00\x00\x7f\xff\xf0\x00\x00?\xff\xe0\x00\x00\x0f\xff\x80\x00\x00\x03\xfc\x00\x00\x00\x00\x00\x00\x00\x00\x00\x00\x00\x00\x00\x1f\xc0\x00\x00\x00\x1f\xfc\x00\x00\x00\x1f\xff\x80\x00\x00\x1f\xff\xf8\x04\x00\x1f\xff\xff\xfc\x00\x00\x7f\xff\xfc\x00\x00\x07\xff\xfc\x00\x00\x00\xff\xfc\x00\x00\x00\x0f\xf8\x00\x00\x00\x00\x00\x00\x00\x00\x00\x00\x00\x00\x00\x00\x00%',
  82:b'\x00\x00\x00\x00\x00\x00\x00\x00\x00\x00\x00\x00\x00\x00\x00\x00\x00\x00\x00\x00\x00\x00\x00\x00\x00\x00\x00\x00\x01\xff\xc0\x00\x0f\xff\xf8\x00\x0f\xff\xfe\x00\x0f\xff\xff\x00\x0f\xff\xff\x80\x0f\x80\x7f\x80\x0f\x80\x1f\xc0\x0f\x80\x0f\xc0\x0f\x80\x07\xc0\x0f\x80\x07\xe0\x0f\x80\x07\xe0\x0f\x80\x07\xe0\x0f\x80\x03\xe0\x0f\x80\x03\xe0\x0f\x80\x07\xe0\x0f\x80\x07\xe0\x0f\x80\x07\xc0\x0f\x80\x07\xc0\x0f\x80\x0f\xc0\x0f\x80\x0f\x80\x0f\x80\x1f\x80\x0f\x80\x7f\x00\x0f\xff\xfe\x00\x0f\xff\xfc\x00\x0f\xff\xf0\x00\x0f\x8f\xe0\x00\x0f\x81\xf0\x00\x0f\x81\xf8\x00\x0f\x80\xf8\x00\x0f\x80\xfc\x00\x0f\x80|\x00\x0f\x80~\x00\x0f\x80~\x00\x0f\x80?\x00\x0f\x80?\x00\x0f\x80\x1f\x80\x0f\x80\x1f\x80\x0f\x80\x0f\xc0\x0f\x80\x0f\xc0\x0f\x80\x07\xe0\x0f\x80\x07\xe0\x0f\x80\x03\xf0\x0f\x80\x03\xf0\x0f\x80\x01\xf8\x0f\x80\x01\xf8\x0f\x80\x00\xf8\x0f\x80\x00\xfc\x00\x00\x00\x00\x00\x00\x00\x00\x00\x00\x00\x00\x00\x00\x00\x00\x00\x00\x00\x00\x00\x00\x00\x00\x00\x00\x00\x00\x00\x00\x00\x00\x00\x00\x00\x00\x00\x00\x00\x00\x00\x00\x00\x00\x00\x00\x00\x00\x00\x00\x00\x00\x00\x00\x00\x00\x00\x00\x00\x00 ',
  83:b'\x00\x00\x00\x00\x00\x00\x00\x00\x00\x00\x00\x00\x00\x00\x00\x00\x00\x00\x00\x00\x00\x00\x00\x00\x00\x1f\xf8\x00\x00\xff\xff\x00\x01\xff\xff\xc0\x03\xff\xff\x80\x07\xff\xff\x80\x0f\xf0\x0f\x00\x0f\xc0\x01\x00\x0f\x80\x00\x00\x1f\x80\x00\x00\x1f\x00\x00\x00\x1f\x00\x00\x00\x1f\x00\x00\x00\x1f\x00\x00\x00\x1f\x80\x00\x00\x0f\x80\x00\x00\x0f\xc0\x00\x00\x0f\xe0\x00\x00\x07\xf0\x00\x00\x07\xf8\x00\x00\x03\xfc\x00\x00\x01\xfe\x00\x00\x00\xff\x80\x00\x00\x7f\xc0\x00\x00?\xe0\x00\x00\x1f\xf0\x00\x00\x07\xf8\x00\x00\x03\xfc\x00\x00\x01\xfe\x00\x00\x00\x7f\x00\x00\x00?\x80\x00\x00\x1f\x80\x00\x00\x0f\x80\x00\x00\x0f\xc0\x00\x00\x07\xc0\x00\x00\x07\xc0\x00\x00\x07\xc0\x00\x00\x07\xc0\x00\x00\x07\xc0\x00\x00\x07\xc0\x00\x00\x07\xc0\x00\x00\x0f\xc0\x00\x00\x0f\x80\x08\x00?\x80\x1f\x00\xff\x00\x1f\xff\xff\x00\x1f\xff\xfe\x00?\xff\xfc\x00\x0f\xff\xf0\x00\x01\xff\x80\x00\x00\x00\x00\x00\x00\x00\x00\x00\x00\x00\x00\x00\x00\x00\x00\x00\x00\x00\x00\x00\x00\x00\x00\x00\x00\x00\x00\x00\x00\x00\x00\x00\x00\x00\x00\x00\x00\x00\x00\x00\x00\x00\x00\x00\x00\x00\x00\x00\x00\x00\x00\x00\x00\x00\x00\x00\x1d',
  84:b'\x00\x00\x00\x00\x00\x00\x00\x00\x00\x00\x00\x00\x00\x00\x00\x00\x00\x00\x00\x00\x00\x00\x00\x00\x00\x00\x00\x00\x7f\xff\xff\xf8\x7f\xff\xff\xf8\x7f\xff\xff\xf8\x7f\xff\xff\xf8\x7f\xff\xff\xf8\x00\x0f\x80\x00\x00\x0f\x80\x00\x00\x0f\x80\x00\x00\x0f\x80\x00\x00\x0f\x80\x00\x00\x0f\x80\x00\x00\x0f\x80\x00\x00\x0f\x80\x00\x00\x0f\x80\x00\x00\x0f\x80\x00\x00\x0f\x80\x00\x00\x0f\x80\x00\x00\x0f\x80\x00\x00\x0f\x80\x00\x00\x0f\x80\x00\x00\x0f\x80\x00\x00\x0f\x80\x00\x00\x0f\x80\x00\x00\x0f\x80\x00\x00\x0f\x80\x00\x00\x0f\x80\x00\x00\x0f\x80\x00\x00\x0f\x80\x00\x00\x0f\x80\x00\x00\x0f\x80\x00\x00\x0f\x80\x00\x00\x0f\x80\x00\x00\x0f\x80\x00\x00\x0f\x80\x00\x00\x0f\x80\x00\x00\x0f\x80\x00\x00\x0f\x80\x00\x00\x0f\x80\x00\x00\x0f\x80\x00\x00\x0f\x80\x00\x00\x0f\x80\x00\x00\x0f\x80\x00\x00\x0f\x80\x00\x00\x0f\x80\x00\x00\x0f\x80\x00\x00\x0f\x80\x00\x00\x0f\x80\x00\x00\x00\x00\x00\x00\x00\x00\x00\x00\x00\x00\x00\x00\x00\x00\x00\x00\x00\x00\x00\x00\x00\x00\x00\x00\x00\x00\x00\x00\x00\x00\x00\x00\x00\x00\x00\x00\x00\x00\x00\x00\x00\x00\x00\x00\x00\x00\x00\x00\x00\x00\x00\x00\x00\x00\x00\x00\x00\x00\x00\x1e',
  85:b'\x00\x00\x00\x00\x00\x00\x00\x00\x00\x00\x00\x00\x00\x00\x00\x00\x00\x00\x00\x00\x00\x00\x00\x00\x00\x00\x00\x00\x00\x00\x00\x00\x00\x00\x00\x0f\x80\x00>\x00\x0f\x80\x00>\x00\x0f\x80\x00>\x00\x0f\x80\x00>\x00\x0f\x80\x00>\x00\x0f\x80\x00>\x00\x0f\x80\x00>\x00\x0f\x80\x00>\x00\x0f\x80\x00>\x00\x0f\x80\x00>\x00\x0f\x80\x00>\x00\x0f\x80\x00>\x00\x0f\x80\x00>\x00\x0f\x80\x00>\x00\x0f\x80\x00>\x00\x0f\x80\x00>\x00\x0f\x80\x00>\x00\x0f\x80\x00>\x00\x0f\x80\x00>\x00\x0f\x80\x00>\x00\x0f\x80\x00>\x00\x0f\x80\x00>\x00\x0f\x80\x00>\x00\x0f\x80\x00>\x00\x0f\x80\x00>\x00\x0f\x80\x00>\x00\x0f\x80\x00>\x00\x0f\x80\x00>\x00\x0f\x80\x00>\x00\x0f\x80\x00>\x00\x0f\x80\x00>\x00\x0f\x80\x00>\x00\x0f\x80\x00>\x00\x0f\x80\x00>\x00\x0f\xc0\x00>\x00\x0f\xc0\x00|\x00\x0f\xc0\x00|\x00\x07\xc0\x00|\x00\x07\xc0\x00|\x00\x07\xe0\x00\xfc\x00\x07\xf0\x00\xf8\x00\x03\xf8\x01\xf8\x00\x03\xfe\x07\xf0\x00\x01\xff\xff\xf0\x00\x00\xff\xff\xe0\x00\x00\x7f\xff\xc0\x00\x00?\xff\x00\x00\x00\x07\xfc\x00\x00\x00\x00\x00\x00\x00\x00\x00\x00\x00\x00\x00\x00\x00\x00\x00\x00\x00\x00\x00\x00\x00\x00\x00\x00\x00\x00\x00\x00\x00\x00\x00\x00\x00\x00\x00\x00\x00\x00\x00\x00\x00\x00\x00\x00\x00\x00\x00\x00\x00\x00\x00\x00\x00\x00\x00\x00\x00\x00\x00\x00\x00\x00\x00\x00\x00\x00\x00\x00\x00\x00#',
  86:b'\x00\x00\x00\x00\x00\x00\x00\x00\x00\x00\x00\x00\x00\x00\x00\x00\x00\x00\x00\x00\x00\x00\x00\x00\x00\x00\x00\x00\xfc\x00\x00>\xfc\x00\x00>|\x00\x00||\x00\x00|~\x00\x00|>\x00\x00|>\x00\x00\xf8?\x00\x00\xf8?\x00\x00\xf8\x1f\x00\x01\xf0\x1f\x00\x01\xf0\x1f\x80\x01\xf0\x0f\x80\x01\xe0\x0f\x80\x03\xe0\x0f\xc0\x03\xe0\x07\xc0\x03\xe0\x07\xc0\x03\xc0\x07\xc0\x07\xc0\x07\xe0\x07\xc0\x03\xe0\x07\x80\x03\xe0\x0f\x80\x03\xf0\x0f\x80\x01\xf0\x0f\x80\x01\xf0\x0f\x00\x01\xf0\x1f\x00\x00\xf8\x1f\x00\x00\xf8\x1e\x00\x00\xf8\x1e\x00\x00\xfc>\x00\x00|<\x00\x00|<\x00\x00||\x00\x00>|\x00\x00>x\x00\x00>x\x00\x00\x1ex\x00\x00\x1e\xf0\x00\x00\x1e\xf0\x00\x00\x1f\xf0\x00\x00\x0f\xe0\x00\x00\x0f\xe0\x00\x00\x0f\xe0\x00\x00\x07\xe0\x00\x00\x07\xc0\x00\x00\x07\xc0\x00\x00\x03\xc0\x00\x00\x03\x80\x00\x00\x03\x80\x00\x00\x00\x00\x00\x00\x00\x00\x00\x00\x00\x00\x00\x00\x00\x00\x00\x00\x00\x00\x00\x00\x00\x00\x00\x00\x00\x00\x00\x00\x00\x00\x00\x00\x00\x00\x00\x00\x00\x00\x00\x00\x00\x00\x00\x00\x00\x00\x00\x00\x00\x00\x00\x00\x00\x00\x00\x1f',
  87:b'\x00\x00\x00\x00\x00\x00\x00\x00\x00\x00\x00\x00\x00\x00\x00\x00\x00\x00\x00\x00\x00\x00\x00\x00\x00\x00\x00\x00\x00\x00\x00\x00\x00\x00\x00\x00\x00\x00\x00\x00\x00\x00\xfc\x00\x07\x00\x01\xf8|\x00\x07\x80\x01\xf0|\x00\x07\x80\x01\xf0|\x00\x07\x80\x01\xf0~\x00\x0f\x80\x01\xf0>\x00\x0f\xc0\x01\xe0>\x00\x0f\xc0\x03\xe0>\x00\x0f\xc0\x03\xe0?\x00\x1f\xc0\x03\xe0?\x00\x1f\xe0\x03\xe0\x1f\x00\x1d\xe0\x03\xc0\x1f\x00\x1d\xe0\x07\xc0\x1f\x00=\xe0\x07\xc0\x1f\x80=\xf0\x07\xc0\x0f\x80=\xf0\x07\x80\x0f\x80=\xf0\x07\x80\x0f\x80|\xf0\x0f\x80\x0f\x80x\xf8\x0f\x80\x0f\xc0x\xf8\x0f\x80\x07\xc0x\xf8\x0f\x00\x07\xc0\xf8x\x0f\x00\x07\xc0\xf0x\x1f\x00\x07\xc0\xf0|\x1f\x00\x03\xe0\xf0|\x1f\x00\x03\xe0\xf0|\x1e\x00\x03\xe1\xf0<\x1e\x00\x03\xe1\xe0>\x1e\x00\x03\xe1\xe0>>\x00\x01\xf1\xe0><\x00\x01\xf3\xe0\x1e<\x00\x01\xf3\xc0\x1f<\x00\x01\xf3\xc0\x1f<\x00\x00\xf3\xc0\x1f|\x00\x00\xf3\xc0\x0fx\x00\x00\xfb\x80\x0fx\x00\x00\xfb\x80\x0fx\x00\x00\xff\x80\x0fx\x00\x00\x7f\x80\x07p\x00\x00\x7f\x00\x07\xf0\x00\x00\x7f\x00\x07\xf0\x00\x00\x7f\x00\x07\xf0\x00\x00?\x00\x03\xf0\x00\x00>\x00\x03\xe0\x00\x00>\x00\x03\xe0\x00\x00>\x00\x03\xe0\x00\x00>\x00\x03\xe0\x00\x00\x1e\x00\x01\xe0\x00\x00\x1c\x00\x01\xc0\x00\x00\x00\x00\x00\x00\x00\x00\x00\x00\x00\x00\x00\x00\x00\x00\x00\x00\x00\x00\x00\x00\x00\x00\x00\x00\x00\x00\x00\x00\x00\x00\x00\x00\x00\x00\x00\x00\x00\x00\x00\x00\x00\x00\x00\x00\x00\x00\x00\x00\x00\x00\x00\x00\x00\x00\x00\x00\x00\x00\x00\x00\x00\x00\x00\x00\x00\x00\x00\x00\x00\x00\x00\x00\x00\x00\x00\x00\x00\x00\x00\x00\x00\x00\x00-',
  88:b'\x00\x00\x00\x00\x00\x00\x00\x00\x00\x00\x00\x00\x00\x00\x00\x00\x00\x00\x00\x00\x00\x00\x00\x00\x00\x00\x00\x00\x00\x00\x00\x00\x00\x00\x00?\x80\x00?\x00\x1f\x80\x00~\x00\x0f\xc0\x00|\x00\x0f\xc0\x00\xfc\x00\x07\xc0\x00\xf8\x00\x07\xe0\x01\xf8\x00\x03\xe0\x01\xf0\x00\x03\xf0\x03\xf0\x00\x03\xf0\x03\xe0\x00\x01\xf8\x07\xe0\x00\x01\xf8\x07\xc0\x00\x00\xfc\x0f\xc0\x00\x00\xfc\x0f\x80\x00\x00~\x0f\x80\x00\x00~\x1f\x00\x00\x00>\x1f\x00\x00\x00?>\x00\x00\x00\x1f>\x00\x00\x00\x1f\xfc\x00\x00\x00\x0f\xfc\x00\x00\x00\x0f\xf8\x00\x00\x00\x07\xf8\x00\x00\x00\x07\xf0\x00\x00\x00\x07\xf0\x00\x00\x00\x07\xf8\x00\x00\x00\x0f\xf8\x00\x00\x00\x0f|\x00\x00\x00\x1f|\x00\x00\x00\x1f>\x00\x00\x00>>\x00\x00\x00>?\x00\x00\x00~\x1f\x00\x00\x00|\x1f\x80\x00\x00\xfc\x0f\x80\x00\x00\xf8\x0f\xc0\x00\x01\xf8\x07\xc0\x00\x01\xf0\x07\xe0\x00\x03\xf0\x03\xe0\x00\x03\xe0\x03\xf0\x00\x07\xe0\x01\xf0\x00\x07\xc0\x01\xf8\x00\x0f\xc0\x00\xf8\x00\x0f\x80\x00\xfc\x00\x1f\x80\x00|\x00\x1f\x00\x00~\x00?\x00\x00>\x00~\x00\x00?\x00\x00\x00\x00\x00\x00\x00\x00\x00\x00\x00\x00\x00\x00\x00\x00\x00\x00\x00\x00\x00\x00\x00\x00\x00\x00\x00\x00\x00\x00\x00\x00\x00\x00\x00\x00\x00\x00\x00\x00\x00\x00\x00\x00\x00\x00\x00\x00\x00\x00\x00\x00\x00\x00\x00\x00\x00\x00\x00\x00\x00\x00\x00\x00\x00\x00\x00\x00\x00\x00\x00\x00\x00\x00\x00\x00"',
  89:b'\x00\x00\x00\x00\x00\x00\x00\x00\x00\x00\x00\x00\x00\x00\x00\x00\x00\x00\x00\x00\x00\x00\x00\x00\x00\x00\x00\x00\xfc\x00\x00|~\x00\x00\xfc~\x00\x00\xf8?\x00\x01\xf8?\x00\x01\xf0\x1f\x00\x03\xf0\x1f\x80\x03\xe0\x0f\x80\x03\xe0\x0f\xc0\x07\xc0\x07\xc0\x07\xc0\x07\xe0\x0f\xc0\x07\xe0\x0f\x80\x03\xe0\x0f\x80\x03\xf0\x1f\x00\x01\xf0\x1f\x00\x01\xf8>\x00\x00\xf8>\x00\x00\xf8>\x00\x00\xfc|\x00\x00||\x00\x00~\xf8\x00\x00>\xf8\x00\x00>\xf0\x00\x00\x1e\xf0\x00\x00\x1f\xe0\x00\x00\x0f\xe0\x00\x00\x0f\xe0\x00\x00\x0f\xc0\x00\x00\x07\xc0\x00\x00\x07\xc0\x00\x00\x07\xc0\x00\x00\x07\xc0\x00\x00\x07\xc0\x00\x00\x07\xc0\x00\x00\x07\xc0\x00\x00\x07\xc0\x00\x00\x07\xc0\x00\x00\x07\xc0\x00\x00\x07\xc0\x00\x00\x07\xc0\x00\x00\x07\xc0\x00\x00\x07\xc0\x00\x00\x07\xc0\x00\x00\x07\xc0\x00\x00\x07\xc0\x00\x00\x07\xc0\x00\x00\x07\xc0\x00\x00\x00\x00\x00\x00\x00\x00\x00\x00\x00\x00\x00\x00\x00\x00\x00\x00\x00\x00\x00\x00\x00\x00\x00\x00\x00\x00\x00\x00\x00\x00\x00\x00\x00\x00\x00\x00\x00\x00\x00\x00\x00\x00\x00\x00\x00\x00\x00\x00\x00\x00\x00\x00\x00\x00\x00\x00\x00\x00\x00\x1e',
  90:b'\x00\x00\x00\x00\x00\x00\x00\x00\x00\x00\x00\x00\x00\x00\x00\x00\x00\x00\x00\x00\x00\x00\x00\x00\x00\x00\x00\x00?\xff\xff\xe0?\xff\xff\xe0?\xff\xff\xe0?\xff\xff\xe0?\xff\xff\xe0\x00\x00\x03\xe0\x00\x00\x03\xe0\x00\x00\x07\xc0\x00\x00\x0f\xc0\x00\x00\x0f\x80\x00\x00\x1f\x80\x00\x00?\x00\x00\x00>\x00\x00\x00~\x00\x00\x00|\x00\x00\x00\xfc\x00\x00\x00\xf8\x00\x00\x01\xf8\x00\x00\x01\xf0\x00\x00\x03\xf0\x00\x00\x03\xe0\x00\x00\x07\xe0\x00\x00\x0f\xc0\x00\x00\x0f\x80\x00\x00\x1f\x80\x00\x00\x1f\x00\x00\x00?\x00\x00\x00>\x00\x00\x00~\x00\x00\x00|\x00\x00\x00\xfc\x00\x00\x00\xf8\x00\x00\x01\xf8\x00\x00\x01\xf0\x00\x00\x03\xf0\x00\x00\x07\xe0\x00\x00\x07\xc0\x00\x00\x0f\xc0\x00\x00\x0f\x80\x00\x00\x1f\x80\x00\x00\x1f\x00\x00\x00>\x00\x00\x00?\xff\xff\xe0?\xff\xff\xe0?\xff\xff\xe0?\xff\xff\xe0?\xff\xff\xe0\x00\x00\x00\x00\x00\x00\x00\x00\x00\x00\x00\x00\x00\x00\x00\x00\x00\x00\x00\x00\x00\x00\x00\x00\x00\x00\x00\x00\x00\x00\x00\x00\x00\x00\x00\x00\x00\x00\x00\x00\x00\x00\x00\x00\x00\x00\x00\x00\x00\x00\x00\x00\x00\x00\x00\x00\x00\x00\x00\x00\x1d',
  91:b'\x00\x00\x00\x00\x00\x00\x00\x00\x00\x00\x00\x00\x00\x00\x00\x00\x00\x00\x00\x00\x00\x0f\xfe\x00\x0f\xfe\x00\x0f\xfe\x00\x0f\xfe\x00\x0f\x80\x00\x0f\x80\x00\x0f\x80\x00\x0f\x80\x00\x0f\x80\x00\x0f\x80\x00\x0f\x80\x00\x0f\x80\x00\x0f\x80\x00\x0f\x80\x00\x0f\x80\x00\x0f\x80\x00\x0f\x80\x00\x0f\x80\x00\x0f\x80\x00\x0f\x80\x00\x0f\x80\x00\x0f\x80\x00\x0f\x80\x00\x0f\x80\x00\x0f\x80\x00\x0f\x80\x00\x0f\x80\x00\x0f\x80\x00\x0f\x80\x00\x0f\x80\x00\x0f\x80\x00\x0f\x80\x00\x0f\x80\x00\x0f\x80\x00\x0f\x80\x00\x0f\x80\x00\x0f\x80\x00\x0f\x80\x00\x0f\x80\x00\x0f\x80\x00\x0f\x80\x00\x0f\x80\x00\x0f\x80\x00\x0f\x80\x00\x0f\x80\x00\x0f\x80\x00\x0f\x80\x00\x0f\x80\x00\x0f\x80\x00\x0f\x80\x00\x0f\x80\x00\x0f\x80\x00\x0f\x80\x00\x0f\x80\x00\x0f\x80\x00\x0f\x80\x00\x0f\x80\x00\x0f\x80\x00\x0f\xfe\x00\x0f\xfe\x00\x0f\xfe\x00\x0f\xfe\x00\x11',
  92:b'\x00\x00\x00\x00\x00\x00\x00\x00\x00\x00\x00\x00\x00\x00\x00\x00\x00\x00\x10\x00\x00\xf8\x00\x00\xf8\x00\x00x\x00\x00|\x00\x00<\x00\x00>\x00\x00>\x00\x00\x1e\x00\x00\x1f\x00\x00\x1f\x00\x00\x0f\x00\x00\x0f\x80\x00\x0f\x80\x00\x07\x80\x00\x07\xc0\x00\x03\xc0\x00\x03\xe0\x00\x03\xe0\x00\x01\xe0\x00\x01\xf0\x00\x01\xf0\x00\x00\xf0\x00\x00\xf8\x00\x00\xf8\x00\x00x\x00\x00|\x00\x00|\x00\x00<\x00\x00>\x00\x00\x1e\x00\x00\x1f\x00\x00\x1f\x00\x00\x0f\x00\x00\x0f\x80\x00\x0f\x80\x00\x07\x80\x00\x07\xc0\x00\x07\xc0\x00\x03\xc0\x00\x03\xe0\x00\x01\xe0\x00\x01\xe0\x00\x01\xf0\x00\x00\xf0\x00\x00\xf8\x00\x00\xf8\x00\x00x\x00\x00|\x00\x00|\x00\x00<\x00\x00>\x00\x00>\x00\x00\x1e\x00\x00\x1f\x00\x00\x0f\x00\x00\x08\x00\x00\x00\x00\x00\x00\x00\x00\x00\x00\x00\x00\x00\x00\x00\x00\x00\x00\x18',
  93:b'\x00\x00\x00\x00\x00\x00\x00\x00\x00\x00\x00\x00\x00\x00\x00\x00\x00\x00\x00\x00\x00?\xf0\x00?\xf0\x00?\xf0\x00?\xf0\x00\x01\xf0\x00\x01\xf0\x00\x01\xf0\x00\x01\xf0\x00\x01\xf0\x00\x01\xf0\x00\x01\xf0\x00\x01\xf0\x00\x01\xf0\x00\x01\xf0\x00\x01\xf0\x00\x01\xf0\x00\x01\xf0\x00\x01\xf0\x00\x01\xf0\x00\x01\xf0\x00\x01\xf0\x00\x01\xf0\x00\x01\xf0\x00\x01\xf0\x00\x01\xf0\x00\x01\xf0\x00\x01\xf0\x00\x01\xf0\x00\x01\xf0\x00\x01\xf0\x00\x01\xf0\x00\x01\xf0\x00\x01\xf0\x00\x01\xf0\x00\x01\xf0\x00\x01\xf0\x00\x01\xf0\x00\x01\xf0\x00\x01\xf0\x00\x01\xf0\x00\x01\xf0\x00\x01\xf0\x00\x01\xf0\x00\x01\xf0\x00\x01\xf0\x00\x01\xf0\x00\x01\xf0\x00\x01\xf0\x00\x01\xf0\x00\x01\xf0\x00\x01\xf0\x00\x01\xf0\x00\x01\xf0\x00\x01\xf0\x00\x01\xf0\x00\x01\xf0\x00\x01\xf0\x00\x01\xf0\x00?\xf0\x00?\xf0\x00?\xf0\x00?\xf0\x00\x11',
  94:b'\x00\x00\x00\x00\x00\x00\x00\x00\x00\x00\x00\x00\x00\x00\x00\x00\x00\x00\x00\x00\x00\x00\x00\x00\x00\x06\x00\x00\x00\x0f\x00\x00\x00\x1f\x00\x00\x00\x1f\x80\x00\x00?\x80\x00\x00?\xc0\x00\x00{\xc0\x00\x00{\xe0\x00\x00\xf1\xe0\x00\x01\xf1\xf0\x00\x01\xe0\xf0\x00\x03\xe0\xf8\x00\x03\xc0\xf8\x00\x07\xc0|\x00\x07\x80|\x00\x0f\x80>\x00\x0f\x00>\x00\x1f\x00\x1f\x00\x00\x00\x00\x00\x00\x00\x00\x00\x00\x00\x00\x00\x00\x00\x00\x00\x00\x00\x00\x00\x00\x00\x00\x00\x00\x00\x00\x00\x00\x00\x00\x00\x00\x00\x00\x00\x00\x00\x00\x00\x00\x00\x00\x00\x00\x00\x00\x00\x00\x00\x00\x00\x00\x00\x00\x00\x00\x00\x00\x00\x00\x00\x00\x00\x00\x00\x00\x00\x00\x00\x00\x00\x00\x00\x00\x00\x00\x00\x00\x00\x00\x00\x00\x00\x00\x00\x00\x00\x00\x00\x00\x00\x00\x00\x00\x00\x00\x00\x00\x00\x00\x00\x00\x00\x00\x00\x00\x00\x00\x00\x00\x00\x00\x00\x00\x00\x00\x00\x00\x00\x00\x00\x00\x00\x00\x00\x00\x00\x00\x00\x00\x00\x00\x00\x00\x00\x00\x00\x00\x00\x00\x00\x00\x00\x00\x00\x00\x00\x00\x00\x00\x00\x00\x00\x00\x00\x00\x00\x00\x00\x00\x00\x00\x00\x00\x00\x00\x00\x00\x00\x00\x00\x00\x00\x00\x00\x00\x00\x00\x00\x1c',
  95:b'\x00\x00\x00\x00\x00\x00\x00\x00\x00\x00\x00\x00\x00\x00\x00\x00\x00\x00\x00\x00\x00\x00\x00\x00\x00\x00\x00\x00\x00\x00\x00\x00\x00\x00\x00\x00\x00\x00\x00\x00\x00\x00\x00\x00\x00\x00\x00\x00\x00\x00\x00\x00\x00\x00\x00\x00\x00\x00\x00\x00\x00\x00\x00\x00\x00\x00\x00\x00\x00\x00\x00\x00\x00\x00\x00\x00\x00\x00\x00\x00\x00\x00\x00\x00\x00\x00\x00\x00\x00\x00\x00\x00\x00\x00\x00\x00\x00\x00\x00\x00\x00\x00\x00\x00\x00\x00\x00\x00\x00\x00\x00\x00\x00\x00\x00\x00\x00\x00\x00\x00\x00\x00\x00\x00\x00\x00\x00\x00\x00\x00\x00\x00\x00\x00\x00\x00\x00\x00\x00\x00\x00\x00\x00\x00\x00\x00\x00\x00\x00\x00\x00\x00\x00\x00\x00\x00\x00\x00\x00\x00\x00\x00\x00\x00\x00\x00\x00\x00\x00\x00\x00\x00\x00\x00\x00\x00\x00\x00\x00\x00\x00\x00\x00\x00\x00\x00\x00\x00\x00\x00\x00\x00\xff\xff\xfc\xff\xff\xfc\xff\xff\xfc\xff\xff\xfc\x00\x00\x00\x16',
  96:b'\x00\x00\x00\x00\x00\x00\x00\x00\x00\x00\x00\x00\x00\x00\x00\x00\x00\x00\x0f\xc0\x00\x0f\xc0\x00\x07\xc0\x00\x03\xe0\x00\x03\xe0\x00\x01\xf0\x00\x00\xf0\x00\x00\xf0\x00\x00x\x00\x008\x00\x00\x00\x00\x00\x00\x00\x00\x00\x00\x00\x00\x00\x00\x00\x00\x00\x00\x00\x00\x00\x00\x00\x00\x00\x00\x00\x00\x00\x00\x00\x00\x00\x00\x00\x00\x00\x00\x00\x00\x00\x00\x00\x00\x00\x00\x00\x00\x00\x00\x00\x00\x00\x00\x00\x00\x00\x00\x00\x00\x00\x00\x00\x00\x00\x00\x00\x00\x00\x00\x00\x00\x00\x00\x00\x00\x00\x00\x00\x00\x00\x00\x00\x00\x00\x00\x00\x00\x00\x00\x00\x00\x00\x00\x00\x00\x00\x00\x00\x00\x00\x00\x00\x00\x00\x00\x00\x00\x00\x00\x00\x00\x00\x00\x00\x00\x00\x00\x00\x00\x00\x00\x00\x00\x00\x00\x00\x00\x00\x00\x00\x00\x00\x00\x00\x00\x00\x00\x00\x00\x00\x00\x00\x00\x00\x00\x00\x00\x00\x00\x00\x00\x00\x00\x00\x00\x00\x00\x00\x00\x11',
  97:b'\x00\x00\x00\x00\x00\x00\x00\x00\x00\x00\x00\x00\x00\x00\x00\x00\x00\x00\x00\x00\x00\x00\x00\x00\x00\x00\x00\x00\x00\x00\x00\x00\x00\x00\x00\x00\x00\x00\x00\x00\x00\x00\x00\x00\x00\x00\x00\x00\x00\x00\x00\x00\x00\x00\x00\x00\x00\x00\x00\x00\x00\x00\x00\x00\x00\x00\x00\x00\x00\x00\x00\x00\x00\x00\x00\x00\x00\x00\x00\x00\x00\x7f\xc0\x00\x03\xff\xf0\x00\x0f\xff\xf8\x00\x0f\xff\xfc\x00\x0f\xc0\xfc\x00\x06\x00|\x00\x00\x00>\x00\x00\x00>\x00\x00\x00>\x00\x00\x00>\x00\x00\x00>\x00\x00\x00>\x00\x00\x00>\x00\x00\x00>\x00\x00\x00>\x00\x00?\xfe\x00\x01\xff\xfe\x00\x07\xff\xfe\x00\x0f\xff\xfe\x00\x1f\xe0>\x00\x1f\x80>\x00?\x00>\x00>\x00>\x00>\x00>\x00>\x00>\x00>\x00>\x00>\x00>\x00?\x00~\x00?\x00\xfe\x00\x1f\xc1\xfe\x00\x1f\xff\xde\x00\x0f\xff\x9e\x00\x07\xff\x1e\x00\x01\xfc\x0e\x00\x00\x00\x00\x00\x00\x00\x00\x00\x00\x00\x00\x00\x00\x00\x00\x00\x00\x00\x00\x00\x00\x00\x00\x00\x00\x00\x00\x00\x00\x00\x00\x00\x00\x00\x00\x00\x00\x00\x00\x00\x00\x00\x00\x00\x00\x00\x00\x00\x00\x00\x00\x00\x00\x00\x00\x00\x00\x00\x00\x00\x1b',
  98:b'\x00\x00\x00\x00\x00\x00\x00\x00\x00\x00\x00\x00\x00\x00\x00\x00\x00\x00\x00\x00\x00\x00\x00\x00\x00\x00\x00\x00\x0f\x80\x00\x00\x0f\x80\x00\x00\x0f\x80\x00\x00\x0f\x80\x00\x00\x0f\x80\x00\x00\x0f\x80\x00\x00\x0f\x80\x00\x00\x0f\x80\x00\x00\x0f\x80\x00\x00\x0f\x80\x00\x00\x0f\x80\x00\x00\x0f\x80\x00\x00\x0f\x80\x00\x00\x0f\x87\xf0\x00\x0f\x9f\xfc\x00\x0f\xbf\xfe\x00\x0f\xff\xff\x00\x0f\xf8\x7f\x00\x0f\xe0\x1f\x80\x0f\xc0\x1f\x80\x0f\xc0\x0f\x80\x0f\x80\x0f\xc0\x0f\x80\x07\xc0\x0f\x80\x07\xc0\x0f\x80\x07\xc0\x0f\x80\x07\xc0\x0f\x80\x07\xc0\x0f\x80\x07\xe0\x0f\x80\x03\xe0\x0f\x80\x03\xe0\x0f\x80\x03\xe0\x0f\x80\x03\xe0\x0f\x80\x07\xe0\x0f\x80\x07\xc0\x0f\x80\x07\xc0\x0f\x80\x07\xc0\x0f\x80\x07\xc0\x0f\x80\x07\xc0\x0f\x80\x0f\xc0\x0f\x80\x0f\x80\x0f\x80\x0f\x80\x0f\x80\x1f\x00\x0f\x80?\x00\x0f\xc0\xfe\x00\x0f\xff\xfc\x00\x0f\xff\xf8\x00\x07\xff\xf0\x00\x00\xff\x80\x00\x00\x00\x00\x00\x00\x00\x00\x00\x00\x00\x00\x00\x00\x00\x00\x00\x00\x00\x00\x00\x00\x00\x00\x00\x00\x00\x00\x00\x00\x00\x00\x00\x00\x00\x00\x00\x00\x00\x00\x00\x00\x00\x00\x00\x00\x00\x00\x00\x00\x00\x00\x00\x00\x00\x00\x00\x1d',
  99:b'\x00\x00\x00\x00\x00\x00\x00\x00\x00\x00\x00\x00\x00\x00\x00\x00\x00\x00\x00\x00\x00\x00\x00\x00\x00\x00\x00\x00\x00\x00\x00\x00\x00\x00\x00\x00\x00\x00\x00\x00\x00\x00\x00\x00\x00\x00\x00\x00\x00\x00\x00\x00\x00\x00\x00\x00\x00\x00\x00\x00\x00\x1f\xe0\x00\x7f\xfc\x01\xff\xfc\x03\xff\xf8\x03\xf08\x07\xe0\x08\x0f\xc0\x00\x0f\x80\x00\x0f\x80\x00\x1f\x00\x00\x1f\x00\x00\x1f\x00\x00\x1f\x00\x00\x1f\x00\x00\x1f\x00\x00\x1f\x00\x00?\x00\x00?\x00\x00?\x00\x00\x1f\x00\x00\x1f\x00\x00\x1f\x00\x00\x1f\x00\x00\x1f\x00\x00\x1f\x00\x00\x1f\x80\x00\x0f\x80\x00\x0f\x80\x00\x0f\xc0\x00\x07\xe0\x08\x07\xf8<\x03\xff\xfc\x01\xff\xfc\x00\xff\xf8\x00?\xc0\x00\x00\x00\x00\x00\x00\x00\x00\x00\x00\x00\x00\x00\x00\x00\x00\x00\x00\x00\x00\x00\x00\x00\x00\x00\x00\x00\x00\x00\x00\x00\x00\x00\x00\x00\x00\x00\x00\x00\x00\x00\x00\x18',
  100:b'\x00\x00\x00\x00\x00\x00\x00\x00\x00\x00\x00\x00\x00\x00\x00\x00\x00\x00\x00\x00\x00\x00\x00\x00\x00\x00\x00\x00\x00\x00\x0f\x80\x00\x00\x0f\x80\x00\x00\x0f\x80\x00\x00\x0f\x80\x00\x00\x0f\x80\x00\x00\x0f\x80\x00\x00\x0f\x80\x00\x00\x0f\x80\x00\x00\x0f\x80\x00\x00\x0f\x80\x00\x00\x0f\x80\x00\x00\x0f\x80\x00\x00\x0f\x80\x00\x1f\xef\x80\x00\x7f\xff\x80\x01\xff\xff\x80\x03\xff\xff\x80\x03\xf0?\x80\x07\xe0\x0f\x80\x0f\xc0\x0f\x80\x0f\x80\x0f\x80\x0f\x80\x0f\x80\x1f\x00\x0f\x80\x1f\x00\x0f\x80\x1f\x00\x0f\x80\x1f\x00\x0f\x80\x1f\x00\x0f\x80\x1f\x00\x0f\x80\x1f\x00\x0f\x80?\x00\x0f\x80?\x00\x0f\x80?\x00\x0f\x80\x1f\x00\x0f\x80\x1f\x00\x0f\x80\x1f\x00\x0f\x80\x1f\x00\x0f\x80\x1f\x00\x0f\x80\x1f\x00\x0f\x80\x1f\x00\x0f\x80\x1f\x80\x0f\x80\x0f\x80\x1f\x80\x0f\xc0\x1f\x80\x0f\xc0?\x80\x07\xf0\x7f\x80\x03\xff\xf3\x80\x03\xff\xe3\x80\x00\xff\xc3\xc0\x00?\x00\x00\x00\x00\x00\x00\x00\x00\x00\x00\x00\x00\x00\x00\x00\x00\x00\x00\x00\x00\x00\x00\x00\x00\x00\x00\x00\x00\x00\x00\x00\x00\x00\x00\x00\x00\x00\x00\x00\x00\x00\x00\x00\x00\x00\x00\x00\x00\x00\x00\x00\x00\x00\x00\x00\x00\x00\x00\x1d',
  101:b'\x00\x00\x00\x00\x00\x00\x00\x00\x00\x00\x00\x00\x00\x00\x00\x00\x00\x00\x00\x00\x00\x00\x00\x00\x00\x00\x00\x00\x00\x00\x00\x00\x00\x00\x00\x00\x00\x00\x00\x00\x00\x00\x00\x00\x00\x00\x00\x00\x00\x00\x00\x00\x00\x00\x00\x00\x00\x00\x00\x00\x00\x00\x00\x00\x00\x00\x00\x00\x00\x00\x00\x00\x00\x00\x00\x00\x00\x00\x00\x00\x00\x1f\xc0\x00\x00\x7f\xf8\x00\x01\xff\xfc\x00\x03\xff\xfe\x00\x03\xf0~\x00\x07\xe0?\x00\x0f\xc0\x1f\x00\x0f\x80\x1f\x00\x0f\x80\x0f\x80\x1f\x00\x0f\x80\x1f\x00\x0f\x80\x1f\x00\x0f\x80\x1f\x00\x0f\x80\x1f\x00\x0f\x80\x1f\xff\xff\x80\x1f\xff\xff\x80?\xff\xff\x80?\xff\xff\x80?\x00\x00\x00\x1f\x00\x00\x00\x1f\x00\x00\x00\x1f\x00\x00\x00\x1f\x00\x00\x00\x1f\x00\x00\x00\x1f\x00\x00\x00\x1f\x80\x00\x00\x0f\x80\x00\x00\x0f\x80\x00\x00\x0f\xc0\x04\x00\x07\xe0\x06\x00\x03\xf8\x1e\x00\x03\xff\xff\x00\x01\xff\xfe\x00\x00\x7f\xfc\x00\x00\x1f\xe0\x00\x00\x00\x00\x00\x00\x00\x00\x00\x00\x00\x00\x00\x00\x00\x00\x00\x00\x00\x00\x00\x00\x00\x00\x00\x00\x00\x00\x00\x00\x00\x00\x00\x00\x00\x00\x00\x00\x00\x00\x00\x00\x00\x00\x00\x00\x00\x00\x00\x00\x00\x00\x00\x00\x00\x00\x00\x1c',
  102:b'\x00\x00\x00\x00\x00\x00\x00\x00\x00\x00\x00\x00\x00\x00\x00\x00\x00\x00\x00\x00\x00\x00?\xc0\x00\xff\xe0\x01\xff\xe0\x03\xff\xc0\x03\xf0@\x03\xe0\x00\x03\xc0\x00\x07\xc0\x00\x07\xc0\x00\x07\xc0\x00\x07\xc0\x00\x07\xc0\x00\x07\xc0\x00\x7f\xff\x80\x7f\xff\x80\x7f\xff\x80\x7f\xff\x80\x07\xc0\x00\x07\xc0\x00\x07\xc0\x00\x07\xc0\x00\x07\xc0\x00\x07\xc0\x00\x07\xc0\x00\x07\xc0\x00\x07\xc0\x00\x07\xc0\x00\x07\xc0\x00\x07\xc0\x00\x07\xc0\x00\x07\xc0\x00\x07\xc0\x00\x07\xc0\x00\x07\xc0\x00\x07\xc0\x00\x07\xc0\x00\x07\xc0\x00\x07\xc0\x00\x07\xc0\x00\x07\xc0\x00\x07\xc0\x00\x07\xc0\x00\x07\xc0\x00\x07\xc0\x00\x07\xc0\x00\x07\xc0\x00\x07\xc0\x00\x00\x00\x00\x00\x00\x00\x00\x00\x00\x00\x00\x00\x00\x00\x00\x00\x00\x00\x00\x00\x00\x00\x00\x00\x00\x00\x00\x00\x00\x00\x00\x00\x00\x00\x00\x00\x00\x00\x00\x00\x00\x00\x00\x00\x00\x12',
  103:b'\x00\x00\x00\x00\x00\x00\x00\x00\x00\x00\x00\x00\x00\x00\x00\x00\x00\x00\x00\x00\x00\x00\x00\x00\x00\x00\x00\x00\x00\x00\x00\x00\x00\x00\x00\x00\x00\x00\x00\x00\x00\x00\x00\x00\x00\x00\x00\x00\x00\x00\x00\x00\x00\x00\x00\x00\x00\x00\x00\x00\x00\x00\x00\x00\x00\x00\x00\x00\x00\x00\x00\x00\x00\x00\x00\x00\x00\x00\x00\x00\x00\x0f\xf0\x00\x00\x7f\xff\x00\x00\xff\xff\x80\x01\xff\xff\x80\x03\xf8\x1f\x80\x07\xe0\x0f\x80\x07\xc0\x0f\x80\x0f\x80\x0f\x80\x0f\x80\x0f\x80\x1f\x00\x0f\x80\x1f\x00\x0f\x80\x1f\x00\x0f\x80\x1f\x00\x0f\x80\x1f\x00\x0f\x80\x1f\x00\x0f\x80\x1f\x00\x0f\x80?\x00\x0f\x80?\x00\x0f\x80?\x00\x0f\x80?\x00\x0f\x80\x1f\x00\x0f\x80\x1f\x00\x0f\x80\x1f\x00\x0f\x80\x1f\x00\x0f\x80\x1f\x00\x0f\x80\x1f\x00\x0f\x80\x1f\x80\x0f\x80\x0f\x80\x0f\x80\x0f\xc0\x1f\x80\x0f\xc0?\x80\x07\xf0\x7f\x80\x07\xff\xff\x80\x03\xff\xef\x80\x00\xff\xcf\x80\x00?\x0f\x80\x00\x00\x0f\x80\x00\x00\x0f\x80\x00\x00\x0f\x80\x00\x00\x0f\x80\x00\x00\x0f\x80\x00\x00\x1f\x00\x00\x00\x1f\x00\x02\x00?\x00\x03\xc0\xfe\x00\x07\xff\xfe\x00\x07\xff\xfc\x00\x03\xff\xf0\x00\x00\xff\xc0\x00\x00\x00\x00\x00\x1d',
  104:b'\x00\x00\x00\x00\x00\x00\x00\x00\x00\x00\x00\x00\x00\x00\x00\x00\x00\x00\x00\x00\x00\x00\x00\x00\x00\x00\x00\x00\x0f\x80\x00\x00\x0f\x80\x00\x00\x0f\x80\x00\x00\x0f\x80\x00\x00\x0f\x80\x00\x00\x0f\x80\x00\x00\x0f\x80\x00\x00\x0f\x80\x00\x00\x0f\x80\x00\x00\x0f\x80\x00\x00\x0f\x80\x00\x00\x0f\x80\x00\x00\x0f\x80\x00\x00\x0f\x83\xf8\x00\x0f\x8f\xfe\x00\x0f\xbf\xff\x00\x0f\xff\xff\x00\x0f\xf8?\x80\x0f\xf0\x1f\x80\x0f\xe0\x0f\x80\x0f\xc0\x0f\xc0\x0f\x80\x07\xc0\x0f\x80\x07\xc0\x0f\x80\x07\xc0\x0f\x80\x07\xc0\x0f\x80\x07\xc0\x0f\x80\x07\xc0\x0f\x80\x07\xc0\x0f\x80\x07\xc0\x0f\x80\x07\xc0\x0f\x80\x07\xc0\x0f\x80\x07\xc0\x0f\x80\x07\xc0\x0f\x80\x07\xc0\x0f\x80\x07\xc0\x0f\x80\x07\xc0\x0f\x80\x07\xc0\x0f\x80\x07\xc0\x0f\x80\x07\xc0\x0f\x80\x07\xc0\x0f\x80\x07\xc0\x0f\x80\x07\xc0\x0f\x80\x07\xc0\x0f\x80\x07\xc0\x0f\x80\x07\xc0\x0f\x80\x07\xc0\x0f\x80\x07\xc0\x00\x00\x00\x00\x00\x00\x00\x00\x00\x00\x00\x00\x00\x00\x00\x00\x00\x00\x00\x00\x00\x00\x00\x00\x00\x00\x00\x00\x00\x00\x00\x00\x00\x00\x00\x00\x00\x00\x00\x00\x00\x00\x00\x00\x00\x00\x00\x00\x00\x00\x00\x00\x00\x00\x00\x00\x00\x00\x00\x00\x1d',
  105:b'\x00\x00\x00\x00\x00\x00\x00\x00\x00\x00\x00\x00\x00\x00\x07\x80\x0f\xc0\x0f\xc0\x0f\xe0\x0f\xe0\x0f\xc0\x07\x80\x00\x00\x00\x00\x00\x00\x00\x00\x00\x00\x00\x00\x07\xc0\x07\xc0\x07\xc0\x07\xc0\x07\xc0\x07\xc0\x07\xc0\x07\xc0\x07\xc0\x07\xc0\x07\xc0\x07\xc0\x07\xc0\x07\xc0\x07\xc0\x07\xc0\x07\xc0\x07\xc0\x07\xc0\x07\xc0\x07\xc0\x07\xc0\x07\xc0\x07\xc0\x07\xc0\x07\xc0\x07\xc0\x07\xc0\x07\xc0\x07\xc0\x07\xc0\x07\xc0\x07\xc0\x07\xc0\x00\x00\x00\x00\x00\x00\x00\x00\x00\x00\x00\x00\x00\x00\x00\x00\x00\x00\x00\x00\x00\x00\x00\x00\x00\x00\x00\x00\x00\x00\x0f',
  106:b'\x00\x00\x00\x00\x00\x00\x00\x00\x00\x00\x00\x00\x00\x00\x00\x00\x07\x80\x0f\xc0\x0f\xc0\x0f\xe0\x0f\xe0\x0f\xc0\x07\x80\x00\x00\x00\x00\x00\x00\x00\x00\x00\x00\x00\x00\x07\xc0\x07\xc0\x07\xc0\x07\xc0\x07\xc0\x07\xc0\x07\xc0\x07\xc0\x07\xc0\x07\xc0\x07\xc0\x07\xc0\x07\xc0\x07\xc0\x07\xc0\x07\xc0\x07\xc0\x07\xc0\x07\xc0\x07\xc0\x07\xc0\x07\xc0\x07\xc0\x07\xc0\x07\xc0\x07\xc0\x07\xc0\x07\xc0\x07\xc0\x07\xc0\x07\xc0\x07\xc0\x07\xc0\x07\xc0\x07\xc0\x07\xc0\x07\xc0\x07\xc0\x07\xc0\x07\x80\x0f\x80\x0f\x80\x1f\x80?\x80\xff\x00\xff\x00\xfe\x00\xf8\x00\x0e',
  107:b'\x00\x00\x00\x00\x00\x00\x00\x00\x00\x00\x00\x00\x00\x00\x00\x00\x00\x00\x00\x00\x00\x00\x00\x00\x00\x00\x00\x00\x0f\x80\x00\x00\x0f\x80\x00\x00\x0f\x80\x00\x00\x0f\x80\x00\x00\x0f\x80\x00\x00\x0f\x80\x00\x00\x0f\x80\x00\x00\x0f\x80\x00\x00\x0f\x80\x00\x00\x0f\x80\x00\x00\x0f\x80\x00\x00\x0f\x80\x00\x00\x0f\x80\x00\x00\x0f\x80\x1f\x00\x0f\x80?\x00\x0f\x80~\x00\x0f\x80|\x00\x0f\x80\xfc\x00\x0f\x80\xf8\x00\x0f\x81\xf8\x00\x0f\x81\xf0\x00\x0f\x83\xf0\x00\x0f\x83\xe0\x00\x0f\x87\xc0\x00\x0f\x87\xc0\x00\x0f\x8f\x80\x00\x0f\x9f\x80\x00\x0f\x9f\x00\x00\x0f\xfe\x00\x00\x0f\xfe\x00\x00\x0f\xff\x00\x00\x0f\xff\x80\x00\x0f\x8f\x80\x00\x0f\x8f\xc0\x00\x0f\x87\xe0\x00\x0f\x87\xe0\x00\x0f\x83\xf0\x00\x0f\x83\xf0\x00\x0f\x81\xf8\x00\x0f\x80\xf8\x00\x0f\x80\xfc\x00\x0f\x80|\x00\x0f\x80~\x00\x0f\x80?\x00\x0f\x80?\x00\x0f\x80\x1f\x80\x0f\x80\x1f\xc0\x00\x00\x00\x00\x00\x00\x00\x00\x00\x00\x00\x00\x00\x00\x00\x00\x00\x00\x00\x00\x00\x00\x00\x00\x00\x00\x00\x00\x00\x00\x00\x00\x00\x00\x00\x00\x00\x00\x00\x00\x00\x00\x00\x00\x00\x00\x00\x00\x00\x00\x00\x00\x00\x00\x00\x00\x00\x00\x00\x00\x1a',
  108:b'\x00\x00\x00\x00\x00\x00\x00\x00\x00\x00\x00\x00\x00\x00\x0f\x80\x0f\x80\x0f\x80\x0f\x80\x0f\x80\x0f\x80\x0f\x80\x0f\x80\x0f\x80\x0f\x80\x0f\x80\x0f\x80\x0f\x80\x0f\x80\x0f\x80\x0f\x80\x0f\x80\x0f\x80\x0f\x80\x0f\x80\x0f\x80\x0f\x80\x0f\x80\x0f\x80\x0f\x80\x0f\x80\x0f\x80\x0f\x80\x0f\x80\x0f\x80\x0f\x80\x0f\x80\x0f\x80\x0f\x80\x0f\x80\x0f\x80\x0f\x80\x0f\x80\x0f\x80\x0f\x80\x0f\x80\x0f\x80\x0f\xc0\x0f\xc2\x07\xfe\x07\xfe\x03\xfe\x01\xfc\x00\x00\x00\x00\x00\x00\x00\x00\x00\x00\x00\x00\x00\x00\x00\x00\x00\x00\x00\x00\x00\x00\x00\x00\x00\x00\x00\x00\x10',
  109:b'\x00\x00\x00\x00\x00\x00\x00\x00\x00\x00\x00\x00\x00\x00\x00\x00\x00\x00\x00\x00\x00\x00\x00\x00\x00\x00\x00\x00\x00\x00\x00\x00\x00\x00\x00\x00\x00\x00\x00\x00\x00\x00\x00\x00\x00\x00\x00\x00\x00\x00\x00\x00\x00\x00\x00\x00\x00\x00\x00\x00\x00\x00\x00\x00\x00\x00\x00\x00\x00\x00\x00\x00\x00\x00\x00\x00\x00\x00\x00\x00\x00\x00\x00\x00\x00\x00\x00\x00\x00\x00\x00\x00\x00\x00\x00\x00\x00\x00\x00\x00\x00\x00\x00\x00\x00\x00\x00\x00\x00\x00\x00\x00\x00\x00\x00\x00\x00\x00\x00\x00\x0e\x07\xf0\x07\xf0\x00\x0f\x1f\xf8\x1f\xf8\x00\x0f?\xfc\x7f\xfc\x00\x0f\x7f\xfe\xff\xfe\x00\x0f\xf8~\xf0~\x00\x0f\xe0?\xe0>\x00\x0f\xc0\x1f\xc0\x1f\x00\x0f\xc0\x1f\x80\x1f\x00\x0f\x80\x1f\x80\x1f\x00\x0f\x80\x1f\x80\x1f\x00\x0f\x80\x0f\x00\x1f\x00\x0f\x80\x0f\x00\x1f\x00\x0f\x80\x0f\x00\x1f\x00\x0f\x80\x0f\x00\x1f\x00\x0f\x80\x0f\x00\x1f\x00\x0f\x80\x0f\x00\x1f\x00\x0f\x80\x0f\x00\x1f\x00\x0f\x80\x0f\x00\x1f\x00\x0f\x80\x0f\x00\x1f\x00\x0f\x80\x0f\x00\x1f\x00\x0f\x80\x0f\x00\x1f\x00\x0f\x80\x0f\x00\x1f\x00\x0f\x80\x0f\x00\x1f\x00\x0f\x80\x0f\x00\x1f\x00\x0f\x80\x0f\x00\x1f\x00\x0f\x80\x0f\x00\x1f\x00\x0f\x80\x0f\x00\x1f\x00\x0f\x80\x0f\x00\x1f\x00\x0f\x80\x0f\x00\x1f\x00\x0f\x80\x0f\x00\x1f\x00\x0f\x80\x0f\x00\x1f\x00\x0f\x80\x0f\x00\x1f\x00\x0f\x80\x0f\x00\x1f\x00\x0f\x80\x0f\x00\x1f\x00\x00\x00\x00\x00\x00\x00\x00\x00\x00\x00\x00\x00\x00\x00\x00\x00\x00\x00\x00\x00\x00\x00\x00\x00\x00\x00\x00\x00\x00\x00\x00\x00\x00\x00\x00\x00\x00\x00\x00\x00\x00\x00\x00\x00\x00\x00\x00\x00\x00\x00\x00\x00\x00\x00\x00\x00\x00\x00\x00\x00\x00\x00\x00\x00\x00\x00\x00\x00\x00\x00\x00\x00\x00\x00\x00\x00\x00\x00\x00\x00\x00\x00\x00\x00\x00\x00\x00\x00\x00\x00,',
  110:b'\x00\x00\x00\x00\x00\x00\x00\x00\x00\x00\x00\x00\x00\x00\x00\x00\x00\x00\x00\x00\x00\x00\x00\x00\x00\x00\x00\x00\x00\x00\x00\x00\x00\x00\x00\x00\x00\x00\x00\x00\x00\x00\x00\x00\x00\x00\x00\x00\x00\x00\x00\x00\x00\x00\x00\x00\x00\x00\x00\x00\x00\x00\x00\x00\x00\x00\x00\x00\x00\x00\x00\x00\x00\x00\x00\x00\x00\x00\x00\x00\x0f\x03\xf8\x00\x0f\x0f\xfe\x00\x0f?\xff\x00\x0f\x7f\xff\x00\x0f\xf8?\x80\x0f\xe0\x1f\x80\x0f\xc0\x0f\x80\x0f\xc0\x0f\xc0\x0f\x80\x07\xc0\x0f\x80\x07\xc0\x0f\x80\x07\xc0\x0f\x80\x07\xc0\x0f\x80\x07\xc0\x0f\x80\x07\xc0\x0f\x80\x07\xc0\x0f\x80\x07\xc0\x0f\x80\x07\xc0\x0f\x80\x07\xc0\x0f\x80\x07\xc0\x0f\x80\x07\xc0\x0f\x80\x07\xc0\x0f\x80\x07\xc0\x0f\x80\x07\xc0\x0f\x80\x07\xc0\x0f\x80\x07\xc0\x0f\x80\x07\xc0\x0f\x80\x07\xc0\x0f\x80\x07\xc0\x0f\x80\x07\xc0\x0f\x80\x07\xc0\x0f\x80\x07\xc0\x0f\x80\x07\xc0\x0f\x80\x07\xc0\x0f\x80\x07\xc0\x00\x00\x00\x00\x00\x00\x00\x00\x00\x00\x00\x00\x00\x00\x00\x00\x00\x00\x00\x00\x00\x00\x00\x00\x00\x00\x00\x00\x00\x00\x00\x00\x00\x00\x00\x00\x00\x00\x00\x00\x00\x00\x00\x00\x00\x00\x00\x00\x00\x00\x00\x00\x00\x00\x00\x00\x00\x00\x00\x00\x1d',
  111:b'\x00\x00\x00\x00\x00\x00\x00\x00\x00\x00\x00\x00\x00\x00\x00\x00\x00\x00\x00\x00\x00\x00\x00\x00\x00\x00\x00\x00\x00\x00\x00\x00\x00\x00\x00\x00\x00\x00\x00\x00\x00\x00\x00\x00\x00\x00\x00\x00\x00\x00\x00\x00\x00\x00\x00\x00\x00\x00\x00\x00\x00\x00\x00\x00\x00\x00\x00\x00\x00\x00\x00\x00\x00\x00\x00\x00\x00\x00\x00\x00\x00\x1f\xc0\x00\x00\x7f\xf8\x00\x01\xff\xfc\x00\x03\xff\xfe\x00\x07\xf0\x7f\x00\x07\xe0?\x00\x0f\xc0\x1f\x80\x0f\x80\x0f\x80\x0f\x80\x0f\x80\x1f\x00\x0f\xc0\x1f\x00\x07\xc0\x1f\x00\x07\xc0\x1f\x00\x07\xc0\x1f\x00\x07\xc0\x1f\x00\x07\xc0\x1f\x00\x07\xc0?\x00\x07\xc0?\x00\x07\xc0?\x00\x07\xc0\x1f\x00\x07\xc0\x1f\x00\x07\xc0\x1f\x00\x07\xc0\x1f\x00\x07\xc0\x1f\x00\x07\xc0\x1f\x00\x07\xc0\x1f\x00\x07\xc0\x0f\x80\x0f\x80\x0f\x80\x0f\x80\x0f\xc0\x1f\x80\x07\xe0?\x00\x07\xf0\x7f\x00\x03\xff\xfe\x00\x01\xff\xfc\x00\x00\xff\xf0\x00\x00\x1f\xc0\x00\x00\x00\x00\x00\x00\x00\x00\x00\x00\x00\x00\x00\x00\x00\x00\x00\x00\x00\x00\x00\x00\x00\x00\x00\x00\x00\x00\x00\x00\x00\x00\x00\x00\x00\x00\x00\x00\x00\x00\x00\x00\x00\x00\x00\x00\x00\x00\x00\x00\x00\x00\x00\x00\x00\x00\x00\x1d',
  112:b'\x00\x00\x00\x00\x00\x00\x00\x00\x00\x00\x00\x00\x00\x00\x00\x00\x00\x00\x00\x00\x00\x00\x00\x00\x00\x00\x00\x00\x00\x00\x00\x00\x00\x00\x00\x00\x00\x00\x00\x00\x00\x00\x00\x00\x00\x00\x00\x00\x00\x00\x00\x00\x00\x00\x00\x00\x00\x00\x00\x00\x00\x00\x00\x00\x00\x00\x00\x00\x00\x00\x00\x00\x00\x00\x00\x00\x00\x00\x00\x00\x0e\x07\xf0\x00\x0f\x1f\xfc\x00\x0f?\xfe\x00\x0f\x7f\xff\x00\x0f\xf8\x7f\x00\x0f\xe0\x1f\x80\x0f\xc0\x0f\x80\x0f\xc0\x0f\xc0\x0f\x80\x07\xc0\x0f\x80\x07\xc0\x0f\x80\x07\xc0\x0f\x80\x07\xc0\x0f\x80\x07\xe0\x0f\x80\x03\xe0\x0f\x80\x03\xe0\x0f\x80\x03\xe0\x0f\x80\x03\xe0\x0f\x80\x03\xe0\x0f\x80\x03\xe0\x0f\x80\x03\xe0\x0f\x80\x07\xe0\x0f\x80\x07\xc0\x0f\x80\x07\xc0\x0f\x80\x07\xc0\x0f\x80\x07\xc0\x0f\x80\x0f\xc0\x0f\x80\x0f\x80\x0f\x80\x1f\x80\x0f\x80\x1f\x00\x0f\x80?\x00\x0f\xe0\xfe\x00\x0f\xff\xfc\x00\x0f\xff\xf8\x00\x0f\xff\xf0\x00\x0f\xbf\xc0\x00\x0f\x80\x00\x00\x0f\x80\x00\x00\x0f\x80\x00\x00\x0f\x80\x00\x00\x0f\x80\x00\x00\x0f\x80\x00\x00\x0f\x80\x00\x00\x0f\x80\x00\x00\x0f\x80\x00\x00\x0f\x80\x00\x00\x0f\x80\x00\x00\x0f\x80\x00\x00\x00\x00\x00\x00\x00\x00\x00\x00\x1d',
  113:b'\x00\x00\x00\x00\x00\x00\x00\x00\x00\x00\x00\x00\x00\x00\x00\x00\x00\x00\x00\x00\x00\x00\x00\x00\x00\x00\x00\x00\x00\x00\x00\x00\x00\x00\x00\x00\x00\x00\x00\x00\x00\x00\x00\x00\x00\x00\x00\x00\x00\x00\x00\x00\x00\x00\x00\x00\x00\x00\x00\x00\x00\x00\x00\x00\x00\x00\x00\x00\x00\x00\x00\x00\x00\x00\x00\x00\x00\x00\x00\x00\x00\x0f\xf0\x00\x00\x7f\xff\x00\x00\xff\xff\x80\x01\xff\xff\x80\x03\xf8\x1f\x80\x07\xe0\x0f\x80\x07\xc0\x0f\x80\x0f\x80\x0f\x80\x0f\x80\x0f\x80\x1f\x00\x0f\x80\x1f\x00\x0f\x80\x1f\x00\x0f\x80\x1f\x00\x0f\x80\x1f\x00\x0f\x80\x1f\x00\x0f\x80\x1f\x00\x0f\x80?\x00\x0f\x80?\x00\x0f\x80?\x00\x0f\x80\x1f\x00\x0f\x80\x1f\x00\x0f\x80\x1f\x00\x0f\x80\x1f\x00\x0f\x80\x1f\x00\x0f\x80\x1f\x00\x0f\x80\x1f\x00\x0f\x80\x1f\x80\x0f\x80\x0f\x80\x1f\x80\x0f\xc0\x1f\x80\x0f\xc0?\x80\x07\xf0\x7f\x80\x03\xff\xff\x80\x03\xff\xef\x80\x00\xff\xcf\x80\x00?\x0f\x80\x00\x00\x0f\x80\x00\x00\x0f\x80\x00\x00\x0f\x80\x00\x00\x0f\x80\x00\x00\x0f\x80\x00\x00\x0f\x80\x00\x00\x0f\x80\x00\x00\x0f\x80\x00\x00\x0f\x80\x00\x00\x0f\x80\x00\x00\x0f\x80\x00\x00\x0f\x80\x00\x00\x00\x00\x00\x00\x00\x00\x1d',
  114:b'\x00\x00\x00\x00\x00\x00\x00\x00\x00\x00\x00\x00\x00\x00\x00\x00\x00\x00\x00\x00\x00\x00\x00\x00\x00\x00\x00\x00\x00\x00\x00\x00\x00\x00\x00\x00\x00\x00\x00\x00\x00\x00\x00\x00\x00\x00\x00\x00\x00\x00\x00\x00\x00\x00\x00\x00\x00\x00\x00\x00\x0e\x0f\xc0\x0f?\xc0\x0f\x7f\xc0\x0f\x7f\x80\x0f\xff\x80\x0f\xf0\x80\x0f\xc0\x00\x0f\xc0\x00\x0f\x80\x00\x0f\x80\x00\x0f\x80\x00\x0f\x80\x00\x0f\x80\x00\x0f\x80\x00\x0f\x80\x00\x0f\x80\x00\x0f\x80\x00\x0f\x80\x00\x0f\x80\x00\x0f\x80\x00\x0f\x80\x00\x0f\x80\x00\x0f\x80\x00\x0f\x80\x00\x0f\x80\x00\x0f\x80\x00\x0f\x80\x00\x0f\x80\x00\x0f\x80\x00\x0f\x80\x00\x0f\x80\x00\x0f\x80\x00\x0f\x80\x00\x0f\x80\x00\x00\x00\x00\x00\x00\x00\x00\x00\x00\x00\x00\x00\x00\x00\x00\x00\x00\x00\x00\x00\x00\x00\x00\x00\x00\x00\x00\x00\x00\x00\x00\x00\x00\x00\x00\x00\x00\x00\x00\x00\x00\x00\x00\x00\x00\x12',
  115:b'\x00\x00\x00\x00\x00\x00\x00\x00\x00\x00\x00\x00\x00\x00\x00\x00\x00\x00\x00\x00\x00\x00\x00\x00\x00\x00\x00\x00\x00\x00\x00\x00\x00\x00\x00\x00\x00\x00\x00\x00\x00\x00\x00\x00\x00\x00\x00\x00\x00\x00\x00\x00\x00\x00\x00\x00\x00\x00\x00\x00\x00\xff\x00\x03\xff\xe0\x07\xff\xf0\x0f\xff\xe0\x0f\xc0\xe0\x1f\x00 \x1f\x00\x00\x1f\x00\x00\x1f\x00\x00\x1f\x00\x00\x1f\x00\x00\x1f\x80\x00\x1f\xc0\x00\x0f\xe0\x00\x07\xf8\x00\x07\xfc\x00\x03\xff\x00\x00\xff\x80\x00\x7f\xc0\x00\x1f\xe0\x00\x0f\xe0\x00\x03\xf0\x00\x03\xf0\x00\x01\xf0\x00\x01\xf0\x00\x00\xf0\x00\x00\xf8\x00\x00\xf0\x00\x01\xf0\x18\x01\xf0\x1e\x07\xe0?\xff\xe0?\xff\xc0\x1f\xff\x80\x03\xfc\x00\x00\x00\x00\x00\x00\x00\x00\x00\x00\x00\x00\x00\x00\x00\x00\x00\x00\x00\x00\x00\x00\x00\x00\x00\x00\x00\x00\x00\x00\x00\x00\x00\x00\x00\x00\x00\x00\x00\x00\x00\x00\x00\x17',
  116:b'\x00\x00\x00\x00\x00\x00\x00\x00\x00\x00\x00\x00\x00\x00\x00\x00\x00\x00\x00\x00\x00\x00\x00\x00\x00\x00\x00\x00\x00\x00\x00\x00\x00\x00\x00\x00\x00\xc0\x00\x07\xc0\x00\x07\xc0\x00\x07\xc0\x00\x07\xc0\x00\x07\xc0\x00\x07\xc0\x00\x07\xc0\x00\x7f\xff\x80\x7f\xff\x80\x7f\xff\x80\x7f\xff\x80\x07\xc0\x00\x07\xc0\x00\x07\xc0\x00\x07\xc0\x00\x07\xc0\x00\x07\xc0\x00\x07\xc0\x00\x07\xc0\x00\x07\xc0\x00\x07\xc0\x00\x07\xc0\x00\x07\xc0\x00\x07\xc0\x00\x07\xc0\x00\x07\xc0\x00\x07\xc0\x00\x07\xc0\x00\x07\xc0\x00\x07\xc0\x00\x07\xc0\x00\x07\xc0\x00\x07\xc0\x00\x07\xc0\x00\x07\xc0\x00\x07\xc0\x00\x07\xc0\x00\x07\xe1\x80\x03\xff\x80\x03\xff\xc0\x01\xff\xc0\x00\xfe\x00\x00\x00\x00\x00\x00\x00\x00\x00\x00\x00\x00\x00\x00\x00\x00\x00\x00\x00\x00\x00\x00\x00\x00\x00\x00\x00\x00\x00\x00\x00\x00\x00\x00\x00\x00\x00\x00\x00\x00\x00\x00\x00\x12',
  117:b'\x00\x00\x00\x00\x00\x00\x00\x00\x00\x00\x00\x00\x00\x00\x00\x00\x00\x00\x00\x00\x00\x00\x00\x00\x00\x00\x00\x00\x00\x00\x00\x00\x00\x00\x00\x00\x00\x00\x00\x00\x00\x00\x00\x00\x00\x00\x00\x00\x00\x00\x00\x00\x00\x00\x00\x00\x00\x00\x00\x00\x00\x00\x00\x00\x00\x00\x00\x00\x00\x00\x00\x00\x00\x00\x00\x00\x00\x00\x00\x00\x1f\x00\x0f\x80\x1f\x00\x0f\x80\x1f\x00\x0f\x80\x1f\x00\x0f\x80\x1f\x00\x0f\x80\x1f\x00\x0f\x80\x1f\x00\x0f\x80\x1f\x00\x0f\x80\x1f\x00\x0f\x80\x1f\x00\x0f\x80\x1f\x00\x0f\x80\x1f\x00\x0f\x80\x1f\x00\x0f\x80\x1f\x00\x0f\x80\x1f\x00\x0f\x80\x1f\x00\x0f\x80\x1f\x00\x0f\x80\x1f\x00\x0f\x80\x1f\x00\x0f\x80\x1f\x00\x0f\x80\x1f\x00\x0f\x80\x1f\x00\x0f\x80\x1f\x00\x0f\x80\x1f\x00\x0f\x80\x0f\x00\x0f\x80\x0f\x80\x0f\x80\x0f\x80\x1f\x80\x0f\x80\x1f\x80\x0f\x80?\x80\x0f\xc0\x7f\x80\x07\xe1\xf7\x80\x07\xff\xf3\x80\x03\xff\xe3\x80\x01\xff\x83\xc0\x00~\x00\x00\x00\x00\x00\x00\x00\x00\x00\x00\x00\x00\x00\x00\x00\x00\x00\x00\x00\x00\x00\x00\x00\x00\x00\x00\x00\x00\x00\x00\x00\x00\x00\x00\x00\x00\x00\x00\x00\x00\x00\x00\x00\x00\x00\x00\x00\x00\x00\x00\x00\x00\x00\x00\x00\x00\x00\x00\x1d',
  118:b'\x00\x00\x00\x00\x00\x00\x00\x00\x00\x00\x00\x00\x00\x00\x00\x00\x00\x00\x00\x00\x00\x00\x00\x00\x00\x00\x00\x00\x00\x00\x00\x00\x00\x00\x00\x00\x00\x00\x00\x00\x00\x00\x00\x00\x00\x00\x00\x00\x00\x00\x00\x00\x00\x00\x00\x00\x00\x00\x00\x00\x00\x00\x00\x00\x00\x00\x00\x00\x00\x00\x00\x00\x00\x00\x00\x00\x00\x00\x00\x00\xfc\x00\x0f\xc0|\x00\x0f\x80~\x00\x0f\x80~\x00\x0f\x80>\x00\x1f\x00>\x00\x1f\x00?\x00\x1f\x00\x1f\x00>\x00\x1f\x00>\x00\x1f\x80>\x00\x0f\x80<\x00\x0f\x80|\x00\x0f\xc0|\x00\x07\xc0x\x00\x07\xc0\xf8\x00\x07\xe0\xf8\x00\x03\xe0\xf0\x00\x03\xe1\xf0\x00\x03\xf1\xf0\x00\x01\xf1\xe0\x00\x01\xf1\xe0\x00\x01\xf3\xe0\x00\x00\xfb\xc0\x00\x00\xfb\xc0\x00\x00\xfb\xc0\x00\x00{\x80\x00\x00{\x80\x00\x00\x7f\x80\x00\x00?\x00\x00\x00?\x00\x00\x00?\x00\x00\x00\x1e\x00\x00\x00\x1e\x00\x00\x00\x1e\x00\x00\x00\x0c\x00\x00\x00\x00\x00\x00\x00\x00\x00\x00\x00\x00\x00\x00\x00\x00\x00\x00\x00\x00\x00\x00\x00\x00\x00\x00\x00\x00\x00\x00\x00\x00\x00\x00\x00\x00\x00\x00\x00\x00\x00\x00\x00\x00\x00\x00\x00\x00\x00\x00\x00\x00\x00\x00\x00\x00\x00\x00\x1a',
  119:b'\x00\x00\x00\x00\x00\x00\x00\x00\x00\x00\x00\x00\x00\x00\x00\x00\x00\x00\x00\x00\x00\x00\x00\x00\x00\x00\x00\x00\x00\x00\x00\x00\x00\x00\x00\x00\x00\x00\x00\x00\x00\x00\x00\x00\x00\x00\x00\x00\x00\x00\x00\x00\x00\x00\x00\x00\x00\x00\x00\x00\x00\x00\x00\x00\x00\x00\x00\x00\x00\x00\x00\x00\x00\x00\x00\x00\x00\x00\x00\x00\x00\x00\x00\x00\x00\x00\x00\x00\x00\x00\x00\x00\x00\x00\x00\x00\x00\x00\x00\x00\xfc\x00<\x00\x1e|\x00<\x00>|\x00>\x00>|\x00~\x00<>\x00~\x00<>\x00~\x00|>\x00\xff\x00|>\x00\xff\x00x\x1f\x00\xff\x00x\x1f\x00\xef\x80x\x1f\x01\xe7\x80\xf8\x1f\x01\xe7\x80\xf0\x0f\x81\xe7\xc0\xf0\x0f\x81\xe7\xc0\xf0\x0f\x83\xc7\xc1\xf0\x0f\xc3\xc3\xc1\xe0\x07\xc3\xc3\xe1\xe0\x07\xc7\x83\xe1\xe0\x07\xc7\x81\xe3\xe0\x07\xe7\x81\xf3\xc0\x03\xe7\x81\xf3\xc0\x03\xef\x00\xf3\xc0\x03\xef\x00\xf3\xc0\x01\xef\x00\xf3\x80\x01\xee\x00\xff\x80\x01\xee\x00\x7f\x80\x01\xee\x00\x7f\x80\x00\xfc\x00\x7f\x00\x00\xfc\x00?\x00\x00\xfc\x00?\x00\x00\xfc\x00?\x00\x00x\x00\x1e\x00\x00x\x00\x1e\x00\x00x\x00\x1e\x00\x00p\x00\x1c\x00\x00\x00\x00\x00\x00\x00\x00\x00\x00\x00\x00\x00\x00\x00\x00\x00\x00\x00\x00\x00\x00\x00\x00\x00\x00\x00\x00\x00\x00\x00\x00\x00\x00\x00\x00\x00\x00\x00\x00\x00\x00\x00\x00\x00\x00\x00\x00\x00\x00\x00\x00\x00\x00\x00\x00\x00\x00\x00\x00\x00\x00\x00\x00\x00\x00\x00\x00\x00\x00\x00(',
  120:b'\x00\x00\x00\x00\x00\x00\x00\x00\x00\x00\x00\x00\x00\x00\x00\x00\x00\x00\x00\x00\x00\x00\x00\x00\x00\x00\x00\x00\x00\x00\x00\x00\x00\x00\x00\x00\x00\x00\x00\x00\x00\x00\x00\x00\x00\x00\x00\x00\x00\x00\x00\x00\x00\x00\x00\x00\x00\x00\x00\x00\x00\x00\x00\x00\x00\x00\x00\x00\x00\x00\x00\x00\x00\x00\x00\x00\x00\x00\x00\x00?\x00\x0f\xc0\x1f\x00\x0f\x80\x1f\x80\x1f\x00\x0f\x80\x1f\x00\x0f\xc0>\x00\x07\xe0>\x00\x07\xe0|\x00\x03\xf0|\x00\x03\xf0\xf8\x00\x01\xf8\xf8\x00\x00\xf9\xf0\x00\x00\xf9\xf0\x00\x00\x7f\xe0\x00\x00\x7f\xc0\x00\x00?\xc0\x00\x00?\x80\x00\x00\x1f\x80\x00\x00?\xc0\x00\x00?\xc0\x00\x00\x7f\xe0\x00\x00{\xe0\x00\x00\xf9\xf0\x00\x00\xf9\xf0\x00\x01\xf1\xf8\x00\x03\xf0\xf8\x00\x03\xe0\xfc\x00\x07\xe0|\x00\x07\xc0~\x00\x0f\x80>\x00\x0f\x80?\x00\x1f\x00\x1f\x00\x1f\x00\x0f\x80>\x00\x0f\xc0~\x00\x07\xc0\x00\x00\x00\x00\x00\x00\x00\x00\x00\x00\x00\x00\x00\x00\x00\x00\x00\x00\x00\x00\x00\x00\x00\x00\x00\x00\x00\x00\x00\x00\x00\x00\x00\x00\x00\x00\x00\x00\x00\x00\x00\x00\x00\x00\x00\x00\x00\x00\x00\x00\x00\x00\x00\x00\x00\x00\x00\x00\x00\x00\x1c',
  121:b'\x00\x00\x00\x00\x00\x00\x00\x00\x00\x00\x00\x00\x00\x00\x00\x00\x00\x00\x00\x00\x00\x00\x00\x00\x00\x00\x00\x00\x00\x00\x00\x00\x00\x00\x00\x00\x00\x00\x00\x00\x00\x00\x00\x00\x00\x00\x00\x00\x00\x00\x00\x00\x00\x00\x00\x00\x00\x00\x00\x00\x00\x00\x00\x00\x00\x00\x00\x00\x00\x00\x00\x00\x00\x00\x00\x00\x00\x00\x00\x00\xfc\x00\x0f\x80|\x00\x0f\x80~\x00\x1f\x00>\x00\x1f\x00>\x00\x1f\x00?\x00\x1f\x00\x1f\x00\x1e\x00\x1f\x00>\x00\x1f\x00>\x00\x1f\x80>\x00\x0f\x80<\x00\x0f\x80|\x00\x0f\xc0|\x00\x07\xc0x\x00\x07\xc0x\x00\x07\xc0\xf8\x00\x03\xe0\xf8\x00\x03\xe0\xf0\x00\x03\xe0\xf0\x00\x01\xf0\xf0\x00\x01\xf1\xf0\x00\x01\xf1\xe0\x00\x00\xf1\xe0\x00\x00\xf9\xe0\x00\x00\xf9\xe0\x00\x00{\xc0\x00\x00{\xc0\x00\x00{\xc0\x00\x00?\xc0\x00\x00?\x80\x00\x00?\x80\x00\x00\x1f\x80\x00\x00\x1f\x80\x00\x00\x1f\x00\x00\x00\x1f\x00\x00\x00\x1f\x00\x00\x00\x1e\x00\x00\x00\x1e\x00\x00\x00>\x00\x00\x00>\x00\x00\x00|\x00\x00\x00|\x00\x00\x01\xf8\x00\x00\x07\xf8\x00\x00\x07\xf0\x00\x00\x0f\xf0\x00\x00\x0f\xe0\x00\x00\x0f\xc0\x00\x00\x00\x00\x00\x00\x19',
  122:b'\x00\x00\x00\x00\x00\x00\x00\x00\x00\x00\x00\x00\x00\x00\x00\x00\x00\x00\x00\x00\x00\x00\x00\x00\x00\x00\x00\x00\x00\x00\x00\x00\x00\x00\x00\x00\x00\x00\x00\x00\x00\x00\x00\x00\x00\x00\x00\x00\x00\x00\x00\x00\x00\x00\x00\x00\x00\x00\x00\x00?\xff\xfc?\xff\xfc?\xff\xfc?\xff\xfc\x00\x00x\x00\x00\xf8\x00\x01\xf0\x00\x03\xf0\x00\x03\xe0\x00\x07\xe0\x00\x07\xc0\x00\x0f\xc0\x00\x0f\x80\x00\x1f\x80\x00\x1f\x00\x00?\x00\x00~\x00\x00|\x00\x00\xfc\x00\x00\xf8\x00\x01\xf8\x00\x01\xf0\x00\x03\xf0\x00\x03\xe0\x00\x07\xe0\x00\x07\xc0\x00\x0f\xc0\x00\x1f\x80\x00\x1f\x00\x00>\x00\x00?\xff\xfc?\xff\xfc?\xff\xfc?\xff\xfc\x00\x00\x00\x00\x00\x00\x00\x00\x00\x00\x00\x00\x00\x00\x00\x00\x00\x00\x00\x00\x00\x00\x00\x00\x00\x00\x00\x00\x00\x00\x00\x00\x00\x00\x00\x00\x00\x00\x00\x00\x00\x00\x00\x00\x00\x18',
  123:b'\x00\x00\x00\x00\x00\x00\x00\x00\x00\x00\x00\x00\x00\x00\x00\x00\x00\x00\x00\x00\x00\x00?\x80\x00\x7f\x80\x00\xff\x80\x00\xff\x80\x01\xf8\x00\x01\xf0\x00\x01\xf0\x00\x01\xf0\x00\x01\xf0\x00\x01\xf0\x00\x01\xf0\x00\x01\xf0\x00\x01\xf0\x00\x01\xf0\x00\x01\xf0\x00\x01\xf0\x00\x01\xf0\x00\x01\xf0\x00\x01\xf0\x00\x01\xf0\x00\x01\xf0\x00\x01\xf0\x00\x01\xf0\x00\x01\xf0\x00\x01\xf0\x00\x01\xf0\x00\x01\xf0\x00\x03\xf0\x00\x07\xe0\x00\x1f\xc0\x00\x1f\x80\x00\x1f\x80\x00\x1f\xc0\x00\x07\xe0\x00\x03\xe0\x00\x01\xf0\x00\x01\xf0\x00\x01\xf0\x00\x01\xf0\x00\x01\xf0\x00\x01\xf0\x00\x01\xf0\x00\x01\xf0\x00\x01\xf0\x00\x01\xf0\x00\x01\xf0\x00\x01\xf0\x00\x01\xf0\x00\x01\xf0\x00\x01\xf0\x00\x01\xf0\x00\x01\xf0\x00\x01\xf0\x00\x01\xf0\x00\x01\xf0\x00\x01\xf0\x00\x01\xf0\x00\x01\xf8\x00\x00\xff\x80\x00\xff\x80\x00\x7f\x80\x00?\x80\x13',
  124:b'\x00\x00\x00\x00\x00\x00\x00\x00\x00\x00\x00\x00\x00\x00\x0f\x00\x0f\x00\x0f\x00\x0f\x00\x0f\x00\x0f\x00\x0f\x00\x0f\x00\x0f\x00\x0f\x00\x0f\x00\x0f\x00\x0f\x00\x0f\x00\x0f\x00\x0f\x00\x0f\x00\x0f\x00\x0f\x00\x0f\x00\x0f\x00\x0f\x00\x0f\x00\x0f\x00\x0f\x00\x0f\x00\x0f\x00\x0f\x00\x0f\x00\x0f\x00\x0f\x00\x0f\x00\x0f\x00\x0f\x00\x0f\x00\x0f\x00\x0f\x00\x0f\x00\x0f\x00\x0f\x00\x0f\x00\x0f\x00\x0f\x00\x0f\x00\x0f\x00\x0f\x00\x0f\x00\x0f\x00\x0f\x00\x0f\x00\x0f\x00\x0f\x00\x0f\x00\x0f\x00\x0f\x00\x0f\x00\x00\x00\x00\x00\x00\x00\x00\x00\x00\x00\x00\x00\r',
  125:b'\x00\x00\x00\x00\x00\x00\x00\x00\x00\x00\x00\x00\x00\x00\x00\x00\x00\x00\x00\x00\x00\x7f\x80\x00\x7f\xc0\x00\x7f\xe0\x00\x7f\xe0\x00\x03\xf0\x00\x01\xf0\x00\x01\xf0\x00\x01\xf0\x00\x01\xf0\x00\x01\xf0\x00\x01\xf0\x00\x01\xf0\x00\x01\xf0\x00\x01\xf0\x00\x01\xf0\x00\x01\xf0\x00\x01\xf0\x00\x01\xf0\x00\x01\xf0\x00\x01\xf0\x00\x01\xf0\x00\x01\xf0\x00\x01\xf0\x00\x01\xf0\x00\x01\xf0\x00\x01\xf0\x00\x01\xf0\x00\x01\xf8\x00\x00\xfc\x00\x00\x7f\x00\x00?\x00\x00?\x00\x00\xff\x00\x00\xfc\x00\x01\xf8\x00\x01\xf0\x00\x01\xf0\x00\x01\xf0\x00\x01\xf0\x00\x01\xf0\x00\x01\xf0\x00\x01\xf0\x00\x01\xf0\x00\x01\xf0\x00\x01\xf0\x00\x01\xf0\x00\x01\xf0\x00\x01\xf0\x00\x01\xf0\x00\x01\xf0\x00\x01\xf0\x00\x01\xf0\x00\x01\xf0\x00\x01\xf0\x00\x01\xf0\x00\x01\xf0\x00\x01\xf0\x00\x03\xf0\x00\x7f\xe0\x00\x7f\xe0\x00\x7f\xc0\x00\x7f\x80\x00\x13',
  126:b'\x00\x00\x00\x00\x00\x00\x00\x00\x00\x00\x00\x00\x00\x00\x00\x00\x00\x00\x00\x00\x00\x00\x00\x00\x00\x00\x00\x00\x00\x00\x00\x00\x00\x00\x00\x00\x00\x00\x00\x00\x00\x00\x00\x00\x00\x00\x00\x00\x00\x00\x00\x00\x00\x00\x00\x00\x00\x00\x00\x00\x00\x00\x00\x00\x00\x00\x00\x00\x00\x00\x00\x00\x00\x00\x00\x00\x00\x00\x00\x00\x00\x00\x00\x00\x00\x00\x00\x00\x00\x00\x00\x00\x00\x00\x00\x00\x00\x00\x00\x00\x00\x00\x00\x00\x01\xf0\x00\x00\x07\xfc\x01\x00\x1f\xff\x01\x80?\xff\xc7\x80?\xff\xff\xc0>\x0f\xff\xc0\x1c\x07\xff\x80\x10\x01\xff\x00\x00\x00|\x00\x00\x00\x00\x00\x00\x00\x00\x00\x00\x00\x00\x00\x00\x00\x00\x00\x00\x00\x00\x00\x00\x00\x00\x00\x00\x00\x00\x00\x00\x00\x00\x00\x00\x00\x00\x00\x00\x00\x00\x00\x00\x00\x00\x00\x00\x00\x00\x00\x00\x00\x00\x00\x00\x00\x00\x00\x00\x00\x00\x00\x00\x00\x00\x00\x00\x00\x00\x00\x00\x00\x00\x00\x00\x00\x00\x00\x00\x00\x00\x00\x00\x00\x00\x00\x00\x00\x00\x00\x00\x00\x00\x00\x00\x00\x00\x00\x00\x00\x00\x00\x00\x00\x00\x00\x00\x00\x00\x00\x00\x00\x00\x00\x00\x00\x00\x00\x00\x00\x00\x00\x00\x00\x00\x00\x00\x00\x00\x00\x00\x00\x00\x00\x00\x00\x00\x00\x1c',
}

def get_ch(ch):
    c = ord(ch)
    if c not in _g.keys():
        return None, 0, 0
    return memoryview(_g[c]), 69, int(_g[c][-1])
