'''
    ezFBfont_PTSans_64_upper_91 : generated as part of the microPyEZfonts repository
      https://github.com/easytarget/microPyEZfonts

    This font definition can be used with the "ezFBfont" class provided there.
    It can also be used with the "writer" class from Peter Hinches micropython
      font-to-py tool: https://github.com/peterhinch/micropython-font-to-py

    Original PTSans_64.bdf font file was sourced from the U8G2 project:
      https://github.com/olikraus/u8g2

'''
# Code generated by bdf2dict.py
# Font: PTSans_64
# Cmd: ['bdf2dict.py'], ['./PTSans-64.bdf', '_', './upper-char.set']
# Date: 2025-05-28 19:35:16
'''
    Original Copyright, Comments and Notices from source:

    COPYRIGHT Sourced from Google Fonts, Wed 28 May 2025
    COPYRIGHT https://fonts.google.com/specimen/PT+Sans
    COPYRIGHT 
    COPYRIGHT Distributed there under the SIL Open Font License, Version 1.1
    COPYRIGHT 
    COPYRIGHT -----------------------------------------------------------
    COPYRIGHT Copyright (c) 2010, ParaType Ltd. (http://www.paratype.com/public),
    COPYRIGHT with Reserved Font Names "PT Sans" and "ParaType".
    COPYRIGHT 
    COPYRIGHT This Font Software is licensed under the SIL Open Font License, Version 1.1.
    COPYRIGHT This license is copied below, and is also available with a FAQ at:
    COPYRIGHT https://openfontlicense.org
    COPYRIGHT 
    COPYRIGHT 
    COPYRIGHT -----------------------------------------------------------
    COPYRIGHT SIL OPEN FONT LICENSE Version 1.1 - 26 February 2007
    COPYRIGHT -----------------------------------------------------------
    COPYRIGHT 
    COPYRIGHT PREAMBLE
    COPYRIGHT The goals of the Open Font License (OFL) are to stimulate worldwide
    COPYRIGHT development of collaborative font projects, to support the font creation
    COPYRIGHT efforts of academic and linguistic communities, and to provide a free and
    COPYRIGHT open framework in which fonts may be shared and improved in partnership
    COPYRIGHT with others.
    COPYRIGHT 
    COPYRIGHT The OFL allows the licensed fonts to be used, studied, modified and
    COPYRIGHT redistributed freely as long as they are not sold by themselves. The
    COPYRIGHT fonts, including any derivative works, can be bundled, embedded,
    COPYRIGHT redistributed and/or sold with any software provided that any reserved
    COPYRIGHT names are not used by derivative works. The fonts and derivatives,
    COPYRIGHT however, cannot be released under any other type of license. The
    COPYRIGHT requirement for fonts to remain under this license does not apply
    COPYRIGHT to any document created using the fonts or their derivatives.
    COPYRIGHT 
    COPYRIGHT DEFINITIONS
    COPYRIGHT "Font Software" refers to the set of files released by the Copyright
    COPYRIGHT Holder(s) under this license and clearly marked as such. This may
    COPYRIGHT include source files, build scripts and documentation.
    COPYRIGHT 
    COPYRIGHT "Reserved Font Name" refers to any names specified as such after the
    COPYRIGHT copyright statement(s).
    COPYRIGHT 
    COPYRIGHT "Original Version" refers to the collection of Font Software components as
    COPYRIGHT distributed by the Copyright Holder(s).
    COPYRIGHT 
    COPYRIGHT "Modified Version" refers to any derivative made by adding to, deleting,
    COPYRIGHT or substituting -- in part or in whole -- any of the components of the
    COPYRIGHT Original Version, by changing formats or by porting the Font Software to a
    COPYRIGHT new environment.
    COPYRIGHT 
    COPYRIGHT "Author" refers to any designer, engineer, programmer, technical
    COPYRIGHT writer or other person who contributed to the Font Software.
    COPYRIGHT 
    COPYRIGHT PERMISSION & CONDITIONS
    COPYRIGHT Permission is hereby granted, free of charge, to any person obtaining
    COPYRIGHT a copy of the Font Software, to use, study, copy, merge, embed, modify,
    COPYRIGHT redistribute, and sell modified and unmodified copies of the Font
    COPYRIGHT Software, subject to the following conditions:
    COPYRIGHT 
    COPYRIGHT 1) Neither the Font Software nor any of its individual components,
    COPYRIGHT in Original or Modified Versions, may be sold by itself.
    COPYRIGHT 
    COPYRIGHT 2) Original or Modified Versions of the Font Software may be bundled,
    COPYRIGHT redistributed and/or sold with any software, provided that each copy
    COPYRIGHT contains the above copyright notice and this license. These can be
    COPYRIGHT included either as stand-alone text files, human-readable headers or
    COPYRIGHT in the appropriate machine-readable metadata fields within text or
    COPYRIGHT binary files as long as those fields can be easily viewed by the user.
    COPYRIGHT 
    COPYRIGHT 3) No Modified Version of the Font Software may use the Reserved Font
    COPYRIGHT Name(s) unless explicit written permission is granted by the corresponding
    COPYRIGHT Copyright Holder. This restriction only applies to the primary font name as
    COPYRIGHT presented to the users.
    COPYRIGHT 
    COPYRIGHT 4) The name(s) of the Copyright Holder(s) or the Author(s) of the Font
    COPYRIGHT Software shall not be used to promote, endorse or advertise any
    COPYRIGHT Modified Version, except to acknowledge the contribution(s) of the
    COPYRIGHT Copyright Holder(s) and the Author(s) or with their explicit written
    COPYRIGHT permission.
    COPYRIGHT 
    COPYRIGHT 5) The Font Software, modified or unmodified, in part or in whole,
    COPYRIGHT must be distributed entirely under this license, and must not be
    COPYRIGHT distributed under any other license. The requirement for fonts to
    COPYRIGHT remain under this license does not apply to any document created
    COPYRIGHT using the Font Software.
    COPYRIGHT 
    COPYRIGHT TERMINATION
    COPYRIGHT This license becomes null and void if any of the above conditions are
    COPYRIGHT not met.
    COPYRIGHT 
    COPYRIGHT DISCLAIMER
    COPYRIGHT THE FONT SOFTWARE IS PROVIDED "AS IS", WITHOUT WARRANTY OF ANY KIND,
    COPYRIGHT EXPRESS OR IMPLIED, INCLUDING BUT NOT LIMITED TO ANY WARRANTIES OF
    COPYRIGHT MERCHANTABILITY, FITNESS FOR A PARTICULAR PURPOSE AND NONINFRINGEMENT
    COPYRIGHT OF COPYRIGHT, PATENT, TRADEMARK, OR OTHER RIGHT. IN NO EVENT SHALL THE
    COPYRIGHT COPYRIGHT HOLDER BE LIABLE FOR ANY CLAIM, DAMAGES OR OTHER LIABILITY,
    COPYRIGHT INCLUDING ANY GENERAL, SPECIAL, INDIRECT, INCIDENTAL, OR CONSEQUENTIAL
    COPYRIGHT DAMAGES, WHETHER IN AN ACTION OF CONTRACT, TORT OR OTHERWISE, ARISING
    COPYRIGHT FROM, OUT OF THE USE OR INABILITY TO USE THE FONT SOFTWARE OR FROM
    COPYRIGHT OTHER DEALINGS IN THE FONT SOFTWARE.
    COPYRIGHT -----------------------------------------------------------
    COPYRIGHT 
    COPYRIGHT Converted from OpenType font "PTSans.ttf" by "otf2bdf 3.0".
    COPYRIGHT 

    COMMENT "Copyright © 2009 ParaType Ltd. All rights reserved."
'''
version = '0.33'
name = '-freetype-pt sans-medium-r-normal--89-640-100-100-p-393-iso10646-1'
family = 'pt sans'
weight = 'medium'
size = 89

def height():
    return 91

def baseline():
    return 71

def max_width():
    return 95

def hmap():
    return True

def reverse():
    return False

def monospaced():
    return False

def min_ch():
    return 33

def max_ch():
    return 95

_g = {
  33:b'\x00\x00\x00\x00\x00\x00\x00\x00\x00\x00\x00\x00\x00\x00\x00\x00\x00\x00\x00\x00\x00\x00\x00\x00\x00\x00\x00\x00\x00\x00\x00\x00\x00\x00\x00\x00\x00\x1f\xe0\x00\x00\x1f\xe0\x00\x00\x1f\xe0\x00\x00\x1f\xe0\x00\x00\x1f\xe0\x00\x00\x1f\xe0\x00\x00\x1f\xe0\x00\x00\x1f\xe0\x00\x00\x1f\xe0\x00\x00\x1f\xe0\x00\x00\x1f\xe0\x00\x00\x1f\xe0\x00\x00\x1f\xe0\x00\x00\x1f\xe0\x00\x00\x1f\xe0\x00\x00\x1f\xe0\x00\x00\x1f\xe0\x00\x00\x1f\xe0\x00\x00\x1f\xe0\x00\x00\x1f\xe0\x00\x00\x1f\xe0\x00\x00\x1f\xe0\x00\x00\x1f\xe0\x00\x00\x1f\xe0\x00\x00\x1f\xe0\x00\x00\x1f\xe0\x00\x00\x1f\xe0\x00\x00\x1f\xe0\x00\x00\x1f\xe0\x00\x00\x1f\xe0\x00\x00\x1f\xe0\x00\x00\x1f\xe0\x00\x00\x1f\xe0\x00\x00\x0f\xc0\x00\x00\x0f\xc0\x00\x00\x0f\xc0\x00\x00\x0f\xc0\x00\x00\x0f\xc0\x00\x00\x0f\xc0\x00\x00\x0f\xc0\x00\x00\x0f\xc0\x00\x00\x0f\xc0\x00\x00\x0f\xc0\x00\x00\x07\x80\x00\x00\x07\x80\x00\x00\x07\x80\x00\x00\x00\x00\x00\x00\x00\x00\x00\x00\x00\x00\x00\x00\x00\x00\x00\x00\x00\x00\x00\x00\x00\x00\x00\x00\x00\x00\x00\x00\x0f\x80\x00\x00\x1f\xe0\x00\x00?\xf0\x00\x00?\xf0\x00\x00?\xf0\x00\x00?\xf0\x00\x00?\xf0\x00\x00?\xf0\x00\x00\x1f\xe0\x00\x00\x0f\x80\x00\x00\x00\x00\x00\x00\x00\x00\x00\x00\x00\x00\x00\x00\x00\x00\x00\x00\x00\x00\x00\x00\x00\x00\x00\x00\x00\x00\x00\x00\x00\x00\x00\x00\x00\x00\x00\x00\x00\x00\x00\x00\x00\x00\x00\x00\x00\x00\x00\x00\x00\x00\x00\x00\x00\x00\x00\x00\x00\x00\x00\x00\x00\x00\x00\x00\x00\x00\x00\x00\x00\x00\x00\x00\x00\x00\x00\x1b',
  34:b'\x00\x00\x00\x00\x00\x00\x00\x00\x00\x00\x00\x00\x00\x00\x00\x00\x00\x00\x00\x00\x00\x00\x00\x00\x00\x00\x00\x00\x00\x00\x00\x00\x00\x00\x00\x00\x00\xfe?\x80\x00\xfe?\x80\x00\xfe?\x80\x00\xfc?\x80\x00\xfc?\x80\x00\xfc?\x00\x00\xfc?\x00\x00\xfc?\x00\x00\xfc?\x00\x00\xf8?\x00\x00\xf8?\x00\x00\xf8?\x00\x00\xf8>\x00\x00\xf8>\x00\x00\xf8>\x00\x00\xf0>\x00\x00\xf0>\x00\x00\x00\x00\x00\x00\x00\x00\x00\x00\x00\x00\x00\x00\x00\x00\x00\x00\x00\x00\x00\x00\x00\x00\x00\x00\x00\x00\x00\x00\x00\x00\x00\x00\x00\x00\x00\x00\x00\x00\x00\x00\x00\x00\x00\x00\x00\x00\x00\x00\x00\x00\x00\x00\x00\x00\x00\x00\x00\x00\x00\x00\x00\x00\x00\x00\x00\x00\x00\x00\x00\x00\x00\x00\x00\x00\x00\x00\x00\x00\x00\x00\x00\x00\x00\x00\x00\x00\x00\x00\x00\x00\x00\x00\x00\x00\x00\x00\x00\x00\x00\x00\x00\x00\x00\x00\x00\x00\x00\x00\x00\x00\x00\x00\x00\x00\x00\x00\x00\x00\x00\x00\x00\x00\x00\x00\x00\x00\x00\x00\x00\x00\x00\x00\x00\x00\x00\x00\x00\x00\x00\x00\x00\x00\x00\x00\x00\x00\x00\x00\x00\x00\x00\x00\x00\x00\x00\x00\x00\x00\x00\x00\x00\x00\x00\x00\x00\x00\x00\x00\x00\x00\x00\x00\x00\x00\x00\x00\x00\x00\x00\x00\x00\x00\x00\x00\x00\x00\x00\x00\x00\x00\x00\x00\x00\x00\x00\x00\x00\x00\x00\x00\x00\x00\x00\x00\x00\x00\x00\x00\x00\x00\x00\x00\x00\x00\x00\x00\x00\x00\x00\x00\x00\x00\x00\x00\x00\x00\x00\x00\x00\x00\x00\x00\x00\x00\x00\x00\x00\x00\x00\x00\x00\x00\x00\x00\x00\x00\x00\x00\x00\x00\x00\x00\x00\x00\x00\x00\x00\x00\x00\x1e',
  35:b'\x00\x00\x00\x00\x00\x00\x00\x00\x00\x00\x00\x00\x00\x00\x00\x00\x00\x00\x00\x00\x00\x00\x00\x00\x00\x00\x00\x00\x00\x00\x00\x00\x00\x00\x00\x00\x00\x00\x00\x00\x00\x00\x00\x00\x00\x00\x00\x00\x00\x00\x00\x00\x00\x00\x00\x00\x00\x00\x00\x00\x00\x00\x00\x00\x00\x00\x00\x00\x00\x00\x00\x00\x00\x00\x00\x00\x00\x00\x00\x00\x00\x00\x00\x00\x00\x00\x00\x00\x00\x00\x00\x00\x00\x00\x00\x00\x00\x00\x00\x00?\x00?\x00\x00\x00\x00?\x00\x7f\x00\x00\x00\x00?\x00~\x00\x00\x00\x00\x7f\x00~\x00\x00\x00\x00~\x00~\x00\x00\x00\x00~\x00\xfe\x00\x00\x00\x00~\x00\xfc\x00\x00\x00\x00\xfe\x00\xfc\x00\x00\x00\x00\xfc\x00\xfc\x00\x00\x00\x00\xfc\x01\xfc\x00\x00\x00\x00\xfc\x01\xf8\x00\x00\x00\x01\xfc\x01\xf8\x00\x00\x00\x01\xf8\x01\xf8\x00\x00\x00\x01\xf8\x03\xf8\x00\x00\x00\xff\xff\xff\xff\xe0\x00\x00\xff\xff\xff\xff\xe0\x00\x00\xff\xff\xff\xff\xe0\x00\x01\xff\xff\xff\xff\xe0\x00\x01\xff\xff\xff\xff\xc0\x00\x01\xff\xff\xff\xff\xc0\x00\x00\x07\xf0\x07\xe0\x00\x00\x00\x07\xe0\x07\xe0\x00\x00\x00\x07\xe0\x0f\xe0\x00\x00\x00\x07\xe0\x0f\xc0\x00\x00\x00\x0f\xe0\x0f\xc0\x00\x00\x00\x0f\xc0\x0f\xc0\x00\x00\x00\x0f\xc0\x1f\xc0\x00\x00\x00\x0f\xc0\x1f\x80\x00\x00\x00\x1f\xc0\x1f\x80\x00\x00\x00\x1f\x80\x1f\x80\x00\x00\x00\x1f\x80?\x80\x00\x00\x0f\xff\xff\xff\xfe\x00\x00\x1f\xff\xff\xff\xfe\x00\x00\x1f\xff\xff\xff\xfc\x00\x00\x1f\xff\xff\xff\xfc\x00\x00\x1f\xff\xff\xff\xfc\x00\x00\x1f\xff\xff\xff\xfc\x00\x00 ~\x00~\x00\x00\x00\x00~\x00~\x00\x00\x00\x00~\x00\xfe\x00\x00\x00\x00~\x00\xfc\x00\x00\x00\x00\xfe\x00\xfc\x00\x00\x00\x00\xfc\x00\xfc\x00\x00\x00\x00\xfc\x01\xfc\x00\x00\x00\x00\xfc\x01\xf8\x00\x00\x00\x01\xfc\x01\xf8\x00\x00\x00\x01\xf8\x01\xf8\x00\x00\x00\x01\xf8\x03\xf8\x00\x00\x00\x01\xf8\x03\xf0\x00\x00\x00\x01\xf8\x03\xf0\x00\x00\x00\x03\xf0\x03\xf0\x00\x00\x00\x03\xf0\x07\xf0\x00\x00\x00\x00\x00\x00\x00\x00\x00\x00\x00\x00\x00\x00\x00\x00\x00\x00\x00\x00\x00\x00\x00\x00\x00\x00\x00\x00\x00\x00\x00\x00\x00\x00\x00\x00\x00\x00\x00\x00\x00\x00\x00\x00\x00\x00\x00\x00\x00\x00\x00\x00\x00\x00\x00\x00\x00\x00\x00\x00\x00\x00\x00\x00\x00\x00\x00\x00\x00\x00\x00\x00\x00\x00\x00\x00\x00\x00\x00\x00\x00\x00\x00\x00\x00\x00\x00\x00\x00\x00\x00\x00\x00\x00\x00\x00\x00\x00\x00\x00\x00\x00\x00\x00\x00\x00\x00\x00\x00\x00\x00\x00\x00\x00\x00\x00\x00\x00\x00\x00\x00\x00\x00\x00\x00\x00\x00\x00\x00\x00\x00\x00\x00\x00\x00\x00\x00\x00\x00\x00\x00\x00\x00\x00\x00\x00\x00\x00\x00\x00\x00\x00\x00\x00\x00\x00\x00\x00\x00\x00\x00\x00\x00\x00\x00\x00\x00\x00\x00\x00\x00\x00\x00\x00\x00\x00\x00\x001',
  36:b'\x00\x00\x03\xf0\x00\x00\x00\x00\x00\x03\xf0\x00\x00\x00\x00\x00\x03\xf0\x00\x00\x00\x00\x00\x03\xf0\x00\x00\x00\x00\x00\x03\xf0\x00\x00\x00\x00\x00\x03\xf0\x00\x00\x00\x00\x00\x03\xf0\x00\x00\x00\x00\x00\x03\xf0\x00\x00\x00\x00\x00\x0f\xff\x80\x00\x00\x00\x00\xff\xff\xf8\x00\x00\x00\x03\xff\xff\xfe\x00\x00\x00\x07\xff\xff\xff\x00\x00\x00\x1f\xff\xff\xff\x00\x00\x00?\xff\xff\xfe\x00\x00\x00?\xff\xff\xfe\x00\x00\x00\x7f\xf1\xf0~\x00\x00\x00\x7f\xc1\xf0\x04\x00\x00\x00\xff\x81\xf0\x00\x00\x00\x00\xff\x01\xf0\x00\x00\x00\x01\xfe\x01\xf0\x00\x00\x00\x01\xfe\x01\xf0\x00\x00\x00\x01\xfe\x01\xf0\x00\x00\x00\x01\xfc\x01\xf0\x00\x00\x00\x01\xfc\x01\xf0\x00\x00\x00\x01\xfc\x01\xf0\x00\x00\x00\x01\xfe\x01\xf0\x00\x00\x00\x01\xfe\x01\xf0\x00\x00\x00\x01\xfe\x01\xf0\x00\x00\x00\x00\xff\x01\xf0\x00\x00\x00\x00\xff\x81\xf0\x00\x00\x00\x00\xff\xc1\xf0\x00\x00\x00\x00\x7f\xe1\xf0\x00\x00\x00\x00\x7f\xf9\xf0\x00\x00\x00\x00?\xfd\xf0\x00\x00\x00\x00\x1f\xff\xf0\x00\x00\x00\x00\x0f\xff\xf0\x00\x00\x00\x00\x07\xff\xf0\x00\x00\x00\x00\x03\xff\xfc\x00\x00\x00\x00\x01\xff\xff\x00\x00\x00\x00\x00\x7f\xff\x80\x00\x00\x00\x00\x1f\xff\xe0\x00\x00\x00\x00\x07\xff\xf0\x00\x00\x00\x00\x03\xff\xf8\x00\x00\x00\x00\x03\xff\xfe\x00\x00\x00\x00\x03\xdf\xfe\x00\x00\x00\x00\x03\xc7\xff\x00\x00\x00\x00\x03\xc1\xff\x80\x00\x00\x00\x03\xc0\xff\x80\x00\x00\x00\x03\xc0\x7f\xc0\x00\x00\x00\x03\xc0?\xc0\x00\x00\x00\x03\xc0?\xc0\x00\x00\x00\x03\xc0\x1f\xe0\x00\x00\x00\x03\xc0\x1f\xe0\x00\x00\x00\x03\xc0\x1f\xe0\x00\x00\x00\x03\xc0\x1f\xe0\x00\x00\x00\x03\xc0\x1f\xe0\x00\x00\x00\x03\xc0\x1f\xe0\x00\x00\x00\x03\xc0\x1f\xe0\x00\x00\x00\x03\xc0\x1f\xe0\x00\x00\x00\x03\xc0\x1f\xc0\x00\x00\x00\x03\xc0?\xc0\x00\x00\x00\x03\xc0\x7f\xc0\x00\x00@\x03\xc0\xff\x80\x00\x00p\x03\xc1\xff\x80\x00\x00\xff\x03\xcf\xff\x00\x00\x00\xff\xff\xff\xfe\x00\x00\x00\xff\xff\xff\xfe\x00\x00\x01\xff\xff\xff\xf8\x00\x00\x01\xff\xff\xff\xf0\x00\x00\x00\xff\xff\xff\xc0\x00\x00\x00?\xff\xff\x00\x00\x00\x00\x01\xff\xf0\x00\x00\x00\x00\x00\x03\xf0\x00\x00\x00\x00\x00\x03\xf0\x00\x00\x00\x00\x00\x03\xf0\x00\x00\x00\x00\x00\x03\xf0\x00\x00\x00\x00\x00\x03\xf0\x00\x00\x00\x00\x00\x03\xf0\x00\x00\x00\x00\x00\x03\xf0\x00\x00\x00\x00\x00\x03\xf0\x00\x00\x00\x00\x00\x00\x00\x00\x00\x00\x00\x00\x00\x00\x00\x00\x00\x00\x00\x00\x00\x00\x00\x00\x00\x00\x00\x00\x00\x00\x00\x00\x00\x00\x00\x00\x00\x00\x00\x00\x00\x00\x00\x00\x00\x00\x00\x00\x00\x00\x00\x00\x00\x00\x00\x00\x00\x00\x00\x00\x00\x00\x00\x00\x00\x00\x00\x00\x00\x00\x00\x00\x00\x00\x00\x00\x00\x00\x00\x001',
  37:b'\x00\x00\x00\x00\x00\x00\x00\x00\x00\x00\x00\x00\x00\x00\x00\x00\x00\x00\x00\x00\x00\x00\x00\x00\x00\x00\x00\x00\x00\x00\x00\x00\x00\x00\x00\x00\x00\x00\x00\x00\x00\x00\x00\x00\x00\x00\x00\x00\x00\x00\x00\x00\x00\x00\x00\x00\x00\x00\x00\x00\x00\x00\x00\x00\x00\x00\x00\x00\x00\x00\x00\x00\x00\x00\xff\x00\x00\x00\x00\x80\x00\x00\x07\xff\xe0\x00\x00\x00\xe0\x00\x00\x1f\xff\xf8\x00\x00\x01\xf0\x00\x00?\xff\xfc\x00\x00\x03\xf8\x00\x00\x7f\xff\xfe\x00\x00\x07\xf0\x00\x00\x7f\x81\xff\x00\x00\x07\xe0\x00\x00\xfe\x00\x7f\x00\x00\x0f\xe0\x00\x00\xfc\x00?\x80\x00\x1f\xc0\x00\x01\xfc\x00?\x80\x00?\x80\x00\x01\xf8\x00\x1f\x80\x00?\x00\x00\x01\xf8\x00\x1f\x80\x00\x7f\x00\x00\x03\xf8\x00\x1f\xc0\x00\xfe\x00\x00\x03\xf8\x00\x1f\xc0\x01\xfc\x00\x00\x03\xf8\x00\x1f\xc0\x03\xf8\x00\x00\x03\xf8\x00\x1f\xc0\x03\xf8\x00\x00\x03\xf8\x00\x1f\xc0\x07\xf0\x00\x00\x03\xf8\x00\x1f\xc0\x0f\xe0\x00\x00\x03\xf8\x00\x1f\xc0\x1f\xc0\x00\x00\x03\xf8\x00\x1f\xc0\x1f\xc0\x00\x00\x01\xf8\x00\x1f\x80?\x80\x00\x00\x01\xfc\x00\x1f\x80\x7f\x00\x00\x00\x01\xfc\x00?\x80\xfe\x00\x00\x00\x01\xfe\x00?\x80\xfe\x00\x00\x00\x00\xff\x00\x7f\x01\xfc\x00\x00\x00\x00\xff\x81\xff\x03\xf8\x00\x00\x00\x00\x7f\xff\xfe\x07\xf0\x00\x00\x00\x00?\xff\xfc\x07\xf0\x00\x00\x00\x00\x1f\xff\xf8\x0f\xe0\x00\x00\x00\x00\x07\xff\xe0\x1f\xc0\x00\x00\x00\x00\x00\xff\x00?\x80\x00\x00\x00\x00\x00\x00\x00?\x80\x00\x00\x00\x00\x00\x00\x00\x7f\x00\x00\x00\x00\x00\x00\x00\x00\xfe\x00\x00\x00\x00\x00\x00\x00\x01\xfc\x00\xff\x00\x00\x00\x00\x00\x01\xfc\x07\xff\xe0\x00\x00\x00\x00\x03\xf8\x1f\xff\xf8\x00\x00\x00\x00\x07\xf0?\xff\xfc\x00\x00\x00\x00\x0f\xe0\x7f\xff\xfe\x00\x00\x00\x00\x0f\xe0\xff\x81\xfe\x00\x00\x00\x00\x1f\xc0\xfe\x00\xff\x00\x00\x00\x00?\x81\xfc\x00\x7f\x00\x00\x00\x00\x7f\x01\xfc\x00?\x80\x00\x00\x00\x7f\x01\xf8\x00?\x80\x00\x00\x00\xfe\x03\xf8\x00\x1f\x80\x00\x00\x01\xfc\x03\xf8\x00\x1f\x80\x00\x00\x03\xf8\x03\xf8\x00\x1f\x80\x00\x00\x03\xf8\x03\xf8\x00\x1f\xc0\x00\x00\x07\xf0\x03\xf8\x00\x1f\xc0\x00\x00\x0f\xe0\x03\xf8\x00\x1f\xc0\x00\x00\x1f\xc0\x03\xf8\x00\x1f\xc0\x00\x00\x1f\xc0\x03\xf8\x00\x1f\x80\x00\x00?\x80\x03\xf8\x00\x1f\x80\x00\x00\x7f\x00\x03\xf8\x00\x1f\x80\x00\x00\xfe\x00\x01\xf8\x00?\x80\x00\x00\xfe\x00\x01\xfc\x00?\x80\x00\x01\xfc\x00\x01\xfc\x00\x7f\x00\x00\x03\xf8\x00\x00\xfe\x00\x7f\x00\x00\x07\xf0\x00\x00\xff\x81\xfe\x00\x00\x0f\xf0\x00\x00\x7f\xff\xfe\x00\x00\x0f\xe0\x00\x00?\xff\xfc\x00\x00\x1f\xc0\x00\x00\x1f\xff\xf8\x00\x00\x0f\x80\x00\x00\x07\xff\xe0\x00\x00\x07\x80\x00\x00\x01\xff\x00\x00\x00\x01\x00\x00\x00\x00\x00\x00\x00\x00\x00\x00\x00\x00\x00\x00\x00\x00\x00\x00\x00\x00\x00\x00\x00\x00\x00\x00\x00\x00\x00\x00\x00\x00\x00\x00\x00\x00\x00\x00\x00\x00\x00\x00\x00\x00\x00\x00\x00\x00\x00\x00\x00\x00\x00\x00\x00\x00\x00\x00\x00\x00\x00\x00\x00\x00\x00\x00\x00\x00\x00\x00\x00\x00\x00\x00\x00\x00\x00\x00\x00\x00\x00\x00\x00\x00\x00\x00\x00\x00\x00\x00\x00\x00\x00\x00\x00\x00\x00\x00\x00\x00\x00\x00\x00\x00\x00\x00\x00\x00\x00\x00\x00\x00\x00\x00\x00\x00\x00\x00\x00\x00\x00\x00\x00\x00\x00\x00\x00\x00\x00\x00\x00\x00\x00\x00\x00\x00\x00\x00\x00\x00\x00\x00\x00\x00\x00\x00\x00\x00\x00\x00\x00\x00\x00\x00\x00\x00\x00\x00\x00\x00\x00\x00\x00\x00\x00\x00\x00\x00\x00\x00\x00\x00\x00\x00\x00\x00\x00\x00E',
  38:b'\x00\x00\x00\x00\x00\x00\x00\x00\x00\x00\x00\x00\x00\x00\x00\x00\x00\x00\x00\x00\x00\x00\x00\x00\x00\x00\x00\x00\x00\x00\x00\x00\x00\x00\x00\x00\x00\x00\x00\x00\x00\x00\x00\x00\x00\x00\x00\x00\x00\x00\x00\x00\x00\x00\x00\x00\x00\x00\x00\x00\x00\x00\x00\x00\x00\x00\x00\x00\x00\x00\x00\x00\x00\x00\x00\x07\xfc\x00\x00\x00\x00\x00\x00\x00?\xff\x80\x00\x00\x00\x00\x00\x00\x7f\xff\xc0\x00\x00\x00\x00\x00\x01\xff\xff\xf0\x00\x00\x00\x00\x00\x01\xff\xff\xf0\x00\x00\x00\x00\x00\x03\xff\xff\xf8\x00\x00\x00\x00\x00\x07\xfe\x07\xfc\x00\x00\x00\x00\x00\x07\xf8\x03\xfc\x00\x00\x00\x00\x00\x07\xf0\x01\xfc\x00\x00\x00\x00\x00\x0f\xf0\x01\xfc\x00\x00\x00\x00\x00\x0f\xe0\x00\xfc\x00\x00\x00\x00\x00\x0f\xe0\x00\xfc\x00\x00\x00\x00\x00\x0f\xe0\x00\xfc\x00\x00\x00\x00\x00\x07\xe0\x01\xfc\x00\x00\x00\x00\x00\x07\xf0\x01\xf8\x00\x00\x00\x00\x00\x07\xf0\x03\xf8\x00\x00\x00\x00\x00\x07\xf0\x03\xf0\x00\x00\x00\x00\x00\x03\xf8\x07\xf0\x00\x00\x00\x00\x00\x03\xf8\x0f\xe0\x00\x00\x00\x00\x00\x01\xfc\x1f\xc0\x00\x00\x00\x00\x00\x01\xfc\x7f\x80\x00\x00\x00\x00\x00\x00\xfe\xff\x00\x00\x00\x00\x00\x00\x00\xff\xfe\x00\x00\x00\x00\x00\x00\x00\x7f\xfc\x00\x00\x00\x00\x00\x00\x00?\xf0\x00\x00\x00\x00\x00\x00\x00\xff\xe0\x00\x00\x00\x00\x00\x00\x01\xff\xe0\x00\x00\x00\x00\x00\x00\x07\xff\xe0\x00\x00\x00\x00\x00\x00\x0f\xff\xf0\x00\x00\x00\x00\x00\x00\x1f\xf7\xf8\x00\x00\x00\x00\x00\x00?\xe3\xf8\x00\x00\x00\x00\x00\x00\x7f\xc3\xfc\x00\x00\x00\x00\x00\x00\xff\x81\xfe\x00\x00\x00\x00\x00\x01\xff\x00\xfe\x00\x00`\x00\x00\x03\xfe\x00\xff\x00\x00x\x00\x00\x03\xfc\x00\x7f\x80\x00\xfe\x00\x00\x07\xf8\x00?\xc0\x00\xfe\x00\x00\x07\xf0\x00\x1f\xe0\x00\xfc\x00\x00\x0f\xf0\x00\x1f\xe0\x01\xfc\x00\x00\x0f\xe0\x00\x0f\xf0\x01\xf8\x00\x00\x1f\xe0\x00\x07\xf8\x03\xf8\x00\x00\x1f\xc0\x00\x03\xfc\x03\xf0\x00\x00\x1f\xc0\x00\x03\xfe\x07\xf0\x00\x00\x1f\xc0\x00\x01\xff\x07\xe0\x00\x00\x1f\xc0\x00\x00\xff\x8f\xe0\x00\x00\x1f\xc0\x00\x00\x7f\xdf\xc0\x00\x00?\xc0\x00\x00?\xff\x80\x00\x00\x1f\xc0\x00\x00\x1f\xff\x80\x00\x00\x1f\xc0\x00\x00\x1f\xff\x00\x00\x00\x1f\xc0\x00\x00\x0f\xfe\x00\x00\x00\x1f\xc0\x00\x00\x07\xfe\x00\x00\x00\x1f\xe0\x00\x00\x03\xfe\x00\x00\x00\x0f\xf0\x00\x00\x07\xff\x00\x00\x00\x0f\xf0\x00\x00\x0f\xff\xc0\x00\x00\x0f\xf8\x00\x00\x1f\xff\xe0\x00\x00\x07\xfe\x00\x00\x7f\xff\xf0\x00\x00\x03\xff\x80\x01\xff\xdf\xfc\x00\x00\x01\xff\xf0\x0f\xff\x0f\xfe\x00\x00\x01\xff\xff\xff\xfe\x07\xff\x80\x00\x00\x7f\xff\xff\xfc\x03\xff\xc0\x00\x00?\xff\xff\xf0\x00\xff\x00\x00\x00\x0f\xff\xff\xc0\x00~\x00\x00\x00\x03\xff\xff\x00\x00<\x00\x00\x00\x00?\xf0\x00\x00\x0c\x00\x00\x00\x00\x00\x00\x00\x00\x00\x00\x00\x00\x00\x00\x00\x00\x00\x00\x00\x00\x00\x00\x00\x00\x00\x00\x00\x00\x00\x00\x00\x00\x00\x00\x00\x00\x00\x00\x00\x00\x00\x00\x00\x00\x00\x00\x00\x00\x00\x00\x00\x00\x00\x00\x00\x00\x00\x00\x00\x00\x00\x00\x00\x00\x00\x00\x00\x00\x00\x00\x00\x00\x00\x00\x00\x00\x00\x00\x00\x00\x00\x00\x00\x00\x00\x00\x00\x00\x00\x00\x00\x00\x00\x00\x00\x00\x00\x00\x00\x00\x00\x00\x00\x00\x00\x00\x00\x00\x00\x00\x00\x00\x00\x00\x00\x00\x00\x00\x00\x00\x00\x00\x00\x00\x00\x00\x00\x00\x00\x00\x00\x00\x00\x00\x00\x00\x00\x00\x00\x00\x00\x00\x00\x00\x00\x00\x00\x00\x00\x00\x00\x00\x00\x00\x00\x00\x00\x00\x00\x00\x00\x00\x00\x00\x00\x00\x00\x00\x00\x00\x00\x00H',
  39:b'\x00\x00\x00\x00\x00\x00\x00\x00\x00\x00\x00\x00\x00\x00\x00\x00\x00\x00\x00\x00\x00\x00\x00\x00\x00\x00\x00\x00\xfe\x00\x00\xfe\x00\x00\xfe\x00\x00\xfc\x00\x00\xfc\x00\x00\xfc\x00\x00\xfc\x00\x00\xfc\x00\x00\xfc\x00\x00\xf8\x00\x00\xf8\x00\x00\xf8\x00\x00\xf8\x00\x00\xf8\x00\x00\xf8\x00\x00\xf0\x00\x00\xf0\x00\x00\x00\x00\x00\x00\x00\x00\x00\x00\x00\x00\x00\x00\x00\x00\x00\x00\x00\x00\x00\x00\x00\x00\x00\x00\x00\x00\x00\x00\x00\x00\x00\x00\x00\x00\x00\x00\x00\x00\x00\x00\x00\x00\x00\x00\x00\x00\x00\x00\x00\x00\x00\x00\x00\x00\x00\x00\x00\x00\x00\x00\x00\x00\x00\x00\x00\x00\x00\x00\x00\x00\x00\x00\x00\x00\x00\x00\x00\x00\x00\x00\x00\x00\x00\x00\x00\x00\x00\x00\x00\x00\x00\x00\x00\x00\x00\x00\x00\x00\x00\x00\x00\x00\x00\x00\x00\x00\x00\x00\x00\x00\x00\x00\x00\x00\x00\x00\x00\x00\x00\x00\x00\x00\x00\x00\x00\x00\x00\x00\x00\x00\x00\x00\x00\x00\x00\x00\x00\x00\x00\x00\x00\x00\x00\x00\x00\x00\x00\x00\x00\x00\x00\x00\x00\x00\x00\x00\x00\x00\x00\x00\x00\x00\x00\x00\x00\x00\x00\x00\x00\x00\x00\x00\x00\x00\x00\x00\x00\x00\x00\x00\x00\x00\x00\x00\x00\x00\x00\x00\x00\x00\x00\x00\x00\x00\x13',
  40:b'\x00\x00\x00\x00\x00\x00\x00\x00\x00\x00\x00\x00\x00\x00\x00\x00\x00\x00\x00\x00\x00\x00\x00\x00\x00\x00\x00\x00\x00\x00\x00\x00\x00\x00\x08\x00\x00\x00\x1e\x00\x00\x00?\x00\x00\x00?\x80\x00\x00\x7f\x00\x00\x00\xfe\x00\x00\x01\xfc\x00\x00\x01\xfc\x00\x00\x03\xf8\x00\x00\x03\xf0\x00\x00\x07\xf0\x00\x00\x0f\xe0\x00\x00\x0f\xe0\x00\x00\x1f\xc0\x00\x00\x1f\xc0\x00\x00\x1f\x80\x00\x00?\x80\x00\x00?\x80\x00\x00\x7f\x00\x00\x00\x7f\x00\x00\x00\x7f\x00\x00\x00\xfe\x00\x00\x00\xfe\x00\x00\x00\xfe\x00\x00\x00\xfc\x00\x00\x01\xfc\x00\x00\x01\xfc\x00\x00\x01\xfc\x00\x00\x01\xfc\x00\x00\x03\xf8\x00\x00\x03\xf8\x00\x00\x03\xf8\x00\x00\x03\xf8\x00\x00\x03\xf8\x00\x00\x03\xf8\x00\x00\x03\xf8\x00\x00\x03\xf8\x00\x00\x07\xf8\x00\x00\x07\xf8\x00\x00\x07\xf0\x00\x00\x07\xf0\x00\x00\x07\xf0\x00\x00\x07\xf0\x00\x00\x07\xf0\x00\x00\x07\xf8\x00\x00\x07\xf8\x00\x00\x07\xf8\x00\x00\x03\xf8\x00\x00\x03\xf8\x00\x00\x03\xf8\x00\x00\x03\xf8\x00\x00\x03\xf8\x00\x00\x03\xf8\x00\x00\x03\xf8\x00\x00\x01\xfc\x00\x00\x01\xfc\x00\x00\x01\xfc\x00\x00\x01\xfc\x00\x00\x01\xfe\x00\x00\x00\xfe\x00\x00\x00\xfe\x00\x00\x00\xfe\x00\x00\x00\xff\x00\x00\x00\x7f\x00\x00\x00\x7f\x00\x00\x00?\x80\x00\x00?\x80\x00\x00?\x80\x00\x00\x1f\xc0\x00\x00\x1f\xc0\x00\x00\x0f\xe0\x00\x00\x0f\xe0\x00\x00\x07\xf0\x00\x00\x07\xf0\x00\x00\x03\xf8\x00\x00\x03\xfc\x00\x00\x01\xfc\x00\x00\x00\xfe\x00\x00\x00\xff\x00\x00\x00\x7f\x80\x00\x00?\x00\x00\x00\x1c\x00\x00\x00\x08\x00\x19',
  41:b'\x00\x00\x00\x00\x00\x00\x00\x00\x00\x00\x00\x00\x00\x00\x00\x00\x00\x00\x00\x00\x00\x00\x00\x00\x00\x00\x00\x00\x00\x00\x00\x00\x08\x00\x00\x00\x1c\x00\x00\x00~\x00\x00\x00\xff\x00\x00\x00\x7f\x80\x00\x00?\x80\x00\x00\x1f\xc0\x00\x00\x1f\xe0\x00\x00\x0f\xe0\x00\x00\x0f\xf0\x00\x00\x07\xf0\x00\x00\x03\xf8\x00\x00\x03\xf8\x00\x00\x03\xfc\x00\x00\x01\xfc\x00\x00\x01\xfe\x00\x00\x00\xfe\x00\x00\x00\xfe\x00\x00\x00\xff\x00\x00\x00\x7f\x00\x00\x00\x7f\x00\x00\x00\x7f\x80\x00\x00?\x80\x00\x00?\x80\x00\x00?\xc0\x00\x00?\xc0\x00\x00\x1f\xc0\x00\x00\x1f\xc0\x00\x00\x1f\xc0\x00\x00\x1f\xe0\x00\x00\x1f\xe0\x00\x00\x0f\xe0\x00\x00\x0f\xe0\x00\x00\x0f\xe0\x00\x00\x0f\xe0\x00\x00\x0f\xe0\x00\x00\x0f\xe0\x00\x00\x0f\xe0\x00\x00\x0f\xf0\x00\x00\x0f\xf0\x00\x00\x0f\xf0\x00\x00\x0f\xf0\x00\x00\x0f\xf0\x00\x00\x0f\xf0\x00\x00\x0f\xe0\x00\x00\x0f\xe0\x00\x00\x0f\xe0\x00\x00\x0f\xe0\x00\x00\x0f\xe0\x00\x00\x0f\xe0\x00\x00\x0f\xe0\x00\x00\x0f\xe0\x00\x00\x0f\xe0\x00\x00\x1f\xc0\x00\x00\x1f\xc0\x00\x00\x1f\xc0\x00\x00\x1f\xc0\x00\x00\x1f\xc0\x00\x00?\x80\x00\x00?\x80\x00\x00?\x80\x00\x00?\x80\x00\x00\x7f\x00\x00\x00\x7f\x00\x00\x00\x7f\x00\x00\x00\xfe\x00\x00\x00\xfe\x00\x00\x01\xfc\x00\x00\x01\xfc\x00\x00\x01\xf8\x00\x00\x03\xf8\x00\x00\x03\xf0\x00\x00\x07\xf0\x00\x00\x0f\xe0\x00\x00\x0f\xe0\x00\x00\x1f\xc0\x00\x00\x1f\xc0\x00\x00?\x80\x00\x00\x7f\x00\x00\x00\xfe\x00\x00\x00~\x00\x00\x00<\x00\x00\x00\x08\x00\x00\x00\x19',
  42:b'\x00\x00\x00\x00\x00\x00\x00\x00\x00\x00\x00\x00\x00\x00\x00\x00\x00\x00\x00\x00\x00\x00\x00\x00\x00\x00\x00\x00\x00\x10\x10\x00\x00p\x1c\x00\x01\xf8?\x00\x00\xfc~\x00\x00\xfc|\x00\x00||\x00\x00>\xf8\x00\x00\x1e\xf0\x00\x00\x0f\xe0\x00\x0f\xe7\xcf\xf0\x0f\xff\xff\xf0\x0f\xff\xff\xf0\x0f\xff\xff\xf0\x0f\xc7\xc7\xf0\x00\x0f\xe0\x00\x00\x1e\xf0\x00\x00>\xf8\x00\x00||\x00\x00\xfc~\x00\x00\xfc~\x00\x01\xf8?\x00\x00p\x1c\x00\x00\x10\x18\x00\x00\x00\x00\x00\x00\x00\x00\x00\x00\x00\x00\x00\x00\x00\x00\x00\x00\x00\x00\x00\x00\x00\x00\x00\x00\x00\x00\x00\x00\x00\x00\x00\x00\x00\x00\x00\x00\x00\x00\x00\x00\x00\x00\x00\x00\x00\x00\x00\x00\x00\x00\x00\x00\x00\x00\x00\x00\x00\x00\x00\x00\x00\x00\x00\x00\x00\x00\x00\x00\x00\x00\x00\x00\x00\x00\x00\x00\x00\x00\x00\x00\x00\x00\x00\x00\x00\x00\x00\x00\x00\x00\x00\x00\x00\x00\x00\x00\x00\x00\x00\x00\x00\x00\x00\x00\x00\x00\x00\x00\x00\x00\x00\x00\x00\x00\x00\x00\x00\x00\x00\x00\x00\x00\x00\x00\x00\x00\x00\x00\x00\x00\x00\x00\x00\x00\x00\x00\x00\x00\x00\x00\x00\x00\x00\x00\x00\x00\x00\x00\x00\x00\x00\x00\x00\x00\x00\x00\x00\x00\x00\x00\x00\x00\x00\x00\x00\x00\x00\x00\x00\x00\x00\x00\x00\x00\x00\x00\x00\x00\x00\x00\x00\x00\x00\x00\x00\x00\x00\x00\x00\x00\x00\x00\x00\x00\x00\x00\x00\x00\x00\x00\x00\x00\x00\x00\x00\x00\x00\x00\x00\x00\x00\x00\x00\x00\x00\x00\x00\x00\x00\x00\x00\x00\x00\x00\x00\x00\x00\x00\x00\x00\x00\x00\x00\x00\x00\x00\x00\x00\x00\x00\x00\x00\x00\x1f',
  43:b'\x00\x00\x00\x00\x00\x00\x00\x00\x00\x00\x00\x00\x00\x00\x00\x00\x00\x00\x00\x00\x00\x00\x00\x00\x00\x00\x00\x00\x00\x00\x00\x00\x00\x00\x00\x00\x00\x00\x00\x00\x00\x00\x00\x00\x00\x00\x00\x00\x00\x00\x00\x00\x00\x00\x00\x00\x00\x00\x00\x00\x00\x00\x00\x00\x00\x00\x00\x00\x00\x00\x00\x00\x00\x00\x00\x00\x00\x00\x00\x00\x00\x00\x00\x00\x00\x00\x00\x00\x00\x00\x00\x00\x00\x00\x00\x00\x00\x00\x00\x00\x00\x00\x00\x00\x00\x00\x00\x00\x00\x00\x00\x00\x00\x00\x00\x00\x00\x00\x00\x00\x00\x00\x00\x00\x00\x00\x00\x00\x00\x00\x00\x00\x00\x00\x1f\xc0\x00\x00\x00\x00\x1f\xc0\x00\x00\x00\x00\x1f\xc0\x00\x00\x00\x00\x1f\xc0\x00\x00\x00\x00\x1f\xc0\x00\x00\x00\x00\x1f\xc0\x00\x00\x00\x00\x1f\xc0\x00\x00\x00\x00\x1f\xc0\x00\x00\x00\x00\x1f\xc0\x00\x00\x00\x00\x1f\xc0\x00\x00\x00\x00\x1f\xc0\x00\x00\x00\x00\x1f\xc0\x00\x00\x00\x00\x1f\xc0\x00\x00\x00\x00\x1f\xc0\x00\x00\x00\x00\x1f\xc0\x00\x00\x00\x00\x1f\xc0\x00\x00\x0f\xff\xff\xff\xff\x80\x0f\xff\xff\xff\xff\x80\x0f\xff\xff\xff\xff\x80\x0f\xff\xff\xff\xff\x80\x0f\xff\xff\xff\xff\x80\x0f\xff\xff\xff\xff\x80\x00\x00\x1f\xc0\x00\x00\x00\x00\x1f\xc0\x00\x00\x00\x00\x1f\xc0\x00\x00\x00\x00\x1f\xc0\x00\x00\x00\x00\x1f\xc0\x00\x00\x00\x00\x1f\xc0\x00\x00\x00\x00\x1f\xc0\x00\x00\x00\x00\x1f\xc0\x00\x00\x00\x00\x1f\xc0\x00\x00\x00\x00\x1f\xc0\x00\x00\x00\x00\x1f\xc0\x00\x00\x00\x00\x1f\xc0\x00\x00\x00\x00\x1f\xc0\x00\x00\x00\x00\x1f\xc0\x00\x00\x00\x00\x1f\xc0\x00\x00\x00\x00\x1f\xc0\x00\x00\x00\x00\x00\x00\x00\x00\x00\x00\x00\x00\x00\x00\x00\x00\x00\x00\x00\x00\x00\x00\x00\x00\x00\x00\x00\x00\x00\x00\x00\x00\x00\x00\x00\x00\x00\x00\x00\x00\x00\x00\x00\x00\x00\x00\x00\x00\x00\x00\x00\x00\x00\x00\x00\x00\x00\x00\x00\x00\x00\x00\x00\x00\x00\x00\x00\x00\x00\x00\x00\x00\x00\x00\x00\x00\x00\x00\x00\x00\x00\x00\x00\x00\x00\x00\x00\x00\x00\x00\x00\x00\x00\x00\x00\x00\x00\x00\x00\x00\x00\x00\x00\x00\x00\x00\x00\x00\x00\x00\x00\x00\x00\x00\x00\x00\x00\x00\x00\x00\x00\x00\x00\x00\x00\x00\x00\x00\x00\x00\x00\x00\x00\x00\x00\x00\x00\x00\x00\x00\x00\x00\x00\x00\x00\x00\x00\x00\x00\x00\x00\x00\x00\x00\x00\x00\x00\x00\x00\x00\x00\x00\x00\x00\x00\x00\x00\x00\x00\x00\x00\x00\x00\x00\x00\x00\x00\x00\x00\x00\x00\x00\x00\x00\x00\x00\x00\x00-',
  44:b'\x00\x00\x00\x00\x00\x00\x00\x00\x00\x00\x00\x00\x00\x00\x00\x00\x00\x00\x00\x00\x00\x00\x00\x00\x00\x00\x00\x00\x00\x00\x00\x00\x00\x00\x00\x00\x00\x00\x00\x00\x00\x00\x00\x00\x00\x00\x00\x00\x00\x00\x00\x00\x00\x00\x00\x00\x00\x00\x00\x00\x00\x00\x00\x00\x00\x00\x00\x00\x00\x00\x00\x00\x00\x00\x00\x00\x00\x00\x00\x00\x00\x00\x00\x00\x00\x00\x00\x00\x00\x00\x00\x00\x00\x00\x00\x00\x00\x00\x00\x00\x00\x00\x00\x00\x00\x00\x00\x00\x00\x00\x00\x00\x00\x00\x00\x00\x00\x00\x00\x00\x00\x00\x00\x00\x00\x00\x00\x00\x00\x00\x00\x00\x00\x00\x00\x00\x00\x00\x00\x00\x00\x00\x00\x00\x00\x00\x00\x00\x00\x00\x00\x00\x00\x00\x00\x00\x00\x00\x00\x00\x00\x00\x00\x00\x00\x00\x00\x00\x00\x00\x00\x00\x00\x00\x00\x00\x00\x00\x00\x00\x00\x00\x00\x00\x00\x00\x01\xf0\x00\x03\xf8\x00\x07\xfc\x00\x07\xfe\x00\x0f\xfe\x00\x0f\xfe\x00\x0f\xff\x00\x07\xff\x00\x07\xff\x00\x01\xff\x00\x00>\x00\x00>\x00\x00>\x00\x00~\x00\x00|\x00\x00\xfc\x00\x01\xf8\x00\x03\xf0\x00\x0f\xf0\x00\x0f\xe0\x00\x07\x80\x00\x02\x00\x00\x00\x00\x00\x00\x00\x00\x00\x00\x00\x00\x00\x00\x00\x00\x00\x00\x00\x00\x00\x00\x00\x14',
  45:b'\x00\x00\x00\x00\x00\x00\x00\x00\x00\x00\x00\x00\x00\x00\x00\x00\x00\x00\x00\x00\x00\x00\x00\x00\x00\x00\x00\x00\x00\x00\x00\x00\x00\x00\x00\x00\x00\x00\x00\x00\x00\x00\x00\x00\x00\x00\x00\x00\x00\x00\x00\x00\x00\x00\x00\x00\x00\x00\x00\x00\x00\x00\x00\x00\x00\x00\x00\x00\x00\x00\x00\x00\x00\x00\x00\x00\x00\x00\x00\x00\x00\x00\x00\x00\x00\x00\x00\x00\x00\x00\x00\x00\x00\x00\x00\x00\x00\x00\x00\x00\x00\x00\x00\x00\x00\x00\x00\x00\x00\x00\x00\x00\x00\x00\x00\x00\x00\x00\x00\x00\x00\x00\x00\x00\x00\x00\x00\x00\x00\x00\x00\x00\x00\x00\x00\x00\x00\x00\x00\x00\x00\x00\x00\x00\x00\x00\x00\x00\x00\x00\x00\x00\x00\x00\x00\x00\x00\x00\x00\x00\x00\x00\x00\x00\x00\x00\x00\x00\x07\xff\xff\xe0\x07\xff\xff\xe0\x07\xff\xff\xe0\x07\xff\xff\xe0\x07\xff\xff\xe0\x07\xff\xff\xe0\x07\xff\xff\xe0\x00\x00\x00\x00\x00\x00\x00\x00\x00\x00\x00\x00\x00\x00\x00\x00\x00\x00\x00\x00\x00\x00\x00\x00\x00\x00\x00\x00\x00\x00\x00\x00\x00\x00\x00\x00\x00\x00\x00\x00\x00\x00\x00\x00\x00\x00\x00\x00\x00\x00\x00\x00\x00\x00\x00\x00\x00\x00\x00\x00\x00\x00\x00\x00\x00\x00\x00\x00\x00\x00\x00\x00\x00\x00\x00\x00\x00\x00\x00\x00\x00\x00\x00\x00\x00\x00\x00\x00\x00\x00\x00\x00\x00\x00\x00\x00\x00\x00\x00\x00\x00\x00\x00\x00\x00\x00\x00\x00\x00\x00\x00\x00\x00\x00\x00\x00\x00\x00\x00\x00\x00\x00\x00\x00\x00\x00\x00\x00\x00\x00\x00\x00\x00\x00\x00\x00\x00\x00\x00\x00\x00\x00\x00\x00\x00\x00\x00\x00\x00\x00\x00\x00\x00\x00\x00\x00\x00\x00\x00\x00\x00\x00\x00\x00\x00\x00\x00\x00 ',
  46:b'\x00\x00\x00\x00\x00\x00\x00\x00\x00\x00\x00\x00\x00\x00\x00\x00\x00\x00\x00\x00\x00\x00\x00\x00\x00\x00\x00\x00\x00\x00\x00\x00\x00\x00\x00\x00\x00\x00\x00\x00\x00\x00\x00\x00\x00\x00\x00\x00\x00\x00\x00\x00\x00\x00\x00\x00\x00\x00\x00\x00\x00\x00\x00\x00\x00\x00\x00\x00\x00\x00\x00\x00\x00\x00\x00\x00\x00\x00\x00\x00\x00\x00\x00\x00\x00\x00\x00\x00\x00\x00\x00\x00\x00\x00\x00\x00\x00\x00\x00\x00\x00\x00\x00\x00\x00\x00\x00\x00\x00\x00\x00\x00\x00\x00\x00\x00\x00\x00\x00\x00\x00\x00\x00\x00\x00\x00\x00\x00\x00\x00\x00\x00\x00\x00\x00\x00\x00\x00\x00\x00\x00\x00\x00\x00\x00\x00\x00\x00\x00\x00\x00\x00\x00\x00\x00\x00\x00\x00\x00\x00\x00\x00\x00\x00\x00\x00\x00\x00\x00\x00\x00\x00\x00\x00\x00\x00\x00\x00\x00\x00\x00\x00\x00\x00\x00\x00\x01\xf0\x00\x03\xf8\x00\x07\xfc\x00\x07\xfc\x00\x0f\xfe\x00\x0f\xfe\x00\x07\xfc\x00\x07\xfc\x00\x03\xf8\x00\x01\xf0\x00\x00\x00\x00\x00\x00\x00\x00\x00\x00\x00\x00\x00\x00\x00\x00\x00\x00\x00\x00\x00\x00\x00\x00\x00\x00\x00\x00\x00\x00\x00\x00\x00\x00\x00\x00\x00\x00\x00\x00\x00\x00\x00\x00\x00\x00\x00\x00\x00\x00\x00\x00\x00\x00\x00\x00\x00\x00\x13',
  47:b'\x00\x00\x00\x00\x00\x00\x00\x00\x00\x00\x00\x00\x00\x00\x00\x00\x00\x00\x00\x00\x00\x00\x00\x00\x00\x00\x00\x00\x00\x00\x00\x00\x00\x00\x00\x00\x00\x00\x00\x00\x00\x00\x00\x00\x80\x00\x00\x00\x00\xf0\x00\x00\x00\x01\xfc\x00\x00\x00\x01\xf8\x00\x00\x00\x03\xf8\x00\x00\x00\x03\xf0\x00\x00\x00\x07\xf0\x00\x00\x00\x07\xf0\x00\x00\x00\x0f\xe0\x00\x00\x00\x0f\xe0\x00\x00\x00\x1f\xc0\x00\x00\x00\x1f\xc0\x00\x00\x00\x1f\x80\x00\x00\x00?\x80\x00\x00\x00?\x00\x00\x00\x00\x7f\x00\x00\x00\x00\x7f\x00\x00\x00\x00\xfe\x00\x00\x00\x00\xfe\x00\x00\x00\x01\xfc\x00\x00\x00\x01\xfc\x00\x00\x00\x01\xf8\x00\x00\x00\x03\xf8\x00\x00\x00\x03\xf0\x00\x00\x00\x07\xf0\x00\x00\x00\x07\xe0\x00\x00\x00\x0f\xe0\x00\x00\x00\x0f\xe0\x00\x00\x00\x1f\xc0\x00\x00\x00\x1f\xc0\x00\x00\x00\x1f\x80\x00\x00\x00?\x80\x00\x00\x00?\x00\x00\x00\x00\x7f\x00\x00\x00\x00~\x00\x00\x00\x00\xfe\x00\x00\x00\x00\xfe\x00\x00\x00\x01\xfc\x00\x00\x00\x01\xfc\x00\x00\x00\x03\xf8\x00\x00\x00\x03\xf8\x00\x00\x00\x03\xf0\x00\x00\x00\x07\xf0\x00\x00\x00\x07\xe0\x00\x00\x00\x0f\xe0\x00\x00\x00\x0f\xe0\x00\x00\x00\x1f\xc0\x00\x00\x00\x1f\xc0\x00\x00\x00?\x80\x00\x00\x00?\x80\x00\x00\x00?\x00\x00\x00\x00\x7f\x00\x00\x00\x00~\x00\x00\x00\x00\xfe\x00\x00\x00\x00\xfe\x00\x00\x00\x01\xfc\x00\x00\x00\x01\xfc\x00\x00\x00\x03\xf8\x00\x00\x00\x03\xf8\x00\x00\x00\x03\xf0\x00\x00\x00\x07\xf0\x00\x00\x00\x07\xe0\x00\x00\x00\x0f\xe0\x00\x00\x00\x0f\xc0\x00\x00\x00\x1f\xc0\x00\x00\x00\x1f\xc0\x00\x00\x00?\x80\x00\x00\x00?\x80\x00\x00\x00\x7f\x00\x00\x00\x00\x7f\x00\x00\x00\x00~\x00\x00\x00\x00\xfe\x00\x00\x00\x00\xfc\x00\x00\x00\x00<\x00\x00\x00\x00\x0c\x00\x00\x00\x00\x00\x00\x00\x00\x00\x00\x00\x00\x00\x00\x00\x00\x00\x00\x00\x00\x00\x00\x00\x00\x00\x00\x00\x00\x00\x00\x00\x00\x00\x00\x00\x00\x00\x00\x00\x00\x00\x00\x00\x00&',
  48:b'\x00\x00\x00\x00\x00\x00\x00\x00\x00\x00\x00\x00\x00\x00\x00\x00\x00\x00\x00\x00\x00\x00\x00\x00\x00\x00\x00\x00\x00\x00\x00\x00\x00\x00\x00\x00\x00\x00\x00\x00\x00\x00\x00\x00\x00\x00\x00\x00\x00\x00\x00\x00\x00\x00\x00\x00\x00\x00\x0f\xf8\x00\x00\x00\x00\x00\xff\xff\x00\x00\x00\x00\x01\xff\xff\xc0\x00\x00\x00\x07\xff\xff\xf0\x00\x00\x00\x0f\xff\xff\xf8\x00\x00\x00\x1f\xff\xff\xfc\x00\x00\x00?\xf8\x0f\xfe\x00\x00\x00\x7f\xe0\x03\xff\x00\x00\x00\x7f\x80\x01\xff\x00\x00\x00\xff\x00\x00\xff\x80\x00\x00\xfe\x00\x00\x7f\x80\x00\x01\xfe\x00\x00?\xc0\x00\x01\xfc\x00\x00?\xc0\x00\x03\xfc\x00\x00\x1f\xc0\x00\x03\xf8\x00\x00\x1f\xe0\x00\x03\xf8\x00\x00\x1f\xe0\x00\x07\xf8\x00\x00\x0f\xe0\x00\x07\xf8\x00\x00\x0f\xe0\x00\x07\xf0\x00\x00\x0f\xf0\x00\x07\xf0\x00\x00\x0f\xf0\x00\x07\xf0\x00\x00\x0f\xf0\x00\x0f\xf0\x00\x00\x07\xf0\x00\x0f\xf0\x00\x00\x07\xf0\x00\x0f\xf0\x00\x00\x07\xf0\x00\x0f\xf0\x00\x00\x07\xf0\x00\x0f\xe0\x00\x00\x07\xf0\x00\x0f\xe0\x00\x00\x07\xf0\x00\x0f\xe0\x00\x00\x07\xf8\x00\x0f\xe0\x00\x00\x07\xf8\x00\x0f\xe0\x00\x00\x07\xf8\x00\x0f\xe0\x00\x00\x07\xf8\x00\x0f\xe0\x00\x00\x07\xf8\x00\x0f\xe0\x00\x00\x07\xf8\x00\x0f\xe0\x00\x00\x07\xf8\x00\x0f\xe0\x00\x00\x07\xf8\x00\x0f\xe0\x00\x00\x07\xf8\x00\x0f\xe0\x00\x00\x07\xf8\x00\x0f\xe0\x00\x00\x07\xf0\x00\x0f\xe0\x00\x00\x07\xf0\x00\x0f\xf0\x00\x00\x07\xf0\x00\x0f\xf0\x00\x00\x07\xf0\x00\x0f\xf0\x00\x00\x07\xf0\x00\x07\xf0\x00\x00\x07\xf0\x00\x07\xf0\x00\x00\x07\xf0\x00\x07\xf0\x00\x00\x0f\xf0\x00\x07\xf8\x00\x00\x0f\xe0\x00\x07\xf8\x00\x00\x0f\xe0\x00\x07\xf8\x00\x00\x0f\xe0\x00\x03\xf8\x00\x00\x1f\xe0\x00\x03\xfc\x00\x00\x1f\xc0\x00\x03\xfc\x00\x00\x1f\xc0\x00\x01\xfe\x00\x00?\xc0\x00\x01\xfe\x00\x00?\x80\x00\x00\xff\x00\x00\x7f\x80\x00\x00\xff\x80\x00\xff\x00\x00\x00\x7f\xc0\x01\xff\x00\x00\x00\x7f\xe0\x03\xfe\x00\x00\x00?\xf8\x0f\xfc\x00\x00\x00\x1f\xff\xff\xf8\x00\x00\x00\x0f\xff\xff\xf8\x00\x00\x00\x07\xff\xff\xe0\x00\x00\x00\x03\xff\xff\xc0\x00\x00\x00\x00\xff\xff\x00\x00\x00\x00\x00\x1f\xf8\x00\x00\x00\x00\x00\x00\x00\x00\x00\x00\x00\x00\x00\x00\x00\x00\x00\x00\x00\x00\x00\x00\x00\x00\x00\x00\x00\x00\x00\x00\x00\x00\x00\x00\x00\x00\x00\x00\x00\x00\x00\x00\x00\x00\x00\x00\x00\x00\x00\x00\x00\x00\x00\x00\x00\x00\x00\x00\x00\x00\x00\x00\x00\x00\x00\x00\x00\x00\x00\x00\x00\x00\x00\x00\x00\x00\x00\x00\x00\x00\x00\x00\x00\x00\x00\x00\x00\x00\x00\x00\x00\x00\x00\x00\x00\x00\x00\x00\x00\x00\x00\x00\x00\x00\x00\x00\x00\x00\x00\x00\x00\x00\x00\x00\x00\x00\x00\x00\x00\x00\x00\x00\x00\x00\x00\x00\x00\x00\x00\x00\x00\x00\x00\x00\x00\x001',
  49:b'\x00\x00\x00\x00\x00\x00\x00\x00\x00\x00\x00\x00\x00\x00\x00\x00\x00\x00\x00\x00\x00\x00\x00\x00\x00\x00\x00\x00\x00\x00\x00\x00\x00\x00\x00\x00\x00\x00\x00\x00\x00\x00\x00\x00\x00\x00\x00\x00\x00\x00\x00\x00\x00\x00\x00\x00\x00\x00\x00x\x00\x00\x00\x00\x00\x00\xf8\x00\x00\x00\x00\x00\x01\xf8\x00\x00\x00\x00\x00\x07\xf8\x00\x00\x00\x00\x00\x0f\xf8\x00\x00\x00\x00\x00\x1f\xf8\x00\x00\x00\x00\x00?\xf8\x00\x00\x00\x00\x00\xff\xf8\x00\x00\x00\x00\x01\xff\xf8\x00\x00\x00\x00\x03\xfd\xf8\x00\x00\x00\x00\x07\xf9\xf8\x00\x00\x00\x00\x1f\xfb\xf8\x00\x00\x00\x00?\xf3\xf8\x00\x00\x00\x00\x7f\xe3\xf8\x00\x00\x00\x01\xff\x83\xf8\x00\x00\x00\x03\xff\x03\xf8\x00\x00\x00\x01\xfc\x03\xf8\x00\x00\x00\x00\xf8\x03\xf8\x00\x00\x00\x00\xf0\x03\xf8\x00\x00\x00\x00@\x03\xf8\x00\x00\x00\x00\x00\x03\xf8\x00\x00\x00\x00\x00\x03\xf8\x00\x00\x00\x00\x00\x03\xf8\x00\x00\x00\x00\x00\x03\xf8\x00\x00\x00\x00\x00\x03\xf8\x00\x00\x00\x00\x00\x03\xf8\x00\x00\x00\x00\x00\x03\xf8\x00\x00\x00\x00\x00\x03\xf8\x00\x00\x00\x00\x00\x03\xf8\x00\x00\x00\x00\x00\x03\xf8\x00\x00\x00\x00\x00\x03\xf8\x00\x00\x00\x00\x00\x03\xf8\x00\x00\x00\x00\x00\x03\xf8\x00\x00\x00\x00\x00\x03\xf8\x00\x00\x00\x00\x00\x03\xf8\x00\x00\x00\x00\x00\x03\xf8\x00\x00\x00\x00\x00\x03\xf8\x00\x00\x00\x00\x00\x03\xf8\x00\x00\x00\x00\x00\x03\xf8\x00\x00\x00\x00\x00\x03\xf8\x00\x00\x00\x00\x00\x03\xf8\x00\x00\x00\x00\x00\x03\xf8\x00\x00\x00\x00\x00\x03\xf8\x00\x00\x00\x00\x00\x03\xf8\x00\x00\x00\x00\x00\x03\xf8\x00\x00\x00\x00\x00\x03\xf8\x00\x00\x00\x00\x00\x03\xf8\x00\x00\x00\x00\x00\x03\xf8\x00\x00\x00\x00\x00\x03\xf8\x00\x00\x00\x00\x00\x03\xf8\x00\x00\x00\x00\x00\x03\xf8\x00\x00\x00\x00\x00\x03\xf8\x00\x00\x00\x00\x00\x03\xf8\x00\x00\x00\x00\x00\x03\xf8\x00\x00\x00\x00\x00\x03\xf8\x00\x00\x00\x00\x00\x03\xf8\x00\x00\x00\x00?\xff\xff\xff\x80\x00\x00?\xff\xff\xff\x80\x00\x00?\xff\xff\xff\x80\x00\x00?\xff\xff\xff\x80\x00\x00?\xff\xff\xff\x80\x00\x00?\xff\xff\xff\x80\x00\x00?\xff\xff\xff\x80\x00\x00\x00\x00\x00\x00\x00\x00\x00\x00\x00\x00\x00\x00\x00\x00\x00\x00\x00\x00\x00\x00\x00\x00\x00\x00\x00\x00\x00\x00\x00\x00\x00\x00\x00\x00\x00\x00\x00\x00\x00\x00\x00\x00\x00\x00\x00\x00\x00\x00\x00\x00\x00\x00\x00\x00\x00\x00\x00\x00\x00\x00\x00\x00\x00\x00\x00\x00\x00\x00\x00\x00\x00\x00\x00\x00\x00\x00\x00\x00\x00\x00\x00\x00\x00\x00\x00\x00\x00\x00\x00\x00\x00\x00\x00\x00\x00\x00\x00\x00\x00\x00\x00\x00\x00\x00\x00\x00\x00\x00\x00\x00\x00\x00\x00\x00\x00\x00\x00\x00\x00\x00\x00\x00\x00\x00\x00\x00\x00\x00\x00\x00\x00\x00\x00\x00\x00\x00\x00\x00\x001',
  50:b'\x00\x00\x00\x00\x00\x00\x00\x00\x00\x00\x00\x00\x00\x00\x00\x00\x00\x00\x00\x00\x00\x00\x00\x00\x00\x00\x00\x00\x00\x00\x00\x00\x00\x00\x00\x00\x00\x00\x00\x00\x00\x00\x00\x00\x00\x00\x00\x00\x00\x00\x00\x00\x00\x00\x00\x00\x00\x00?\xf8\x00\x00\x00\x00\x03\xff\xff\x00\x00\x00\x00\x1f\xff\xff\x80\x00\x00\x00?\xff\xff\xe0\x00\x00\x00\xff\xff\xff\xf0\x00\x00\x01\xff\xff\xff\xf8\x00\x00\x00\xff\xe0?\xf8\x00\x00\x00\xff\x00\x0f\xfc\x00\x00\x00|\x00\x07\xfc\x00\x00\x00p\x00\x03\xfe\x00\x00\x00 \x00\x01\xfe\x00\x00\x00\x00\x00\x01\xfe\x00\x00\x00\x00\x00\x00\xfe\x00\x00\x00\x00\x00\x00\xff\x00\x00\x00\x00\x00\x00\xff\x00\x00\x00\x00\x00\x00\xff\x00\x00\x00\x00\x00\x00\xff\x00\x00\x00\x00\x00\x00\xff\x00\x00\x00\x00\x00\x00\xfe\x00\x00\x00\x00\x00\x00\xfe\x00\x00\x00\x00\x00\x00\xfe\x00\x00\x00\x00\x00\x00\xfe\x00\x00\x00\x00\x00\x01\xfe\x00\x00\x00\x00\x00\x01\xfc\x00\x00\x00\x00\x00\x01\xfc\x00\x00\x00\x00\x00\x03\xfc\x00\x00\x00\x00\x00\x03\xf8\x00\x00\x00\x00\x00\x07\xf8\x00\x00\x00\x00\x00\x07\xf0\x00\x00\x00\x00\x00\x07\xf0\x00\x00\x00\x00\x00\x0f\xe0\x00\x00\x00\x00\x00\x1f\xe0\x00\x00\x00\x00\x00\x1f\xc0\x00\x00\x00\x00\x00?\xc0\x00\x00\x00\x00\x00?\x80\x00\x00\x00\x00\x00\x7f\x80\x00\x00\x00\x00\x00\x7f\x00\x00\x00\x00\x00\x00\xff\x00\x00\x00\x00\x00\x01\xfe\x00\x00\x00\x00\x00\x01\xfc\x00\x00\x00\x00\x00\x03\xfc\x00\x00\x00\x00\x00\x07\xf8\x00\x00\x00\x00\x00\x0f\xf0\x00\x00\x00\x00\x00\x0f\xe0\x00\x00\x00\x00\x00\x1f\xe0\x00\x00\x00\x00\x00?\xc0\x00\x00\x00\x00\x00\x7f\x80\x00\x00\x00\x00\x00\x7f\x00\x00\x00\x00\x00\x00\xff\x00\x00\x00\x00\x00\x01\xfe\x00\x00\x00\x00\x00\x03\xfc\x00\x00\x00\x00\x00\x07\xf8\x00\x00\x00\x00\x00\x0f\xf0\x00\x00\x00\x00\x00\x0f\xe0\x00\x00\x00\x00\x00\x1f\xc0\x00\x00\x00\x00\x00?\x80\x00\x00\x00\x00\x00\x7f\x1f\xff\xff\x80\x00\x00\xff\xff\xff\xff\x80\x00\x01\xff\xff\xff\xff\x80\x00\x03\xff\xff\xff\xff\x80\x00\x03\xff\xff\xff\xff\x80\x00\x03\xff\xff\xff\xff\x80\x00\x03\xff\xff\xff\xff\x80\x00\x00\x00\x00\x00\x00\x00\x00\x00\x00\x00\x00\x00\x00\x00\x00\x00\x00\x00\x00\x00\x00\x00\x00\x00\x00\x00\x00\x00\x00\x00\x00\x00\x00\x00\x00\x00\x00\x00\x00\x00\x00\x00\x00\x00\x00\x00\x00\x00\x00\x00\x00\x00\x00\x00\x00\x00\x00\x00\x00\x00\x00\x00\x00\x00\x00\x00\x00\x00\x00\x00\x00\x00\x00\x00\x00\x00\x00\x00\x00\x00\x00\x00\x00\x00\x00\x00\x00\x00\x00\x00\x00\x00\x00\x00\x00\x00\x00\x00\x00\x00\x00\x00\x00\x00\x00\x00\x00\x00\x00\x00\x00\x00\x00\x00\x00\x00\x00\x00\x00\x00\x00\x00\x00\x00\x00\x00\x00\x00\x00\x00\x00\x00\x00\x00\x00\x00\x00\x00\x00\x001',
  51:b'\x00\x00\x00\x00\x00\x00\x00\x00\x00\x00\x00\x00\x00\x00\x00\x00\x00\x00\x00\x00\x00\x00\x00\x00\x00\x00\x00\x00\x00\x00\x00\x00\x00\x00\x00\x00\x00\x00\x00\x00\x00\x00\x00\x00\x00\x00\x00\x00\x00\x00\x00\x00\x00\x00\x00\x00\x00\x00\x00\x00\x00\x00\x00\x00\xff\xff\xff\xff\x00\x00\x00\xff\xff\xff\xff\x00\x00\x00\xff\xff\xff\xff\x00\x00\x00\xff\xff\xff\xfe\x00\x00\x00\xff\xff\xff\xfe\x00\x00\x00\xff\xff\xff\xfc\x00\x00\x00\xff\xff\xf9\xf8\x00\x00\x00\x00\x00\x03\xf8\x00\x00\x00\x00\x00\x07\xf0\x00\x00\x00\x00\x00\x0f\xe0\x00\x00\x00\x00\x00\x1f\xe0\x00\x00\x00\x00\x00?\xc0\x00\x00\x00\x00\x00?\x80\x00\x00\x00\x00\x00\x7f\x80\x00\x00\x00\x00\x00\xff\x00\x00\x00\x00\x00\x00\xfe\x00\x00\x00\x00\x00\x01\xfe\x00\x00\x00\x00\x00\x03\xfc\x00\x00\x00\x00\x00\x03\xf8\x00\x00\x00\x00\x00\x07\xf8\x00\x00\x00\x00\x00\x0f\xf0\x00\x00\x00\x00\x00\x0f\xe0\x00\x00\x00\x00\x00\x1f\xc0\x00\x00\x00\x00\x00?\xc0\x00\x00\x00\x00\x00?\x80\x00\x00\x00\x00\x00\x7f\x00\x00\x00\x00\x00\x00\xfd\xf8\x00\x00\x00\x00\x00\xff\xff\x80\x00\x00\x00\x01\xff\xff\xc0\x00\x00\x00\x03\xff\xff\xf0\x00\x00\x00\x03\xff\xff\xf8\x00\x00\x00\x03\xff\xff\xfc\x00\x00\x00\x00\x00?\xfe\x00\x00\x00\x00\x00\x07\xfe\x00\x00\x00\x00\x00\x01\xff\x00\x00\x00\x00\x00\x00\xff\x80\x00\x00\x00\x00\x00\x7f\x80\x00\x00\x00\x00\x00\x7f\x80\x00\x00\x00\x00\x00?\xc0\x00\x00\x00\x00\x00?\xc0\x00\x00\x00\x00\x00?\xc0\x00\x00\x00\x00\x00\x1f\xc0\x00\x00\x00\x00\x00\x1f\xc0\x00\x00\x00\x00\x00\x1f\xc0\x00\x00\x00\x00\x00\x1f\xc0\x00\x00\x00\x00\x00\x1f\xc0\x00\x00\x00\x00\x00\x1f\xc0\x00\x00\x00\x00\x00?\xc0\x00\x00\x00\x00\x00?\x80\x00\x00\x00\x00\x00?\x80\x00\x00\x00\x00\x00\x7f\x80\x00\x00\x00\x00\x00\x7f\x00\x00\x00\x00\x00\x00\xff\x00\x00\x00\x00\x00\x01\xfe\x00\x00\x00\x00\x00\x03\xfe\x00\x00\x00 \x00\x0f\xfc\x00\x00\x00~\x00\x7f\xf8\x00\x00\x00\x7f\xff\xff\xf0\x00\x00\x00\x7f\xff\xff\xe0\x00\x00\x00\xff\xff\xff\x80\x00\x00\x00\xff\xff\xff\x00\x00\x00\x00\x7f\xff\xfc\x00\x00\x00\x00\x03\xff\xc0\x00\x00\x00\x00\x00\x00\x00\x00\x00\x00\x00\x00\x00\x00\x00\x00\x00\x00\x00\x00\x00\x00\x00\x00\x00\x00\x00\x00\x00\x00\x00\x00\x00\x00\x00\x00\x00\x00\x00\x00\x00\x00\x00\x00\x00\x00\x00\x00\x00\x00\x00\x00\x00\x00\x00\x00\x00\x00\x00\x00\x00\x00\x00\x00\x00\x00\x00\x00\x00\x00\x00\x00\x00\x00\x00\x00\x00\x00\x00\x00\x00\x00\x00\x00\x00\x00\x00\x00\x00\x00\x00\x00\x00\x00\x00\x00\x00\x00\x00\x00\x00\x00\x00\x00\x00\x00\x00\x00\x00\x00\x00\x00\x00\x00\x00\x00\x00\x00\x00\x00\x00\x00\x00\x00\x00\x00\x00\x00\x00\x00\x00\x00\x00\x00\x00\x001',
  52:b'\x00\x00\x00\x00\x00\x00\x00\x00\x00\x00\x00\x00\x00\x00\x00\x00\x00\x00\x00\x00\x00\x00\x00\x00\x00\x00\x00\x00\x00\x00\x00\x00\x00\x00\x00\x00\x00\x00\x00\x00\x00\x00\x00\x00\x00\x00\x00\x00\x00\x00\x00\x00\x00\x00\x00\x00\x00\x00\x00\x01\xf0\x00\x00\x00\x00\x00\x03\xf0\x00\x00\x00\x00\x00\x03\xf0\x00\x00\x00\x00\x00\x07\xf0\x00\x00\x00\x00\x00\x0f\xf0\x00\x00\x00\x00\x00\x1f\xf0\x00\x00\x00\x00\x00\x1f\xf0\x00\x00\x00\x00\x00?\xf0\x00\x00\x00\x00\x00\x7f\xf0\x00\x00\x00\x00\x00\x7f\xf0\x00\x00\x00\x00\x00\xff\xf0\x00\x00\x00\x00\x01\xff\xf0\x00\x00\x00\x00\x03\xfb\xf0\x00\x00\x00\x00\x03\xfb\xf0\x00\x00\x00\x00\x07\xf3\xf0\x00\x00\x00\x00\x0f\xf3\xf0\x00\x00\x00\x00\x1f\xe7\xf0\x00\x00\x00\x00\x1f\xe7\xf0\x00\x00\x00\x00?\xc7\xf0\x00\x00\x00\x00\x7f\x87\xf0\x00\x00\x00\x00\x7f\x07\xf0\x00\x00\x00\x00\xff\x07\xf0\x00\x00\x00\x01\xfe\x07\xf0\x00\x00\x00\x03\xfc\x07\xf0\x00\x00\x00\x03\xf8\x07\xf0\x00\x00\x00\x07\xf8\x07\xf0\x00\x00\x00\x0f\xf0\x07\xf0\x00\x00\x00\x0f\xe0\x07\xf0\x00\x00\x00\x1f\xc0\x07\xf0\x00\x00\x00?\xc0\x07\xf0\x00\x00\x00\x7f\x80\x07\xf0\x00\x00\x00\x7f\x00\x07\xf0\x00\x00\x00\xfe\x00\x07\xf0\x00\x00\x01\xfe\x00\x07\xf0\x00\x00\x01\xfc\x00\x07\xf0\x00\x00\x03\xf8\x00\x07\xf0\x00\x00\x07\xf0\x00\x07\xf0\x00\x00\x0f\xe0\x00\x07\xf0\x00\x00\x0f\xcf\xff\xff\xff\xfe\x00\x1f\xff\xff\xff\xff\xfe\x00?\xff\xff\xff\xff\xfe\x00?\xff\xff\xff\xff\xfe\x00?\xff\xff\xff\xff\xfe\x00?\xff\xff\xff\xff\xfe\x00\x00\x00\x00\x07\xf0\x00\x00\x00\x00\x00\x07\xf0\x00\x00\x00\x00\x00\x07\xf0\x00\x00\x00\x00\x00\x07\xf0\x00\x00\x00\x00\x00\x07\xf0\x00\x00\x00\x00\x00\x07\xf0\x00\x00\x00\x00\x00\x07\xf0\x00\x00\x00\x00\x00\x07\xf0\x00\x00\x00\x00\x00\x07\xf0\x00\x00\x00\x00\x00\x07\xf0\x00\x00\x00\x00\x00\x07\xf0\x00\x00\x00\x00\x00\x07\xf0\x00\x00\x00\x00\x00\x07\xf0\x00\x00\x00\x00\x00\x07\xf0\x00\x00\x00\x00\x00\x07\xf0\x00\x00\x00\x00\x00\x07\xf0\x00\x00\x00\x00\x00\x07\xf0\x00\x00\x00\x00\x00\x07\xf0\x00\x00\x00\x00\x00\x07\xf0\x00\x00\x00\x00\x00\x00\x00\x00\x00\x00\x00\x00\x00\x00\x00\x00\x00\x00\x00\x00\x00\x00\x00\x00\x00\x00\x00\x00\x00\x00\x00\x00\x00\x00\x00\x00\x00\x00\x00\x00\x00\x00\x00\x00\x00\x00\x00\x00\x00\x00\x00\x00\x00\x00\x00\x00\x00\x00\x00\x00\x00\x00\x00\x00\x00\x00\x00\x00\x00\x00\x00\x00\x00\x00\x00\x00\x00\x00\x00\x00\x00\x00\x00\x00\x00\x00\x00\x00\x00\x00\x00\x00\x00\x00\x00\x00\x00\x00\x00\x00\x00\x00\x00\x00\x00\x00\x00\x00\x00\x00\x00\x00\x00\x00\x00\x00\x00\x00\x00\x00\x00\x00\x00\x00\x00\x00\x00\x00\x00\x00\x00\x00\x00\x00\x00\x00\x00\x00\x00\x00\x00\x001',
  53:b'\x00\x00\x00\x00\x00\x00\x00\x00\x00\x00\x00\x00\x00\x00\x00\x00\x00\x00\x00\x00\x00\x00\x00\x00\x00\x00\x00\x00\x00\x00\x00\x00\x00\x00\x00\x00\x00\x00\x00\x00\x00\x00\x00\x00\x00\x00\x00\x00\x00\x00\x00\x00\x00\x00\x00\x00\x00\x00\x00\x00\x00\x00\x00\x00\x1f\xff\xff\xfe\x00\x00\x00\x1f\xff\xff\xfe\x00\x00\x00\x1f\xff\xff\xfe\x00\x00\x00\x1f\xff\xff\xfe\x00\x00\x00\x1f\xff\xff\xfe\x00\x00\x00\x1f\xff\xff\xfe\x00\x00\x00\x1f\xff\xff\xfe\x00\x00\x00\x1f\x80\x00\x00\x00\x00\x00\x1f\x80\x00\x00\x00\x00\x00\x1f\x80\x00\x00\x00\x00\x00\x1f\x80\x00\x00\x00\x00\x00\x1f\x80\x00\x00\x00\x00\x00\x1f\x80\x00\x00\x00\x00\x00\x1f\x80\x00\x00\x00\x00\x00\x1f\x80\x00\x00\x00\x00\x00\x1f\x80\x00\x00\x00\x00\x00\x1f\x80\x00\x00\x00\x00\x00\x1f\x80\x00\x00\x00\x00\x00\x1f\x80\x00\x00\x00\x00\x00\x1f\x80\x00\x00\x00\x00\x00\x1f\x80\x00\x00\x00\x00\x00\x1f\x80\x00\x00\x00\x00\x00\x1f\x80\x00\x00\x00\x00\x00\x1f\x80\x00\x00\x00\x00\x00\x1f\xff\xc0\x00\x00\x00\x00\x1f\xff\xfc\x00\x00\x00\x00\x1f\xff\xff\x00\x00\x00\x00\x1f\xff\xff\x80\x00\x00\x00\x1f\xff\xff\xe0\x00\x00\x00\x1f\xff\xff\xf0\x00\x00\x00\x00\x01\xff\xf8\x00\x00\x00\x00\x00?\xf8\x00\x00\x00\x00\x00\x0f\xfc\x00\x00\x00\x00\x00\x07\xfc\x00\x00\x00\x00\x00\x03\xfe\x00\x00\x00\x00\x00\x01\xfe\x00\x00\x00\x00\x00\x00\xff\x00\x00\x00\x00\x00\x00\xff\x00\x00\x00\x00\x00\x00\x7f\x00\x00\x00\x00\x00\x00\x7f\x00\x00\x00\x00\x00\x00\x7f\x00\x00\x00\x00\x00\x00\x7f\x00\x00\x00\x00\x00\x00\x7f\x00\x00\x00\x00\x00\x00\x7f\x00\x00\x00\x00\x00\x00\x7f\x00\x00\x00\x00\x00\x00\x7f\x00\x00\x00\x00\x00\x00\x7f\x00\x00\x00\x00\x00\x00\x7f\x00\x00\x00\x00\x00\x00\xff\x00\x00\x00\x00\x00\x00\xfe\x00\x00\x00\x00\x00\x01\xfe\x00\x00\x00\x00\x00\x01\xfc\x00\x00\x00\x00\x00\x03\xfc\x00\x00\x00\x00\x00\x07\xf8\x00\x00\x00\x00\x00\x0f\xf8\x00\x00\x00@\x00?\xf0\x00\x00\x00\xf8\x01\xff\xe0\x00\x00\x00\xff\xff\xff\xc0\x00\x00\x00\xff\xff\xff\x80\x00\x00\x01\xff\xff\xff\x00\x00\x00\x01\xff\xff\xfc\x00\x00\x00\x00\xff\xff\xf0\x00\x00\x00\x00\x0f\xff\x00\x00\x00\x00\x00\x00\x00\x00\x00\x00\x00\x00\x00\x00\x00\x00\x00\x00\x00\x00\x00\x00\x00\x00\x00\x00\x00\x00\x00\x00\x00\x00\x00\x00\x00\x00\x00\x00\x00\x00\x00\x00\x00\x00\x00\x00\x00\x00\x00\x00\x00\x00\x00\x00\x00\x00\x00\x00\x00\x00\x00\x00\x00\x00\x00\x00\x00\x00\x00\x00\x00\x00\x00\x00\x00\x00\x00\x00\x00\x00\x00\x00\x00\x00\x00\x00\x00\x00\x00\x00\x00\x00\x00\x00\x00\x00\x00\x00\x00\x00\x00\x00\x00\x00\x00\x00\x00\x00\x00\x00\x00\x00\x00\x00\x00\x00\x00\x00\x00\x00\x00\x00\x00\x00\x00\x00\x00\x00\x00\x00\x00\x00\x00\x00\x00\x00\x001',
  54:b'\x00\x00\x00\x00\x00\x00\x00\x00\x00\x00\x00\x00\x00\x00\x00\x00\x00\x00\x00\x00\x00\x00\x00\x00\x00\x00\x00\x00\x00\x00\x00\x00\x00\x00\x00\x00\x00\x00\x00\x00\x00\x00\x00\x00\x00\x00\x00\x00\x00\x00\x00\x00\x00\x00\x00\x00\x00\x00\x00\x00`\x00\x00\x00\x00\x00\x07\xf0\x00\x00\x00\x00\x00\x1f\xf0\x00\x00\x00\x00\x00\x7f\xf0\x00\x00\x00\x00\x01\xff\xf0\x00\x00\x00\x00\x03\xff\xf8\x00\x00\x00\x00\x0f\xff\xe0\x00\x00\x00\x00\x1f\xfe\x00\x00\x00\x00\x00?\xf8\x00\x00\x00\x00\x00\x7f\xe0\x00\x00\x00\x00\x00\xff\xc0\x00\x00\x00\x00\x01\xff\x00\x00\x00\x00\x00\x03\xfe\x00\x00\x00\x00\x00\x03\xfc\x00\x00\x00\x00\x00\x07\xf8\x00\x00\x00\x00\x00\x0f\xf0\x00\x00\x00\x00\x00\x0f\xf0\x00\x00\x00\x00\x00\x1f\xe0\x00\x00\x00\x00\x00\x1f\xc0\x00\x00\x00\x00\x00?\x80\x00\x00\x00\x00\x00?\x80\x00\x00\x00\x00\x00\x7f\x00\x00\x00\x00\x00\x00\x7f\x00\x00\x00\x00\x00\x00\xfe\x00\x00\x00\x00\x00\x00\xfe\x00\x00\x00\x00\x00\x00\xfe\x00\x00\x00\x00\x00\x01\xfc\x07\xfe\x00\x00\x00\x01\xfc\x1f\xff\xc0\x00\x00\x01\xfc\x7f\xff\xf0\x00\x00\x01\xf9\xff\xff\xfc\x00\x00\x03\xfb\xff\xff\xfe\x00\x00\x03\xff\xff\xff\xff\x00\x00\x03\xff\xf8\x07\xff\x00\x00\x03\xff\xc0\x01\xff\x80\x00\x03\xff\x00\x00\x7f\xc0\x00\x03\xfe\x00\x00?\xc0\x00\x03\xfc\x00\x00?\xe0\x00\x07\xf8\x00\x00\x1f\xe0\x00\x07\xf8\x00\x00\x1f\xe0\x00\x07\xf0\x00\x00\x0f\xe0\x00\x07\xf0\x00\x00\x0f\xf0\x00\x07\xf0\x00\x00\x0f\xf0\x00\x07\xf0\x00\x00\x0f\xf0\x00\x07\xf0\x00\x00\x0f\xf0\x00\x07\xf0\x00\x00\x0f\xf0\x00\x07\xf0\x00\x00\x0f\xf0\x00\x03\xf8\x00\x00\x0f\xf0\x00\x03\xf8\x00\x00\x0f\xf0\x00\x03\xf8\x00\x00\x0f\xe0\x00\x03\xf8\x00\x00\x0f\xe0\x00\x03\xfc\x00\x00\x1f\xe0\x00\x01\xfc\x00\x00\x1f\xe0\x00\x01\xfe\x00\x00?\xc0\x00\x01\xff\x00\x00?\xc0\x00\x00\xff\x00\x00\x7f\x80\x00\x00\x7f\xc0\x00\xff\x80\x00\x00\x7f\xe0\x01\xff\x00\x00\x00?\xf8\x0f\xfe\x00\x00\x00\x1f\xff\xff\xfe\x00\x00\x00\x0f\xff\xff\xfc\x00\x00\x00\x07\xff\xff\xf0\x00\x00\x00\x01\xff\xff\xe0\x00\x00\x00\x00\x7f\xff\x80\x00\x00\x00\x00\x0f\xfc\x00\x00\x00\x00\x00\x00\x00\x00\x00\x00\x00\x00\x00\x00\x00\x00\x00\x00\x00\x00\x00\x00\x00\x00\x00\x00\x00\x00\x00\x00\x00\x00\x00\x00\x00\x00\x00\x00\x00\x00\x00\x00\x00\x00\x00\x00\x00\x00\x00\x00\x00\x00\x00\x00\x00\x00\x00\x00\x00\x00\x00\x00\x00\x00\x00\x00\x00\x00\x00\x00\x00\x00\x00\x00\x00\x00\x00\x00\x00\x00\x00\x00\x00\x00\x00\x00\x00\x00\x00\x00\x00\x00\x00\x00\x00\x00\x00\x00\x00\x00\x00\x00\x00\x00\x00\x00\x00\x00\x00\x00\x00\x00\x00\x00\x00\x00\x00\x00\x00\x00\x00\x00\x00\x00\x00\x00\x00\x00\x00\x00\x00\x00\x00\x00\x00\x001',
  55:b'\x00\x00\x00\x00\x00\x00\x00\x00\x00\x00\x00\x00\x00\x00\x00\x00\x00\x00\x00\x00\x00\x00\x00\x00\x00\x00\x00\x00\x00\x00\x00\x00\x00\x00\x00\x00\x00\x00\x00\x00\x00\x00\x00\x00\x00\x00\x00\x00\x00\x00\x00\x00\x00\x00\x00\x00\x00\x00\x00\x00\x00\x00\x00\x07\xff\xff\xff\xff\xe0\x00\x07\xff\xff\xff\xff\xe0\x00\x07\xff\xff\xff\xff\xe0\x00\x07\xff\xff\xff\xff\xc0\x00\x07\xff\xff\xff\xff\xc0\x00\x07\xff\xff\xff\xff\x80\x00\x07\xff\xff\xff\xcf\x80\x00\x00\x00\x00\x00\x1f\x80\x00\x00\x00\x00\x00?\x00\x00\x00\x00\x00\x00\x7f\x00\x00\x00\x00\x00\x00\xfe\x00\x00\x00\x00\x00\x00\xfe\x00\x00\x00\x00\x00\x01\xfc\x00\x00\x00\x00\x00\x01\xfc\x00\x00\x00\x00\x00\x03\xfc\x00\x00\x00\x00\x00\x03\xf8\x00\x00\x00\x00\x00\x03\xf8\x00\x00\x00\x00\x00\x07\xf0\x00\x00\x00\x00\x00\x07\xf0\x00\x00\x00\x00\x00\x0f\xe0\x00\x00\x00\x00\x00\x0f\xe0\x00\x00\x00\x00\x00\x1f\xe0\x00\x00\x00\x00\x00\x1f\xc0\x00\x00\x00\x00\x00?\xc0\x00\x00\x00\x00\x00?\x80\x00\x00\x00\x00\x00?\x80\x00\x00\x00\x00\x00\x7f\x00\x00\x00\x00\x00\x00\x7f\x00\x00\x00\x00\x00\x00\xff\x00\x00\x00\x00\x00\x00\xfe\x00\x00\x00\x00\x00\x01\xfe\x00\x00\x00\x00\x00\x01\xfc\x00\x00\x00\x00\x00\x01\xfc\x00\x00\x00\x00\x00\x03\xf8\x00\x00\x00\x00\x00\x03\xf8\x00\x00\x00\x00\x00\x07\xf0\x00\x00\x00\x00\x00\x07\xf0\x00\x00\x00\x00\x00\x0f\xf0\x00\x00\x00\x00\x00\x0f\xe0\x00\x00\x00\x00\x00\x0f\xe0\x00\x00\x00\x00\x00\x1f\xc0\x00\x00\x00\x00\x00\x1f\xc0\x00\x00\x00\x00\x00?\x80\x00\x00\x00\x00\x00?\x80\x00\x00\x00\x00\x00\x7f\x80\x00\x00\x00\x00\x00\x7f\x00\x00\x00\x00\x00\x00\x7f\x00\x00\x00\x00\x00\x00\xfe\x00\x00\x00\x00\x00\x00\xfe\x00\x00\x00\x00\x00\x01\xfc\x00\x00\x00\x00\x00\x01\xfc\x00\x00\x00\x00\x00\x03\xfc\x00\x00\x00\x00\x00\x03\xf8\x00\x00\x00\x00\x00\x07\xf8\x00\x00\x00\x00\x00\x07\xf0\x00\x00\x00\x00\x00\x07\xf0\x00\x00\x00\x00\x00\x0f\xe0\x00\x00\x00\x00\x00\x0f\xe0\x00\x00\x00\x00\x00\x1f\xe0\x00\x00\x00\x00\x00\x1f\xc0\x00\x00\x00\x00\x00?\xc0\x00\x00\x00\x00\x00?\x80\x00\x00\x00\x00\x00\x00\x00\x00\x00\x00\x00\x00\x00\x00\x00\x00\x00\x00\x00\x00\x00\x00\x00\x00\x00\x00\x00\x00\x00\x00\x00\x00\x00\x00\x00\x00\x00\x00\x00\x00\x00\x00\x00\x00\x00\x00\x00\x00\x00\x00\x00\x00\x00\x00\x00\x00\x00\x00\x00\x00\x00\x00\x00\x00\x00\x00\x00\x00\x00\x00\x00\x00\x00\x00\x00\x00\x00\x00\x00\x00\x00\x00\x00\x00\x00\x00\x00\x00\x00\x00\x00\x00\x00\x00\x00\x00\x00\x00\x00\x00\x00\x00\x00\x00\x00\x00\x00\x00\x00\x00\x00\x00\x00\x00\x00\x00\x00\x00\x00\x00\x00\x00\x00\x00\x00\x00\x00\x00\x00\x00\x00\x00\x00\x00\x00\x00\x00\x00\x00\x00\x00\x00\x00\x001',
  56:b'\x00\x00\x00\x00\x00\x00\x00\x00\x00\x00\x00\x00\x00\x00\x00\x00\x00\x00\x00\x00\x00\x00\x00\x00\x00\x00\x00\x00\x00\x00\x00\x00\x00\x00\x00\x00\x00\x00\x00\x00\x00\x00\x00\x00\x00\x00\x00\x00\x00\x00\x00\x00\x00\x00\x00\x00\x00\x00\x0f\xfc\x00\x00\x00\x00\x00\x7f\xff\x80\x00\x00\x00\x01\xff\xff\xe0\x00\x00\x00\x07\xff\xff\xf0\x00\x00\x00\x0f\xff\xff\xf8\x00\x00\x00\x1f\xff\xff\xfc\x00\x00\x00?\xf8\x0f\xfe\x00\x00\x00?\xe0\x03\xfe\x00\x00\x00\x7f\xc0\x01\xff\x00\x00\x00\x7f\x00\x00\xff\x00\x00\x00\xff\x00\x00\x7f\x80\x00\x00\xfe\x00\x00\x7f\x80\x00\x00\xfe\x00\x00?\x80\x00\x00\xfe\x00\x00?\x80\x00\x01\xfc\x00\x00?\x80\x00\x01\xfc\x00\x00?\x80\x00\x01\xfc\x00\x00?\x80\x00\x00\xfe\x00\x00?\x80\x00\x00\xfe\x00\x00?\x80\x00\x00\xfe\x00\x00\x7f\x00\x00\x00\xff\x00\x00\x7f\x00\x00\x00\x7f\x80\x00~\x00\x00\x00\x7f\x80\x00\xfe\x00\x00\x00?\xe0\x01\xfc\x00\x00\x00?\xf0\x03\xfc\x00\x00\x00\x1f\xf8\x07\xf8\x00\x00\x00\x0f\xfe\x0f\xf0\x00\x00\x00\x07\xff\x9f\xe0\x00\x00\x00\x03\xff\xff\xc0\x00\x00\x00\x00\xff\xff\x00\x00\x00\x00\x00\x7f\xfe\x00\x00\x00\x00\x00\x7f\xff\x80\x00\x00\x00\x00\xff\xff\xc0\x00\x00\x00\x03\xff\xff\xf0\x00\x00\x00\x07\xf8\x7f\xf8\x00\x00\x00\x0f\xf0\x1f\xfc\x00\x00\x00\x1f\xe0\x0f\xfe\x00\x00\x00?\xc0\x03\xff\x00\x00\x00\x7f\x80\x01\xff\x00\x00\x00\xff\x00\x00\xff\x80\x00\x00\xfe\x00\x00\x7f\x80\x00\x01\xfe\x00\x00?\xc0\x00\x01\xfc\x00\x00?\xc0\x00\x01\xfc\x00\x00\x1f\xc0\x00\x03\xf8\x00\x00\x1f\xc0\x00\x03\xf8\x00\x00\x1f\xc0\x00\x03\xf8\x00\x00\x1f\xc0\x00\x03\xf8\x00\x00\x1f\xc0\x00\x03\xf8\x00\x00\x1f\xc0\x00\x03\xf8\x00\x00\x1f\xc0\x00\x03\xf8\x00\x00\x1f\xc0\x00\x03\xfc\x00\x00\x1f\xc0\x00\x01\xfc\x00\x00?\xc0\x00\x01\xfe\x00\x00?\x80\x00\x01\xfe\x00\x00\x7f\x80\x00\x00\xff\x80\x00\xff\x00\x00\x00\xff\xc0\x03\xff\x00\x00\x00\x7f\xf0\x0f\xfe\x00\x00\x00?\xff\xff\xfc\x00\x00\x00\x1f\xff\xff\xf8\x00\x00\x00\x0f\xff\xff\xf0\x00\x00\x00\x07\xff\xff\xc0\x00\x00\x00\x01\xff\xff\x00\x00\x00\x00\x00\x1f\xf8\x00\x00\x00\x00\x00\x00\x00\x00\x00\x00\x00\x00\x00\x00\x00\x00\x00\x00\x00\x00\x00\x00\x00\x00\x00\x00\x00\x00\x00\x00\x00\x00\x00\x00\x00\x00\x00\x00\x00\x00\x00\x00\x00\x00\x00\x00\x00\x00\x00\x00\x00\x00\x00\x00\x00\x00\x00\x00\x00\x00\x00\x00\x00\x00\x00\x00\x00\x00\x00\x00\x00\x00\x00\x00\x00\x00\x00\x00\x00\x00\x00\x00\x00\x00\x00\x00\x00\x00\x00\x00\x00\x00\x00\x00\x00\x00\x00\x00\x00\x00\x00\x00\x00\x00\x00\x00\x00\x00\x00\x00\x00\x00\x00\x00\x00\x00\x00\x00\x00\x00\x00\x00\x00\x00\x00\x00\x00\x00\x00\x00\x00\x00\x00\x00\x00\x001',
  57:b'\x00\x00\x00\x00\x00\x00\x00\x00\x00\x00\x00\x00\x00\x00\x00\x00\x00\x00\x00\x00\x00\x00\x00\x00\x00\x00\x00\x00\x00\x00\x00\x00\x00\x00\x00\x00\x00\x00\x00\x00\x00\x00\x00\x00\x00\x00\x00\x00\x00\x00\x00\x00\x00\x00\x00\x00\x00\x00\x1f\xf8\x00\x00\x00\x00\x00\xff\xff\x00\x00\x00\x00\x03\xff\xff\xc0\x00\x00\x00\x0f\xff\xff\xf0\x00\x00\x00\x1f\xff\xff\xf8\x00\x00\x00?\xff\xff\xfc\x00\x00\x00\x7f\xf0\x1f\xfe\x00\x00\x00\xff\x80\x07\xfe\x00\x00\x01\xff\x00\x01\xff\x00\x00\x01\xfe\x00\x00\xff\x80\x00\x03\xfc\x00\x00\x7f\x80\x00\x03\xfc\x00\x00\x7f\x80\x00\x03\xf8\x00\x00?\xc0\x00\x07\xf8\x00\x00?\xc0\x00\x07\xf8\x00\x00\x1f\xc0\x00\x07\xf0\x00\x00\x1f\xe0\x00\x07\xf0\x00\x00\x1f\xe0\x00\x07\xf0\x00\x00\x0f\xe0\x00\x07\xf0\x00\x00\x0f\xe0\x00\x07\xf0\x00\x00\x0f\xe0\x00\x07\xf0\x00\x00\x0f\xe0\x00\x07\xf0\x00\x00\x0f\xe0\x00\x07\xf0\x00\x00\x0f\xe0\x00\x07\xf0\x00\x00\x0f\xe0\x00\x07\xf8\x00\x00\x0f\xe0\x00\x07\xf8\x00\x00\x0f\xe0\x00\x03\xfc\x00\x00\x0f\xe0\x00\x03\xfc\x00\x00\x0f\xe0\x00\x03\xfe\x00\x00\x1f\xe0\x00\x01\xff\x00\x00\x7f\xe0\x00\x00\xff\xc0\x00\xff\xe0\x00\x00\xff\xf0\x07\xff\xe0\x00\x00\x7f\xff\xff\xff\xc0\x00\x00?\xff\xff\xff\xc0\x00\x00\x1f\xff\xff\xdf\xc0\x00\x00\x07\xff\xff\x9f\xc0\x00\x00\x01\xff\xfe\x1f\xc0\x00\x00\x00?\xf0\x1f\x80\x00\x00\x00\x00\x00?\x80\x00\x00\x00\x00\x00?\x80\x00\x00\x00\x00\x00?\x80\x00\x00\x00\x00\x00\x7f\x00\x00\x00\x00\x00\x00\x7f\x00\x00\x00\x00\x00\x00\xff\x00\x00\x00\x00\x00\x00\xfe\x00\x00\x00\x00\x00\x01\xfe\x00\x00\x00\x00\x00\x03\xfc\x00\x00\x00\x00\x00\x03\xfc\x00\x00\x00\x00\x00\x07\xf8\x00\x00\x00\x00\x00\x0f\xf8\x00\x00\x00\x00\x00\x1f\xf0\x00\x00\x00\x00\x00?\xe0\x00\x00\x00\x00\x00\x7f\xc0\x00\x00\x00\x00\x00\xff\xc0\x00\x00\x00\x00\x03\xff\x80\x00\x00\x00\x00\x0f\xff\x00\x00\x00\x00\x00?\xfe\x00\x00\x00\x00\x03\xff\xf8\x00\x00\x00\x00\x0f\xff\xf0\x00\x00\x00\x00\x0f\xff\xe0\x00\x00\x00\x00\x0f\xff\x80\x00\x00\x00\x00\x07\xfe\x00\x00\x00\x00\x00\x07\xf0\x00\x00\x00\x00\x00\x07\x00\x00\x00\x00\x00\x00\x00\x00\x00\x00\x00\x00\x00\x00\x00\x00\x00\x00\x00\x00\x00\x00\x00\x00\x00\x00\x00\x00\x00\x00\x00\x00\x00\x00\x00\x00\x00\x00\x00\x00\x00\x00\x00\x00\x00\x00\x00\x00\x00\x00\x00\x00\x00\x00\x00\x00\x00\x00\x00\x00\x00\x00\x00\x00\x00\x00\x00\x00\x00\x00\x00\x00\x00\x00\x00\x00\x00\x00\x00\x00\x00\x00\x00\x00\x00\x00\x00\x00\x00\x00\x00\x00\x00\x00\x00\x00\x00\x00\x00\x00\x00\x00\x00\x00\x00\x00\x00\x00\x00\x00\x00\x00\x00\x00\x00\x00\x00\x00\x00\x00\x00\x00\x00\x00\x00\x00\x00\x00\x00\x00\x00\x00\x00\x00\x00\x00\x00\x001',
  58:b'\x00\x00\x00\x00\x00\x00\x00\x00\x00\x00\x00\x00\x00\x00\x00\x00\x00\x00\x00\x00\x00\x00\x00\x00\x00\x00\x00\x00\x00\x00\x00\x00\x00\x00\x00\x00\x00\x00\x00\x00\x00\x00\x00\x00\x00\x00\x00\x00\x00\x00\x00\x00\x00\x00\x00\x00\x00\x00\x00\x00\x00\x00\x00\x00\x00\x00\x00\x00\x00\x00\x00\x00\x00\x00\x00\x00\x00\x00\x00\x1f\x00\x00\x7f\x80\x00\x7f\xc0\x00\xff\xc0\x00\xff\xc0\x00\xff\xc0\x00\xff\xc0\x00\x7f\xc0\x00\x7f\x80\x00\x1f\x00\x00\x00\x00\x00\x00\x00\x00\x00\x00\x00\x00\x00\x00\x00\x00\x00\x00\x00\x00\x00\x00\x00\x00\x00\x00\x00\x00\x00\x00\x00\x00\x00\x00\x00\x00\x00\x00\x00\x00\x00\x00\x00\x00\x00\x00\x00\x00\x00\x00\x00\x00\x00\x00\x00\x00\x00\x00\x00\x00\x00\x00\x00\x00\x00\x00\x00\x00\x00\x00\x00\x00\x00\x00\x00\x00\x00\x00\x00\x00\x1f\x00\x00\x7f\x80\x00\x7f\xc0\x00\xff\xc0\x00\xff\xc0\x00\xff\xc0\x00\xff\xc0\x00\x7f\xc0\x00\x7f\x80\x00\x1f\x00\x00\x00\x00\x00\x00\x00\x00\x00\x00\x00\x00\x00\x00\x00\x00\x00\x00\x00\x00\x00\x00\x00\x00\x00\x00\x00\x00\x00\x00\x00\x00\x00\x00\x00\x00\x00\x00\x00\x00\x00\x00\x00\x00\x00\x00\x00\x00\x00\x00\x00\x00\x00\x00\x00\x00\x00\x00\x13',
  59:b'\x00\x00\x00\x00\x00\x00\x00\x00\x00\x00\x00\x00\x00\x00\x00\x00\x00\x00\x00\x00\x00\x00\x00\x00\x00\x00\x00\x00\x00\x00\x00\x00\x00\x00\x00\x00\x00\x00\x00\x00\x00\x00\x00\x00\x00\x00\x00\x00\x00\x00\x00\x00\x00\x00\x00\x00\x00\x00\x00\x00\x00\x00\x00\x00\x00\x00\x00\x00\x00\x00\x00\x00\x00\x00\x00\x00\x00\x00\x00\x1f\x00\x00?\xc0\x00\x7f\xc0\x00\x7f\xe0\x00\x7f\xe0\x00\x7f\xe0\x00\x7f\xe0\x00\x7f\xc0\x00?\xc0\x00\x1f\x00\x00\x00\x00\x00\x00\x00\x00\x00\x00\x00\x00\x00\x00\x00\x00\x00\x00\x00\x00\x00\x00\x00\x00\x00\x00\x00\x00\x00\x00\x00\x00\x00\x00\x00\x00\x00\x00\x00\x00\x00\x00\x00\x00\x00\x00\x00\x00\x00\x00\x00\x00\x00\x00\x00\x00\x00\x00\x00\x00\x00\x00\x00\x00\x00\x00\x00\x00\x00\x00\x00\x00\x00\x00\x00\x00\x00\x00\x00\x00\x1f\x00\x00\x7f\x80\x00\xff\xc0\x00\xff\xc0\x00\xff\xe0\x00\xff\xe0\x00\xff\xe0\x00\xff\xe0\x00\x7f\xe0\x00?\xe0\x00\x07\xe0\x00\x07\xe0\x00\x07\xe0\x00\x07\xc0\x00\x0f\xc0\x00\x0f\x80\x00\x1f\x80\x00?\x00\x00\xfe\x00\x01\xfc\x00\x00\xf8\x00\x00`\x00\x00\x00\x00\x00\x00\x00\x00\x00\x00\x00\x00\x00\x00\x00\x00\x00\x00\x00\x00\x00\x00\x17',
  60:b'\x00\x00\x00\x00\x00\x00\x00\x00\x00\x00\x00\x00\x00\x00\x00\x00\x00\x00\x00\x00\x00\x00\x00\x00\x00\x00\x00\x00\x00\x00\x00\x00\x00\x00\x00\x00\x00\x00\x00\x00\x00\x00\x00\x00\x00\x00\x00\x00\x00\x00\x00\x00\x00\x00\x00\x00\x00\x00\x00\x00\x00\x00\x00\x00\x00\x00\x00\x00\x00\x00\x00\x00\x00\x00\x00\x00\x00\x00\x00\x00\x00\x00\x00\x00\x00\x00\x00\x00\x00\x00\x00\x00\x00\x00\x00\x00\x00\x00\x00\x00\x00\x00\x00\x00\x00\x00\x00\x00\x00\x00\x00\x00\x00\x00\x00\x00\x00\x00\x00\x00\x00\x00\x00\x00\x00\x00\x00\x00\x00\x00\x04\x00\x00\x00\x00\x00\x1c\x00\x00\x00\x00\x00~\x00\x00\x00\x00\x00\xfe\x00\x00\x00\x00\x03\xff\x00\x00\x00\x00\x0f\xff\x00\x00\x00\x00\x1f\xff\x80\x00\x00\x00\x7f\xfc\x00\x00\x00\x00\xff\xf8\x00\x00\x00\x03\xff\xe0\x00\x00\x00\x0f\xff\x80\x00\x00\x00\x1f\xff\x00\x00\x00\x00\x7f\xfc\x00\x00\x00\x01\xff\xf0\x00\x00\x00\x03\xff\xe0\x00\x00\x00\x0f\xff\x80\x00\x00\x00?\xfe\x00\x00\x00\x00\x7f\xfc\x00\x00\x00\x01\xff\xf0\x00\x00\x00\x03\xff\xc0\x00\x00\x00\x0f\xfe\x00\x00\x00\x00\x0f\xf0\x00\x00\x00\x00\x0f\xfc\x00\x00\x00\x00\x0f\xff\x80\x00\x00\x00\x03\xff\xf0\x00\x00\x00\x00\xff\xfc\x00\x00\x00\x00\x7f\xfe\x00\x00\x00\x00\x1f\xff\x80\x00\x00\x00\x07\xff\xe0\x00\x00\x00\x03\xff\xf0\x00\x00\x00\x00\xff\xfc\x00\x00\x00\x00?\xff\x00\x00\x00\x00\x0f\xff\xc0\x00\x00\x00\x07\xff\xe0\x00\x00\x00\x01\xff\xf8\x00\x00\x00\x00\x7f\xfe\x00\x00\x00\x00\x1f\xff\x00\x00\x00\x00\x0f\xff\x80\x00\x00\x00\x03\xff\x00\x00\x00\x00\x00\xff\x00\x00\x00\x00\x00~\x00\x00\x00\x00\x00\x1e\x00\x00\x00\x00\x00\x04\x00\x00\x00\x00\x00\x00\x00\x00\x00\x00\x00\x00\x00\x00\x00\x00\x00\x00\x00\x00\x00\x00\x00\x00\x00\x00\x00\x00\x00\x00\x00\x00\x00\x00\x00\x00\x00\x00\x00\x00\x00\x00\x00\x00\x00\x00\x00\x00\x00\x00\x00\x00\x00\x00\x00\x00\x00\x00\x00\x00\x00\x00\x00\x00\x00\x00\x00\x00\x00\x00\x00\x00\x00\x00\x00\x00\x00\x00\x00\x00\x00\x00\x00\x00\x00\x00\x00\x00\x00\x00\x00\x00\x00\x00\x00\x00\x00\x00\x00\x00\x00\x00\x00\x00\x00\x00\x00\x00\x00\x00\x00\x00\x00\x00\x00\x00\x00\x00\x00\x00\x00\x00\x00\x00\x00\x00\x00\x00\x00\x00\x00\x00\x00\x00\x00\x00\x00\x00\x00\x00\x00\x00\x00\x00\x00\x00\x00\x00\x00\x00\x00\x00\x00\x00\x00\x00\x00\x00\x00\x00\x00\x00\x00-',
  61:b'\x00\x00\x00\x00\x00\x00\x00\x00\x00\x00\x00\x00\x00\x00\x00\x00\x00\x00\x00\x00\x00\x00\x00\x00\x00\x00\x00\x00\x00\x00\x00\x00\x00\x00\x00\x00\x00\x00\x00\x00\x00\x00\x00\x00\x00\x00\x00\x00\x00\x00\x00\x00\x00\x00\x00\x00\x00\x00\x00\x00\x00\x00\x00\x00\x00\x00\x00\x00\x00\x00\x00\x00\x00\x00\x00\x00\x00\x00\x00\x00\x00\x00\x00\x00\x00\x00\x00\x00\x00\x00\x00\x00\x00\x00\x00\x00\x00\x00\x00\x00\x00\x00\x00\x00\x00\x00\x00\x00\x00\x00\x00\x00\x00\x00\x00\x00\x00\x00\x00\x00\x00\x00\x00\x00\x00\x00\x00\x00\x00\x00\x00\x00\x00\x00\x00\x00\x00\x00\x00\x00\x00\x00\x00\x00\x00\x00\x00\x00\x00\x00\x00\x00\x00\x00\x00\x00\x00\x00\x00\x00\x00\x00\x00\x00\x00\x00\x00\x00\x00\x00\x00\x00\x00\x00\x00\x00\x00\x00\x00\x00\x00\x00\x00\x00\x00\x00\x0f\xff\xff\xff\xff\x80\x0f\xff\xff\xff\xff\x80\x0f\xff\xff\xff\xff\x80\x0f\xff\xff\xff\xff\x80\x0f\xff\xff\xff\xff\x80\x0f\xff\xff\xff\xff\x80\x00\x00\x00\x00\x00\x00\x00\x00\x00\x00\x00\x00\x00\x00\x00\x00\x00\x00\x00\x00\x00\x00\x00\x00\x00\x00\x00\x00\x00\x00\x00\x00\x00\x00\x00\x00\x00\x00\x00\x00\x00\x00\x00\x00\x00\x00\x00\x00\x00\x00\x00\x00\x00\x00\x0f\xff\xff\xff\xff\x80\x0f\xff\xff\xff\xff\x80\x0f\xff\xff\xff\xff\x80\x0f\xff\xff\xff\xff\x80\x0f\xff\xff\xff\xff\x80\x0f\xff\xff\xff\xff\x80\x00\x00\x00\x00\x00\x00\x00\x00\x00\x00\x00\x00\x00\x00\x00\x00\x00\x00\x00\x00\x00\x00\x00\x00\x00\x00\x00\x00\x00\x00\x00\x00\x00\x00\x00\x00\x00\x00\x00\x00\x00\x00\x00\x00\x00\x00\x00\x00\x00\x00\x00\x00\x00\x00\x00\x00\x00\x00\x00\x00\x00\x00\x00\x00\x00\x00\x00\x00\x00\x00\x00\x00\x00\x00\x00\x00\x00\x00\x00\x00\x00\x00\x00\x00\x00\x00\x00\x00\x00\x00\x00\x00\x00\x00\x00\x00\x00\x00\x00\x00\x00\x00\x00\x00\x00\x00\x00\x00\x00\x00\x00\x00\x00\x00\x00\x00\x00\x00\x00\x00\x00\x00\x00\x00\x00\x00\x00\x00\x00\x00\x00\x00\x00\x00\x00\x00\x00\x00\x00\x00\x00\x00\x00\x00\x00\x00\x00\x00\x00\x00\x00\x00\x00\x00\x00\x00\x00\x00\x00\x00\x00\x00\x00\x00\x00\x00\x00\x00\x00\x00\x00\x00\x00\x00\x00\x00\x00\x00\x00\x00\x00\x00\x00\x00\x00\x00\x00\x00\x00\x00\x00\x00\x00\x00\x00\x00\x00\x00\x00\x00\x00\x00\x00\x00\x00\x00\x00\x00\x00\x00\x00\x00\x00\x00\x00\x00\x00\x00\x00\x00\x00\x00\x00\x00\x00\x00\x00\x00\x00\x00\x00\x00\x00\x00-',
  62:b'\x00\x00\x00\x00\x00\x00\x00\x00\x00\x00\x00\x00\x00\x00\x00\x00\x00\x00\x00\x00\x00\x00\x00\x00\x00\x00\x00\x00\x00\x00\x00\x00\x00\x00\x00\x00\x00\x00\x00\x00\x00\x00\x00\x00\x00\x00\x00\x00\x00\x00\x00\x00\x00\x00\x00\x00\x00\x00\x00\x00\x00\x00\x00\x00\x00\x00\x00\x00\x00\x00\x00\x00\x00\x00\x00\x00\x00\x00\x00\x00\x00\x00\x00\x00\x00\x00\x00\x00\x00\x00\x00\x00\x00\x00\x00\x00\x00\x00\x00\x00\x00\x00\x00\x00\x00\x00\x00\x00\x00\x00\x00\x00\x00\x00\x00\x00\x00\x00\x00\x00\x00\x00\x00\x00\x00\x00\x01\x00\x00\x00\x00\x00\x03\xc0\x00\x00\x00\x00\x03\xe0\x00\x00\x00\x00\x07\xf8\x00\x00\x00\x00\x07\xfe\x00\x00\x00\x00\x0f\xff\x80\x00\x00\x00\x07\xff\xc0\x00\x00\x00\x03\xff\xf0\x00\x00\x00\x00\xff\xfc\x00\x00\x00\x00?\xff\x00\x00\x00\x00\x1f\xff\x80\x00\x00\x00\x07\xff\xe0\x00\x00\x00\x01\xff\xf8\x00\x00\x00\x00\xff\xfc\x00\x00\x00\x00?\xff\x00\x00\x00\x00\x0f\xff\xc0\x00\x00\x00\x03\xff\xf0\x00\x00\x00\x01\xff\xf8\x00\x00\x00\x00\x7f\xfe\x00\x00\x00\x00\x0f\xff\x80\x00\x00\x00\x01\xff\x80\x00\x00\x00\x00\x7f\x80\x00\x00\x00\x01\xff\x80\x00\x00\x00\x0f\xfe\x00\x00\x00\x00\x7f\xfc\x00\x00\x00\x00\xff\xf0\x00\x00\x00\x03\xff\xc0\x00\x00\x00\x0f\xff\x80\x00\x00\x00\x1f\xfe\x00\x00\x00\x00\x7f\xfc\x00\x00\x00\x01\xff\xf0\x00\x00\x00\x03\xff\xc0\x00\x00\x00\x0f\xff\x80\x00\x00\x00?\xfe\x00\x00\x00\x00\xff\xf8\x00\x00\x00\x01\xff\xf0\x00\x00\x00\x07\xff\xc0\x00\x00\x00\x0f\xff\x80\x00\x00\x00\x07\xfe\x00\x00\x00\x00\x03\xf8\x00\x00\x00\x00\x03\xf0\x00\x00\x00\x00\x01\xc0\x00\x00\x00\x00\x01\x00\x00\x00\x00\x00\x00\x00\x00\x00\x00\x00\x00\x00\x00\x00\x00\x00\x00\x00\x00\x00\x00\x00\x00\x00\x00\x00\x00\x00\x00\x00\x00\x00\x00\x00\x00\x00\x00\x00\x00\x00\x00\x00\x00\x00\x00\x00\x00\x00\x00\x00\x00\x00\x00\x00\x00\x00\x00\x00\x00\x00\x00\x00\x00\x00\x00\x00\x00\x00\x00\x00\x00\x00\x00\x00\x00\x00\x00\x00\x00\x00\x00\x00\x00\x00\x00\x00\x00\x00\x00\x00\x00\x00\x00\x00\x00\x00\x00\x00\x00\x00\x00\x00\x00\x00\x00\x00\x00\x00\x00\x00\x00\x00\x00\x00\x00\x00\x00\x00\x00\x00\x00\x00\x00\x00\x00\x00\x00\x00\x00\x00\x00\x00\x00\x00\x00\x00\x00\x00\x00\x00\x00\x00\x00\x00\x00\x00\x00\x00\x00\x00\x00\x00\x00\x00\x00\x00\x00\x00\x00\x00\x00\x00\x00\x00\x00\x00-',
  63:b"\x00\x00\x00\x00\x00\x00\x00\x00\x00\x00\x00\x00\x00\x00\x00\x00\x00\x00\x00\x00\x00\x00\x00\x00\x00\x00\x00\x00\x00\x00\x00\x00\x00\x00\x00\x00\x00\x00\x00\x00\x00\x07\xff\x80\x00\x00?\xff\xf0\x00\x01\xff\xff\xf8\x00\x07\xff\xff\xfe\x00\x1f\xff\xff\xff\x00\x0f\xff\xff\xff\x80\x0f\xfc\x03\xff\x80\x07\xe0\x00\xff\xc0\x07\x00\x00?\xc0\x06\x00\x00?\xe0\x00\x00\x00\x1f\xe0\x00\x00\x00\x0f\xe0\x00\x00\x00\x0f\xe0\x00\x00\x00\x0f\xe0\x00\x00\x00\x0f\xf0\x00\x00\x00\x0f\xe0\x00\x00\x00\x0f\xe0\x00\x00\x00\x0f\xe0\x00\x00\x00\x0f\xe0\x00\x00\x00\x1f\xe0\x00\x00\x00\x1f\xe0\x00\x00\x00?\xc0\x00\x00\x00?\xc0\x00\x00\x00\x7f\x80\x00\x00\x00\x7f\x80\x00\x00\x00\xff\x00\x00\x00\x01\xfe\x00\x00\x00\x03\xfe\x00\x00\x00\x07\xfc\x00\x00\x00\x0f\xf8\x00\x00\x00\x1f\xf0\x00\x00\x00\x1f\xe0\x00\x00\x00?\xc0\x00\x00\x00\x7f\x80\x00\x00\x00\xff\x00\x00\x00\x00\xfe\x00\x00\x00\x01\xfe\x00\x00\x00\x01\xfc\x00\x00\x00\x03\xf8\x00\x00\x00\x03\xf8\x00\x00\x00\x03\xf0\x00\x00\x00\x03\xf0\x00\x00\x00\x07\xf0\x00\x00\x00\x07\xf0\x00\x00\x00\x07\xe0\x00\x00\x00\x07\xe0\x00\x00\x00\x07\xe0\x00\x00\x00\x00\x00\x00\x00\x00\x00\x00\x00\x00\x00\x00\x00\x00\x00\x00\x00\x00\x00\x00\x00\x00\x00\x00\x00\x00\x00\x00\x00\x00\x00\x00\x00\x00\x00\x00\x03\xe0\x00\x00\x00\x07\xf8\x00\x00\x00\x0f\xf8\x00\x00\x00\x0f\xfc\x00\x00\x00\x0f\xfc\x00\x00\x00\x0f\xfc\x00\x00\x00\x0f\xfc\x00\x00\x00\x0f\xf8\x00\x00\x00\x07\xf8\x00\x00\x00\x03\xe0\x00\x00\x00\x00\x00\x00\x00\x00\x00\x00\x00\x00\x00\x00\x00\x00\x00\x00\x00\x00\x00\x00\x00\x00\x00\x00\x00\x00\x00\x00\x00\x00\x00\x00\x00\x00\x00\x00\x00\x00\x00\x00\x00\x00\x00\x00\x00\x00\x00\x00\x00\x00\x00\x00\x00\x00\x00\x00\x00\x00\x00\x00\x00\x00\x00\x00\x00\x00\x00\x00\x00\x00\x00\x00\x00\x00\x00\x00\x00\x00\x00\x00\x00\x00\x00\x00\x00\x00\x00\x00\x00\x00\x00\x00\x00\x00\x00'",
  64:b'\x00\x00\x00\x00\x00\x00\x00\x00\x00\x00\x00\x00\x00\x00\x00\x00\x00\x00\x00\x00\x00\x00\x00\x00\x00\x00\x00\x00\x00\x00\x00\x00\x00\x00\x00\x00\x00\x00\x00\x00\x00\x00\x00\x00\x00\x00\x00\x00\x00\x00\x00\x00\x00\x00\x00\x00\x00\x00\x00\x00\x00\x00\x00\x00\x00\x00\x00\x00\x00\x00\x00\x00\x00\x00\x00\x00\x00\x00\x00\x00\x00\x00\x00\x00\x00\x00\x00\x00\x00\x00\x00\x00\x00\x00\x00\x00\x00\x00\x00\x00\x00\x1f\xff\x80\x00\x00\x00\x00\x00\x00\x00\x00\x03\xff\xff\xf8\x00\x00\x00\x00\x00\x00\x00\x00\x1f\xff\xff\xff\x80\x00\x00\x00\x00\x00\x00\x00\xff\xff\xff\xff\xe0\x00\x00\x00\x00\x00\x00\x03\xff\xff\xff\xff\xf8\x00\x00\x00\x00\x00\x00\x0f\xff\xff\xff\xff\xfe\x00\x00\x00\x00\x00\x00?\xff\xe0\x00\xff\xff\x80\x00\x00\x00\x00\x00\x7f\xfe\x00\x00\x0f\xff\xc0\x00\x00\x00\x00\x00\xff\xf0\x00\x00\x01\xff\xe0\x00\x00\x00\x00\x03\xff\xc0\x00\x00\x00?\xf8\x00\x00\x00\x00\x07\xff\x00\x00\x00\x00\x0f\xfc\x00\x00\x00\x00\x0f\xfc\x00\x00\x00\x00\x07\xfe\x00\x00\x00\x00\x1f\xf0\x00\x00\x00\x00\x01\xfe\x00\x00\x00\x00?\xe0\x00\x00\x00\x00\x00\xff\x00\x00\x00\x00\x7f\xc0\x00\x00\x00\x00\x00\x7f\x80\x00\x00\x00\xff\x80\x00\x00\x00\x00\x00?\xc0\x00\x00\x00\xff\x00\x00\x00\x00\x00\x00\x1f\xc0\x00\x00\x01\xfe\x00\x00\x00\x00\x00\x00\x1f\xe0\x00\x00\x03\xfc\x00\x00\x00\x00\x00\x00\x0f\xe0\x00\x00\x03\xf8\x00\x00\x01\xfe\x00\x00\x07\xf0\x00\x00\x07\xf8\x00\x00\x0f\xff\x83\xc0\x07\xf0\x00\x00\x07\xf0\x00\x00?\xff\xe7\xc0\x03\xf8\x00\x00\x0f\xe0\x00\x00\x7f\xff\xff\xc0\x03\xf8\x00\x00\x0f\xe0\x00\x01\xff\xff\xff\x80\x01\xf8\x00\x00\x1f\xc0\x00\x03\xff\xff\xff\x80\x01\xfc\x00\x00\x1f\xc0\x00\x07\xff\x03\xff\x80\x01\xfc\x00\x00?\x80\x00\x0f\xfc\x00\xff\x80\x00\xfc\x00\x00?\x80\x00\x1f\xf0\x00\x7f\x80\x00\xfc\x00\x00?\x00\x00?\xe0\x00?\x00\x00\xfe\x00\x00\x7f\x00\x00?\xc0\x00?\x00\x00\xfe\x00\x00\x7f\x00\x00\x7f\x80\x00\x7f\x00\x00\xfe\x00\x00\x7f\x00\x00\x7f\x00\x00\x7f\x00\x00\xfe\x00\x00~\x00\x00\xfe\x00\x00\x7f\x00\x00\xfe\x00\x00\xfe\x00\x01\xfe\x00\x00\x7f\x00\x00\xfe\x00\x00\xfe\x00\x01\xfc\x00\x00~\x00\x00\xfe\x00\x00\xfe\x00\x01\xfc\x00\x00~\x00\x00\xfe\x00\x00\xfe\x00\x03\xf8\x00\x00\xfe\x00\x00\xfe\x00\x00\xfc\x00\x03\xf8\x00\x00\xfe\x00\x00\xfe\x00\x00\xfc\x00\x07\xf0\x00\x00\xfe\x00\x00\xfe\x00\x00\xfc\x00\x07\xf0\x00\x00\xfc\x00\x00\xfe\x00\x00\xfc\x00\x07\xf0\x00\x00\xfc\x00\x00\xfc\x00\x00\xfc\x00\x07\xe0\x00\x01\xfc\x00\x00\xfc\x00\x00\xfc\x00\x0f\xe0\x00\x01\xfc\x00\x01\xfc\x00\x00\xfc\x00\x0f\xe0\x00\x01\xfc\x00\x01\xfc\x00\x00\xfc\x00\x0f\xe0\x00\x03\xfc\x00\x01\xf8\x00\x00\xfc\x00\x0f\xe0\x00\x03\xf8\x00\x03\xf8\x00\x00\xfc\x00\x0f\xe0\x00\x07\xf8\x00\x03\xf8\x00\x00\xfe\x00\x0f\xe0\x00\x0f\xf8\x00\x07\xf0\x00\x00\xfe\x00\x0f\xe0\x00\x0f\xf8\x00\x07\xf0\x00\x00\xfe\x00\x0f\xe0\x00\x1f\xf8\x00\x0f\xe0\x00\x00\xfe\x00\x0f\xe0\x00?\xf8\x00\x1f\xc0\x00\x00~\x00\x0f\xe0\x00?\xf8\x00\x1f\xc0\x00\x00\x7f\x00\x0f\xe0\x00\x7f\xf8\x00?\x80\x00\x00\x7f\x00\x0f\xe0\x00\xfb\xf8\x00\x7f\x00\x00\x00\x7f\x00\x0f\xf0\x01\xf3\xf8\x01\xff\x00\x00\x00?\x80\x07\xf8\x07\xf3\xf8\x03\xfe\x00\x00\x00?\x80\x07\xfc\x1f\xe3\xfc\x1f\xfc\x00\x00\x00?\x80\x07\xff\xff\xc3\xff\xff\xf8\x00\x00\x00\x1f\xc0\x03\xff\xff\x81\xff\xff\xe0\x00\x00\x00\x1f\xc0\x01\xff\xfe\x01\xff\xff\xc0\x00\x00\x00\x0f\xe0\x00\xff\xfc\x00\xff\xff\x00\x00\x00\x00\x0f\xf0\x00\x7f\xf0\x00\x7f\xfc\x00\x00\x00\x00\x07\xf0\x00\x1f\xc0\x00\x1f\xe0\x00\x00\x00\x00\x07\xf8\x00\x00\x00\x00\x00\x00\x00\x00\x00\x00\x03\xfc\x00\x00\x00\x00\x00\x00\x00\x00\x00\x00\x03\xfe\x00\x00\x00\x00\x00\x00\x00\x00\x00\x00\x01\xff\x00\x00\x00\x00\x00\x00\x00\x00\x00\x00\x00\xff\x80\x00\x00\x00\x00\x00\x00\x00\x00\x00\x00\x7f\xc0\x00\x00\x00\x00\x00\x00\x00\x00\x00\x00?\xf0\x00\x00\x00\x00\x00\x00\x00\x00\x00\x00\x1f\xf8\x00\x00\x00\x00\x00\x00\x00\x00\x00\x00\x0f\xfe\x00\x00\x00\x00\x00\x00\x00\x00\x00\x00\x07\xff\xc0\x00\x00\x00\x00\x00\x00\x00\x00\x00\x03\xff\xf8\x00\x00\x18\x00\x00\x00\x00\x00\x00\x00\xff\xff\xc0\x01\xf8\x00\x00\x00\x00\x00\x00\x00\x7f\xff\xff\xff\xf8\x00\x00\x00\x00\x00\x00\x00\x1f\xff\xff\xff\xf8\x00\x00\x00\x00\x00\x00\x00\x07\xff\xff\xff\xfc\x00\x00\x00\x00\x00\x00\x00\x00\xff\xff\xff\xfc\x00\x00\x00\x00\x00\x00\x00\x00\x1f\xff\xff\xf0\x00\x00\x00\x00\x00\x00\x00\x00\x00\xff\xff\x00\x00\x00\x00\x00\x00\x00\x00\x00\x00\x00\x00\x00\x00\x00\x00\x00\x00\x00\x00\x00\x00\x00\x00\x00\x00\x00\x00\x00_',
  65:b'\x00\x00\x00\x00\x00\x00\x00\x00\x00\x00\x00\x00\x00\x00\x00\x00\x00\x00\x00\x00\x00\x00\x00\x00\x00\x00\x00\x00\x00\x00\x00\x00\x00\x00\x00\x00\x00\x00\x00\x00\x00\x00\x00\x00\x00\x00\x00\x00\x00\x00\x00\x00\x00\x00\x00\x00\x00\x00\x00\xf0\x00\x00\x00\x00\x00\x00\xf0\x00\x00\x00\x00\x00\x01\xf8\x00\x00\x00\x00\x00\x01\xf8\x00\x00\x00\x00\x00\x01\xf8\x00\x00\x00\x00\x00\x03\xfc\x00\x00\x00\x00\x00\x03\xfc\x00\x00\x00\x00\x00\x07\xfc\x00\x00\x00\x00\x00\x07\xfe\x00\x00\x00\x00\x00\x07\xfe\x00\x00\x00\x00\x00\x0f\xff\x00\x00\x00\x00\x00\x0f\xff\x00\x00\x00\x00\x00\x0f\xbf\x00\x00\x00\x00\x00\x1f\xbf\x80\x00\x00\x00\x00\x1f\x9f\x80\x00\x00\x00\x00?\x9f\xc0\x00\x00\x00\x00?\x1f\xc0\x00\x00\x00\x00?\x1f\xc0\x00\x00\x00\x00\x7f\x0f\xe0\x00\x00\x00\x00\x7f\x0f\xe0\x00\x00\x00\x00\x7f\x0f\xe0\x00\x00\x00\x00\xfe\x0f\xf0\x00\x00\x00\x00\xfe\x07\xf0\x00\x00\x00\x01\xfc\x07\xf8\x00\x00\x00\x01\xfc\x03\xf8\x00\x00\x00\x01\xfc\x03\xf8\x00\x00\x00\x03\xf8\x03\xfc\x00\x00\x00\x03\xf8\x01\xfc\x00\x00\x00\x03\xf8\x01\xfc\x00\x00\x00\x07\xf0\x01\xfe\x00\x00\x00\x07\xf0\x00\xfe\x00\x00\x00\x0f\xe0\x00\xff\x00\x00\x00\x0f\xe0\x00\x7f\x00\x00\x00\x0f\xe0\x00\x7f\x00\x00\x00\x1f\xc0\x00\x7f\x80\x00\x00\x1f\xc0\x00?\x80\x00\x00\x1f\xc0\x00?\x80\x00\x00?\x80\x00?\xc0\x00\x00?\x80\x00\x1f\xc0\x00\x00\x7f\xff\xff\xff\xe0\x00\x00\x7f\xff\xff\xff\xe0\x00\x00\x7f\xff\xff\xff\xe0\x00\x00\xff\xff\xff\xff\xf0\x00\x00\xff\xff\xff\xff\xf0\x00\x00\xff\xff\xff\xff\xf0\x00\x01\xff\xff\xff\xff\xf8\x00\x01\xfc\x00\x00\x07\xf8\x00\x01\xfc\x00\x00\x03\xfc\x00\x03\xf8\x00\x00\x03\xfc\x00\x03\xf8\x00\x00\x01\xfc\x00\x07\xf8\x00\x00\x01\xfe\x00\x07\xf0\x00\x00\x01\xfe\x00\x07\xf0\x00\x00\x00\xfe\x00\x0f\xf0\x00\x00\x00\xff\x00\x0f\xe0\x00\x00\x00\xff\x00\x0f\xe0\x00\x00\x00\x7f\x80\x1f\xc0\x00\x00\x00\x7f\x80\x1f\xc0\x00\x00\x00?\x80?\xc0\x00\x00\x00?\xc0?\x80\x00\x00\x00?\xc0?\x80\x00\x00\x00\x1f\xc0\x7f\x80\x00\x00\x00\x1f\xe0\x7f\x00\x00\x00\x00\x1f\xe0\x00\x00\x00\x00\x00\x00\x00\x00\x00\x00\x00\x00\x00\x00\x00\x00\x00\x00\x00\x00\x00\x00\x00\x00\x00\x00\x00\x00\x00\x00\x00\x00\x00\x00\x00\x00\x00\x00\x00\x00\x00\x00\x00\x00\x00\x00\x00\x00\x00\x00\x00\x00\x00\x00\x00\x00\x00\x00\x00\x00\x00\x00\x00\x00\x00\x00\x00\x00\x00\x00\x00\x00\x00\x00\x00\x00\x00\x00\x00\x00\x00\x00\x00\x00\x00\x00\x00\x00\x00\x00\x00\x00\x00\x00\x00\x00\x00\x00\x00\x00\x00\x00\x00\x00\x00\x00\x00\x00\x00\x00\x00\x00\x00\x00\x00\x00\x00\x00\x00\x00\x00\x00\x00\x00\x00\x00\x00\x00\x00\x00\x00\x00\x00\x00\x00\x00\x00\x00\x00\x004',
  66:b'\x00\x00\x00\x00\x00\x00\x00\x00\x00\x00\x00\x00\x00\x00\x00\x00\x00\x00\x00\x00\x00\x00\x00\x00\x00\x00\x00\x00\x00\x00\x00\x00\x00\x00\x00\x00\x00\x00\x00\x00\x00\x00\x00\x00\x00\x00\x00\x00\x00\x00\x00\x00\x00\x00\x00\x00\x00\x03\xff\xfe\x00\x00\x00\x00\xff\xff\xff\xe0\x00\x00\x00\xff\xff\xff\xfc\x00\x00\x00\xff\xff\xff\xfe\x00\x00\x00\xff\xff\xff\xff\x80\x00\x00\xff\xff\xff\xff\xc0\x00\x00\xff\xff\xff\xff\xe0\x00\x00\xfe\x00\x07\xff\xe0\x00\x00\xfe\x00\x00\xff\xf0\x00\x00\xfe\x00\x00?\xf0\x00\x00\xfe\x00\x00\x1f\xf8\x00\x00\xfe\x00\x00\x0f\xf8\x00\x00\xfe\x00\x00\x0f\xf8\x00\x00\xfe\x00\x00\x07\xf8\x00\x00\xfe\x00\x00\x07\xf8\x00\x00\xfe\x00\x00\x07\xf8\x00\x00\xfe\x00\x00\x07\xf8\x00\x00\xfe\x00\x00\x07\xf8\x00\x00\xfe\x00\x00\x07\xf8\x00\x00\xfe\x00\x00\x07\xf0\x00\x00\xfe\x00\x00\x0f\xf0\x00\x00\xfe\x00\x00\x0f\xf0\x00\x00\xfe\x00\x00\x1f\xe0\x00\x00\xfe\x00\x00?\xc0\x00\x00\xfe\x00\x00\x7f\xc0\x00\x00\xfe\x00\x00\xff\x80\x00\x00\xfe\x00\x03\xff\x00\x00\x00\xfe\x00\x1f\xfc\x00\x00\x00\xff\xff\xff\xf0\x00\x00\x00\xff\xff\xff\x80\x00\x00\x00\xff\xff\xff\xf0\x00\x00\x00\xff\xff\xff\xfe\x00\x00\x00\xff\xff\xff\xff\x80\x00\x00\xff\xff\xff\xff\xc0\x00\x00\xfe\x00\x07\xff\xe0\x00\x00\xfe\x00\x00\xff\xf0\x00\x00\xfe\x00\x00?\xf8\x00\x00\xfe\x00\x00\x0f\xf8\x00\x00\xfe\x00\x00\x07\xfc\x00\x00\xfe\x00\x00\x03\xfc\x00\x00\xfe\x00\x00\x03\xfc\x00\x00\xfe\x00\x00\x01\xfe\x00\x00\xfe\x00\x00\x01\xfe\x00\x00\xfe\x00\x00\x01\xfe\x00\x00\xfe\x00\x00\x01\xfe\x00\x00\xfe\x00\x00\x01\xfe\x00\x00\xfe\x00\x00\x01\xfe\x00\x00\xfe\x00\x00\x01\xfe\x00\x00\xfe\x00\x00\x01\xfe\x00\x00\xfe\x00\x00\x03\xfe\x00\x00\xfe\x00\x00\x03\xfc\x00\x00\xfe\x00\x00\x07\xfc\x00\x00\xfe\x00\x00\x07\xfc\x00\x00\xfe\x00\x00\x0f\xf8\x00\x00\xfe\x00\x00?\xf8\x00\x00\xfe\x00\x00\xff\xf0\x00\x00\xff\x00\x07\xff\xe0\x00\x00\xff\xff\xff\xff\xc0\x00\x00\xff\xff\xff\xff\x80\x00\x00\xff\xff\xff\xff\x00\x00\x00\xff\xff\xff\xfc\x00\x00\x00\xff\xff\xff\xf0\x00\x00\x00\xff\xff\xff\xc0\x00\x00\x00\x1f\xff\xf8\x00\x00\x00\x00\x00\x00\x00\x00\x00\x00\x00\x00\x00\x00\x00\x00\x00\x00\x00\x00\x00\x00\x00\x00\x00\x00\x00\x00\x00\x00\x00\x00\x00\x00\x00\x00\x00\x00\x00\x00\x00\x00\x00\x00\x00\x00\x00\x00\x00\x00\x00\x00\x00\x00\x00\x00\x00\x00\x00\x00\x00\x00\x00\x00\x00\x00\x00\x00\x00\x00\x00\x00\x00\x00\x00\x00\x00\x00\x00\x00\x00\x00\x00\x00\x00\x00\x00\x00\x00\x00\x00\x00\x00\x00\x00\x00\x00\x00\x00\x00\x00\x00\x00\x00\x00\x00\x00\x00\x00\x00\x00\x00\x00\x00\x00\x00\x00\x00\x00\x00\x00\x00\x00\x00\x00\x00\x00\x00\x00\x00\x00\x00\x00\x00\x00\x004',
  67:b'\x00\x00\x00\x00\x00\x00\x00\x00\x00\x00\x00\x00\x00\x00\x00\x00\x00\x00\x00\x00\x00\x00\x00\x00\x00\x00\x00\x00\x00\x00\x00\x00\x00\x00\x00\x00\x00\x00\x00\x00\x00\x00\x00\x00\x00\x00\x00\x00\x00\x00\x00\x00\x00\x00\x00\x00\x00\x00\x00\x1f\xff\x00\x00\x00\x00\x01\xff\xff\xf8\x00\x00\x00\x07\xff\xff\xfe\x00\x00\x00\x1f\xff\xff\xfc\x00\x00\x00\x7f\xff\xff\xfc\x00\x00\x00\xff\xff\xff\xfc\x00\x00\x03\xff\xff\xff\xf8\x00\x00\x07\xff\xf0\x01\xf8\x00\x00\x0f\xff\x80\x00\x08\x00\x00\x0f\xfe\x00\x00\x00\x00\x00\x1f\xf8\x00\x00\x00\x00\x00?\xf0\x00\x00\x00\x00\x00?\xe0\x00\x00\x00\x00\x00\x7f\xc0\x00\x00\x00\x00\x00\x7f\x80\x00\x00\x00\x00\x00\xff\x80\x00\x00\x00\x00\x00\xff\x00\x00\x00\x00\x00\x01\xff\x00\x00\x00\x00\x00\x01\xfe\x00\x00\x00\x00\x00\x01\xfe\x00\x00\x00\x00\x00\x03\xfc\x00\x00\x00\x00\x00\x03\xfc\x00\x00\x00\x00\x00\x03\xfc\x00\x00\x00\x00\x00\x03\xfc\x00\x00\x00\x00\x00\x07\xf8\x00\x00\x00\x00\x00\x07\xf8\x00\x00\x00\x00\x00\x07\xf8\x00\x00\x00\x00\x00\x07\xf8\x00\x00\x00\x00\x00\x07\xf8\x00\x00\x00\x00\x00\x07\xf8\x00\x00\x00\x00\x00\x07\xf8\x00\x00\x00\x00\x00\x07\xf8\x00\x00\x00\x00\x00\x07\xf8\x00\x00\x00\x00\x00\x07\xf8\x00\x00\x00\x00\x00\x07\xf8\x00\x00\x00\x00\x00\x07\xf8\x00\x00\x00\x00\x00\x07\xf8\x00\x00\x00\x00\x00\x07\xf8\x00\x00\x00\x00\x00\x07\xf8\x00\x00\x00\x00\x00\x07\xf8\x00\x00\x00\x00\x00\x03\xfc\x00\x00\x00\x00\x00\x03\xfc\x00\x00\x00\x00\x00\x03\xfc\x00\x00\x00\x00\x00\x03\xfe\x00\x00\x00\x00\x00\x01\xfe\x00\x00\x00\x00\x00\x01\xfe\x00\x00\x00\x00\x00\x01\xff\x00\x00\x00\x00\x00\x00\xff\x00\x00\x00\x00\x00\x00\xff\x80\x00\x00\x00\x00\x00\xff\xc0\x00\x00\x00\x00\x00\x7f\xe0\x00\x00\x00\x00\x00\x7f\xf0\x00\x00\x00\x00\x00?\xf8\x00\x00\x00\x00\x00\x1f\xfc\x00\x00\x00\x00\x00\x1f\xfe\x00\x00\x04\x00\x00\x0f\xff\xc0\x00\x1c\x00\x00\x07\xff\xf8\x01\xfc\x00\x00\x03\xff\xff\xff\xfe\x00\x00\x01\xff\xff\xff\xfe\x00\x00\x00\x7f\xff\xff\xfe\x00\x00\x00?\xff\xff\xfe\x00\x00\x00\x0f\xff\xff\xf8\x00\x00\x00\x03\xff\xff\xe0\x00\x00\x00\x00?\xfe\x00\x00\x00\x00\x00\x00\x00\x00\x00\x00\x00\x00\x00\x00\x00\x00\x00\x00\x00\x00\x00\x00\x00\x00\x00\x00\x00\x00\x00\x00\x00\x00\x00\x00\x00\x00\x00\x00\x00\x00\x00\x00\x00\x00\x00\x00\x00\x00\x00\x00\x00\x00\x00\x00\x00\x00\x00\x00\x00\x00\x00\x00\x00\x00\x00\x00\x00\x00\x00\x00\x00\x00\x00\x00\x00\x00\x00\x00\x00\x00\x00\x00\x00\x00\x00\x00\x00\x00\x00\x00\x00\x00\x00\x00\x00\x00\x00\x00\x00\x00\x00\x00\x00\x00\x00\x00\x00\x00\x00\x00\x00\x00\x00\x00\x00\x00\x00\x00\x00\x00\x00\x00\x00\x00\x00\x00\x00\x00\x00\x00\x00\x00\x00\x00\x003',
  68:b'\x00\x00\x00\x00\x00\x00\x00\x00\x00\x00\x00\x00\x00\x00\x00\x00\x00\x00\x00\x00\x00\x00\x00\x00\x00\x00\x00\x00\x00\x00\x00\x00\x00\x00\x00\x00\x00\x00\x00\x00\x00\x00\x00\x00\x00\x00\x00\x00\x00\x00\x00\x00\x00\x00\x00\x00\x00\x00\x00\x00\x00\x00\x00\x00\x00?\xff\xfe\x00\x00\x00\x00\x00\xff\xff\xff\xe0\x00\x00\x00\x00\xff\xff\xff\xfc\x00\x00\x00\x00\xff\xff\xff\xff\x00\x00\x00\x00\xff\xff\xff\xff\x80\x00\x00\x00\xff\xff\xff\xff\xe0\x00\x00\x00\xff\xff\xff\xff\xf0\x00\x00\x00\xfe\x00\x03\xff\xf8\x00\x00\x00\xfe\x00\x00\x7f\xfc\x00\x00\x00\xfe\x00\x00\x1f\xfe\x00\x00\x00\xfe\x00\x00\x07\xff\x00\x00\x00\xfe\x00\x00\x03\xff\x00\x00\x00\xfe\x00\x00\x01\xff\x80\x00\x00\xfe\x00\x00\x00\xff\x80\x00\x00\xfe\x00\x00\x00\x7f\xc0\x00\x00\xfe\x00\x00\x00\x7f\xc0\x00\x00\xfe\x00\x00\x00?\xe0\x00\x00\xfe\x00\x00\x00?\xe0\x00\x00\xfe\x00\x00\x00\x1f\xe0\x00\x00\xfe\x00\x00\x00\x1f\xf0\x00\x00\xfe\x00\x00\x00\x0f\xf0\x00\x00\xfe\x00\x00\x00\x0f\xf0\x00\x00\xfe\x00\x00\x00\x0f\xf0\x00\x00\xfe\x00\x00\x00\x07\xf8\x00\x00\xfe\x00\x00\x00\x07\xf8\x00\x00\xfe\x00\x00\x00\x07\xf8\x00\x00\xfe\x00\x00\x00\x07\xf8\x00\x00\xfe\x00\x00\x00\x07\xf8\x00\x00\xfe\x00\x00\x00\x07\xf8\x00\x00\xfe\x00\x00\x00\x07\xf8\x00\x00\xfe\x00\x00\x00\x07\xf8\x00\x00\xfe\x00\x00\x00\x07\xf8\x00\x00\xfe\x00\x00\x00\x07\xf8\x00\x00\xfe\x00\x00\x00\x07\xf8\x00\x00\xfe\x00\x00\x00\x07\xf8\x00\x00\xfe\x00\x00\x00\x07\xf8\x00\x00\xfe\x00\x00\x00\x07\xf8\x00\x00\xfe\x00\x00\x00\x07\xf8\x00\x00\xfe\x00\x00\x00\x07\xf8\x00\x00\xfe\x00\x00\x00\x07\xf8\x00\x00\xfe\x00\x00\x00\x0f\xf0\x00\x00\xfe\x00\x00\x00\x0f\xf0\x00\x00\xfe\x00\x00\x00\x0f\xf0\x00\x00\xfe\x00\x00\x00\x0f\xf0\x00\x00\xfe\x00\x00\x00\x1f\xe0\x00\x00\xfe\x00\x00\x00\x1f\xe0\x00\x00\xfe\x00\x00\x00?\xe0\x00\x00\xfe\x00\x00\x00?\xc0\x00\x00\xfe\x00\x00\x00\x7f\xc0\x00\x00\xfe\x00\x00\x00\x7f\x80\x00\x00\xfe\x00\x00\x00\xff\x80\x00\x00\xfe\x00\x00\x01\xff\x00\x00\x00\xfe\x00\x00\x03\xfe\x00\x00\x00\xfe\x00\x00\x0f\xfe\x00\x00\x00\xfe\x00\x00\x1f\xfc\x00\x00\x00\xfe\x00\x00\x7f\xf8\x00\x00\x00\xfe\x00\x07\xff\xf0\x00\x00\x00\xff\xff\xff\xff\xe0\x00\x00\x00\xff\xff\xff\xff\xc0\x00\x00\x00\xff\xff\xff\xff\x00\x00\x00\x00\xff\xff\xff\xfe\x00\x00\x00\x00\xff\xff\xff\xf8\x00\x00\x00\x00\xff\xff\xff\xc0\x00\x00\x00\x00?\xff\xfc\x00\x00\x00\x00\x00\x00\x00\x00\x00\x00\x00\x00\x00\x00\x00\x00\x00\x00\x00\x00\x00\x00\x00\x00\x00\x00\x00\x00\x00\x00\x00\x00\x00\x00\x00\x00\x00\x00\x00\x00\x00\x00\x00\x00\x00\x00\x00\x00\x00\x00\x00\x00\x00\x00\x00\x00\x00\x00\x00\x00\x00\x00\x00\x00\x00\x00\x00\x00\x00\x00\x00\x00\x00\x00\x00\x00\x00\x00\x00\x00\x00\x00\x00\x00\x00\x00\x00\x00\x00\x00\x00\x00\x00\x00\x00\x00\x00\x00\x00\x00\x00\x00\x00\x00\x00\x00\x00\x00\x00\x00\x00\x00\x00\x00\x00\x00\x00\x00\x00\x00\x00\x00\x00\x00\x00\x00\x00\x00\x00\x00\x00\x00\x00\x00\x00\x00\x00\x00\x00\x00\x00\x00\x00\x00\x00\x00\x00\x00\x00\x00\x00\x00\x00\x00\x00\x00:',
  69:b'\x00\x00\x00\x00\x00\x00\x00\x00\x00\x00\x00\x00\x00\x00\x00\x00\x00\x00\x00\x00\x00\x00\x00\x00\x00\x00\x00\x00\x00\x00\x00\x00\x00\x00\x00\x00\x00\x00\x00\x00\x00\x00\x00\x00\x00\x00\x00\x00\x00\x00\x00\x00\x00\x00\x00\xff\xff\xff\xff\x80\x00\xff\xff\xff\xff\x80\x00\xff\xff\xff\xff\x80\x00\xff\xff\xff\xff\x80\x00\xff\xff\xff\xff\x80\x00\xff\xff\xff\xff\x80\x00\xff\xff\xff\xff\x80\x00\xfe\x00\x00\x00\x00\x00\xfe\x00\x00\x00\x00\x00\xfe\x00\x00\x00\x00\x00\xfe\x00\x00\x00\x00\x00\xfe\x00\x00\x00\x00\x00\xfe\x00\x00\x00\x00\x00\xfe\x00\x00\x00\x00\x00\xfe\x00\x00\x00\x00\x00\xfe\x00\x00\x00\x00\x00\xfe\x00\x00\x00\x00\x00\xfe\x00\x00\x00\x00\x00\xfe\x00\x00\x00\x00\x00\xfe\x00\x00\x00\x00\x00\xfe\x00\x00\x00\x00\x00\xfe\x00\x00\x00\x00\x00\xfe\x00\x00\x00\x00\x00\xfe\x00\x00\x00\x00\x00\xfe\x00\x00\x00\x00\x00\xfe\x00\x00\x00\x00\x00\xfe\x00\x00\x00\x00\x00\xff\xff\xff\xfe\x00\x00\xff\xff\xff\xfe\x00\x00\xff\xff\xff\xfe\x00\x00\xff\xff\xff\xfe\x00\x00\xff\xff\xff\xfe\x00\x00\xff\xff\xff\xfe\x00\x00\xff\xff\xff\xfe\x00\x00\xfe\x00\x00\x00\x00\x00\xfe\x00\x00\x00\x00\x00\xfe\x00\x00\x00\x00\x00\xfe\x00\x00\x00\x00\x00\xfe\x00\x00\x00\x00\x00\xfe\x00\x00\x00\x00\x00\xfe\x00\x00\x00\x00\x00\xfe\x00\x00\x00\x00\x00\xfe\x00\x00\x00\x00\x00\xfe\x00\x00\x00\x00\x00\xfe\x00\x00\x00\x00\x00\xfe\x00\x00\x00\x00\x00\xfe\x00\x00\x00\x00\x00\xfe\x00\x00\x00\x00\x00\xfe\x00\x00\x00\x00\x00\xfe\x00\x00\x00\x00\x00\xfe\x00\x00\x00\x00\x00\xfe\x00\x00\x00\x00\x00\xfe\x00\x00\x00\x00\x00\xfe\x00\x00\x00\x00\x00\xfe\x00\x00\x00\x00\x00\xff\xff\xff\xff\xc0\x00\xff\xff\xff\xff\xc0\x00\xff\xff\xff\xff\xc0\x00\xff\xff\xff\xff\xc0\x00\xff\xff\xff\xff\xc0\x00\xff\xff\xff\xff\xc0\x00\xff\xff\xff\xff\xc0\x00\x00\x00\x00\x00\x00\x00\x00\x00\x00\x00\x00\x00\x00\x00\x00\x00\x00\x00\x00\x00\x00\x00\x00\x00\x00\x00\x00\x00\x00\x00\x00\x00\x00\x00\x00\x00\x00\x00\x00\x00\x00\x00\x00\x00\x00\x00\x00\x00\x00\x00\x00\x00\x00\x00\x00\x00\x00\x00\x00\x00\x00\x00\x00\x00\x00\x00\x00\x00\x00\x00\x00\x00\x00\x00\x00\x00\x00\x00\x00\x00\x00\x00\x00\x00\x00\x00\x00\x00\x00\x00\x00\x00\x00\x00\x00\x00\x00\x00\x00\x00\x00\x00\x00\x00\x00\x00\x00\x00\x00\x00\x00\x00\x00\x00\x00\x00\x00\x00\x000',
  70:b'\x00\x00\x00\x00\x00\x00\x00\x00\x00\x00\x00\x00\x00\x00\x00\x00\x00\x00\x00\x00\x00\x00\x00\x00\x00\x00\x00\x00\x00\x00\x00\x00\x00\x00\x00\x00\x00\x00\x00\x00\x00\x00\x00\x00\x00\x00\x00\x00\x00\x00\x00\x00\x00\x00\x00\xff\xff\xff\xff\x80\x00\xff\xff\xff\xff\x80\x00\xff\xff\xff\xff\x80\x00\xff\xff\xff\xff\x80\x00\xff\xff\xff\xff\x80\x00\xff\xff\xff\xff\x80\x00\xff\xff\xff\xff\x80\x00\xfe\x00\x00\x00\x00\x00\xfe\x00\x00\x00\x00\x00\xfe\x00\x00\x00\x00\x00\xfe\x00\x00\x00\x00\x00\xfe\x00\x00\x00\x00\x00\xfe\x00\x00\x00\x00\x00\xfe\x00\x00\x00\x00\x00\xfe\x00\x00\x00\x00\x00\xfe\x00\x00\x00\x00\x00\xfe\x00\x00\x00\x00\x00\xfe\x00\x00\x00\x00\x00\xfe\x00\x00\x00\x00\x00\xfe\x00\x00\x00\x00\x00\xfe\x00\x00\x00\x00\x00\xfe\x00\x00\x00\x00\x00\xfe\x00\x00\x00\x00\x00\xfe\x00\x00\x00\x00\x00\xfe\x00\x00\x00\x00\x00\xfe\x00\x00\x00\x00\x00\xfe\x00\x00\x00\x00\x00\xfe\x00\x00\x00\x00\x00\xff\xff\xff\xff\x00\x00\xff\xff\xff\xff\x00\x00\xff\xff\xff\xff\x00\x00\xff\xff\xff\xff\x00\x00\xff\xff\xff\xff\x00\x00\xff\xff\xff\xff\x00\x00\xff\xff\xff\xff\x00\x00\xfe\x00\x00\x00\x00\x00\xfe\x00\x00\x00\x00\x00\xfe\x00\x00\x00\x00\x00\xfe\x00\x00\x00\x00\x00\xfe\x00\x00\x00\x00\x00\xfe\x00\x00\x00\x00\x00\xfe\x00\x00\x00\x00\x00\xfe\x00\x00\x00\x00\x00\xfe\x00\x00\x00\x00\x00\xfe\x00\x00\x00\x00\x00\xfe\x00\x00\x00\x00\x00\xfe\x00\x00\x00\x00\x00\xfe\x00\x00\x00\x00\x00\xfe\x00\x00\x00\x00\x00\xfe\x00\x00\x00\x00\x00\xfe\x00\x00\x00\x00\x00\xfe\x00\x00\x00\x00\x00\xfe\x00\x00\x00\x00\x00\xfe\x00\x00\x00\x00\x00\xfe\x00\x00\x00\x00\x00\xfe\x00\x00\x00\x00\x00\xfe\x00\x00\x00\x00\x00\xfe\x00\x00\x00\x00\x00\xfe\x00\x00\x00\x00\x00\xfe\x00\x00\x00\x00\x00\xfe\x00\x00\x00\x00\x00\xfe\x00\x00\x00\x00\x00\x00\x00\x00\x00\x00\x00\x00\x00\x00\x00\x00\x00\x00\x00\x00\x00\x00\x00\x00\x00\x00\x00\x00\x00\x00\x00\x00\x00\x00\x00\x00\x00\x00\x00\x00\x00\x00\x00\x00\x00\x00\x00\x00\x00\x00\x00\x00\x00\x00\x00\x00\x00\x00\x00\x00\x00\x00\x00\x00\x00\x00\x00\x00\x00\x00\x00\x00\x00\x00\x00\x00\x00\x00\x00\x00\x00\x00\x00\x00\x00\x00\x00\x00\x00\x00\x00\x00\x00\x00\x00\x00\x00\x00\x00\x00\x00\x00\x00\x00\x00\x00\x00\x00\x00\x00\x00\x00\x00\x00\x00\x00\x00\x00\x00\x00\x00\x00\x00\x00.',
  71:b'\x00\x00\x00\x00\x00\x00\x00\x00\x00\x00\x00\x00\x00\x00\x00\x00\x00\x00\x00\x00\x00\x00\x00\x00\x00\x00\x00\x00\x00\x00\x00\x00\x00\x00\x00\x00\x00\x00\x00\x00\x00\x00\x00\x00\x00\x00\x00\x00\x00\x00\x00\x00\x00\x00\x00\x00\x00\x00\x00\x0f\xff\x80\x00\x00\x00\x00\xff\xff\xfc\x00\x00\x00\x07\xff\xff\xff\x00\x00\x00\x1f\xff\xff\xfe\x00\x00\x00?\xff\xff\xfe\x00\x00\x00\xff\xff\xff\xfe\x00\x00\x01\xff\xff\xff\xfc\x00\x00\x03\xff\xf8\x00\xfc\x00\x00\x07\xff\x80\x00\x0c\x00\x00\x0f\xfe\x00\x00\x00\x00\x00\x1f\xfc\x00\x00\x00\x00\x00\x1f\xf8\x00\x00\x00\x00\x00?\xe0\x00\x00\x00\x00\x00\x7f\xe0\x00\x00\x00\x00\x00\x7f\xc0\x00\x00\x00\x00\x00\xff\x80\x00\x00\x00\x00\x00\xff\x00\x00\x00\x00\x00\x01\xff\x00\x00\x00\x00\x00\x01\xfe\x00\x00\x00\x00\x00\x01\xfe\x00\x00\x00\x00\x00\x03\xfe\x00\x00\x00\x00\x00\x03\xfc\x00\x00\x00\x00\x00\x03\xfc\x00\x00\x00\x00\x00\x03\xfc\x00\x00\x00\x00\x00\x03\xf8\x00\x00\x00\x00\x00\x07\xf8\x00\x00\x00\x00\x00\x07\xf8\x00\x00\x00\x00\x00\x07\xf8\x00\x00\x00\x00\x00\x07\xf8\x00\x00\x00\x00\x00\x07\xf8\x00\x00\x00\x00\x00\x07\xf8\x00\x00\x00\x00\x00\x07\xf8\x00\x00\x00\x00\x00\x07\xf8\x00\x07\xff\xff\x80\x07\xf8\x00\x07\xff\xff\x80\x07\xf8\x00\x07\xff\xff\x80\x07\xf8\x00\x07\xff\xff\x80\x07\xf8\x00\x00\xff\xff\x80\x07\xf8\x00\x00\x01\xff\x80\x07\xf8\x00\x00\x00\x1f\x80\x07\xf8\x00\x00\x00\x1f\x80\x03\xfc\x00\x00\x00\x1f\x80\x03\xfc\x00\x00\x00\x1f\x80\x03\xfc\x00\x00\x00\x1f\x80\x03\xfc\x00\x00\x00\x1f\x80\x03\xfe\x00\x00\x00\x1f\x80\x01\xfe\x00\x00\x00\x1f\x80\x01\xff\x00\x00\x00\x1f\x80\x01\xff\x00\x00\x00\x1f\x80\x00\xff\x80\x00\x00\x1f\x80\x00\xff\x80\x00\x00\x1f\x80\x00\x7f\xc0\x00\x00\x1f\x80\x00\x7f\xe0\x00\x00\x1f\x80\x00?\xf0\x00\x00\x1f\x80\x00?\xf8\x00\x00\x1f\x80\x00\x1f\xfe\x00\x00\x1f\x80\x00\x0f\xff\x80\x00?\x80\x00\x07\xff\xf8\x01\xff\x80\x00\x03\xff\xff\xff\xff\x80\x00\x01\xff\xff\xff\xff\x80\x00\x00\xff\xff\xff\xff\x80\x00\x00?\xff\xff\xff\x00\x00\x00\x0f\xff\xff\xfc\x00\x00\x00\x03\xff\xff\xe0\x00\x00\x00\x00?\xfc\x00\x00\x00\x00\x00\x00\x00\x00\x00\x00\x00\x00\x00\x00\x00\x00\x00\x00\x00\x00\x00\x00\x00\x00\x00\x00\x00\x00\x00\x00\x00\x00\x00\x00\x00\x00\x00\x00\x00\x00\x00\x00\x00\x00\x00\x00\x00\x00\x00\x00\x00\x00\x00\x00\x00\x00\x00\x00\x00\x00\x00\x00\x00\x00\x00\x00\x00\x00\x00\x00\x00\x00\x00\x00\x00\x00\x00\x00\x00\x00\x00\x00\x00\x00\x00\x00\x00\x00\x00\x00\x00\x00\x00\x00\x00\x00\x00\x00\x00\x00\x00\x00\x00\x00\x00\x00\x00\x00\x00\x00\x00\x00\x00\x00\x00\x00\x00\x00\x00\x00\x00\x00\x00\x00\x00\x00\x00\x00\x00\x00\x00\x00\x00\x00\x006',
  72:b'\x00\x00\x00\x00\x00\x00\x00\x00\x00\x00\x00\x00\x00\x00\x00\x00\x00\x00\x00\x00\x00\x00\x00\x00\x00\x00\x00\x00\x00\x00\x00\x00\x00\x00\x00\x00\x00\x00\x00\x00\x00\x00\x00\x00\x00\x00\x00\x00\x00\x00\x00\x00\x00\x00\x00\x00\x00\x00\x00\x00\x00\x00\x00\x00\x00\x00\x00\x00\x00\x00\x00\x00\x00\xfe\x00\x00\x00\x07\xf0\x00\x00\xfe\x00\x00\x00\x07\xf0\x00\x00\xfe\x00\x00\x00\x07\xf0\x00\x00\xfe\x00\x00\x00\x07\xf0\x00\x00\xfe\x00\x00\x00\x07\xf0\x00\x00\xfe\x00\x00\x00\x07\xf0\x00\x00\xfe\x00\x00\x00\x07\xf0\x00\x00\xfe\x00\x00\x00\x07\xf0\x00\x00\xfe\x00\x00\x00\x07\xf0\x00\x00\xfe\x00\x00\x00\x07\xf0\x00\x00\xfe\x00\x00\x00\x07\xf0\x00\x00\xfe\x00\x00\x00\x07\xf0\x00\x00\xfe\x00\x00\x00\x07\xf0\x00\x00\xfe\x00\x00\x00\x07\xf0\x00\x00\xfe\x00\x00\x00\x07\xf0\x00\x00\xfe\x00\x00\x00\x07\xf0\x00\x00\xfe\x00\x00\x00\x07\xf0\x00\x00\xfe\x00\x00\x00\x07\xf0\x00\x00\xfe\x00\x00\x00\x07\xf0\x00\x00\xfe\x00\x00\x00\x07\xf0\x00\x00\xfe\x00\x00\x00\x07\xf0\x00\x00\xfe\x00\x00\x00\x07\xf0\x00\x00\xfe\x00\x00\x00\x07\xf0\x00\x00\xfe\x00\x00\x00\x07\xf0\x00\x00\xfe\x00\x00\x00\x07\xf0\x00\x00\xfe\x00\x00\x00\x07\xf0\x00\x00\xfe\x00\x00\x00\x07\xf0\x00\x00\xff\xff\xff\xff\xff\xf0\x00\x00\xff\xff\xff\xff\xff\xf0\x00\x00\xff\xff\xff\xff\xff\xf0\x00\x00\xff\xff\xff\xff\xff\xf0\x00\x00\xff\xff\xff\xff\xff\xf0\x00\x00\xff\xff\xff\xff\xff\xf0\x00\x00\xff\xff\xff\xff\xff\xf0\x00\x00\xfe\x00\x00\x00\x07\xf0\x00\x00\xfe\x00\x00\x00\x07\xf0\x00\x00\xfe\x00\x00\x00\x07\xf0\x00\x00\xfe\x00\x00\x00\x07\xf0\x00\x00\xfe\x00\x00\x00\x07\xf0\x00\x00\xfe\x00\x00\x00\x07\xf0\x00\x00\xfe\x00\x00\x00\x07\xf0\x00\x00\xfe\x00\x00\x00\x07\xf0\x00\x00\xfe\x00\x00\x00\x07\xf0\x00\x00\xfe\x00\x00\x00\x07\xf0\x00\x00\xfe\x00\x00\x00\x07\xf0\x00\x00\xfe\x00\x00\x00\x07\xf0\x00\x00\xfe\x00\x00\x00\x07\xf0\x00\x00\xfe\x00\x00\x00\x07\xf0\x00\x00\xfe\x00\x00\x00\x07\xf0\x00\x00\xfe\x00\x00\x00\x07\xf0\x00\x00\xfe\x00\x00\x00\x07\xf0\x00\x00\xfe\x00\x00\x00\x07\xf0\x00\x00\xfe\x00\x00\x00\x07\xf0\x00\x00\xfe\x00\x00\x00\x07\xf0\x00\x00\xfe\x00\x00\x00\x07\xf0\x00\x00\xfe\x00\x00\x00\x07\xf0\x00\x00\xfe\x00\x00\x00\x07\xf0\x00\x00\xfe\x00\x00\x00\x07\xf0\x00\x00\xfe\x00\x00\x00\x07\xf0\x00\x00\xfe\x00\x00\x00\x07\xf0\x00\x00\xfe\x00\x00\x00\x07\xf0\x00\x00\xfe\x00\x00\x00\x07\xf0\x00\x00\x00\x00\x00\x00\x00\x00\x00\x00\x00\x00\x00\x00\x00\x00\x00\x00\x00\x00\x00\x00\x00\x00\x00\x00\x00\x00\x00\x00\x00\x00\x00\x00\x00\x00\x00\x00\x00\x00\x00\x00\x00\x00\x00\x00\x00\x00\x00\x00\x00\x00\x00\x00\x00\x00\x00\x00\x00\x00\x00\x00\x00\x00\x00\x00\x00\x00\x00\x00\x00\x00\x00\x00\x00\x00\x00\x00\x00\x00\x00\x00\x00\x00\x00\x00\x00\x00\x00\x00\x00\x00\x00\x00\x00\x00\x00\x00\x00\x00\x00\x00\x00\x00\x00\x00\x00\x00\x00\x00\x00\x00\x00\x00\x00\x00\x00\x00\x00\x00\x00\x00\x00\x00\x00\x00\x00\x00\x00\x00\x00\x00\x00\x00\x00\x00\x00\x00\x00\x00\x00\x00\x00\x00\x00\x00\x00\x00\x00\x00\x00\x00\x00\x00\x00\x00\x00\x00\x00\x00\x00<',
  73:b'\x00\x00\x00\x00\x00\x00\x00\x00\x00\x00\x00\x00\x00\x00\x00\x00\x00\x00\x00\x00\x00\x00\x00\x00\x00\x00\x00\x00\x00\x00\x00\x00\x00\x00\x00\x00\x00\x7f\x80\x00\x00\x7f\x80\x00\x00\x7f\x80\x00\x00\x7f\x80\x00\x00\x7f\x80\x00\x00\x7f\x80\x00\x00\x7f\x80\x00\x00\x7f\x80\x00\x00\x7f\x80\x00\x00\x7f\x80\x00\x00\x7f\x80\x00\x00\x7f\x80\x00\x00\x7f\x80\x00\x00\x7f\x80\x00\x00\x7f\x80\x00\x00\x7f\x80\x00\x00\x7f\x80\x00\x00\x7f\x80\x00\x00\x7f\x80\x00\x00\x7f\x80\x00\x00\x7f\x80\x00\x00\x7f\x80\x00\x00\x7f\x80\x00\x00\x7f\x80\x00\x00\x7f\x80\x00\x00\x7f\x80\x00\x00\x7f\x80\x00\x00\x7f\x80\x00\x00\x7f\x80\x00\x00\x7f\x80\x00\x00\x7f\x80\x00\x00\x7f\x80\x00\x00\x7f\x80\x00\x00\x7f\x80\x00\x00\x7f\x80\x00\x00\x7f\x80\x00\x00\x7f\x80\x00\x00\x7f\x80\x00\x00\x7f\x80\x00\x00\x7f\x80\x00\x00\x7f\x80\x00\x00\x7f\x80\x00\x00\x7f\x80\x00\x00\x7f\x80\x00\x00\x7f\x80\x00\x00\x7f\x80\x00\x00\x7f\x80\x00\x00\x7f\x80\x00\x00\x7f\x80\x00\x00\x7f\x80\x00\x00\x7f\x80\x00\x00\x7f\x80\x00\x00\x7f\x80\x00\x00\x7f\x80\x00\x00\x7f\x80\x00\x00\x7f\x80\x00\x00\x7f\x80\x00\x00\x7f\x80\x00\x00\x7f\x80\x00\x00\x7f\x80\x00\x00\x7f\x80\x00\x00\x7f\x80\x00\x00\x00\x00\x00\x00\x00\x00\x00\x00\x00\x00\x00\x00\x00\x00\x00\x00\x00\x00\x00\x00\x00\x00\x00\x00\x00\x00\x00\x00\x00\x00\x00\x00\x00\x00\x00\x00\x00\x00\x00\x00\x00\x00\x00\x00\x00\x00\x00\x00\x00\x00\x00\x00\x00\x00\x00\x00\x00\x00\x00\x00\x00\x00\x00\x00\x00\x00\x00\x00\x00\x00\x00\x00\x00\x00\x00\x00\x00\x00\x00\x1a',
  74:b'\x00\x00\x00\x00\x00\x00\x00\x00\x00\x00\x00\x00\x00\x00\x00\x00\x00\x00\x00\x00\x00\x00\x00\x00\x00\x00\x00\x00\x00\x00\x00\x00\x00\x00\x00\x00\x00\x07\xf0\x00\x00\x07\xf0\x00\x00\x07\xf0\x00\x00\x07\xf0\x00\x00\x07\xf0\x00\x00\x07\xf0\x00\x00\x07\xf0\x00\x00\x07\xf0\x00\x00\x07\xf0\x00\x00\x07\xf0\x00\x00\x07\xf0\x00\x00\x07\xf0\x00\x00\x07\xf0\x00\x00\x07\xf0\x00\x00\x07\xf0\x00\x00\x07\xf0\x00\x00\x07\xf0\x00\x00\x07\xf0\x00\x00\x07\xf0\x00\x00\x07\xf0\x00\x00\x07\xf0\x00\x00\x07\xf0\x00\x00\x07\xf0\x00\x00\x07\xf0\x00\x00\x07\xf0\x00\x00\x07\xf0\x00\x00\x07\xf0\x00\x00\x07\xf0\x00\x00\x07\xf0\x00\x00\x07\xf0\x00\x00\x07\xf0\x00\x00\x07\xf0\x00\x00\x07\xf0\x00\x00\x07\xf0\x00\x00\x07\xf0\x00\x00\x07\xf0\x00\x00\x07\xf0\x00\x00\x07\xf0\x00\x00\x07\xf0\x00\x00\x07\xf0\x00\x00\x07\xf0\x00\x00\x07\xf0\x00\x00\x07\xf0\x00\x00\x07\xf0\x00\x00\x07\xf0\x00\x00\x07\xf0\x00\x00\x07\xf0\x00\x00\x07\xf0\x00\x00\x07\xf0\x00\x00\x07\xf0\x00\x00\x07\xf0\x00\x00\x0f\xf0\x00\x00\x0f\xf0\x00\x00\x0f\xf0\x00\x00\x1f\xf0\x00\x00?\xe0\x00\x7f\xff\xe0\x00\x7f\xff\xc0\x00\x7f\xff\xc0\x00\x7f\xff\x80\x00\xff\xff\x00\x00\xff\xfe\x00\x00?\xf0\x00\x00\x00\x00\x00\x00\x00\x00\x00\x00\x00\x00\x00\x00\x00\x00\x00\x00\x00\x00\x00\x00\x00\x00\x00\x00\x00\x00\x00\x00\x00\x00\x00\x00\x00\x00\x00\x00\x00\x00\x00\x00\x00\x00\x00\x00\x00\x00\x00\x00\x00\x00\x00\x00\x00\x00\x00\x00\x00\x00\x00\x00\x00\x00\x00\x00\x00\x00\x00\x00\x00\x00\x00\x00\x00\x00\x00\x00\x1a',
  75:b'\x00\x00\x00\x00\x00\x00\x00\x00\x00\x00\x00\x00\x00\x00\x00\x00\x00\x00\x00\x00\x00\x00\x00\x00\x00\x00\x00\x00\x00\x00\x00\x00\x00\x00\x00\x00\x00\x00\x00\x00\x00\x00\x00\x00\x00\x00\x00\x00\x00\x00\x00\x00\x00\x00\x00\x00\x00\x00\x00\x00\x00\x00\x00\x00\xfe\x00\x00\x01\xff\x00\x00\xfe\x00\x00\x01\xfe\x00\x00\xfe\x00\x00\x03\xfc\x00\x00\xfe\x00\x00\x07\xfc\x00\x00\xfe\x00\x00\x0f\xf8\x00\x00\xfe\x00\x00\x0f\xf0\x00\x00\xfe\x00\x00\x1f\xe0\x00\x00\xfe\x00\x00?\xe0\x00\x00\xfe\x00\x00\x7f\xc0\x00\x00\xfe\x00\x00\x7f\x80\x00\x00\xfe\x00\x00\xff\x00\x00\x00\xfe\x00\x01\xfe\x00\x00\x00\xfe\x00\x03\xfe\x00\x00\x00\xfe\x00\x03\xfc\x00\x00\x00\xfe\x00\x07\xf8\x00\x00\x00\xfe\x00\x0f\xf0\x00\x00\x00\xfe\x00\x1f\xf0\x00\x00\x00\xfe\x00\x1f\xe0\x00\x00\x00\xfe\x00?\xc0\x00\x00\x00\xfe\x00\x7f\x80\x00\x00\x00\xfe\x00\xff\x00\x00\x00\x00\xfe\x00\xff\x00\x00\x00\x00\xfe\x01\xfe\x00\x00\x00\x00\xfe\x03\xfc\x00\x00\x00\x00\xfe\x07\xf8\x00\x00\x00\x00\xfe\x07\xf8\x00\x00\x00\x00\xfe\x0f\xf0\x00\x00\x00\x00\xfe\x1f\xe0\x00\x00\x00\x00\xfe\x7f\x80\x00\x00\x00\x00\xff\xff\x00\x00\x00\x00\x00\xff\xff\x80\x00\x00\x00\x00\xff\xff\xc0\x00\x00\x00\x00\xff\xff\xf0\x00\x00\x00\x00\xfe\x0f\xf8\x00\x00\x00\x00\xfe\x0f\xf8\x00\x00\x00\x00\xfe\x07\xfc\x00\x00\x00\x00\xfe\x03\xfe\x00\x00\x00\x00\xfe\x01\xff\x00\x00\x00\x00\xfe\x01\xff\x80\x00\x00\x00\xfe\x00\xff\x80\x00\x00\x00\xfe\x00\x7f\xc0\x00\x00\x00\xfe\x00?\xe0\x00\x00\x00\xfe\x00\x1f\xf0\x00\x00\x00\xfe\x00\x1f\xf8\x00\x00\x00\xfe\x00\x0f\xf8\x00\x00\x00\xfe\x00\x07\xfc\x00\x00\x00\xfe\x00\x03\xfe\x00\x00\x00\xfe\x00\x03\xff\x00\x00\x00\xfe\x00\x01\xff\x80\x00\x00\xfe\x00\x00\xff\x80\x00\x00\xfe\x00\x00\x7f\xc0\x00\x00\xfe\x00\x00?\xe0\x00\x00\xfe\x00\x00?\xf0\x00\x00\xfe\x00\x00\x1f\xf0\x00\x00\xfe\x00\x00\x0f\xf8\x00\x00\xfe\x00\x00\x07\xfc\x00\x00\xfe\x00\x00\x03\xfe\x00\x00\xfe\x00\x00\x03\xff\x00\x00\xfe\x00\x00\x01\xff\x00\x00\xfe\x00\x00\x00\xff\x80\x00\xfe\x00\x00\x00\x7f\xc0\x00\xfe\x00\x00\x00\x7f\xe0\x00\x00\x00\x00\x00\x00\x00\x00\x00\x00\x00\x00\x00\x00\x00\x00\x00\x00\x00\x00\x00\x00\x00\x00\x00\x00\x00\x00\x00\x00\x00\x00\x00\x00\x00\x00\x00\x00\x00\x00\x00\x00\x00\x00\x00\x00\x00\x00\x00\x00\x00\x00\x00\x00\x00\x00\x00\x00\x00\x00\x00\x00\x00\x00\x00\x00\x00\x00\x00\x00\x00\x00\x00\x00\x00\x00\x00\x00\x00\x00\x00\x00\x00\x00\x00\x00\x00\x00\x00\x00\x00\x00\x00\x00\x00\x00\x00\x00\x00\x00\x00\x00\x00\x00\x00\x00\x00\x00\x00\x00\x00\x00\x00\x00\x00\x00\x00\x00\x00\x00\x00\x00\x00\x00\x00\x00\x00\x00\x00\x00\x00\x00\x00\x00\x00\x00\x00\x00\x00\x006',
  76:b'\x00\x00\x00\x00\x00\x00\x00\x00\x00\x00\x00\x00\x00\x00\x00\x00\x00\x00\x00\x00\x00\x00\x00\x00\x00\x00\x00\x00\x00\x00\x00\x00\x00\x00\x00\x00\x00\x00\x00\x00\x00\x00\x00\x00\x00\x00\x00\x00\x00\x00\x00\x00\x00\x00\x00\xfe\x00\x00\x00\x00\x00\xfe\x00\x00\x00\x00\x00\xfe\x00\x00\x00\x00\x00\xfe\x00\x00\x00\x00\x00\xfe\x00\x00\x00\x00\x00\xfe\x00\x00\x00\x00\x00\xfe\x00\x00\x00\x00\x00\xfe\x00\x00\x00\x00\x00\xfe\x00\x00\x00\x00\x00\xfe\x00\x00\x00\x00\x00\xfe\x00\x00\x00\x00\x00\xfe\x00\x00\x00\x00\x00\xfe\x00\x00\x00\x00\x00\xfe\x00\x00\x00\x00\x00\xfe\x00\x00\x00\x00\x00\xfe\x00\x00\x00\x00\x00\xfe\x00\x00\x00\x00\x00\xfe\x00\x00\x00\x00\x00\xfe\x00\x00\x00\x00\x00\xfe\x00\x00\x00\x00\x00\xfe\x00\x00\x00\x00\x00\xfe\x00\x00\x00\x00\x00\xfe\x00\x00\x00\x00\x00\xfe\x00\x00\x00\x00\x00\xfe\x00\x00\x00\x00\x00\xfe\x00\x00\x00\x00\x00\xfe\x00\x00\x00\x00\x00\xfe\x00\x00\x00\x00\x00\xfe\x00\x00\x00\x00\x00\xfe\x00\x00\x00\x00\x00\xfe\x00\x00\x00\x00\x00\xfe\x00\x00\x00\x00\x00\xfe\x00\x00\x00\x00\x00\xfe\x00\x00\x00\x00\x00\xfe\x00\x00\x00\x00\x00\xfe\x00\x00\x00\x00\x00\xfe\x00\x00\x00\x00\x00\xfe\x00\x00\x00\x00\x00\xfe\x00\x00\x00\x00\x00\xfe\x00\x00\x00\x00\x00\xfe\x00\x00\x00\x00\x00\xfe\x00\x00\x00\x00\x00\xfe\x00\x00\x00\x00\x00\xfe\x00\x00\x00\x00\x00\xfe\x00\x00\x00\x00\x00\xfe\x00\x00\x00\x00\x00\xfe\x00\x00\x00\x00\x00\xfe\x00\x00\x00\x00\x00\xfe\x00\x00\x00\x00\x00\xfe\x00\x00\x00\x00\x00\xfe\x00\x00\x00\x00\x00\xfe\x00\x00\x00\x00\x00\xfe\x00\x00\x00\x00\x00\xfe\x00\x00\x00\x00\x00\xfe\x00\x00\x00\x00\x00\xff\xff\xff\xff\xf0\x00\xff\xff\xff\xff\xf0\x00\xff\xff\xff\xff\xf0\x00\xff\xff\xff\xff\xf0\x00\xff\xff\xff\xff\xf0\x00\xff\xff\xff\xff\xf0\x00\xff\xff\xff\xff\xf0\x00\x00\x00\x00\x00\x00\x00\x00\x00\x00\x00\x00\x00\x00\x00\x00\x00\x00\x00\x00\x00\x00\x00\x00\x00\x00\x00\x00\x00\x00\x00\x00\x00\x00\x00\x00\x00\x00\x00\x00\x00\x00\x00\x00\x00\x00\x00\x00\x00\x00\x00\x00\x00\x00\x00\x00\x00\x00\x00\x00\x00\x00\x00\x00\x00\x00\x00\x00\x00\x00\x00\x00\x00\x00\x00\x00\x00\x00\x00\x00\x00\x00\x00\x00\x00\x00\x00\x00\x00\x00\x00\x00\x00\x00\x00\x00\x00\x00\x00\x00\x00\x00\x00\x00\x00\x00\x00\x00\x00\x00\x00\x00\x00\x00\x00\x00\x00\x00\x00\x00.',
  77:b'\x00\x00\x00\x00\x00\x00\x00\x00\x00\x00\x00\x00\x00\x00\x00\x00\x00\x00\x00\x00\x00\x00\x00\x00\x00\x00\x00\x00\x00\x00\x00\x00\x00\x00\x00\x00\x00\x00\x00\x00\x00\x00\x00\x00\x00\x00\x00\x00\x00\x00\x00\x00\x00\x00\x00\x00\x00\x00\x00\x00\x00\x00\x00\x00\x00\x00\x00\x00\x00\x00\x00\x00\x00\x00\x00\x00\x00\x00\x00\x00\x00\x00\xf8\x00\x00\x00\x00\x00~\x00\x00\xfc\x00\x00\x00\x00\x00\xfe\x00\x00\xfe\x00\x00\x00\x00\x00\xfe\x00\x00\xfe\x00\x00\x00\x00\x01\xfe\x00\x00\xff\x00\x00\x00\x00\x03\xfe\x00\x00\xff\x00\x00\x00\x00\x03\xfe\x00\x00\xff\x80\x00\x00\x00\x07\xfe\x00\x00\xff\xc0\x00\x00\x00\x07\xfe\x00\x00\xff\xc0\x00\x00\x00\x0f\xfe\x00\x00\xff\xe0\x00\x00\x00\x1f\xfe\x00\x00\xff\xf0\x00\x00\x00\x1f\xfe\x00\x00\xfb\xf0\x00\x00\x00?\xfe\x00\x00\xfb\xf8\x00\x00\x00>\xfe\x00\x00\xfd\xf8\x00\x00\x00~\xfe\x00\x00\xfd\xfc\x00\x00\x00\xfe\xfe\x00\x00\xfd\xfe\x00\x00\x00\xfc\xfe\x00\x00\xfc\xfe\x00\x00\x01\xfc\xfe\x00\x00\xfc\xff\x00\x00\x01\xf8\xfe\x00\x00\xfc\xff\x00\x00\x03\xf8\xfe\x00\x00\xfc\x7f\x80\x00\x03\xf8\xfe\x00\x00\xfe\x7f\xc0\x00\x07\xf1\xfe\x00\x00\xfe?\xc0\x00\x0f\xe1\xfe\x00\x00\xfe\x1f\xe0\x00\x0f\xe1\xfe\x00\x00\xfe\x1f\xf0\x00\x1f\xc1\xfe\x00\x00\xfe\x0f\xf0\x00\x1f\xc1\xfe\x00\x00\xfe\x0f\xf8\x00?\x81\xfe\x00\x00\xfe\x07\xf8\x00\x7f\x81\xfe\x00\x00\xfe\x03\xfc\x00\x7f\x01\xfe\x00\x00\xfe\x03\xfe\x00\xfe\x01\xfe\x00\x00\xfe\x01\xfe\x00\xfe\x01\xfe\x00\x00\xfe\x01\xff\x01\xfc\x01\xfe\x00\x00\xfe\x00\xff\x03\xfc\x01\xfe\x00\x00\xfe\x00\x7f\x83\xf8\x01\xfe\x00\x00\xfe\x00\x7f\x83\xf8\x01\xfe\x00\x00\xfe\x00?\xc7\xf0\x01\xfe\x00\x00\xfe\x00\x1f\xc7\xe0\x01\xfe\x00\x00\xfe\x00\x1f\xe7\xe0\x01\xfe\x00\x00\xfe\x00\x0f\xef\xc0\x01\xfe\x00\x00\xfe\x00\x0f\xef\xc0\x01\xfe\x00\x00\xfe\x00\x07\xff\x80\x01\xfe\x00\x00\xfe\x00\x03\xff\x80\x01\xfe\x00\x00\xfe\x00\x03\xff\x00\x01\xfe\x00\x00\xfe\x00\x01\xfe\x00\x01\xfe\x00\x00\xfe\x00\x01\xfe\x00\x01\xfe\x00\x00\xfe\x00\x00\xfc\x00\x01\xfe\x00\x00\xfe\x00\x00|\x00\x01\xfe\x00\x00\xfe\x00\x00x\x00\x01\xfe\x00\x00\xfe\x00\x008\x00\x01\xfe\x00\x00\xfe\x00\x00\x00\x00\x01\xfe\x00\x00\xfe\x00\x00\x00\x00\x01\xfe\x00\x00\xfe\x00\x00\x00\x00\x01\xfe\x00\x00\xfe\x00\x00\x00\x00\x01\xfe\x00\x00\xfe\x00\x00\x00\x00\x01\xfe\x00\x00\xfe\x00\x00\x00\x00\x01\xfe\x00\x00\xfe\x00\x00\x00\x00\x01\xfe\x00\x00\xfe\x00\x00\x00\x00\x01\xfe\x00\x00\xfe\x00\x00\x00\x00\x01\xfe\x00\x00\xfe\x00\x00\x00\x00\x01\xfe\x00\x00\xfe\x00\x00\x00\x00\x01\xfe\x00\x00\xfe\x00\x00\x00\x00\x01\xfe\x00\x00\xfe\x00\x00\x00\x00\x01\xfe\x00\x00\xfe\x00\x00\x00\x00\x01\xfe\x00\x00\x00\x00\x00\x00\x00\x00\x00\x00\x00\x00\x00\x00\x00\x00\x00\x00\x00\x00\x00\x00\x00\x00\x00\x00\x00\x00\x00\x00\x00\x00\x00\x00\x00\x00\x00\x00\x00\x00\x00\x00\x00\x00\x00\x00\x00\x00\x00\x00\x00\x00\x00\x00\x00\x00\x00\x00\x00\x00\x00\x00\x00\x00\x00\x00\x00\x00\x00\x00\x00\x00\x00\x00\x00\x00\x00\x00\x00\x00\x00\x00\x00\x00\x00\x00\x00\x00\x00\x00\x00\x00\x00\x00\x00\x00\x00\x00\x00\x00\x00\x00\x00\x00\x00\x00\x00\x00\x00\x00\x00\x00\x00\x00\x00\x00\x00\x00\x00\x00\x00\x00\x00\x00\x00\x00\x00\x00\x00\x00\x00\x00\x00\x00\x00\x00\x00\x00\x00\x00\x00\x00\x00\x00\x00\x00\x00\x00\x00\x00\x00\x00\x00\x00\x00\x00\x00\x00\x00\x00\x00\x00\x00\x00\x00\x00\x00\x00\x00\x00\x00\x00\x00\x00\x00\x00\x00\x00\x00\x00\x00F',
  78:b'\x00\x00\x00\x00\x00\x00\x00\x00\x00\x00\x00\x00\x00\x00\x00\x00\x00\x00\x00\x00\x00\x00\x00\x00\x00\x00\x00\x00\x00\x00\x00\x00\x00\x00\x00\x00\x00\x00\x00\x00\x00\x00\x00\x00\x00\x00\x00\x00\x00\x00\x00\x00\x00\x00\x00\x00\x00\x00\x00\x00\x00\x00\x00\x00\x00\xf0\x00\x00\x00\x00\x00\x00\x00\xf8\x00\x00\x00\x07\xf0\x00\x00\xf8\x00\x00\x00\x07\xf0\x00\x00\xfc\x00\x00\x00\x07\xf0\x00\x00\xfe\x00\x00\x00\x07\xf0\x00\x00\xfe\x00\x00\x00\x07\xf0\x00\x00\xff\x00\x00\x00\x07\xf0\x00\x00\xff\x80\x00\x00\x07\xf0\x00\x00\xff\xc0\x00\x00\x07\xf0\x00\x00\xff\xc0\x00\x00\x07\xf0\x00\x00\xff\xe0\x00\x00\x07\xf0\x00\x00\xff\xf0\x00\x00\x07\xf0\x00\x00\xff\xf8\x00\x00\x07\xf0\x00\x00\xff\xf8\x00\x00\x07\xf0\x00\x00\xfd\xfc\x00\x00\x07\xf0\x00\x00\xfd\xfe\x00\x00\x07\xf0\x00\x00\xfc\xfe\x00\x00\x07\xf0\x00\x00\xfc\xff\x00\x00\x07\xf0\x00\x00\xfc\x7f\x80\x00\x07\xf0\x00\x00\xfc\x7f\xc0\x00\x07\xf0\x00\x00\xfc?\xc0\x00\x07\xf0\x00\x00\xfc?\xe0\x00\x07\xf0\x00\x00\xfe\x1f\xf0\x00\x07\xf0\x00\x00\xfe\x0f\xf0\x00\x07\xf0\x00\x00\xfe\x0f\xf8\x00\x07\xf0\x00\x00\xfe\x07\xfc\x00\x07\xf0\x00\x00\xfe\x03\xfe\x00\x07\xf0\x00\x00\xfe\x03\xfe\x00\x07\xf0\x00\x00\xfe\x01\xff\x00\x07\xf0\x00\x00\xfe\x00\xff\x80\x07\xf0\x00\x00\xfe\x00\x7f\x80\x07\xf0\x00\x00\xfe\x00\x7f\xc0\x07\xf0\x00\x00\xfe\x00?\xe0\x07\xf0\x00\x00\xfe\x00\x1f\xf0\x07\xf0\x00\x00\xfe\x00\x1f\xf0\x07\xf0\x00\x00\xfe\x00\x0f\xf8\x07\xf0\x00\x00\xfe\x00\x07\xfc\x07\xf0\x00\x00\xfe\x00\x03\xfe\x07\xf0\x00\x00\xfe\x00\x03\xfe\x07\xf0\x00\x00\xfe\x00\x01\xff\x07\xf0\x00\x00\xfe\x00\x00\xff\x87\xf0\x00\x00\xfe\x00\x00\xff\x87\xf0\x00\x00\xfe\x00\x00\x7f\xc3\xf0\x00\x00\xfe\x00\x00?\xc3\xf0\x00\x00\xfe\x00\x00\x1f\xe3\xf0\x00\x00\xfe\x00\x00\x1f\xf3\xf0\x00\x00\xfe\x00\x00\x0f\xf3\xf0\x00\x00\xfe\x00\x00\x07\xfb\xf0\x00\x00\xfe\x00\x00\x07\xfb\xf0\x00\x00\xfe\x00\x00\x03\xff\xf0\x00\x00\xfe\x00\x00\x01\xff\xf0\x00\x00\xfe\x00\x00\x01\xff\xf0\x00\x00\xfe\x00\x00\x00\xff\xf0\x00\x00\xfe\x00\x00\x00\x7f\xf0\x00\x00\xfe\x00\x00\x00?\xf0\x00\x00\xfe\x00\x00\x00?\xf0\x00\x00\xfe\x00\x00\x00\x1f\xf0\x00\x00\xfe\x00\x00\x00\x0f\xf0\x00\x00\xfe\x00\x00\x00\x0f\xf0\x00\x00\xfe\x00\x00\x00\x07\xf0\x00\x00\xfe\x00\x00\x00\x03\xf0\x00\x00\xfe\x00\x00\x00\x01\xf0\x00\x00\xfe\x00\x00\x00\x01\xf0\x00\x00\x00\x00\x00\x00\x00\xf0\x00\x00\x00\x00\x00\x00\x00\x00\x00\x00\x00\x00\x00\x00\x00\x00\x00\x00\x00\x00\x00\x00\x00\x00\x00\x00\x00\x00\x00\x00\x00\x00\x00\x00\x00\x00\x00\x00\x00\x00\x00\x00\x00\x00\x00\x00\x00\x00\x00\x00\x00\x00\x00\x00\x00\x00\x00\x00\x00\x00\x00\x00\x00\x00\x00\x00\x00\x00\x00\x00\x00\x00\x00\x00\x00\x00\x00\x00\x00\x00\x00\x00\x00\x00\x00\x00\x00\x00\x00\x00\x00\x00\x00\x00\x00\x00\x00\x00\x00\x00\x00\x00\x00\x00\x00\x00\x00\x00\x00\x00\x00\x00\x00\x00\x00\x00\x00\x00\x00\x00\x00\x00\x00\x00\x00\x00\x00\x00\x00\x00\x00\x00\x00\x00\x00\x00\x00\x00\x00\x00\x00\x00\x00\x00\x00\x00\x00\x00\x00\x00\x00\x00\x00<',
  79:b'\x00\x00\x00\x00\x00\x00\x00\x00\x00\x00\x00\x00\x00\x00\x00\x00\x00\x00\x00\x00\x00\x00\x00\x00\x00\x00\x00\x00\x00\x00\x00\x00\x00\x00\x00\x00\x00\x00\x00\x00\x00\x00\x00\x00\x00\x00\x00\x00\x00\x00\x00\x00\x00\x00\x00\x00\x00\x00\x00\x00\x00\x00\x00\x00\x00\x00\x00\x7f\xf0\x00\x00\x00\x00\x00\x07\xff\xff\x00\x00\x00\x00\x00\x1f\xff\xff\xc0\x00\x00\x00\x00\x7f\xff\xff\xf0\x00\x00\x00\x01\xff\xff\xff\xf8\x00\x00\x00\x03\xff\xff\xff\xfe\x00\x00\x00\x07\xff\xff\xff\xff\x00\x00\x00\x0f\xff\xc0\x1f\xff\x80\x00\x00\x1f\xfe\x00\x07\xff\x80\x00\x00\x1f\xf8\x00\x01\xff\xc0\x00\x00?\xf0\x00\x00\xff\xe0\x00\x00\x7f\xe0\x00\x00\x7f\xe0\x00\x00\x7f\xc0\x00\x00?\xf0\x00\x00\xff\x80\x00\x00\x1f\xf0\x00\x00\xff\x80\x00\x00\x0f\xf8\x00\x00\xff\x00\x00\x00\x0f\xf8\x00\x01\xfe\x00\x00\x00\x07\xfc\x00\x01\xfe\x00\x00\x00\x07\xfc\x00\x01\xfe\x00\x00\x00\x03\xfc\x00\x03\xfc\x00\x00\x00\x03\xfe\x00\x03\xfc\x00\x00\x00\x03\xfe\x00\x03\xfc\x00\x00\x00\x01\xfe\x00\x03\xfc\x00\x00\x00\x01\xfe\x00\x03\xf8\x00\x00\x00\x01\xfe\x00\x07\xf8\x00\x00\x00\x01\xfe\x00\x07\xf8\x00\x00\x00\x00\xff\x00\x07\xf8\x00\x00\x00\x00\xff\x00\x07\xf8\x00\x00\x00\x00\xff\x00\x07\xf8\x00\x00\x00\x00\xff\x00\x07\xf8\x00\x00\x00\x00\xff\x00\x07\xf8\x00\x00\x00\x00\xff\x00\x07\xf8\x00\x00\x00\x00\xff\x00\x07\xf8\x00\x00\x00\x00\xff\x00\x07\xf8\x00\x00\x00\x00\xff\x00\x07\xf8\x00\x00\x00\x00\xff\x00\x07\xf8\x00\x00\x00\x00\xff\x00\x07\xf8\x00\x00\x00\x00\xff\x00\x07\xf8\x00\x00\x00\x00\xff\x00\x07\xf8\x00\x00\x00\x00\xff\x00\x07\xf8\x00\x00\x00\x00\xfe\x00\x03\xfc\x00\x00\x00\x01\xfe\x00\x03\xfc\x00\x00\x00\x01\xfe\x00\x03\xfc\x00\x00\x00\x01\xfe\x00\x03\xfc\x00\x00\x00\x01\xfe\x00\x03\xfe\x00\x00\x00\x03\xfe\x00\x01\xfe\x00\x00\x00\x03\xfc\x00\x01\xfe\x00\x00\x00\x03\xfc\x00\x01\xff\x00\x00\x00\x07\xfc\x00\x00\xff\x00\x00\x00\x07\xf8\x00\x00\xff\x80\x00\x00\x0f\xf8\x00\x00\xff\xc0\x00\x00\x0f\xf0\x00\x00\x7f\xc0\x00\x00\x1f\xf0\x00\x00\x7f\xe0\x00\x00?\xe0\x00\x00?\xf0\x00\x00\x7f\xe0\x00\x00\x1f\xfc\x00\x01\xff\xc0\x00\x00\x1f\xfe\x00\x03\xff\x80\x00\x00\x0f\xff\xc0\x1f\xff\x80\x00\x00\x07\xff\xff\xff\xff\x00\x00\x00\x03\xff\xff\xff\xfe\x00\x00\x00\x01\xff\xff\xff\xf8\x00\x00\x00\x00\x7f\xff\xff\xf0\x00\x00\x00\x00\x1f\xff\xff\xc0\x00\x00\x00\x00\x07\xff\xff\x00\x00\x00\x00\x00\x00\x7f\xf0\x00\x00\x00\x00\x00\x00\x00\x00\x00\x00\x00\x00\x00\x00\x00\x00\x00\x00\x00\x00\x00\x00\x00\x00\x00\x00\x00\x00\x00\x00\x00\x00\x00\x00\x00\x00\x00\x00\x00\x00\x00\x00\x00\x00\x00\x00\x00\x00\x00\x00\x00\x00\x00\x00\x00\x00\x00\x00\x00\x00\x00\x00\x00\x00\x00\x00\x00\x00\x00\x00\x00\x00\x00\x00\x00\x00\x00\x00\x00\x00\x00\x00\x00\x00\x00\x00\x00\x00\x00\x00\x00\x00\x00\x00\x00\x00\x00\x00\x00\x00\x00\x00\x00\x00\x00\x00\x00\x00\x00\x00\x00\x00\x00\x00\x00\x00\x00\x00\x00\x00\x00\x00\x00\x00\x00\x00\x00\x00\x00\x00\x00\x00\x00\x00\x00\x00\x00\x00\x00\x00\x00\x00\x00\x00\x00\x00\x00\x00\x00\x00\x00\x00\x00\x00\x00=',
  80:b'\x00\x00\x00\x00\x00\x00\x00\x00\x00\x00\x00\x00\x00\x00\x00\x00\x00\x00\x00\x00\x00\x00\x00\x00\x00\x00\x00\x00\x00\x00\x00\x00\x00\x00\x00\x00\x00\x00\x00\x00\x00\x00\x00\x00\x00\x00\x00\x00\x00\x00\x00\x00\x00\x00\x00\x00\x00\x0f\xff\xf8\x00\x00\x00\x00\xff\xff\xff\xc0\x00\x00\x00\xff\xff\xff\xf0\x00\x00\x00\xff\xff\xff\xfc\x00\x00\x00\xff\xff\xff\xff\x00\x00\x00\xff\xff\xff\xff\x80\x00\x00\xff\xff\xff\xff\xc0\x00\x00\xfe\x00\x0f\xff\xe0\x00\x00\xfe\x00\x01\xff\xf0\x00\x00\xfe\x00\x00\x7f\xf0\x00\x00\xfe\x00\x00\x1f\xf8\x00\x00\xfe\x00\x00\x0f\xf8\x00\x00\xfe\x00\x00\x07\xfc\x00\x00\xfe\x00\x00\x07\xfc\x00\x00\xfe\x00\x00\x03\xfc\x00\x00\xfe\x00\x00\x03\xfc\x00\x00\xfe\x00\x00\x03\xfc\x00\x00\xfe\x00\x00\x03\xfc\x00\x00\xfe\x00\x00\x01\xfc\x00\x00\xfe\x00\x00\x01\xfc\x00\x00\xfe\x00\x00\x01\xfc\x00\x00\xfe\x00\x00\x01\xfc\x00\x00\xfe\x00\x00\x03\xfc\x00\x00\xfe\x00\x00\x03\xfc\x00\x00\xfe\x00\x00\x03\xfc\x00\x00\xfe\x00\x00\x07\xfc\x00\x00\xfe\x00\x00\x07\xf8\x00\x00\xfe\x00\x00\x0f\xf8\x00\x00\xfe\x00\x00\x0f\xf8\x00\x00\xfe\x00\x00\x1f\xf0\x00\x00\xfe\x00\x00\x7f\xf0\x00\x00\xfe\x00\x01\xff\xe0\x00\x00\xfe\x00\x1f\xff\xc0\x00\x00\xff\xff\xff\xff\x80\x00\x00\xff\xff\xff\xff\x00\x00\x00\xff\xff\xff\xfe\x00\x00\x00\xff\xff\xff\xf8\x00\x00\x00\xff\xff\xff\xe0\x00\x00\x00\xff\xff\xff\x80\x00\x00\x00\xff\xff\xf0\x00\x00\x00\x00\xfe\x00\x00\x00\x00\x00\x00\xfe\x00\x00\x00\x00\x00\x00\xfe\x00\x00\x00\x00\x00\x00\xfe\x00\x00\x00\x00\x00\x00\xfe\x00\x00\x00\x00\x00\x00\xfe\x00\x00\x00\x00\x00\x00\xfe\x00\x00\x00\x00\x00\x00\xfe\x00\x00\x00\x00\x00\x00\xfe\x00\x00\x00\x00\x00\x00\xfe\x00\x00\x00\x00\x00\x00\xfe\x00\x00\x00\x00\x00\x00\xfe\x00\x00\x00\x00\x00\x00\xfe\x00\x00\x00\x00\x00\x00\xfe\x00\x00\x00\x00\x00\x00\xfe\x00\x00\x00\x00\x00\x00\xfe\x00\x00\x00\x00\x00\x00\xfe\x00\x00\x00\x00\x00\x00\xfe\x00\x00\x00\x00\x00\x00\xfe\x00\x00\x00\x00\x00\x00\xfe\x00\x00\x00\x00\x00\x00\xfe\x00\x00\x00\x00\x00\x00\xfe\x00\x00\x00\x00\x00\x00\xfe\x00\x00\x00\x00\x00\x00\x00\x00\x00\x00\x00\x00\x00\x00\x00\x00\x00\x00\x00\x00\x00\x00\x00\x00\x00\x00\x00\x00\x00\x00\x00\x00\x00\x00\x00\x00\x00\x00\x00\x00\x00\x00\x00\x00\x00\x00\x00\x00\x00\x00\x00\x00\x00\x00\x00\x00\x00\x00\x00\x00\x00\x00\x00\x00\x00\x00\x00\x00\x00\x00\x00\x00\x00\x00\x00\x00\x00\x00\x00\x00\x00\x00\x00\x00\x00\x00\x00\x00\x00\x00\x00\x00\x00\x00\x00\x00\x00\x00\x00\x00\x00\x00\x00\x00\x00\x00\x00\x00\x00\x00\x00\x00\x00\x00\x00\x00\x00\x00\x00\x00\x00\x00\x00\x00\x00\x00\x00\x00\x00\x00\x00\x00\x00\x00\x00\x00\x00\x00\x00\x00\x00\x00\x00\x00\x002',
  81:b'\x00\x00\x00\x00\x00\x00\x00\x00\x00\x00\x00\x00\x00\x00\x00\x00\x00\x00\x00\x00\x00\x00\x00\x00\x00\x00\x00\x00\x00\x00\x00\x00\x00\x00\x00\x00\x00\x00\x00\x00\x00\x00\x00\x00\x00\x00\x00\x00\x00\x00\x00\x00\x00\x00\x00\x00\x00\x00\x00\x00\x00\x00\x00\x00\x00\x00\x00\x7f\xf0\x00\x00\x00\x00\x00\x07\xff\xff\x00\x00\x00\x00\x00\x1f\xff\xff\xc0\x00\x00\x00\x00\x7f\xff\xff\xf0\x00\x00\x00\x01\xff\xff\xff\xf8\x00\x00\x00\x03\xff\xff\xff\xfe\x00\x00\x00\x07\xff\xff\xff\xff\x00\x00\x00\x0f\xff\xc0\x1f\xff\x80\x00\x00\x1f\xfe\x00\x07\xff\x80\x00\x00\x1f\xf8\x00\x01\xff\xc0\x00\x00?\xf0\x00\x00\xff\xe0\x00\x00\x7f\xe0\x00\x00\x7f\xe0\x00\x00\x7f\xc0\x00\x00?\xf0\x00\x00\xff\x80\x00\x00\x1f\xf0\x00\x00\xff\x80\x00\x00\x0f\xf8\x00\x00\xff\x00\x00\x00\x0f\xf8\x00\x01\xfe\x00\x00\x00\x07\xfc\x00\x01\xfe\x00\x00\x00\x07\xfc\x00\x01\xfe\x00\x00\x00\x03\xfc\x00\x03\xfc\x00\x00\x00\x03\xfe\x00\x03\xfc\x00\x00\x00\x03\xfe\x00\x03\xfc\x00\x00\x00\x01\xfe\x00\x03\xfc\x00\x00\x00\x01\xfe\x00\x03\xf8\x00\x00\x00\x01\xfe\x00\x07\xf8\x00\x00\x00\x01\xfe\x00\x07\xf8\x00\x00\x00\x00\xff\x00\x07\xf8\x00\x00\x00\x00\xff\x00\x07\xf8\x00\x00\x00\x00\xff\x00\x07\xf8\x00\x00\x00\x00\xff\x00\x07\xf8\x00\x00\x00\x00\xff\x00\x07\xf8\x00\x00\x00\x00\xff\x00\x07\xf8\x00\x00\x00\x00\xff\x00\x07\xf8\x00\x00\x00\x00\xff\x00\x07\xf8\x00\x00\x00\x00\xff\x00\x07\xf8\x00\x00\x00\x00\xff\x00\x07\xf8\x00\x00\x00\x00\xff\x00\x07\xf8\x00\x00\x00\x00\xff\x00\x07\xf8\x00\x00\x00\x00\xff\x00\x07\xf8\x00\x00\x00\x00\xff\x00\x07\xf8\x00\x00\x00\x00\xfe\x00\x03\xfc\x00\x00\x00\x01\xfe\x00\x03\xfc\x00\x00\x00\x01\xfe\x00\x03\xfc\x00\x00\x00\x01\xfe\x00\x03\xfc\x00\x00\x00\x01\xfe\x00\x03\xfe\x00\x00\x00\x03\xfe\x00\x01\xfe\x00\x00\x00\x03\xfc\x00\x01\xfe\x00\x00\x00\x03\xfc\x00\x01\xff\x00\x00\x00\x07\xfc\x00\x00\xff\x00\x00\x00\x07\xf8\x00\x00\xff\x80\x00\x00\x0f\xf8\x00\x00\xff\xc0\x00\x00\x0f\xf0\x00\x00\x7f\xc0\x00\x00\x1f\xf0\x00\x00\x7f\xe0\x00\x00?\xe0\x00\x00?\xf0\x00\x00\x7f\xe0\x00\x00\x1f\xfc\x00\x01\xff\xc0\x00\x00\x1f\xfe\x00\x03\xff\x80\x00\x00\x0f\xff\xc0\x1f\xff\x80\x00\x00\x07\xff\xff\xff\xff\x00\x00\x00\x03\xff\xff\xff\xfe\x00\x00\x00\x01\xff\xff\xff\xf8\x00\x00\x00\x00\x7f\xff\xff\xf0\x00\x00\x00\x00\x1f\xff\xff\xc0\x00\x00\x00\x00\x07\xff\xff\x00\x00\x00\x00\x00\x00\x7f\xf0\x00\x00\x00\x00\x00\x00\x00\x00\x00\x00\x00\x00\x00\x00\x00\x00\x00\x00\x00\x00\x00\x00\x00\x00\x00\x00\x00\x00\x00\x0f\xf8\x00\x00\x00\x00\x00\x00\x1f\xff\x80\x00\x00\x00\x00\x00\x1f\xff\xf8\x00\x00\x00\x00\x00\x1f\xff\xff\x00\x00\x00\x00\x00\x1f\xff\xff\xf0\x00\x00\x00\x00\x1f\xff\xff\xff\x80\x06\x00\x00\x1f\xff\xff\xff\xff\xfe\x00\x00 \x0f\xff\xff\xff\xfe\x00\x00\x00\x00\xff\xff\xff\xfe\x00\x00\x00\x00\x0f\xff\xff\xfe\x00\x00\x00\x00\x01\xff\xff\xfe\x00\x00\x00\x00\x00\x1f\xff\xfe\x00\x00\x00\x00\x00\x00\xff\xf0\x00\x00\x00\x00\x00\x00\x00\x00\x00\x00\x00\x00\x00\x00\x00\x00\x00\x00\x00\x00\x00\x00\x00\x00=',
  82:b'\x00\x00\x00\x00\x00\x00\x00\x00\x00\x00\x00\x00\x00\x00\x00\x00\x00\x00\x00\x00\x00\x00\x00\x00\x00\x00\x00\x00\x00\x00\x00\x00\x00\x00\x00\x00\x00\x00\x00\x00\x00\x00\x00\x00\x00\x00\x00\x00\x00\x00\x00\x00\x00\x00\x00\x00\x00\x03\xff\xf8\x00\x00\x00\x00\xff\xff\xff\x80\x00\x00\x00\xff\xff\xff\xf0\x00\x00\x00\xff\xff\xff\xf8\x00\x00\x00\xff\xff\xff\xfe\x00\x00\x00\xff\xff\xff\xff\x00\x00\x00\xff\xff\xff\xff\x00\x00\x00\xfe\x00\x0f\xff\x80\x00\x00\xfe\x00\x01\xff\xc0\x00\x00\xfe\x00\x00\xff\xc0\x00\x00\xfe\x00\x00\x7f\xe0\x00\x00\xfe\x00\x00?\xe0\x00\x00\xfe\x00\x00\x1f\xe0\x00\x00\xfe\x00\x00\x1f\xf0\x00\x00\xfe\x00\x00\x0f\xf0\x00\x00\xfe\x00\x00\x0f\xf0\x00\x00\xfe\x00\x00\x0f\xf0\x00\x00\xfe\x00\x00\x0f\xf0\x00\x00\xfe\x00\x00\x0f\xf0\x00\x00\xfe\x00\x00\x0f\xf0\x00\x00\xfe\x00\x00\x0f\xf0\x00\x00\xfe\x00\x00\x0f\xe0\x00\x00\xfe\x00\x00\x1f\xe0\x00\x00\xfe\x00\x00\x1f\xe0\x00\x00\xfe\x00\x00?\xe0\x00\x00\xfe\x00\x00?\xc0\x00\x00\xfe\x00\x00\x7f\xc0\x00\x00\xfe\x00\x01\xff\x80\x00\x00\xfe\x00\x03\xff\x00\x00\x00\xfe\x00\x1f\xfe\x00\x00\x00\xff\xff\xff\xfc\x00\x00\x00\xff\xff\xff\xf8\x00\x00\x00\xff\xff\xff\xf0\x00\x00\x00\xff\xff\xff\xc0\x00\x00\x00\xff\xff\xfe\x00\x00\x00\x00\xfe\x0f\xfc\x00\x00\x00\x00\xfe\x00\xff\x00\x00\x00\x00\xfe\x00\x7f\x80\x00\x00\x00\xfe\x00\x7f\xc0\x00\x00\x00\xfe\x00?\xe0\x00\x00\x00\xfe\x00\x1f\xe0\x00\x00\x00\xfe\x00\x1f\xf0\x00\x00\x00\xfe\x00\x0f\xf8\x00\x00\x00\xfe\x00\x0f\xf8\x00\x00\x00\xfe\x00\x07\xfc\x00\x00\x00\xfe\x00\x03\xfe\x00\x00\x00\xfe\x00\x03\xfe\x00\x00\x00\xfe\x00\x01\xff\x00\x00\x00\xfe\x00\x00\xff\x00\x00\x00\xfe\x00\x00\xff\x80\x00\x00\xfe\x00\x00\x7f\xc0\x00\x00\xfe\x00\x00?\xc0\x00\x00\xfe\x00\x00?\xe0\x00\x00\xfe\x00\x00\x1f\xf0\x00\x00\xfe\x00\x00\x1f\xf0\x00\x00\xfe\x00\x00\x0f\xf8\x00\x00\xfe\x00\x00\x07\xf8\x00\x00\xfe\x00\x00\x07\xfc\x00\x00\xfe\x00\x00\x03\xfe\x00\x00\xfe\x00\x00\x01\xfe\x00\x00\xfe\x00\x00\x01\xff\x00\x00\xfe\x00\x00\x00\xff\x80\x00\xfe\x00\x00\x00\x7f\x80\x00\x00\x00\x00\x00\x00\x00\x00\x00\x00\x00\x00\x00\x00\x00\x00\x00\x00\x00\x00\x00\x00\x00\x00\x00\x00\x00\x00\x00\x00\x00\x00\x00\x00\x00\x00\x00\x00\x00\x00\x00\x00\x00\x00\x00\x00\x00\x00\x00\x00\x00\x00\x00\x00\x00\x00\x00\x00\x00\x00\x00\x00\x00\x00\x00\x00\x00\x00\x00\x00\x00\x00\x00\x00\x00\x00\x00\x00\x00\x00\x00\x00\x00\x00\x00\x00\x00\x00\x00\x00\x00\x00\x00\x00\x00\x00\x00\x00\x00\x00\x00\x00\x00\x00\x00\x00\x00\x00\x00\x00\x00\x00\x00\x00\x00\x00\x00\x00\x00\x00\x00\x00\x00\x00\x00\x00\x00\x00\x00\x00\x00\x00\x00\x00\x00\x00\x00\x00\x00\x005',
  83:b'\x00\x00\x00\x00\x00\x00\x00\x00\x00\x00\x00\x00\x00\x00\x00\x00\x00\x00\x00\x00\x00\x00\x00\x00\x00\x00\x00\x00\x00\x00\x00\x00\x00\x00\x00\x00\x00\x00\x00\x00\x00\x00\x00\x00\x00\x00\x00\x00\x00\x00\x1f\xff\x80\x00\x00\x00\xff\xff\xfc\x00\x00\x07\xff\xff\xff\x80\x00\x0f\xff\xff\xff\xc0\x00?\xff\xff\xff\x80\x00\x7f\xff\xff\xff\x80\x00\xff\xff\xff\xff\x80\x00\xff\xf0\x01\xff\x80\x01\xff\x80\x00\x0f\x00\x01\xff\x00\x00\x01\x00\x03\xfe\x00\x00\x00\x00\x03\xfc\x00\x00\x00\x00\x03\xfc\x00\x00\x00\x00\x03\xf8\x00\x00\x00\x00\x03\xf8\x00\x00\x00\x00\x03\xf8\x00\x00\x00\x00\x03\xf8\x00\x00\x00\x00\x03\xf8\x00\x00\x00\x00\x03\xf8\x00\x00\x00\x00\x03\xfc\x00\x00\x00\x00\x03\xfe\x00\x00\x00\x00\x03\xff\x00\x00\x00\x00\x01\xff\x80\x00\x00\x00\x01\xff\xc0\x00\x00\x00\x00\xff\xf0\x00\x00\x00\x00\x7f\xf8\x00\x00\x00\x00?\xfe\x00\x00\x00\x00\x1f\xff\x80\x00\x00\x00\x0f\xff\xf0\x00\x00\x00\x07\xff\xfc\x00\x00\x00\x01\xff\xff\x00\x00\x00\x00\xff\xff\x80\x00\x00\x00?\xff\xe0\x00\x00\x00\x0f\xff\xf0\x00\x00\x00\x01\xff\xf8\x00\x00\x00\x00\x7f\xfc\x00\x00\x00\x00\x1f\xfe\x00\x00\x00\x00\x07\xff\x00\x00\x00\x00\x03\xff\x80\x00\x00\x00\x00\xff\x80\x00\x00\x00\x00\x7f\xc0\x00\x00\x00\x00?\xc0\x00\x00\x00\x00\x1f\xe0\x00\x00\x00\x00\x1f\xe0\x00\x00\x00\x00\x1f\xe0\x00\x00\x00\x00\x0f\xe0\x00\x00\x00\x00\x0f\xe0\x00\x00\x00\x00\x0f\xe0\x00\x00\x00\x00\x0f\xe0\x00\x00\x00\x00\x1f\xe0\x00\x00\x00\x00\x1f\xe0\x00\x00\x00\x00\x1f\xc0\x00\x00\x00\x00?\xc0\x00\x00\x00\x00\x7f\xc0\x03\x00\x00\x00\xff\x80\x03\xe0\x00\x03\xff\x80\x03\xfe\x00\x1f\xff\x00\x07\xff\xff\xff\xfe\x00\x07\xff\xff\xff\xfc\x00\x07\xff\xff\xff\xf8\x00\x0f\xff\xff\xff\xf0\x00\x07\xff\xff\xff\xc0\x00\x00\xff\xff\xff\x00\x00\x00\x07\xff\xf0\x00\x00\x00\x00\x00\x00\x00\x00\x00\x00\x00\x00\x00\x00\x00\x00\x00\x00\x00\x00\x00\x00\x00\x00\x00\x00\x00\x00\x00\x00\x00\x00\x00\x00\x00\x00\x00\x00\x00\x00\x00\x00\x00\x00\x00\x00\x00\x00\x00\x00\x00\x00\x00\x00\x00\x00\x00\x00\x00\x00\x00\x00\x00\x00\x00\x00\x00\x00\x00\x00\x00\x00\x00\x00\x00\x00\x00\x00\x00\x00\x00\x00\x00\x00\x00\x00\x00\x00\x00\x00\x00\x00\x00\x00\x00\x00\x00\x00\x00\x00\x00\x00\x00\x00\x00\x00\x00\x00\x00\x00\x00\x00\x00\x00\x00\x00/',
  84:b'\x00\x00\x00\x00\x00\x00\x00\x00\x00\x00\x00\x00\x00\x00\x00\x00\x00\x00\x00\x00\x00\x00\x00\x00\x00\x00\x00\x00\x00\x00\x00\x00\x00\x00\x00\x00\x00\x00\x00\x00\x00\x00\x00\x00\x00\x00\x00\x00\x00\x00\x00\x00\x00\x00\x00\x00\x00\x00\x00\x00\x00\x00\x00?\xff\xff\xff\xff\xff\x00?\xff\xff\xff\xff\xff\x00?\xff\xff\xff\xff\xff\x00?\xff\xff\xff\xff\xff\x00?\xff\xff\xff\xff\xff\x00?\xff\xff\xff\xff\xff\x00?\xff\xff\xff\xff\xff\x00\x00\x00\x07\xf0\x00\x00\x00\x00\x00\x07\xf0\x00\x00\x00\x00\x00\x07\xf0\x00\x00\x00\x00\x00\x07\xf0\x00\x00\x00\x00\x00\x07\xf0\x00\x00\x00\x00\x00\x07\xf0\x00\x00\x00\x00\x00\x07\xf0\x00\x00\x00\x00\x00\x07\xf0\x00\x00\x00\x00\x00\x07\xf0\x00\x00\x00\x00\x00\x07\xf0\x00\x00\x00\x00\x00\x07\xf0\x00\x00\x00\x00\x00\x07\xf0\x00\x00\x00\x00\x00\x07\xf0\x00\x00\x00\x00\x00\x07\xf0\x00\x00\x00\x00\x00\x07\xf0\x00\x00\x00\x00\x00\x07\xf0\x00\x00\x00\x00\x00\x07\xf0\x00\x00\x00\x00\x00\x07\xf0\x00\x00\x00\x00\x00\x07\xf0\x00\x00\x00\x00\x00\x07\xf0\x00\x00\x00\x00\x00\x07\xf0\x00\x00\x00\x00\x00\x07\xf0\x00\x00\x00\x00\x00\x07\xf0\x00\x00\x00\x00\x00\x07\xf0\x00\x00\x00\x00\x00\x07\xf0\x00\x00\x00\x00\x00\x07\xf0\x00\x00\x00\x00\x00\x07\xf0\x00\x00\x00\x00\x00\x07\xf0\x00\x00\x00\x00\x00\x07\xf0\x00\x00\x00\x00\x00\x07\xf0\x00\x00\x00\x00\x00\x07\xf0\x00\x00\x00\x00\x00\x07\xf0\x00\x00\x00\x00\x00\x07\xf0\x00\x00\x00\x00\x00\x07\xf0\x00\x00\x00\x00\x00\x07\xf0\x00\x00\x00\x00\x00\x07\xf0\x00\x00\x00\x00\x00\x07\xf0\x00\x00\x00\x00\x00\x07\xf0\x00\x00\x00\x00\x00\x07\xf0\x00\x00\x00\x00\x00\x07\xf0\x00\x00\x00\x00\x00\x07\xf0\x00\x00\x00\x00\x00\x07\xf0\x00\x00\x00\x00\x00\x07\xf0\x00\x00\x00\x00\x00\x07\xf0\x00\x00\x00\x00\x00\x07\xf0\x00\x00\x00\x00\x00\x07\xf0\x00\x00\x00\x00\x00\x07\xf0\x00\x00\x00\x00\x00\x07\xf0\x00\x00\x00\x00\x00\x07\xf0\x00\x00\x00\x00\x00\x07\xf0\x00\x00\x00\x00\x00\x07\xf0\x00\x00\x00\x00\x00\x07\xf0\x00\x00\x00\x00\x00\x07\xf0\x00\x00\x00\x00\x00\x07\xf0\x00\x00\x00\x00\x00\x07\xf0\x00\x00\x00\x00\x00\x00\x00\x00\x00\x00\x00\x00\x00\x00\x00\x00\x00\x00\x00\x00\x00\x00\x00\x00\x00\x00\x00\x00\x00\x00\x00\x00\x00\x00\x00\x00\x00\x00\x00\x00\x00\x00\x00\x00\x00\x00\x00\x00\x00\x00\x00\x00\x00\x00\x00\x00\x00\x00\x00\x00\x00\x00\x00\x00\x00\x00\x00\x00\x00\x00\x00\x00\x00\x00\x00\x00\x00\x00\x00\x00\x00\x00\x00\x00\x00\x00\x00\x00\x00\x00\x00\x00\x00\x00\x00\x00\x00\x00\x00\x00\x00\x00\x00\x00\x00\x00\x00\x00\x00\x00\x00\x00\x00\x00\x00\x00\x00\x00\x00\x00\x00\x00\x00\x00\x00\x00\x00\x00\x00\x00\x00\x00\x00\x00\x00\x00\x00\x00\x00\x00\x00\x00\x001',
  85:b'\x00\x00\x00\x00\x00\x00\x00\x00\x00\x00\x00\x00\x00\x00\x00\x00\x00\x00\x00\x00\x00\x00\x00\x00\x00\x00\x00\x00\x00\x00\x00\x00\x00\x00\x00\x00\x00\x00\x00\x00\x00\x00\x00\x00\x00\x00\x00\x00\x00\x00\x00\x00\x00\x00\x00\x00\x00\x00\x00\x00\x00\x00\x00\x00\x00\x00\x00\x00\x00\x00\x00\x00\x00\xfe\x00\x00\x00\x1f\xc0\x00\x00\xfe\x00\x00\x00\x1f\xc0\x00\x00\xfe\x00\x00\x00\x1f\xc0\x00\x00\xfe\x00\x00\x00\x1f\xc0\x00\x00\xfe\x00\x00\x00\x1f\xc0\x00\x00\xfe\x00\x00\x00\x1f\xc0\x00\x00\xfe\x00\x00\x00\x1f\xc0\x00\x00\xfe\x00\x00\x00\x1f\xc0\x00\x00\xfe\x00\x00\x00\x1f\xc0\x00\x00\xfe\x00\x00\x00\x1f\xc0\x00\x00\xfe\x00\x00\x00\x1f\xc0\x00\x00\xfe\x00\x00\x00\x1f\xc0\x00\x00\xfe\x00\x00\x00\x1f\xc0\x00\x00\xfe\x00\x00\x00\x1f\xc0\x00\x00\xfe\x00\x00\x00\x1f\xc0\x00\x00\xfe\x00\x00\x00\x1f\xc0\x00\x00\xfe\x00\x00\x00\x1f\xc0\x00\x00\xfe\x00\x00\x00\x1f\xc0\x00\x00\xfe\x00\x00\x00\x1f\xc0\x00\x00\xfe\x00\x00\x00\x1f\xc0\x00\x00\xfe\x00\x00\x00\x1f\xc0\x00\x00\xfe\x00\x00\x00\x1f\xc0\x00\x00\xfe\x00\x00\x00\x1f\xc0\x00\x00\xfe\x00\x00\x00\x1f\xc0\x00\x00\xfe\x00\x00\x00\x1f\xc0\x00\x00\xfe\x00\x00\x00\x1f\xc0\x00\x00\xfe\x00\x00\x00\x1f\xc0\x00\x00\xfe\x00\x00\x00\x1f\xc0\x00\x00\xfe\x00\x00\x00\x1f\xc0\x00\x00\xfe\x00\x00\x00\x1f\xc0\x00\x00\xfe\x00\x00\x00\x1f\xc0\x00\x00\xfe\x00\x00\x00\x1f\xc0\x00\x00\xfe\x00\x00\x00\x1f\xc0\x00\x00\xfe\x00\x00\x00\x1f\xc0\x00\x00\xfe\x00\x00\x00\x1f\xc0\x00\x00\xfe\x00\x00\x00\x1f\xc0\x00\x00\xfe\x00\x00\x00\x1f\xc0\x00\x00\xfe\x00\x00\x00\x1f\xc0\x00\x00\xfe\x00\x00\x00\x1f\xc0\x00\x00\xfe\x00\x00\x00\x1f\xc0\x00\x00\xfe\x00\x00\x00\x1f\xc0\x00\x00\xfe\x00\x00\x00\x1f\xc0\x00\x00\xfe\x00\x00\x00\x1f\xc0\x00\x00\xfe\x00\x00\x00\x1f\xc0\x00\x00\xfe\x00\x00\x00\x1f\xc0\x00\x00\xff\x00\x00\x00\x1f\xc0\x00\x00\xff\x00\x00\x00\x1f\xc0\x00\x00\xff\x00\x00\x00?\xc0\x00\x00\xff\x00\x00\x00?\xc0\x00\x00\xff\x80\x00\x00?\xc0\x00\x00\x7f\x80\x00\x00\x7f\x80\x00\x00\x7f\xc0\x00\x00\x7f\x80\x00\x00\x7f\xe0\x00\x00\xff\x00\x00\x00?\xf0\x00\x01\xff\x00\x00\x00?\xfc\x00\x07\xfe\x00\x00\x00\x1f\xff\x80\x1f\xfe\x00\x00\x00\x0f\xff\xff\xff\xfc\x00\x00\x00\x07\xff\xff\xff\xf8\x00\x00\x00\x03\xff\xff\xff\xf0\x00\x00\x00\x01\xff\xff\xff\xe0\x00\x00\x00\x00\x7f\xff\xff\x80\x00\x00\x00\x00\x1f\xff\xfe\x00\x00\x00\x00\x00\x01\xff\xe0\x00\x00\x00\x00\x00\x00\x00\x00\x00\x00\x00\x00\x00\x00\x00\x00\x00\x00\x00\x00\x00\x00\x00\x00\x00\x00\x00\x00\x00\x00\x00\x00\x00\x00\x00\x00\x00\x00\x00\x00\x00\x00\x00\x00\x00\x00\x00\x00\x00\x00\x00\x00\x00\x00\x00\x00\x00\x00\x00\x00\x00\x00\x00\x00\x00\x00\x00\x00\x00\x00\x00\x00\x00\x00\x00\x00\x00\x00\x00\x00\x00\x00\x00\x00\x00\x00\x00\x00\x00\x00\x00\x00\x00\x00\x00\x00\x00\x00\x00\x00\x00\x00\x00\x00\x00\x00\x00\x00\x00\x00\x00\x00\x00\x00\x00\x00\x00\x00\x00\x00\x00\x00\x00\x00\x00\x00\x00\x00\x00\x00\x00\x00\x00\x00\x00\x00\x00\x00\x00\x00\x00\x00\x00\x00\x00\x00\x00\x00\x00\x00\x00\x00\x00\x00\x00:',
  86:b'\x00\x00\x00\x00\x00\x00\x00\x00\x00\x00\x00\x00\x00\x00\x00\x00\x00\x00\x00\x00\x00\x00\x00\x00\x00\x00\x00\x00\x00\x00\x00\x00\x00\x00\x00\x00\x00\x00\x00\x00\x00\x00\x00\x00\x00\x00\x00\x00\x00\x00\x00\x00\x00\x00\x00\x00\x00\x00\x00\x00\x00\x00\x00\xff\x00\x00\x00\x00\x1f\xe0\xff\x00\x00\x00\x00\x1f\xc0\x7f\x80\x00\x00\x00?\xc0\x7f\x80\x00\x00\x00?\x80?\xc0\x00\x00\x00?\x80?\xc0\x00\x00\x00\x7f\x80?\xc0\x00\x00\x00\x7f\x00\x1f\xe0\x00\x00\x00\x7f\x00\x1f\xe0\x00\x00\x00\xff\x00\x1f\xe0\x00\x00\x00\xfe\x00\x0f\xf0\x00\x00\x00\xfe\x00\x0f\xf0\x00\x00\x01\xfc\x00\x07\xf8\x00\x00\x01\xfc\x00\x07\xf8\x00\x00\x01\xfc\x00\x07\xf8\x00\x00\x03\xf8\x00\x03\xfc\x00\x00\x03\xf8\x00\x03\xfc\x00\x00\x07\xf8\x00\x03\xfc\x00\x00\x07\xf0\x00\x01\xfe\x00\x00\x07\xf0\x00\x01\xfe\x00\x00\x0f\xe0\x00\x00\xff\x00\x00\x0f\xe0\x00\x00\xff\x00\x00\x0f\xe0\x00\x00\xff\x00\x00\x1f\xc0\x00\x00\x7f\x80\x00\x1f\xc0\x00\x00\x7f\x80\x00\x1f\xc0\x00\x00?\x80\x00?\x80\x00\x00?\xc0\x00?\x80\x00\x00?\xc0\x00?\x00\x00\x00\x1f\xe0\x00\x7f\x00\x00\x00\x1f\xe0\x00\x7f\x00\x00\x00\x1f\xe0\x00~\x00\x00\x00\x0f\xf0\x00\xfe\x00\x00\x00\x0f\xf0\x00\xfe\x00\x00\x00\x07\xf0\x01\xfc\x00\x00\x00\x07\xf8\x01\xfc\x00\x00\x00\x07\xf8\x01\xf8\x00\x00\x00\x03\xf8\x03\xf8\x00\x00\x00\x03\xfc\x03\xf8\x00\x00\x00\x01\xfc\x03\xf0\x00\x00\x00\x01\xfe\x07\xf0\x00\x00\x00\x01\xfe\x07\xf0\x00\x00\x00\x00\xfe\x07\xe0\x00\x00\x00\x00\xff\x0f\xe0\x00\x00\x00\x00\xff\x0f\xc0\x00\x00\x00\x00\x7f\x0f\xc0\x00\x00\x00\x00\x7f\x0f\xc0\x00\x00\x00\x00?\x9f\x80\x00\x00\x00\x00?\x9f\x80\x00\x00\x00\x00?\x9f\x80\x00\x00\x00\x00\x1f\x9f\x00\x00\x00\x00\x00\x1f\xff\x00\x00\x00\x00\x00\x1f\xfe\x00\x00\x00\x00\x00\x0f\xfe\x00\x00\x00\x00\x00\x0f\xfe\x00\x00\x00\x00\x00\x07\xfc\x00\x00\x00\x00\x00\x07\xfc\x00\x00\x00\x00\x00\x07\xfc\x00\x00\x00\x00\x00\x03\xf8\x00\x00\x00\x00\x00\x03\xf8\x00\x00\x00\x00\x00\x01\xf0\x00\x00\x00\x00\x00\x01\xf0\x00\x00\x00\x00\x00\x01\xf0\x00\x00\x00\x00\x00\x00\xe0\x00\x00\x00\x00\x00\x00\x00\x00\x00\x00\x00\x00\x00\x00\x00\x00\x00\x00\x00\x00\x00\x00\x00\x00\x00\x00\x00\x00\x00\x00\x00\x00\x00\x00\x00\x00\x00\x00\x00\x00\x00\x00\x00\x00\x00\x00\x00\x00\x00\x00\x00\x00\x00\x00\x00\x00\x00\x00\x00\x00\x00\x00\x00\x00\x00\x00\x00\x00\x00\x00\x00\x00\x00\x00\x00\x00\x00\x00\x00\x00\x00\x00\x00\x00\x00\x00\x00\x00\x00\x00\x00\x00\x00\x00\x00\x00\x00\x00\x00\x00\x00\x00\x00\x00\x00\x00\x00\x00\x00\x00\x00\x00\x00\x00\x00\x00\x00\x00\x00\x00\x00\x00\x00\x00\x00\x00\x00\x00\x00\x00\x00\x00\x00\x00\x00\x003',
  87:b'\x00\x00\x00\x00\x00\x00\x00\x00\x00\x00\x00\x00\x00\x00\x00\x00\x00\x00\x00\x00\x00\x00\x00\x00\x00\x00\x00\x00\x00\x00\x00\x00\x00\x00\x00\x00\x00\x00\x00\x00\x00\x00\x00\x00\x00\x00\x00\x00\x00\x00\x00\x00\x00\x00\x00\x00\x00\x00\x00\x00\x00\x00\x00\x00\x00\x00\x00\x00\x00\x00\x00\x00\x00\x00\x00\x00\x00\x00\x00\x00\x00\x00\x00\x00\x00\x00\x00\x00\x00\x00\x7f\x80\x00\x00\x1e\x00\x00\x00?\x80\x7f\x80\x00\x00\x1f\x00\x00\x00\x7f\x80\x7f\x80\x00\x00\x1f\x00\x00\x00\x7f\x00?\x80\x00\x00?\x00\x00\x00\x7f\x00?\xc0\x00\x00?\x80\x00\x00\x7f\x00?\xc0\x00\x00?\x80\x00\x00\xfe\x00\x1f\xc0\x00\x00?\x80\x00\x00\xfe\x00\x1f\xe0\x00\x00\x7f\x80\x00\x00\xfe\x00\x1f\xe0\x00\x00\x7f\xc0\x00\x00\xfe\x00\x1f\xe0\x00\x00\x7f\xc0\x00\x01\xfc\x00\x0f\xe0\x00\x00\xff\xc0\x00\x01\xfc\x00\x0f\xf0\x00\x00\xff\xe0\x00\x01\xfc\x00\x0f\xf0\x00\x00\xff\xe0\x00\x01\xfc\x00\x07\xf0\x00\x01\xfb\xe0\x00\x03\xf8\x00\x07\xf0\x00\x01\xf3\xf0\x00\x03\xf8\x00\x07\xf8\x00\x01\xf3\xf0\x00\x03\xf8\x00\x07\xf8\x00\x03\xf3\xf0\x00\x03\xf0\x00\x03\xf8\x00\x03\xf3\xf8\x00\x07\xf0\x00\x03\xfc\x00\x03\xf3\xf8\x00\x07\xf0\x00\x03\xfc\x00\x03\xf1\xf8\x00\x07\xf0\x00\x01\xfc\x00\x07\xe1\xfc\x00\x07\xe0\x00\x01\xfc\x00\x07\xe1\xfc\x00\x0f\xe0\x00\x01\xfe\x00\x07\xe1\xfc\x00\x0f\xe0\x00\x01\xfe\x00\x0f\xe0\xfc\x00\x0f\xe0\x00\x00\xfe\x00\x0f\xc0\xfe\x00\x0f\xc0\x00\x00\xfe\x00\x0f\xc0\xfe\x00\x1f\xc0\x00\x00\xff\x00\x1f\xc0\xfe\x00\x1f\xc0\x00\x00\xff\x00\x1f\x80\x7f\x00\x1f\x80\x00\x00\x7f\x00\x1f\x80\x7f\x00\x1f\x80\x00\x00\x7f\x80?\x80\x7f\x00?\x80\x00\x00\x7f\x80?\x80?\x80?\x80\x00\x00?\x80?\x00?\x80?\x00\x00\x00?\x80?\x00?\x80\x7f\x00\x00\x00?\xc0\x7f\x00\x1f\xc0\x7f\x00\x00\x00?\xc0~\x00\x1f\xc0~\x00\x00\x00\x1f\xc0~\x00\x1f\xc0~\x00\x00\x00\x1f\xc0\xfe\x00\x1f\xc0\xfe\x00\x00\x00\x1f\xe0\xfc\x00\x0f\xe0\xfe\x00\x00\x00\x0f\xe0\xfc\x00\x0f\xe0\xfc\x00\x00\x00\x0f\xe1\xfc\x00\x0f\xe0\xfc\x00\x00\x00\x0f\xe1\xf8\x00\x07\xf1\xfc\x00\x00\x00\x0f\xf1\xf8\x00\x07\xf1\xfc\x00\x00\x00\x07\xf1\xf8\x00\x07\xf1\xf8\x00\x00\x00\x07\xf3\xf8\x00\x03\xf1\xf8\x00\x00\x00\x07\xf3\xf0\x00\x03\xf1\xf8\x00\x00\x00\x03\xf3\xf0\x00\x03\xf9\xf0\x00\x00\x00\x03\xf3\xf0\x00\x01\xfb\xf0\x00\x00\x00\x03\xfb\xe0\x00\x01\xfb\xf0\x00\x00\x00\x03\xfb\xe0\x00\x01\xfb\xf0\x00\x00\x00\x01\xfb\xe0\x00\x01\xfb\xe0\x00\x00\x00\x01\xff\xc0\x00\x00\xfb\xe0\x00\x00\x00\x01\xff\xc0\x00\x00\xff\xe0\x00\x00\x00\x00\xff\xc0\x00\x00\xff\xe0\x00\x00\x00\x00\xff\xc0\x00\x00\x7f\xc0\x00\x00\x00\x00\xff\x80\x00\x00\x7f\xc0\x00\x00\x00\x00\xff\x80\x00\x00\x7f\xc0\x00\x00\x00\x00\x7f\x80\x00\x00?\x80\x00\x00\x00\x00\x7f\x00\x00\x00?\x80\x00\x00\x00\x00\x7f\x00\x00\x00?\x80\x00\x00\x00\x00?\x00\x00\x00?\x80\x00\x00\x00\x00>\x00\x00\x00\x1f\x00\x00\x00\x00\x00>\x00\x00\x00\x1f\x00\x00\x00\x00\x00>\x00\x00\x00\x1f\x00\x00\x00\x00\x00\x00\x00\x00\x00\x00\x00\x00\x00\x00\x00\x00\x00\x00\x00\x00\x00\x00\x00\x00\x00\x00\x00\x00\x00\x00\x00\x00\x00\x00\x00\x00\x00\x00\x00\x00\x00\x00\x00\x00\x00\x00\x00\x00\x00\x00\x00\x00\x00\x00\x00\x00\x00\x00\x00\x00\x00\x00\x00\x00\x00\x00\x00\x00\x00\x00\x00\x00\x00\x00\x00\x00\x00\x00\x00\x00\x00\x00\x00\x00\x00\x00\x00\x00\x00\x00\x00\x00\x00\x00\x00\x00\x00\x00\x00\x00\x00\x00\x00\x00\x00\x00\x00\x00\x00\x00\x00\x00\x00\x00\x00\x00\x00\x00\x00\x00\x00\x00\x00\x00\x00\x00\x00\x00\x00\x00\x00\x00\x00\x00\x00\x00\x00\x00\x00\x00\x00\x00\x00\x00\x00\x00\x00\x00\x00\x00\x00\x00\x00\x00\x00\x00\x00\x00\x00\x00\x00\x00\x00\x00\x00\x00\x00\x00\x00\x00\x00\x00\x00\x00\x00\x00\x00\x00\x00\x00\x00\x00\x00\x00\x00\x00\x00\x00\x00\x00\x00\x00\x00J',
  88:b'\x00\x00\x00\x00\x00\x00\x00\x00\x00\x00\x00\x00\x00\x00\x00\x00\x00\x00\x00\x00\x00\x00\x00\x00\x00\x00\x00\x00\x00\x00\x00\x00\x00\x00\x00\x00\x00\x00\x00\x00\x00\x00\x00\x00\x00\x00\x00\x00\x00\x00\x00\x00\x00\x00\x00\x00\x00\x00\x00\x00\x00\x00\x00\x0f\xf8\x00\x00\x00\x1f\xf0\x07\xfc\x00\x00\x00?\xe0\x03\xfc\x00\x00\x00?\xc0\x03\xfe\x00\x00\x00\x7f\x80\x01\xff\x00\x00\x00\xff\x80\x00\xff\x00\x00\x00\xff\x00\x00\xff\x80\x00\x01\xfe\x00\x00\x7f\xc0\x00\x01\xfe\x00\x00\x7f\xc0\x00\x03\xfc\x00\x00?\xe0\x00\x07\xf8\x00\x00\x1f\xe0\x00\x07\xf8\x00\x00\x1f\xf0\x00\x0f\xf0\x00\x00\x0f\xf8\x00\x1f\xe0\x00\x00\x0f\xf8\x00\x1f\xe0\x00\x00\x07\xfc\x00?\xc0\x00\x00\x03\xfc\x00\x7f\x80\x00\x00\x03\xfe\x00\x7f\x80\x00\x00\x01\xff\x00\xff\x00\x00\x00\x00\xff\x00\xfe\x00\x00\x00\x00\xff\x81\xfe\x00\x00\x00\x00\x7f\x83\xfc\x00\x00\x00\x00\x7f\xc3\xf8\x00\x00\x00\x00?\xc7\xf8\x00\x00\x00\x00\x1f\xe7\xf0\x00\x00\x00\x00\x1f\xe7\xe0\x00\x00\x00\x00\x0f\xff\xe0\x00\x00\x00\x00\x07\xff\xc0\x00\x00\x00\x00\x07\xff\xc0\x00\x00\x00\x00\x03\xff\x80\x00\x00\x00\x00\x03\xff\x00\x00\x00\x00\x00\x01\xff\x00\x00\x00\x00\x00\x03\xff\x80\x00\x00\x00\x00\x03\xff\xc0\x00\x00\x00\x00\x07\xff\xc0\x00\x00\x00\x00\x0f\xff\xe0\x00\x00\x00\x00\x0f\xef\xf0\x00\x00\x00\x00\x1f\xcf\xf0\x00\x00\x00\x00?\xc7\xf8\x00\x00\x00\x00?\xc7\xf8\x00\x00\x00\x00\x7f\x83\xfc\x00\x00\x00\x00\xff\x83\xfe\x00\x00\x00\x00\xff\x01\xfe\x00\x00\x00\x01\xfe\x01\xff\x00\x00\x00\x03\xfe\x00\xff\x80\x00\x00\x03\xfc\x00\x7f\x80\x00\x00\x07\xf8\x00\x7f\xc0\x00\x00\x0f\xf8\x00?\xe0\x00\x00\x0f\xf0\x00\x1f\xe0\x00\x00\x1f\xe0\x00\x1f\xf0\x00\x00\x1f\xe0\x00\x0f\xf0\x00\x00?\xc0\x00\x0f\xf8\x00\x00\x7f\x80\x00\x07\xfc\x00\x00\x7f\x80\x00\x03\xfc\x00\x00\xff\x00\x00\x03\xfe\x00\x01\xfe\x00\x00\x01\xff\x00\x01\xfe\x00\x00\x00\xff\x00\x03\xfc\x00\x00\x00\xff\x80\x07\xfc\x00\x00\x00\x7f\xc0\x07\xf8\x00\x00\x00?\xc0\x0f\xf0\x00\x00\x00?\xe0\x1f\xf0\x00\x00\x00\x1f\xe0?\xe0\x00\x00\x00\x1f\xf0\x00\x00\x00\x00\x00\x00\x00\x00\x00\x00\x00\x00\x00\x00\x00\x00\x00\x00\x00\x00\x00\x00\x00\x00\x00\x00\x00\x00\x00\x00\x00\x00\x00\x00\x00\x00\x00\x00\x00\x00\x00\x00\x00\x00\x00\x00\x00\x00\x00\x00\x00\x00\x00\x00\x00\x00\x00\x00\x00\x00\x00\x00\x00\x00\x00\x00\x00\x00\x00\x00\x00\x00\x00\x00\x00\x00\x00\x00\x00\x00\x00\x00\x00\x00\x00\x00\x00\x00\x00\x00\x00\x00\x00\x00\x00\x00\x00\x00\x00\x00\x00\x00\x00\x00\x00\x00\x00\x00\x00\x00\x00\x00\x00\x00\x00\x00\x00\x00\x00\x00\x00\x00\x00\x00\x00\x00\x00\x00\x00\x00\x00\x00\x00\x00\x00\x00\x00\x00\x00\x007',
  89:b'\x00\x00\x00\x00\x00\x00\x00\x00\x00\x00\x00\x00\x00\x00\x00\x00\x00\x00\x00\x00\x00\x00\x00\x00\x00\x00\x00\x00\x00\x00\x00\x00\x00\x00\x00\x00\x00\x00\x00\x00\x00\x00\x00\x00\x00\x00\x00\x00\x00\x00\x00\x00\x00\x00\x00\x00\x00\x00\x00\x00\x00\x00\x00\x7f\xc0\x00\x00\x00\x7f\x80?\xc0\x00\x00\x00\xff\x00?\xe0\x00\x00\x00\xff\x00\x1f\xe0\x00\x00\x01\xfe\x00\x1f\xf0\x00\x00\x01\xfe\x00\x0f\xf0\x00\x00\x03\xfc\x00\x0f\xf8\x00\x00\x03\xfc\x00\x07\xf8\x00\x00\x07\xf8\x00\x07\xfc\x00\x00\x07\xf0\x00\x03\xfc\x00\x00\x0f\xf0\x00\x03\xfe\x00\x00\x0f\xe0\x00\x01\xff\x00\x00\x1f\xe0\x00\x00\xff\x00\x00\x1f\xc0\x00\x00\xff\x80\x00?\xc0\x00\x00\x7f\x80\x00?\x80\x00\x00\x7f\xc0\x00\x7f\x80\x00\x00?\xc0\x00\x7f\x00\x00\x00?\xe0\x00\xfe\x00\x00\x00\x1f\xe0\x01\xfe\x00\x00\x00\x1f\xf0\x01\xfc\x00\x00\x00\x0f\xf0\x03\xfc\x00\x00\x00\x07\xf8\x03\xf8\x00\x00\x00\x07\xf8\x07\xf8\x00\x00\x00\x03\xfc\x07\xf0\x00\x00\x00\x03\xfe\x0f\xf0\x00\x00\x00\x01\xfe\x0f\xe0\x00\x00\x00\x01\xff\x1f\xe0\x00\x00\x00\x00\xff\x1f\xc0\x00\x00\x00\x00\xff\x1f\x80\x00\x00\x00\x00\x7f\xbf\x80\x00\x00\x00\x00\x7f\xbf\x00\x00\x00\x00\x00?\xbf\x00\x00\x00\x00\x00\x1f\xfe\x00\x00\x00\x00\x00\x1f\xfe\x00\x00\x00\x00\x00\x0f\xfc\x00\x00\x00\x00\x00\x0f\xfc\x00\x00\x00\x00\x00\x07\xf8\x00\x00\x00\x00\x00\x07\xf8\x00\x00\x00\x00\x00\x07\xf8\x00\x00\x00\x00\x00\x07\xf8\x00\x00\x00\x00\x00\x07\xf8\x00\x00\x00\x00\x00\x07\xf8\x00\x00\x00\x00\x00\x07\xf8\x00\x00\x00\x00\x00\x07\xf8\x00\x00\x00\x00\x00\x07\xf8\x00\x00\x00\x00\x00\x07\xf8\x00\x00\x00\x00\x00\x07\xf8\x00\x00\x00\x00\x00\x07\xf8\x00\x00\x00\x00\x00\x07\xf8\x00\x00\x00\x00\x00\x07\xf8\x00\x00\x00\x00\x00\x07\xf8\x00\x00\x00\x00\x00\x07\xf8\x00\x00\x00\x00\x00\x07\xf8\x00\x00\x00\x00\x00\x07\xf8\x00\x00\x00\x00\x00\x07\xf8\x00\x00\x00\x00\x00\x07\xf8\x00\x00\x00\x00\x00\x07\xf8\x00\x00\x00\x00\x00\x07\xf8\x00\x00\x00\x00\x00\x07\xf8\x00\x00\x00\x00\x00\x07\xf8\x00\x00\x00\x00\x00\x07\xf8\x00\x00\x00\x00\x00\x07\xf8\x00\x00\x00\x00\x00\x00\x00\x00\x00\x00\x00\x00\x00\x00\x00\x00\x00\x00\x00\x00\x00\x00\x00\x00\x00\x00\x00\x00\x00\x00\x00\x00\x00\x00\x00\x00\x00\x00\x00\x00\x00\x00\x00\x00\x00\x00\x00\x00\x00\x00\x00\x00\x00\x00\x00\x00\x00\x00\x00\x00\x00\x00\x00\x00\x00\x00\x00\x00\x00\x00\x00\x00\x00\x00\x00\x00\x00\x00\x00\x00\x00\x00\x00\x00\x00\x00\x00\x00\x00\x00\x00\x00\x00\x00\x00\x00\x00\x00\x00\x00\x00\x00\x00\x00\x00\x00\x00\x00\x00\x00\x00\x00\x00\x00\x00\x00\x00\x00\x00\x00\x00\x00\x00\x00\x00\x00\x00\x00\x00\x00\x00\x00\x00\x00\x00\x00\x00\x00\x00\x00\x00\x00\x002',
  90:b'\x00\x00\x00\x00\x00\x00\x00\x00\x00\x00\x00\x00\x00\x00\x00\x00\x00\x00\x00\x00\x00\x00\x00\x00\x00\x00\x00\x00\x00\x00\x00\x00\x00\x00\x00\x00\x00\x00\x00\x00\x00\x00\x00\x00\x00\x00\x00\x00\x00\x00\x00\x00\x00\x00\x00\x00\x00\x00\x00\x00\x00\x00\x00\x1f\xff\xff\xff\xff\xf8\x00\x1f\xff\xff\xff\xff\xf8\x00\x1f\xff\xff\xff\xff\xf8\x00\x1f\xff\xff\xff\xff\xf8\x00\x1f\xff\xff\xff\xff\xf8\x00\x1f\xff\xff\xff\xff\xf8\x00\x1f\xff\xff\xff\xff\xf8\x00\x00\x00\x00\x00\x03\xf8\x00\x00\x00\x00\x00\x07\xf0\x00\x00\x00\x00\x00\x0f\xf0\x00\x00\x00\x00\x00\x1f\xe0\x00\x00\x00\x00\x00?\xc0\x00\x00\x00\x00\x00\x7f\x80\x00\x00\x00\x00\x00\x7f\x80\x00\x00\x00\x00\x00\xff\x00\x00\x00\x00\x00\x01\xfe\x00\x00\x00\x00\x00\x01\xfe\x00\x00\x00\x00\x00\x03\xfc\x00\x00\x00\x00\x00\x07\xf8\x00\x00\x00\x00\x00\x0f\xf0\x00\x00\x00\x00\x00\x0f\xf0\x00\x00\x00\x00\x00\x1f\xe0\x00\x00\x00\x00\x00?\xc0\x00\x00\x00\x00\x00?\xc0\x00\x00\x00\x00\x00\x7f\x80\x00\x00\x00\x00\x00\xff\x00\x00\x00\x00\x00\x01\xff\x00\x00\x00\x00\x00\x01\xfe\x00\x00\x00\x00\x00\x03\xfc\x00\x00\x00\x00\x00\x07\xf8\x00\x00\x00\x00\x00\x07\xf8\x00\x00\x00\x00\x00\x0f\xf0\x00\x00\x00\x00\x00\x1f\xe0\x00\x00\x00\x00\x00?\xe0\x00\x00\x00\x00\x00?\xc0\x00\x00\x00\x00\x00\x7f\x80\x00\x00\x00\x00\x00\xff\x00\x00\x00\x00\x00\x00\xff\x00\x00\x00\x00\x00\x01\xfe\x00\x00\x00\x00\x00\x03\xfc\x00\x00\x00\x00\x00\x03\xfc\x00\x00\x00\x00\x00\x07\xf8\x00\x00\x00\x00\x00\x0f\xf0\x00\x00\x00\x00\x00\x1f\xe0\x00\x00\x00\x00\x00\x1f\xe0\x00\x00\x00\x00\x00?\xc0\x00\x00\x00\x00\x00\x7f\x80\x00\x00\x00\x00\x00\x7f\x80\x00\x00\x00\x00\x00\xff\x00\x00\x00\x00\x00\x01\xfe\x00\x00\x00\x00\x00\x03\xfe\x00\x00\x00\x00\x00\x03\xfc\x00\x00\x00\x00\x00\x07\xf8\x00\x00\x00\x00\x00\x0f\xf0\x00\x00\x00\x00\x00\x0f\xc0\x00\x00\x00\x00\x00\x1f\xff\xff\xff\xff\xf8\x00\x1f\xff\xff\xff\xff\xf8\x00\x1f\xff\xff\xff\xff\xf8\x00\x1f\xff\xff\xff\xff\xf8\x00\x1f\xff\xff\xff\xff\xf8\x00\x1f\xff\xff\xff\xff\xf8\x00\x1f\xff\xff\xff\xff\xf8\x00\x00\x00\x00\x00\x00\x00\x00\x00\x00\x00\x00\x00\x00\x00\x00\x00\x00\x00\x00\x00\x00\x00\x00\x00\x00\x00\x00\x00\x00\x00\x00\x00\x00\x00\x00\x00\x00\x00\x00\x00\x00\x00\x00\x00\x00\x00\x00\x00\x00\x00\x00\x00\x00\x00\x00\x00\x00\x00\x00\x00\x00\x00\x00\x00\x00\x00\x00\x00\x00\x00\x00\x00\x00\x00\x00\x00\x00\x00\x00\x00\x00\x00\x00\x00\x00\x00\x00\x00\x00\x00\x00\x00\x00\x00\x00\x00\x00\x00\x00\x00\x00\x00\x00\x00\x00\x00\x00\x00\x00\x00\x00\x00\x00\x00\x00\x00\x00\x00\x00\x00\x00\x00\x00\x00\x00\x00\x00\x00\x00\x00\x00\x00\x00\x00\x00\x00\x00\x00\x00\x001',
  91:b'\x00\x00\x00\x00\x00\x00\x00\x00\x00\x00\x00\x00\x00\x00\x00\x00\x00\x00\x00\x00\x00\x00\x00\x00\x00\x00\x00\x00\x00\x00\x00\x00\x00\x00\x00\x00\x00\xff\xff\x00\x00\xff\xff\x00\x00\xff\xff\x00\x00\xff\xff\x00\x00\xff\xff\x00\x00\xff\xff\x00\x00\xfe\x00\x00\x00\xfe\x00\x00\x00\xfe\x00\x00\x00\xfe\x00\x00\x00\xfe\x00\x00\x00\xfe\x00\x00\x00\xfe\x00\x00\x00\xfe\x00\x00\x00\xfe\x00\x00\x00\xfe\x00\x00\x00\xfe\x00\x00\x00\xfe\x00\x00\x00\xfe\x00\x00\x00\xfe\x00\x00\x00\xfe\x00\x00\x00\xfe\x00\x00\x00\xfe\x00\x00\x00\xfe\x00\x00\x00\xfe\x00\x00\x00\xfe\x00\x00\x00\xfe\x00\x00\x00\xfe\x00\x00\x00\xfe\x00\x00\x00\xfe\x00\x00\x00\xfe\x00\x00\x00\xfe\x00\x00\x00\xfe\x00\x00\x00\xfe\x00\x00\x00\xfe\x00\x00\x00\xfe\x00\x00\x00\xfe\x00\x00\x00\xfe\x00\x00\x00\xfe\x00\x00\x00\xfe\x00\x00\x00\xfe\x00\x00\x00\xfe\x00\x00\x00\xfe\x00\x00\x00\xfe\x00\x00\x00\xfe\x00\x00\x00\xfe\x00\x00\x00\xfe\x00\x00\x00\xfe\x00\x00\x00\xfe\x00\x00\x00\xfe\x00\x00\x00\xfe\x00\x00\x00\xfe\x00\x00\x00\xfe\x00\x00\x00\xfe\x00\x00\x00\xfe\x00\x00\x00\xfe\x00\x00\x00\xfe\x00\x00\x00\xfe\x00\x00\x00\xfe\x00\x00\x00\xfe\x00\x00\x00\xfe\x00\x00\x00\xfe\x00\x00\x00\xfe\x00\x00\x00\xfe\x00\x00\x00\xfe\x00\x00\x00\xfe\x00\x00\x00\xfe\x00\x00\x00\xfe\x00\x00\x00\xfe\x00\x00\x00\xfe\x00\x00\x00\xfe\x00\x00\x00\xfe\x00\x00\x00\xfe\x00\x00\x00\xfe\x00\x00\x00\xfe\x00\x00\x00\xfe\x00\x00\x00\xff\xff\x00\x00\xff\xff\x00\x00\xff\xff\x00\x00\xff\xff\x00\x00\xff\xff\x00\x00\xff\xff\x00\x1b',
  92:b"\x00\x00\x00\x00\x00\x00\x00\x00\x00\x00\x00\x00\x00\x00\x00\x00\x00\x00\x00\x00\x00\x00\x00\x00\x00\x00\x00\x00\x00\x00\x00\x00\x00\x00\x00\x00\x00\x00\x00\x00\x0c\x00\x00\x00\x00<\x00\x00\x00\x00\xfe\x00\x00\x00\x00\xfe\x00\x00\x00\x00\x7f\x00\x00\x00\x00\x7f\x00\x00\x00\x00?\x80\x00\x00\x00?\x80\x00\x00\x00?\xc0\x00\x00\x00\x1f\xc0\x00\x00\x00\x1f\xc0\x00\x00\x00\x0f\xe0\x00\x00\x00\x0f\xe0\x00\x00\x00\x07\xf0\x00\x00\x00\x07\xf0\x00\x00\x00\x03\xf8\x00\x00\x00\x03\xf8\x00\x00\x00\x01\xfc\x00\x00\x00\x01\xfc\x00\x00\x00\x01\xfe\x00\x00\x00\x00\xfe\x00\x00\x00\x00\xfe\x00\x00\x00\x00\x7f\x00\x00\x00\x00\x7f\x00\x00\x00\x00?\x80\x00\x00\x00?\x80\x00\x00\x00\x1f\xc0\x00\x00\x00\x1f\xc0\x00\x00\x00\x0f\xe0\x00\x00\x00\x0f\xe0\x00\x00\x00\x0f\xf0\x00\x00\x00\x07\xf0\x00\x00\x00\x07\xf0\x00\x00\x00\x03\xf8\x00\x00\x00\x03\xf8\x00\x00\x00\x01\xfc\x00\x00\x00\x01\xfc\x00\x00\x00\x00\xfe\x00\x00\x00\x00\xfe\x00\x00\x00\x00\x7f\x00\x00\x00\x00\x7f\x00\x00\x00\x00\x7f\x00\x00\x00\x00?\x80\x00\x00\x00?\x80\x00\x00\x00\x1f\xc0\x00\x00\x00\x1f\xc0\x00\x00\x00\x0f\xe0\x00\x00\x00\x0f\xe0\x00\x00\x00\x07\xf0\x00\x00\x00\x07\xf0\x00\x00\x00\x03\xf8\x00\x00\x00\x03\xf8\x00\x00\x00\x03\xf8\x00\x00\x00\x01\xfc\x00\x00\x00\x01\xfc\x00\x00\x00\x00\xfe\x00\x00\x00\x00\xfe\x00\x00\x00\x00\x7f\x00\x00\x00\x00\x7f\x00\x00\x00\x00?\x80\x00\x00\x00?\x80\x00\x00\x00\x1f\xc0\x00\x00\x00\x1f\xc0\x00\x00\x00\x1f\xc0\x00\x00\x00\x0f\xe0\x00\x00\x00\x0f\xe0\x00\x00\x00\x07\xf0\x00\x00\x00\x07\xf0\x00\x00\x00\x03\xf8\x00\x00\x00\x03\xf8\x00\x00\x00\x01\xfc\x00\x00\x00\x01\xfc\x00\x00\x00\x01\xfe\x00\x00\x00\x00\xf0\x00\x00\x00\x00\xc0\x00\x00\x00\x00\x00\x00\x00\x00\x00\x00\x00\x00\x00\x00\x00\x00\x00\x00\x00\x00\x00\x00\x00\x00\x00\x00\x00\x00\x00\x00\x00\x00\x00\x00\x00\x00\x00\x00\x00\x00'",
  93:b'\x00\x00\x00\x00\x00\x00\x00\x00\x00\x00\x00\x00\x00\x00\x00\x00\x00\x00\x00\x00\x00\x00\x00\x00\x00\x00\x00\x00\x00\x00\x00\x00\x00\x00\x00\x00\x1f\xff\xf0\x00\x1f\xff\xf0\x00\x1f\xff\xf0\x00\x1f\xff\xf0\x00\x1f\xff\xf0\x00\x1f\xff\xf0\x00\x00\x07\xf0\x00\x00\x07\xf0\x00\x00\x07\xf0\x00\x00\x07\xf0\x00\x00\x07\xf0\x00\x00\x07\xf0\x00\x00\x07\xf0\x00\x00\x07\xf0\x00\x00\x07\xf0\x00\x00\x07\xf0\x00\x00\x07\xf0\x00\x00\x07\xf0\x00\x00\x07\xf0\x00\x00\x07\xf0\x00\x00\x07\xf0\x00\x00\x07\xf0\x00\x00\x07\xf0\x00\x00\x07\xf0\x00\x00\x07\xf0\x00\x00\x07\xf0\x00\x00\x07\xf0\x00\x00\x07\xf0\x00\x00\x07\xf0\x00\x00\x07\xf0\x00\x00\x07\xf0\x00\x00\x07\xf0\x00\x00\x07\xf0\x00\x00\x07\xf0\x00\x00\x07\xf0\x00\x00\x07\xf0\x00\x00\x07\xf0\x00\x00\x07\xf0\x00\x00\x07\xf0\x00\x00\x07\xf0\x00\x00\x07\xf0\x00\x00\x07\xf0\x00\x00\x07\xf0\x00\x00\x07\xf0\x00\x00\x07\xf0\x00\x00\x07\xf0\x00\x00\x07\xf0\x00\x00\x07\xf0\x00\x00\x07\xf0\x00\x00\x07\xf0\x00\x00\x07\xf0\x00\x00\x07\xf0\x00\x00\x07\xf0\x00\x00\x07\xf0\x00\x00\x07\xf0\x00\x00\x07\xf0\x00\x00\x07\xf0\x00\x00\x07\xf0\x00\x00\x07\xf0\x00\x00\x07\xf0\x00\x00\x07\xf0\x00\x00\x07\xf0\x00\x00\x07\xf0\x00\x00\x07\xf0\x00\x00\x07\xf0\x00\x00\x07\xf0\x00\x00\x07\xf0\x00\x00\x07\xf0\x00\x00\x07\xf0\x00\x00\x07\xf0\x00\x00\x07\xf0\x00\x00\x07\xf0\x00\x00\x07\xf0\x00\x00\x07\xf0\x00\x00\x07\xf0\x00\x00\x07\xf0\x00\x1f\xff\xf0\x00\x1f\xff\xf0\x00\x1f\xff\xf0\x00\x1f\xff\xf0\x00\x1f\xff\xf0\x00\x1f\xff\xf0\x00\x1b',
  94:b'\x00\x00\x00\x00\x00\x00\x00\x00\x00\x00\x00\x00\x00\x00\x00\x00\x00\x00\x00\x00\x00\x00\x00\x00\x00\x00\x00\x00\x00\x00\x00\x00\x00\x00\x00\x00\x00\x00\x00\x00\x00\x00\x00\x00\x00\x00\x00\x00\x00\x00\x0f\x00\x00\x00\x00\x00\x0f\x00\x00\x00\x00\x00\x1f\x80\x00\x00\x00\x00?\xc0\x00\x00\x00\x00?\xc0\x00\x00\x00\x00\x7f\xe0\x00\x00\x00\x00\x7f\xe0\x00\x00\x00\x00\xff\xf0\x00\x00\x00\x01\xf9\xf8\x00\x00\x00\x01\xf9\xf8\x00\x00\x00\x03\xf1\xfc\x00\x00\x00\x07\xf0\xfc\x00\x00\x00\x07\xe0\xfe\x00\x00\x00\x0f\xe0\xff\x00\x00\x00\x1f\xc0\x7f\x00\x00\x00\x1f\x80?\x80\x00\x00?\x80?\x80\x00\x00\x7f\x00\x1f\xc0\x00\x00~\x00\x1f\xe0\x00\x00\xfe\x00\x0f\xe0\x00\x01\xfc\x00\x07\xf0\x00\x01\xf8\x00\x07\xf0\x00\x03\xf8\x00\x03\xf8\x00\x07\xf0\x00\x03\xfc\x00\x0f\xe0\x00\x01\xfc\x00\x00\x00\x00\x00\x00\x00\x00\x00\x00\x00\x00\x00\x00\x00\x00\x00\x00\x00\x00\x00\x00\x00\x00\x00\x00\x00\x00\x00\x00\x00\x00\x00\x00\x00\x00\x00\x00\x00\x00\x00\x00\x00\x00\x00\x00\x00\x00\x00\x00\x00\x00\x00\x00\x00\x00\x00\x00\x00\x00\x00\x00\x00\x00\x00\x00\x00\x00\x00\x00\x00\x00\x00\x00\x00\x00\x00\x00\x00\x00\x00\x00\x00\x00\x00\x00\x00\x00\x00\x00\x00\x00\x00\x00\x00\x00\x00\x00\x00\x00\x00\x00\x00\x00\x00\x00\x00\x00\x00\x00\x00\x00\x00\x00\x00\x00\x00\x00\x00\x00\x00\x00\x00\x00\x00\x00\x00\x00\x00\x00\x00\x00\x00\x00\x00\x00\x00\x00\x00\x00\x00\x00\x00\x00\x00\x00\x00\x00\x00\x00\x00\x00\x00\x00\x00\x00\x00\x00\x00\x00\x00\x00\x00\x00\x00\x00\x00\x00\x00\x00\x00\x00\x00\x00\x00\x00\x00\x00\x00\x00\x00\x00\x00\x00\x00\x00\x00\x00\x00\x00\x00\x00\x00\x00\x00\x00\x00\x00\x00\x00\x00\x00\x00\x00\x00\x00\x00\x00\x00\x00\x00\x00\x00\x00\x00\x00\x00\x00\x00\x00\x00\x00\x00\x00\x00\x00\x00\x00\x00\x00\x00\x00\x00\x00\x00\x00\x00\x00\x00\x00\x00\x00\x00\x00\x00\x00\x00\x00\x00\x00\x00\x00\x00\x00\x00\x00\x00\x00\x00\x00\x00\x00\x00\x00\x00\x00\x00\x00\x00\x00\x00\x00\x00\x00\x00\x00\x00\x00\x00\x00\x00\x00\x00\x00\x00\x00\x00\x00\x00\x00\x00\x00\x00\x00\x00\x00\x00\x00\x00\x00\x00\x00\x00\x00\x00\x00\x00\x00\x00\x00\x00\x00\x00\x00\x00\x00\x00\x00\x00\x00\x00\x00\x00\x00\x00\x00\x00\x00\x00\x00\x00\x00\x00\x00\x00\x00\x00\x00\x00\x00\x00\x00\x00\x00\x00\x00\x00\x00\x00-',
  95:b'\x00\x00\x00\x00\x00\x00\x00\x00\x00\x00\x00\x00\x00\x00\x00\x00\x00\x00\x00\x00\x00\x00\x00\x00\x00\x00\x00\x00\x00\x00\x00\x00\x00\x00\x00\x00\x00\x00\x00\x00\x00\x00\x00\x00\x00\x00\x00\x00\x00\x00\x00\x00\x00\x00\x00\x00\x00\x00\x00\x00\x00\x00\x00\x00\x00\x00\x00\x00\x00\x00\x00\x00\x00\x00\x00\x00\x00\x00\x00\x00\x00\x00\x00\x00\x00\x00\x00\x00\x00\x00\x00\x00\x00\x00\x00\x00\x00\x00\x00\x00\x00\x00\x00\x00\x00\x00\x00\x00\x00\x00\x00\x00\x00\x00\x00\x00\x00\x00\x00\x00\x00\x00\x00\x00\x00\x00\x00\x00\x00\x00\x00\x00\x00\x00\x00\x00\x00\x00\x00\x00\x00\x00\x00\x00\x00\x00\x00\x00\x00\x00\x00\x00\x00\x00\x00\x00\x00\x00\x00\x00\x00\x00\x00\x00\x00\x00\x00\x00\x00\x00\x00\x00\x00\x00\x00\x00\x00\x00\x00\x00\x00\x00\x00\x00\x00\x00\x00\x00\x00\x00\x00\x00\x00\x00\x00\x00\x00\x00\x00\x00\x00\x00\x00\x00\x00\x00\x00\x00\x00\x00\x00\x00\x00\x00\x00\x00\x00\x00\x00\x00\x00\x00\x00\x00\x00\x00\x00\x00\x00\x00\x00\x00\x00\x00\x00\x00\x00\x00\x00\x00\x00\x00\x00\x00\x00\x00\x00\x00\x00\x00\x00\x00\x00\x00\x00\x00\x00\x00\x00\x00\x00\x00\x00\x00\x00\x00\x00\x00\x00\x00\x00\x00\x00\x00\x00\x00\x00\x00\x00\x00\x00\x00\x00\x00\x00\x00\x00\x00\x00\x00\x00\x00\x00\x00\x00\x00\x00\x00\x00\x00\x00\x00\x00\x00\x00\x00\x00\x00\x00\x00\x00\x00\x00\x00\x00\x00\x00\x00\x00\x00\x00\x00\x00\x00\x00\x00\x00\x00\x00\x00\x00\x00\x00\x00\x00\x00\x00\x00\x00\x00\x00\x00\x00\x00\x00\x00\x00\x00\x00\x00\x00\x00\x00\x00\x00\x00\x00\x00\x00\x00\x00\x00\x00\x00\x00\x00\x00\x00\x00\x00\x00\x00\x00\x00\x00\x00\x00\x00\x00\x00\x00\x00\x00\x00\x00\x00\x00\x00\x00\x00\x00\x00\x00\x00\x00\x00\x00\x00\x00\x00\x00\x00\x00\x00\x00\x00\x00\x00\x00\x00\x00\x00\x00\x00\x00\xff\xff\xff\xff\xf0\xff\xff\xff\xff\xf0\xff\xff\xff\xff\xf0\xff\xff\xff\xff\xf0\xff\xff\xff\xff\xf0\xff\xff\xff\xff\xf0\x00\x00\x00\x00\x00\x00\x00\x00\x00\x00$',
}

def get_ch(ch):
    c = ord(ch)
    if c not in _g.keys():
        return None, 0, 0
    return memoryview(_g[c]), 91, int(_g[c][-1])
