'''
    ezFBfont_PTSans_48_supp_72 : generated as part of the microPyEZfonts repository
      https://github.com/easytarget/microPyEZfonts

    This font definition can be used with the "ezFBfont" class provided there.
    It can also be used with the "writer" class from Peter Hinches micropython
      font-to-py tool: https://github.com/peterhinch/micropython-font-to-py

    Original PTSans_48.bdf font file was sourced from the U8G2 project:
      https://github.com/olikraus/u8g2

'''
# Code generated by bdf2dict.py
# Font: PTSans_48
# Cmd: ['bdf2dict.py'], ['./PTSans-48.bdf', '_', './supp-char.set']
# Date: 2025-05-28 19:35:12
'''
    Original Copyright, Comments and Notices from source:

    COPYRIGHT Sourced from Google Fonts, Wed 28 May 2025
    COPYRIGHT https://fonts.google.com/specimen/PT+Sans
    COPYRIGHT 
    COPYRIGHT Distributed there under the SIL Open Font License, Version 1.1
    COPYRIGHT 
    COPYRIGHT -----------------------------------------------------------
    COPYRIGHT Copyright (c) 2010, ParaType Ltd. (http://www.paratype.com/public),
    COPYRIGHT with Reserved Font Names "PT Sans" and "ParaType".
    COPYRIGHT 
    COPYRIGHT This Font Software is licensed under the SIL Open Font License, Version 1.1.
    COPYRIGHT This license is copied below, and is also available with a FAQ at:
    COPYRIGHT https://openfontlicense.org
    COPYRIGHT 
    COPYRIGHT 
    COPYRIGHT -----------------------------------------------------------
    COPYRIGHT SIL OPEN FONT LICENSE Version 1.1 - 26 February 2007
    COPYRIGHT -----------------------------------------------------------
    COPYRIGHT 
    COPYRIGHT PREAMBLE
    COPYRIGHT The goals of the Open Font License (OFL) are to stimulate worldwide
    COPYRIGHT development of collaborative font projects, to support the font creation
    COPYRIGHT efforts of academic and linguistic communities, and to provide a free and
    COPYRIGHT open framework in which fonts may be shared and improved in partnership
    COPYRIGHT with others.
    COPYRIGHT 
    COPYRIGHT The OFL allows the licensed fonts to be used, studied, modified and
    COPYRIGHT redistributed freely as long as they are not sold by themselves. The
    COPYRIGHT fonts, including any derivative works, can be bundled, embedded,
    COPYRIGHT redistributed and/or sold with any software provided that any reserved
    COPYRIGHT names are not used by derivative works. The fonts and derivatives,
    COPYRIGHT however, cannot be released under any other type of license. The
    COPYRIGHT requirement for fonts to remain under this license does not apply
    COPYRIGHT to any document created using the fonts or their derivatives.
    COPYRIGHT 
    COPYRIGHT DEFINITIONS
    COPYRIGHT "Font Software" refers to the set of files released by the Copyright
    COPYRIGHT Holder(s) under this license and clearly marked as such. This may
    COPYRIGHT include source files, build scripts and documentation.
    COPYRIGHT 
    COPYRIGHT "Reserved Font Name" refers to any names specified as such after the
    COPYRIGHT copyright statement(s).
    COPYRIGHT 
    COPYRIGHT "Original Version" refers to the collection of Font Software components as
    COPYRIGHT distributed by the Copyright Holder(s).
    COPYRIGHT 
    COPYRIGHT "Modified Version" refers to any derivative made by adding to, deleting,
    COPYRIGHT or substituting -- in part or in whole -- any of the components of the
    COPYRIGHT Original Version, by changing formats or by porting the Font Software to a
    COPYRIGHT new environment.
    COPYRIGHT 
    COPYRIGHT "Author" refers to any designer, engineer, programmer, technical
    COPYRIGHT writer or other person who contributed to the Font Software.
    COPYRIGHT 
    COPYRIGHT PERMISSION & CONDITIONS
    COPYRIGHT Permission is hereby granted, free of charge, to any person obtaining
    COPYRIGHT a copy of the Font Software, to use, study, copy, merge, embed, modify,
    COPYRIGHT redistribute, and sell modified and unmodified copies of the Font
    COPYRIGHT Software, subject to the following conditions:
    COPYRIGHT 
    COPYRIGHT 1) Neither the Font Software nor any of its individual components,
    COPYRIGHT in Original or Modified Versions, may be sold by itself.
    COPYRIGHT 
    COPYRIGHT 2) Original or Modified Versions of the Font Software may be bundled,
    COPYRIGHT redistributed and/or sold with any software, provided that each copy
    COPYRIGHT contains the above copyright notice and this license. These can be
    COPYRIGHT included either as stand-alone text files, human-readable headers or
    COPYRIGHT in the appropriate machine-readable metadata fields within text or
    COPYRIGHT binary files as long as those fields can be easily viewed by the user.
    COPYRIGHT 
    COPYRIGHT 3) No Modified Version of the Font Software may use the Reserved Font
    COPYRIGHT Name(s) unless explicit written permission is granted by the corresponding
    COPYRIGHT Copyright Holder. This restriction only applies to the primary font name as
    COPYRIGHT presented to the users.
    COPYRIGHT 
    COPYRIGHT 4) The name(s) of the Copyright Holder(s) or the Author(s) of the Font
    COPYRIGHT Software shall not be used to promote, endorse or advertise any
    COPYRIGHT Modified Version, except to acknowledge the contribution(s) of the
    COPYRIGHT Copyright Holder(s) and the Author(s) or with their explicit written
    COPYRIGHT permission.
    COPYRIGHT 
    COPYRIGHT 5) The Font Software, modified or unmodified, in part or in whole,
    COPYRIGHT must be distributed entirely under this license, and must not be
    COPYRIGHT distributed under any other license. The requirement for fonts to
    COPYRIGHT remain under this license does not apply to any document created
    COPYRIGHT using the Font Software.
    COPYRIGHT 
    COPYRIGHT TERMINATION
    COPYRIGHT This license becomes null and void if any of the above conditions are
    COPYRIGHT not met.
    COPYRIGHT 
    COPYRIGHT DISCLAIMER
    COPYRIGHT THE FONT SOFTWARE IS PROVIDED "AS IS", WITHOUT WARRANTY OF ANY KIND,
    COPYRIGHT EXPRESS OR IMPLIED, INCLUDING BUT NOT LIMITED TO ANY WARRANTIES OF
    COPYRIGHT MERCHANTABILITY, FITNESS FOR A PARTICULAR PURPOSE AND NONINFRINGEMENT
    COPYRIGHT OF COPYRIGHT, PATENT, TRADEMARK, OR OTHER RIGHT. IN NO EVENT SHALL THE
    COPYRIGHT COPYRIGHT HOLDER BE LIABLE FOR ANY CLAIM, DAMAGES OR OTHER LIABILITY,
    COPYRIGHT INCLUDING ANY GENERAL, SPECIAL, INDIRECT, INCIDENTAL, OR CONSEQUENTIAL
    COPYRIGHT DAMAGES, WHETHER IN AN ACTION OF CONTRACT, TORT OR OTHERWISE, ARISING
    COPYRIGHT FROM, OUT OF THE USE OR INABILITY TO USE THE FONT SOFTWARE OR FROM
    COPYRIGHT OTHER DEALINGS IN THE FONT SOFTWARE.
    COPYRIGHT -----------------------------------------------------------
    COPYRIGHT 
    COPYRIGHT Converted from OpenType font "PTSans.ttf" by "otf2bdf 3.0".
    COPYRIGHT 

    COMMENT "Copyright © 2009 ParaType Ltd. All rights reserved."
'''
version = '0.33'
name = '-freetype-pt sans-medium-r-normal--66-480-100-100-p-297-iso10646-1'
family = 'pt sans'
weight = 'medium'
size = 66

def height():
    return 72

def baseline():
    return 58

def max_width():
    return 59

def hmap():
    return True

def reverse():
    return False

def monospaced():
    return False

def min_ch():
    return 161

def max_ch():
    return 255

_g = {
  161:b'\x00\x00\x00\x00\x00\x00\x00\x00\x00\x00\x00\x00\x00\x00\x00\x00\x00\x00\x00\x00\x00\x00\x00\x00\x00\x00\x00\x00\x00\x00\x00\x00\x00\x00\x00\x00\x00\x00\x00\x00\x00\x00\x00\x00\x00\x00\x00\x00\x00\x00\x00\x00\x00\x00\x00\x00\x00\x00\x00\x00\x00\x00\x00\x00\x00\x00\x00\x00\x00\x00\x00\x00\x01\xe0\x00\x03\xf0\x00\x07\xf8\x00\x07\xf8\x00\x07\xf8\x00\x07\xf8\x00\x03\xf0\x00\x01\xe0\x00\x00\x00\x00\x00\x00\x00\x00\x00\x00\x00\x00\x00\x00\x00\x00\x01\xe0\x00\x01\xe0\x00\x01\xe0\x00\x01\xe0\x00\x01\xe0\x00\x01\xe0\x00\x01\xe0\x00\x01\xe0\x00\x01\xf0\x00\x03\xf0\x00\x03\xf0\x00\x03\xf0\x00\x03\xf0\x00\x03\xf0\x00\x03\xf0\x00\x03\xf0\x00\x03\xf0\x00\x03\xf0\x00\x03\xf0\x00\x03\xf0\x00\x03\xf0\x00\x03\xf0\x00\x03\xf0\x00\x03\xf0\x00\x03\xf0\x00\x03\xf0\x00\x03\xf0\x00\x03\xf0\x00\x03\xf0\x00\x03\xf0\x00\x03\xf0\x00\x03\xf0\x00\x03\xf0\x00\x03\xf0\x00\x00\x00\x00\x14',
  162:b'\x00\x00\x00\x00\x00\x00\x00\x00\x00\x00\x00\x00\x00\x00\x00\x00\x00\x00\x00\x00\x00\x00\x00\x00\x00\x00\x00\x00\x00\x00\x00\x00\x00\x00\x00\x00\x00\x00\x00\x00\x00\x00\x00\x00\x00\x00\x00\x00\x00\x00\x00\x00\x00\x00\x00\x00\x00\x00\x00\x00\x00\x00\x00\x00\x00\x00\x00\x00\x00\x00\x00\x00\x00\x00\x00\x00\x00\x00\x00\x00\x00\x00\x00\x00\x00\x00\x00\x00\x00\x00\x00\x00>\x00\x00\x00\x00>\x00\x00\x00\x00>\x00\x00\x00\x00>\x00\x00\x00\x00>\x00\x00\x00\x00>\x00\x00\x00\x00\xff\xc0\x00\x00\x07\xff\xf8\x00\x00\x0f\xff\xfc\x00\x00\x1f\xff\xfc\x00\x00?\xff\xfc\x00\x00\x7f\x9cx\x00\x00\xfe\x1c\x08\x00\x00\xfc\x1c\x00\x00\x01\xf8\x1c\x00\x00\x01\xf8\x1c\x00\x00\x01\xf0\x1c\x00\x00\x03\xf0\x1c\x00\x00\x03\xf0\x1c\x00\x00\x03\xf0\x1c\x00\x00\x03\xf0\x1c\x00\x00\x03\xe0\x1c\x00\x00\x03\xe0\x1c\x00\x00\x03\xe0\x1c\x00\x00\x03\xe0\x1c\x00\x00\x03\xe0\x1c\x00\x00\x03\xf0\x1c\x00\x00\x03\xf0\x1c\x00\x00\x03\xf0\x1c\x00\x00\x03\xf0\x1c\x00\x00\x01\xf8\x1c\x00\x00\x01\xf8\x1c\x00\x00\x01\xfc\x1c\x00\x00\x01\xfe\x1c\x08\x00\x00\xff\x1c\x1c\x00\x00\x7f\xdc|\x00\x00\x7f\xff\xfc\x00\x00?\xff\xfe\x00\x00\x1f\xff\xfc\x00\x00\x07\xff\xf0\x00\x00\x01\xff\x80\x00\x00\x00>\x00\x00\x00\x00>\x00\x00\x00\x00>\x00\x00\x00\x00>\x00\x00\x00\x00>\x00\x00\x00\x00>\x00\x00\x00\x00\x00\x00\x00\x00\x00\x00\x00\x00\x00\x00\x00\x00\x00\x00\x00\x00\x00\x00\x00\x00\x00\x00\x00\x00\x00\x00\x00\x00\x00\x00\x00\x00\x00%',
  163:b'\x00\x00\x00\x00\x00\x00\x00\x00\x00\x00\x00\x00\x00\x00\x00\x00\x00\x00\x00\x00\x00\x00\x00\x00\x00\x00\x00\x00\x00\x00\x00\x00\x00\x00\x00\x00\x00\x00\x00\x00\x00\x00\x00\x00\x00\x00\x00\x00\x00\x00\x00\x01\xff\xe0\x00\x00\x0f\xff\xfe\x00\x00\x1f\xff\xff\x00\x00\x7f\xff\xfe\x00\x00\x7f\xff\xfe\x00\x00\xff\x00~\x00\x01\xfc\x00\x04\x00\x01\xf8\x00\x00\x00\x03\xf8\x00\x00\x00\x03\xf0\x00\x00\x00\x03\xf0\x00\x00\x00\x03\xf0\x00\x00\x00\x03\xe0\x00\x00\x00\x03\xe0\x00\x00\x00\x03\xe0\x00\x00\x00\x03\xf0\x00\x00\x00\x03\xf0\x00\x00\x00\x03\xf0\x00\x00\x00\x03\xf0\x00\x00\x00\x01\xf8\x00\x00\x00\x01\xf8\x00\x00\x00\x00\xfc\x00\x00\x00\x1f\xff\xff\x80\x00\x1f\xff\xff\x80\x00\x1f\xff\xff\x80\x00\x1f\xff\xff\x80\x00\x1f\xff\xff\x80\x00\x00?\x00\x00\x00\x00?\x00\x00\x00\x00\x1f\x00\x00\x00\x00\x1f\x80\x00\x00\x00\x1f\x80\x00\x00\x00\x1f\x80\x00\x00\x00\x1f\x80\x00\x00\x00\x1f\x80\x00\x00\x00\x1f\x80\x00\x00\x00\x1f\x80\x00\x00\x00\x1f\x00\x00\x00\x00\x1f\x00\x00\x00\x00?\x00\x00\x00\x00~\x00\x00\x00\x00\xfe\x00\x00\x00\x01\xf8\x00\x00\x00\x1f\xf3\xff\xff\x80\x1f\xff\xff\xff\x80\x1f\xff\xff\xff\x80\x1f\xff\xff\xff\x80\x1f\xff\xff\xff\x80\x00\x00\x00\x00\x00\x00\x00\x00\x00\x00\x00\x00\x00\x00\x00\x00\x00\x00\x00\x00\x00\x00\x00\x00\x00\x00\x00\x00\x00\x00\x00\x00\x00\x00\x00\x00\x00\x00\x00\x00\x00\x00\x00\x00\x00\x00\x00\x00\x00\x00\x00\x00\x00\x00\x00\x00\x00\x00\x00\x00\x00\x00\x00\x00\x00\x00\x00\x00\x00\x00%',
  164:b'\x00\x00\x00\x00\x00\x00\x00\x00\x00\x00\x00\x00\x00\x00\x00\x00\x00\x00\x00\x00\x00\x00\x00\x00\x00\x00\x00\x00\x00\x00\x00\x00\x00\x00\x00\x00\x00\x00\x00\x00\x00\x00\x00\x00\x00\x00\x00\x00\x00\x00\x00\x00\x00\x00\x00\x00\x00\x00\x00\x00\x00\x00\x00\x00\x00\x00\x00\x00\x00\x00\x00\x00\x00\x00\x00\x00\x00\x00\x00\x00\x00\x00\x00\x00\x00\x00\x00\x00\x00\x00\x08\x00\x00\x01\x00\x1c\x00\x00\x03\x80>\x00\x00\x07\xc0\x7f\x00\x00\x0f\xe0\x1f\x80\x00\x1f\xc0\x0f\xc1\xfc?\x80\x07\xef\xff?\x00\x03\xff\xff\xfe\x00\x01\xff\xff\xfc\x00\x00\x7f\xff\xf0\x00\x00\xfe\x07\xf0\x00\x00\xfc\x01\xf8\x00\x01\xf8\x00\xf8\x00\x01\xf0\x00\xf8\x00\x01\xf0\x00|\x00\x01\xe0\x00|\x00\x01\xe0\x00|\x00\x01\xe0\x00|\x00\x01\xf0\x00|\x00\x01\xf0\x00\xf8\x00\x01\xf8\x00\xf8\x00\x00\xfc\x01\xf8\x00\x00\xfe\x07\xf0\x00\x00\x7f\xff\xf0\x00\x01\xff\xff\xf8\x00\x03\xff\xff\xfe\x00\x07\xef\xff?\x00\x0f\xc3\xfc?\x80\x1f\x80\x00\x1f\xc0?\x00\x00\x0f\xe0~\x00\x00\x07\xc0\x1c\x00\x00\x03\x80\x08\x00\x00\x01\x00\x00\x00\x00\x00\x00\x00\x00\x00\x00\x00\x00\x00\x00\x00\x00\x00\x00\x00\x00\x00\x00\x00\x00\x00\x00\x00\x00\x00\x00\x00\x00\x00\x00\x00\x00\x00\x00\x00\x00\x00\x00\x00\x00\x00\x00\x00\x00\x00\x00\x00\x00\x00\x00\x00\x00\x00\x00\x00\x00\x00\x00\x00\x00\x00\x00\x00\x00\x00\x00\x00\x00\x00\x00\x00\x00\x00\x00\x00\x00\x00\x00\x00\x00\x00\x00\x00\x00\x00\x00\x00\x00\x00\x00\x00\x00\x00\x00\x00\x00\x00\x00\x00\x00\x00\x00%',
  165:b'\x00\x00\x00\x00\x00\x00\x00\x00\x00\x00\x00\x00\x00\x00\x00\x00\x00\x00\x00\x00\x00\x00\x00\x00\x00\x00\x00\x00\x00\x00\x00\x00\x00\x00\x00\x00\x00\x00\x00\x00\x00\x00\x00\x00\x00\x00\x00\x00\x00\x00\x00\x00\x00\x00\x00\xfe\x00\x00\x03\xf8~\x00\x00\x03\xf0\x7f\x00\x00\x07\xe0?\x80\x00\x07\xe0\x1f\x80\x00\x0f\xc0\x1f\xc0\x00\x0f\xc0\x0f\xc0\x00\x1f\x80\x0f\xe0\x00\x1f\x00\x07\xe0\x00?\x00\x07\xf0\x00>\x00\x03\xf0\x00~\x00\x03\xf8\x00|\x00\x01\xf8\x00\xfc\x00\x01\xfc\x00\xf8\x00\x00\xfc\x01\xf8\x00\x00~\x01\xf0\x00\x00~\x03\xf0\x00\x00?\x03\xe0\x00\x00?\x87\xc0\x00\x00\x1f\x87\xc0\x00\x00\x1f\xcf\x80\x00\x00\x0f\xcf\x80\x00\x00\x0f\xdf\x00\x00\x00\x07\xdf\x00\x00\x00\x07\xfe\x00\x00\x01\xff\xff\xf8\x00\x01\xff\xff\xf8\x00\x01\xff\xff\xf8\x00\x01\xff\xff\xf8\x00\x00\x00\xf8\x00\x00\x00\x00\xf8\x00\x00\x00\x00\xf8\x00\x00\x00\x00\xf8\x00\x00\x00\x00\xf8\x00\x00\x01\xff\xff\xf8\x00\x01\xff\xff\xf8\x00\x01\xff\xff\xf8\x00\x01\xff\xff\xf8\x00\x00\x00\xf8\x00\x00\x00\x00\xf8\x00\x00\x00\x00\xf8\x00\x00\x00\x00\xf8\x00\x00\x00\x00\xf8\x00\x00\x00\x00\xf8\x00\x00\x00\x00\xf8\x00\x00\x00\x00\xf8\x00\x00\x00\x00\xf8\x00\x00\x00\x00\x00\x00\x00\x00\x00\x00\x00\x00\x00\x00\x00\x00\x00\x00\x00\x00\x00\x00\x00\x00\x00\x00\x00\x00\x00\x00\x00\x00\x00\x00\x00\x00\x00\x00\x00\x00\x00\x00\x00\x00\x00\x00\x00\x00\x00\x00\x00\x00\x00\x00\x00\x00\x00\x00\x00\x00\x00\x00\x00\x00\x00\x00\x00\x00\x00\x00\x00\x00%',
  166:b'\x00\x00\x00\x00\x00\x00\x00\x00\x00\x00\x00\x00\x00\x00\x00\x00\x00\x00\x00\x00\x00\x00\x03\xc0\x03\xc0\x03\xc0\x03\xc0\x03\xc0\x03\xc0\x03\xc0\x03\xc0\x03\xc0\x03\xc0\x03\xc0\x03\xc0\x03\xc0\x03\xc0\x03\xc0\x03\xc0\x03\xc0\x03\xc0\x03\xc0\x03\xc0\x03\xc0\x03\xc0\x03\xc0\x00\x00\x00\x00\x00\x00\x00\x00\x00\x00\x00\x00\x00\x00\x00\x00\x00\x00\x00\x00\x03\xc0\x03\xc0\x03\xc0\x03\xc0\x03\xc0\x03\xc0\x03\xc0\x03\xc0\x03\xc0\x03\xc0\x03\xc0\x03\xc0\x03\xc0\x03\xc0\x03\xc0\x03\xc0\x03\xc0\x03\xc0\x03\xc0\x03\xc0\x03\xc0\x03\xc0\x03\xc0\x00\x00\x00\x00\x00\x00\x00\x00\x00\x00\x10',
  167:b'\x00\x00\x00\x00\x00\x00\x00\x00\x00\x00\x00\x00\x00\x00\x00\x00\x00\x00\x00\x00\x00\x00\x00\x00\x00\x00\x00\x00\x00\x00\x00\x00\x00\x00\x00\x00\x00\x00\x00\x00\x00\x00\x00\x00\x00\x00\x00\x00\x00\x00\x00\x07\xfc\x00\x00\x00?\xff\xc0\x00\x00\x7f\xff\xe0\x00\x00\xff\xff\xe0\x00\x01\xff\xff\xe0\x00\x01\xfc\x03\xc0\x00\x01\xf0\x00@\x00\x03\xf0\x00\x00\x00\x03\xf0\x00\x00\x00\x03\xf0\x00\x00\x00\x03\xf0\x00\x00\x00\x01\xfc\x00\x00\x00\x01\xff\x00\x00\x00\x00\xff\xe0\x00\x00\x00\x7f\xfc\x00\x00\x00?\xff\x00\x00\x00\xff\xff\xc0\x00\x01\xff\xff\xe0\x00\x03\xf8\x7f\xf0\x00\x07\xe0\x1f\xf0\x00\x07\xc0\x07\xf8\x00\x0f\xc0\x01\xf8\x00\x0f\x80\x00\xf8\x00\x0f\x80\x00\xf8\x00\x0f\x80\x00\xf8\x00\x0f\x80\x00\xf8\x00\x0f\xc0\x00\xf8\x00\x0f\xe0\x01\xf8\x00\x0f\xf0\x01\xf8\x00\x07\xfc\x03\xf0\x00\x03\xff\x87\xe0\x00\x01\xff\xff\xc0\x00\x00\xff\xff\x80\x00\x00\x7f\xfe\x00\x00\x00\x0f\xff\x00\x00\x00\x03\xff\x80\x00\x00\x00\x7f\xc0\x00\x00\x00\x0f\xe0\x00\x00\x00\x07\xe0\x00\x00\x00\x07\xe0\x00\x00\x00\x03\xe0\x00\x00\x00\x07\xe0\x00\x01\x00\x07\xe0\x00\x01\xf0\x1f\xc0\x00\x01\xff\xff\xc0\x00\x03\xff\xff\x80\x00\x03\xff\xff\x00\x00\x01\xff\xfe\x00\x00\x00\x1f\xf0\x00\x00\x00\x00\x00\x00\x00\x00\x00\x00\x00\x00\x00\x00\x00\x00\x00\x00\x00\x00\x00\x00\x00\x00\x00\x00\x00\x00\x00\x00\x00\x00\x00\x00\x00\x00\x00\x00\x00\x00\x00\x00\x00\x00\x00\x00\x00\x00\x00\x00\x00\x00\x00\x00\x00\x00\x00\x00\x00\x00\x00\x00\x00\x00\x00\x00\x00!',
  168:b'\x00\x00\x00\x00\x00\x00\x00\x00\x00\x00\x00\x00\x00\x00\x00\x00\x00\x00\x00\x00\x00\x00\x00\x00\x00\x00\x00\x00\x00\x00\x00\x00\x00\x00\x00\x00\x00\x00\x00\x00\x00\x00\x00\x00\x03\x80<\x00\x07\xc0~\x00\x0f\xc0~\x00\x0f\xe0\x7f\x00\x0f\xc0~\x00\x07\xc0~\x00\x07\x80<\x00\x00\x00\x00\x00\x00\x00\x00\x00\x00\x00\x00\x00\x00\x00\x00\x00\x00\x00\x00\x00\x00\x00\x00\x00\x00\x00\x00\x00\x00\x00\x00\x00\x00\x00\x00\x00\x00\x00\x00\x00\x00\x00\x00\x00\x00\x00\x00\x00\x00\x00\x00\x00\x00\x00\x00\x00\x00\x00\x00\x00\x00\x00\x00\x00\x00\x00\x00\x00\x00\x00\x00\x00\x00\x00\x00\x00\x00\x00\x00\x00\x00\x00\x00\x00\x00\x00\x00\x00\x00\x00\x00\x00\x00\x00\x00\x00\x00\x00\x00\x00\x00\x00\x00\x00\x00\x00\x00\x00\x00\x00\x00\x00\x00\x00\x00\x00\x00\x00\x00\x00\x00\x00\x00\x00\x00\x00\x00\x00\x00\x00\x00\x00\x00\x00\x00\x00\x00\x00\x00\x00\x00\x00\x00\x00\x00\x00\x00\x00\x00\x00\x00\x00\x00\x00\x00\x00\x00\x00\x00\x00\x00\x00\x00\x00\x00\x00\x00\x00\x00\x00\x00\x00\x00\x00\x00\x00\x00\x00\x00\x00\x00\x00\x00\x00\x00\x00\x00\x00\x00\x00\x00\x00\x00\x00\x00\x00\x00\x00\x00\x00\x00\x00\x00\x00\x00\x00\x00\x00\x00\x00\x00\x00\x00\x00\x00\x00\x1c',
  169:b'\x00\x00\x00\x00\x00\x00\x00\x00\x00\x00\x00\x00\x00\x00\x00\x00\x00\x00\x00\x00\x00\x00\x00\x00\x00\x00\x00\x00\x00\x00\x00\x00\x00\x00\x00\x00\x00\x00\x00\x00\x00\x00\x00\x00\x00\x00\x00\x00\x00\x00\x00\x00\x00\x00\x00\x00\x00\x00\x00\x00\x00\x00\x00\x00\x00\x00\x00\x00\x00\x00\x00\x00\x00\x00\x00\x00\x00\x00\x00\x00\x00\x00\x00\x00\x00\x00\x00\x00\x00\x00\x00\x00\x00\x00\x00\x00\x00\x00\x00\x00\x00\x00\x00\x00\x00\x00\x00\x03\xff\x00\x00\x00\x00\x00?\xff\xf0\x00\x00\x00\x00\xff\xff\xfc\x00\x00\x00\x03\xff\xff\xff\x00\x00\x00\x0f\xff\xff\xff\xc0\x00\x00\x1f\xfc\x00\xff\xe0\x00\x00?\xe0\x00\x1f\xf0\x00\x00\x7f\x80\x00\x07\xf8\x00\x00\xfe\x00\x00\x01\xfc\x00\x00\xfc\x00\x00\x00\xfc\x00\x01\xf8\x00\x00\x00~\x00\x03\xf0\x01\xfe\x00?\x00\x03\xe0\x07\xff\x80\x1f\x00\x07\xe0\x0f\xff\xc0\x1f\x80\x07\xc0\x1f\xff\xc0\x0f\x80\x07\xc0?\xff\x80\x0f\x80\x0f\x80\x7f\x83\x80\x07\xc0\x0f\x80~\x00\x80\x07\xc0\x0f\x80\xfc\x00\x00\x07\xc0\x0f\x00\xfc\x00\x00\x03\xc0\x0f\x00\xf8\x00\x00\x03\xc0\x1f\x00\xf8\x00\x00\x03\xe0\x1f\x00\xf8\x00\x00\x03\xe0\x1f\x00\xf8\x00\x00\x03\xe0\x1f\x00\xf8\x00\x00\x03\xe0\x1f\x00\xf8\x00\x00\x03\xe0\x0f\x00\xf8\x00\x00\x03\xc0\x0f\x00\xfc\x00\x00\x03\xc0\x0f\x80\xfc\x00\x00\x07\xc0\x0f\x80~\x00@\x07\xc0\x0f\x80\x7f\x81\xc0\x07\xc0\x0f\xc0?\xff\xc0\x0f\x80\x07\xc0?\xff\xc0\x0f\x80\x07\xe0\x1f\xff\xe0\x1f\x80\x03\xe0\x07\xff\xc0\x1f\x00\x03\xf0\x01\xfe\x00?\x00\x01\xf8\x00\x00\x00~\x00\x01\xfc\x00\x00\x00\xfc\x00\x00\xfe\x00\x00\x01\xfc\x00\x00\x7f\x80\x00\x07\xf8\x00\x00?\xe0\x00\x1f\xf0\x00\x00\x1f\xfc\x00\xff\xe0\x00\x00\x0f\xff\xff\xff\xc0\x00\x00\x07\xff\xff\xff\x00\x00\x00\x01\xff\xff\xfc\x00\x00\x00\x00\x7f\xff\xf0\x00\x00\x00\x00\x07\xff\x00\x00\x00\x00\x00\x00\x00\x00\x00\x00\x00\x00\x00\x00\x00\x00\x00\x00\x00\x00\x00\x00\x00\x00\x00\x00\x00\x00\x00\x00\x00\x00\x00\x00\x00\x00\x00\x00\x00\x00\x00\x00\x00\x00\x00\x00\x00\x00\x00\x00\x00\x00\x00\x00\x00\x00\x00\x00\x00\x00\x00\x00\x00\x00\x00\x00\x00\x00\x00\x00\x00\x00\x006',
  170:b'\x00\x00\x00\x00\x00\x00\x00\x00\x00\x00\x00\x00\x00\x00\x00\x00\x00\x00\x00\x00\x00\x00\x00\x00\x00\x00\x00\x00\x00\x00\x00\x00\x00\x00\x00\x00\x00\x00\x00\x00\x00\x00\x00\x00\x00\x7f\xe0\x00\x03\xff\xf8\x00\x07\xff\xf8\x00\x07\xff\xfc\x00\x07\x00|\x00\x00\x00<\x00\x00\x00<\x00\x00\x00<\x00\x00?\xfc\x00\x01\xff\xfc\x00\x03\xff\xfc\x00\x07\xe0<\x00\x0f\x80<\x00\x1f\x00<\x00\x1f\x00<\x00\x1f\x00|\x00\x1f\x00\xfc\x00\x1f\x83\xfc\x00\x0f\xff\xfc\x00\x0f\xff\xbc\x00\x03\xff\x1c\x00\x01\xfc\x1e\x00\x00\x00\x00\x00\x00\x00\x00\x00\x00\x00\x00\x00\x00\x00\x00\x00\x00\x00\x00\x00\x00\x00\x00\x00\x00\x00\x00\x00\x00\x00\x00\x00\x00\x00\x00\x00\x00\x00\x00\x00\x00\x00\x00\x00\x00\x00\x00\x00\x00\x00\x00\x00\x00\x00\x00\x00\x00\x00\x00\x00\x00\x00\x00\x00\x00\x00\x00\x00\x00\x00\x00\x00\x00\x00\x00\x00\x00\x00\x00\x00\x00\x00\x00\x00\x00\x00\x00\x00\x00\x00\x00\x00\x00\x00\x00\x00\x00\x00\x00\x00\x00\x00\x00\x00\x00\x00\x00\x00\x00\x00\x00\x00\x00\x00\x00\x00\x00\x00\x00\x00\x00\x00\x00\x00\x00\x00\x00\x00\x00\x00\x00\x00\x00\x00\x00\x00\x00\x00\x00\x00\x00\x00\x00\x00\x00\x00\x00\x00\x00\x00\x00\x00\x00\x00\x00\x00\x1a',
  171:b'\x00\x00\x00\x00\x00\x00\x00\x00\x00\x00\x00\x00\x00\x00\x00\x00\x00\x00\x00\x00\x00\x00\x00\x00\x00\x00\x00\x00\x00\x00\x00\x00\x00\x00\x00\x00\x00\x00\x00\x00\x00\x00\x00\x00\x00\x00\x00\x00\x00\x00\x00\x00\x00\x00\x00\x00\x00\x00\x00\x00\x00\x00\x00\x00\x00\x00\x00\x00\x00\x00\x00\x00\x00\x00\x00\x00\x00\x00\x00\x00\x00\x00\x00\x00\x00\x00\x00\x00\x00\x00\x00\x00\x00\x00\x00\x00\x00\x00\x00\x00\x00\x04\x00@\x00\x0e\x00`\x00\x0f\x00\xf0\x00\x1f\x81\xf8\x00?\x03\xf0\x00>\x03\xe0\x00~\x07\xe0\x00\xfc\x0f\xc0\x01\xf8\x0f\x80\x01\xf8\x1f\x80\x03\xf0?\x00\x07\xe0>\x00\x07\xe0~\x00\x0f\x80\xfc\x00\x1f\x00\xf0\x00\x1e\x01\xe0\x00\x1f\x80\xf8\x00\x0f\xc0\xfc\x00\x07\xe0~\x00\x03\xf0?\x00\x03\xf0\x1f\x80\x01\xf8\x1f\x80\x00\xfc\x0f\xc0\x00~\x07\xe0\x00>\x03\xf0\x00?\x01\xf0\x00\x1f\x81\xf8\x00\x0f\x80\xf8\x00\x07\x00p\x00\x04\x00@\x00\x00\x00\x00\x00\x00\x00\x00\x00\x00\x00\x00\x00\x00\x00\x00\x00\x00\x00\x00\x00\x00\x00\x00\x00\x00\x00\x00\x00\x00\x00\x00\x00\x00\x00\x00\x00\x00\x00\x00\x00\x00\x00\x00\x00\x00\x00\x00\x00\x00\x00\x00\x00\x00\x00\x00\x00\x00\x00\x00\x00\x00\x00\x00\x00\x00\x00\x00 ',
  172:b'\x00\x00\x00\x00\x00\x00\x00\x00\x00\x00\x00\x00\x00\x00\x00\x00\x00\x00\x00\x00\x00\x00\x00\x00\x00\x00\x00\x00\x00\x00\x00\x00\x00\x00\x00\x00\x00\x00\x00\x00\x00\x00\x00\x00\x00\x00\x00\x00\x00\x00\x00\x00\x00\x00\x00\x00\x00\x00\x00\x00\x00\x00\x00\x00\x00\x00\x00\x00\x00\x00\x00\x00\x00\x00\x00\x00\x00\x00\x00\x00\x00\x00\x00\x00\x00\x00\x00\x00\x00\x00\x00\x00\x00\x00\x00\x00\x00\x00\x00\x00\x00\x00\x00\x00\x00\x00\x00\x00\x00\x00\x00\x00\x00\x00\x00\x00\x00\x00\x00\x00\x00\x00\x00\x00\x00\x00\x00\x00\x00\x00\x00\x00\x00\x00\x00\x00\x00\x00\x00\x00\x00\x00\x00\x00\x00\x00\x00\x00\x00\x00\x00\x00\x00\x00\x00\x00\x00\x00\x00\x00\x1f\xff\xff\xfe\x00\x1f\xff\xff\xfe\x00\x1f\xff\xff\xfe\x00\x1f\xff\xff\xfe\x00\x1f\xff\xff\xfe\x00\x00\x00\x00>\x00\x00\x00\x00>\x00\x00\x00\x00>\x00\x00\x00\x00>\x00\x00\x00\x00>\x00\x00\x00\x00>\x00\x00\x00\x00>\x00\x00\x00\x00>\x00\x00\x00\x00\x00\x00\x00\x00\x00\x00\x00\x00\x00\x00\x00\x00\x00\x00\x00\x00\x00\x00\x00\x00\x00\x00\x00\x00\x00\x00\x00\x00\x00\x00\x00\x00\x00\x00\x00\x00\x00\x00\x00\x00\x00\x00\x00\x00\x00\x00\x00\x00\x00\x00\x00\x00\x00\x00\x00\x00\x00\x00\x00\x00\x00\x00\x00\x00\x00\x00\x00\x00\x00\x00\x00\x00\x00\x00\x00\x00\x00\x00\x00\x00\x00\x00\x00\x00\x00\x00\x00\x00\x00\x00\x00\x00\x00\x00\x00\x00\x00\x00\x00\x00\x00\x00\x00\x00\x00\x00\x00\x00\x00\x00\x00\x00\x00\x00\x00\x00\x00\x00\x00\x00\x00\x00\x00\x00\x00\x00\x00\x00\x00\x00\x00\x00"',
  173:b'\x00\x00\x00\x00\x00\x00\x00\x00\x00\x00\x00\x00\x00\x00\x00\x00\x00\x00\x00\x00\x00\x00\x00\x00\x00\x00\x00\x00\x00\x00\x00\x00\x00\x00\x00\x00\x00\x00\x00\x00\x00\x00\x00\x00\x00\x00\x00\x00\x00\x00\x00\x00\x00\x00\x00\x00\x00\x00\x00\x00\x00\x00\x00\x00\x00\x00\x00\x00\x00\x00\x00\x00\x00\x00\x00\x00\x00\x00\x00\x00\x00\x00\x00\x00\x00\x00\x00\x00\x00\x00\x00\x00\x00\x00\x00\x00\x00\x00\x00\x00\x00\x00\x00\x00\x00\x00\x00\x00\x0f\xff\xf0\x0f\xff\xf0\x0f\xff\xf0\x0f\xff\xf0\x0f\xff\xf0\x00\x00\x00\x00\x00\x00\x00\x00\x00\x00\x00\x00\x00\x00\x00\x00\x00\x00\x00\x00\x00\x00\x00\x00\x00\x00\x00\x00\x00\x00\x00\x00\x00\x00\x00\x00\x00\x00\x00\x00\x00\x00\x00\x00\x00\x00\x00\x00\x00\x00\x00\x00\x00\x00\x00\x00\x00\x00\x00\x00\x00\x00\x00\x00\x00\x00\x00\x00\x00\x00\x00\x00\x00\x00\x00\x00\x00\x00\x00\x00\x00\x00\x00\x00\x00\x00\x00\x00\x00\x00\x00\x00\x00\x18',
  174:b'\x00\x00\x00\x00\x00\x00\x00\x00\x00\x00\x00\x00\x00\x00\x00\x00\x00\x00\x00\x00\x00\x00\x00\x00\x00\x00\x00\x00\x00\x00\x00\x00\x00\x00\x00\x00\x00\x00\x00\x00\x00\x00\x00\x00\x00\x00\x00\x00\x00\x00\x00\x00\x00\x00\x00\x00\x00\x00\x00\x00\x00\x00\x1f\xf0\x00\x00\x00\x00\xff\xfe\x00\x00\x00\x03\xff\xff\x80\x00\x00\x0f\xff\xff\xe0\x00\x00\x1f\xe0\x1f\xf0\x00\x00?\x80\x03\xf8\x00\x00~\x00\x00\xfc\x00\x00|\x00\x00|\x00\x00\xf8\x7f\xe0>\x00\x01\xf0\x7f\xf8\x1e\x00\x01\xf0\x7f\xf8\x1f\x00\x01\xe0p|\x0f\x00\x03\xe0p<\x0f\x80\x03\xc0p<\x0f\x80\x03\xc0p<\x07\x80\x03\xc0p|\x07\x80\x03\xc0\x7f\xf8\x07\x80\x03\xc0\x7f\xc0\x07\x80\x03\xc0w\xe0\x07\x80\x03\xc0q\xf0\x07\x80\x03\xc0p\xf0\x07\x80\x03\xc0px\x07\x80\x03\xc0px\x0f\x80\x03\xe0p<\x0f\x80\x01\xe0p\x1e\x0f\x00\x01\xf0p\x1e\x1f\x00\x01\xf0p\x0f\x1e\x00\x00\xf8\x00\x00>\x00\x00\xfc\x00\x00|\x00\x00~\x00\x00\xfc\x00\x00?\x80\x03\xf8\x00\x00\x1f\xe0\x0f\xf0\x00\x00\x0f\xff\xff\xe0\x00\x00\x03\xff\xff\x80\x00\x00\x00\xff\xfe\x00\x00\x00\x00\x1f\xf0\x00\x00\x00\x00\x00\x00\x00\x00\x00\x00\x00\x00\x00\x00\x00\x00\x00\x00\x00\x00\x00\x00\x00\x00\x00\x00\x00\x00\x00\x00\x00\x00\x00\x00\x00\x00\x00\x00\x00\x00\x00\x00\x00\x00\x00\x00\x00\x00\x00\x00\x00\x00\x00\x00\x00\x00\x00\x00\x00\x00\x00\x00\x00\x00\x00\x00\x00\x00\x00\x00\x00\x00\x00\x00\x00\x00\x00\x00\x00\x00\x00\x00\x00\x00\x00\x00\x00\x00\x00\x00\x00\x00\x00\x00\x00\x00\x00\x00\x00\x00\x00\x00\x00\x00\x00\x00\x00\x00\x00\x00\x00\x00\x00\x00\x00\x00\x00\x00\x00\x00\x00\x00\x00\x00\x00\x00\x00\x00\x00\x00\x00\x00\x00\x00\x00\x00\x00\x00\x00\x00\x00\x00\x00\x00\x00\x00\x00\x00\x00\x00\x00\x00\x00\x00\x00\x00\x00\x00/',
  175:b'\x00\x00\x00\x00\x00\x00\x00\x00\x00\x00\x00\x00\x00\x00\x00\x00\x00\x00\x00\x00\x00\x00\x00\x00\x00\x00\x00\x00\x00\x00\x00\x00\x00\x00\x00\x00\x00\x00\x00\x00\x00\x00\x00\x00\x00\x00\x00\x00\x00\x00\x00\x00\x00\x00\x00\x00\x0f\xff\xff\x00\x0f\xff\xff\x00\x0f\xff\xff\x00\x0f\xff\xff\x00\x0f\xff\xff\x00\x00\x00\x00\x00\x00\x00\x00\x00\x00\x00\x00\x00\x00\x00\x00\x00\x00\x00\x00\x00\x00\x00\x00\x00\x00\x00\x00\x00\x00\x00\x00\x00\x00\x00\x00\x00\x00\x00\x00\x00\x00\x00\x00\x00\x00\x00\x00\x00\x00\x00\x00\x00\x00\x00\x00\x00\x00\x00\x00\x00\x00\x00\x00\x00\x00\x00\x00\x00\x00\x00\x00\x00\x00\x00\x00\x00\x00\x00\x00\x00\x00\x00\x00\x00\x00\x00\x00\x00\x00\x00\x00\x00\x00\x00\x00\x00\x00\x00\x00\x00\x00\x00\x00\x00\x00\x00\x00\x00\x00\x00\x00\x00\x00\x00\x00\x00\x00\x00\x00\x00\x00\x00\x00\x00\x00\x00\x00\x00\x00\x00\x00\x00\x00\x00\x00\x00\x00\x00\x00\x00\x00\x00\x00\x00\x00\x00\x00\x00\x00\x00\x00\x00\x00\x00\x00\x00\x00\x00\x00\x00\x00\x00\x00\x00\x00\x00\x00\x00\x00\x00\x00\x00\x00\x00\x00\x00\x00\x00\x00\x00\x00\x00\x00\x00\x00\x00\x00\x00\x00\x00\x00\x00\x00\x00\x00\x00\x00\x00\x00\x00\x00\x00\x00\x00\x00\x00\x00\x00\x00\x00\x00\x00\x1c',
  176:b'\x00\x00\x00\x00\x00\x00\x00\x00\x00\x00\x00\x00\x00\x00\x00\x00\x00\x00\x00\x00\x00\x00\x00\x00\x00\x00\x00\x00\x00\x00\x00\x00\x00\x00\x00\x00\x00\x00\x00\x00\x00\x0f\xc0\x00\x00?\xf8\x00\x00\x7f\xfc\x00\x00\xff\xfe\x00\x01\xf8~\x00\x03\xe0\x1f\x00\x03\xe0\x0f\x00\x03\xc0\x0f\x00\x03\xc0\x0f\x80\x03\xc0\x0f\x80\x03\xc0\x0f\x80\x03\xc0\x0f\x00\x03\xe0\x0f\x00\x03\xe0\x1f\x00\x01\xf8~\x00\x00\xff\xfe\x00\x00\xff\xfc\x00\x00?\xf8\x00\x00\x0f\xc0\x00\x00\x00\x00\x00\x00\x00\x00\x00\x00\x00\x00\x00\x00\x00\x00\x00\x00\x00\x00\x00\x00\x00\x00\x00\x00\x00\x00\x00\x00\x00\x00\x00\x00\x00\x00\x00\x00\x00\x00\x00\x00\x00\x00\x00\x00\x00\x00\x00\x00\x00\x00\x00\x00\x00\x00\x00\x00\x00\x00\x00\x00\x00\x00\x00\x00\x00\x00\x00\x00\x00\x00\x00\x00\x00\x00\x00\x00\x00\x00\x00\x00\x00\x00\x00\x00\x00\x00\x00\x00\x00\x00\x00\x00\x00\x00\x00\x00\x00\x00\x00\x00\x00\x00\x00\x00\x00\x00\x00\x00\x00\x00\x00\x00\x00\x00\x00\x00\x00\x00\x00\x00\x00\x00\x00\x00\x00\x00\x00\x00\x00\x00\x00\x00\x00\x00\x00\x00\x00\x00\x00\x00\x00\x00\x00\x00\x00\x00\x00\x00\x00\x00\x00\x00\x00\x00\x00\x00\x00\x00\x00\x00\x00\x00\x00\x00\x00\x00\x00\x00\x00\x00\x00\x1c',
  177:b'\x00\x00\x00\x00\x00\x00\x00\x00\x00\x00\x00\x00\x00\x00\x00\x00\x00\x00\x00\x00\x00\x00\x00\x00\x00\x00\x00\x00\x00\x00\x00\x00\x00\x00\x00\x00\x00\x00\x00\x00\x00\x00\x00\x00\x00\x00\x00\x00\x00\x00\x00\x00\x00\x00\x00\x00\x00\x00\x00\x00\x00\x00\x00\x00\x00\x00\x03\xe0\x00\x00\x00\x03\xe0\x00\x00\x00\x03\xe0\x00\x00\x00\x03\xe0\x00\x00\x00\x03\xe0\x00\x00\x00\x03\xe0\x00\x00\x00\x03\xe0\x00\x00\x00\x03\xe0\x00\x00\x00\x03\xe0\x00\x00\x00\x03\xe0\x00\x00\x00\x03\xe0\x00\x00\x00\x03\xe0\x00\x00\x1f\xff\xff\xfe\x00\x1f\xff\xff\xfe\x00\x1f\xff\xff\xfe\x00\x1f\xff\xff\xfe\x00\x1f\xff\xff\xfe\x00\x00\x03\xe0\x00\x00\x00\x03\xe0\x00\x00\x00\x03\xe0\x00\x00\x00\x03\xe0\x00\x00\x00\x03\xe0\x00\x00\x00\x03\xe0\x00\x00\x00\x03\xe0\x00\x00\x00\x03\xe0\x00\x00\x00\x00\x00\x00\x00\x00\x00\x00\x00\x00\x00\x00\x00\x00\x00\x1f\xff\xff\xfe\x00\x1f\xff\xff\xfe\x00\x1f\xff\xff\xfe\x00\x1f\xff\xff\xfe\x00\x1f\xff\xff\xfe\x00\x00\x00\x00\x00\x00\x00\x00\x00\x00\x00\x00\x00\x00\x00\x00\x00\x00\x00\x00\x00\x00\x00\x00\x00\x00\x00\x00\x00\x00\x00\x00\x00\x00\x00\x00\x00\x00\x00\x00\x00\x00\x00\x00\x00\x00\x00\x00\x00\x00\x00\x00\x00\x00\x00\x00\x00\x00\x00\x00\x00\x00\x00\x00\x00\x00\x00\x00\x00\x00\x00\x00\x00\x00\x00\x00\x00\x00\x00\x00\x00\x00\x00\x00\x00\x00\x00\x00\x00\x00\x00\x00\x00\x00\x00\x00\x00\x00\x00\x00\x00\x00\x00\x00\x00\x00\x00\x00\x00\x00\x00\x00\x00\x00\x00\x00\x00\x00\x00\x00\x00\x00\x00\x00\x00\x00\x00\x00\x00\x00\x00"',
  178:b'\x00\x00\x00\x00\x00\x00\x00\x00\x00\x00\x00\x00\x00\x00\x00\x00\x00\x7f\x80\x00\x03\xff\xe0\x00\x07\xff\xf0\x00\x0f\xff\xf0\x00\x07\xff\xf8\x00\x07\xc3\xf8\x00\x07\x00\xf8\x00\x04\x00\xf8\x00\x00\x00x\x00\x00\x00x\x00\x00\x00\xf8\x00\x00\x00\xf8\x00\x00\x00\xf0\x00\x00\x01\xf0\x00\x00\x01\xe0\x00\x00\x03\xe0\x00\x00\x07\xc0\x00\x00\x0f\x80\x00\x00\x1f\x80\x00\x00?\x00\x00\x00~\x00\x00\x00\xfc\x00\x00\x01\xf8\x00\x00\x03\xf0\x00\x00\x07\xdf\xfe\x00\x0f\xff\xfe\x00\x1f\xff\xfe\x00\x1f\xff\xfe\x00\x1f\xff\xfe\x00\x00\x00\x00\x00\x00\x00\x00\x00\x00\x00\x00\x00\x00\x00\x00\x00\x00\x00\x00\x00\x00\x00\x00\x00\x00\x00\x00\x00\x00\x00\x00\x00\x00\x00\x00\x00\x00\x00\x00\x00\x00\x00\x00\x00\x00\x00\x00\x00\x00\x00\x00\x00\x00\x00\x00\x00\x00\x00\x00\x00\x00\x00\x00\x00\x00\x00\x00\x00\x00\x00\x00\x00\x00\x00\x00\x00\x00\x00\x00\x00\x00\x00\x00\x00\x00\x00\x00\x00\x00\x00\x00\x00\x00\x00\x00\x00\x00\x00\x00\x00\x00\x00\x00\x00\x00\x00\x00\x00\x00\x00\x00\x00\x00\x00\x00\x00\x00\x00\x00\x00\x00\x00\x00\x00\x00\x00\x00\x00\x00\x00\x00\x00\x00\x00\x00\x00\x00\x00\x00\x00\x00\x00\x00\x00\x00\x00\x00\x00\x00\x00\x00\x00\x00\x00\x00\x00\x1a',
  179:b'\x00\x00\x00\x00\x00\x00\x00\x00\x00\x00\x00\x00\x00\x00\x00\x00\x00\x00\x00\x00\x07\xff\xfc\x00\x07\xff\xfc\x00\x07\xff\xfc\x00\x07\xff\xf8\x00\x07\xff\xf8\x00\x00\x01\xf0\x00\x00\x03\xe0\x00\x00\x07\xc0\x00\x00\x0f\x80\x00\x00\x1f\x00\x00\x00\x1e\x00\x00\x00<\x00\x00\x00\x7f\xc0\x00\x00\xff\xf0\x00\x00\xff\xf8\x00\x00\x01\xfc\x00\x00\x00|\x00\x00\x00|\x00\x00\x00>\x00\x00\x00>\x00\x00\x00>\x00\x00\x00~\x00\x00\x00|\x00\x06\x01\xfc\x00\x07\xff\xf8\x00\x07\xff\xf8\x00\x07\xff\xf0\x00\x07\xff\xc0\x00\t\xff\x00\x00\x00\x00\x00\x00\x00\x00\x00\x00\x00\x00\x00\x00\x00\x00\x00\x00\x00\x00\x00\x00\x00\x00\x00\x00\x00\x00\x00\x00\x00\x00\x00\x00\x00\x00\x00\x00\x00\x00\x00\x00\x00\x00\x00\x00\x00\x00\x00\x00\x00\x00\x00\x00\x00\x00\x00\x00\x00\x00\x00\x00\x00\x00\x00\x00\x00\x00\x00\x00\x00\x00\x00\x00\x00\x00\x00\x00\x00\x00\x00\x00\x00\x00\x00\x00\x00\x00\x00\x00\x00\x00\x00\x00\x00\x00\x00\x00\x00\x00\x00\x00\x00\x00\x00\x00\x00\x00\x00\x00\x00\x00\x00\x00\x00\x00\x00\x00\x00\x00\x00\x00\x00\x00\x00\x00\x00\x00\x00\x00\x00\x00\x00\x00\x00\x00\x00\x00\x00\x00\x00\x00\x00\x00\x00\x00\x00\x00\x00\x00\x00\x00\x00\x00\x1a',
  180:b'\x00\x00\x00\x00\x00\x00\x00\x00\x00\x00\x00\x00\x00\x00\x00\x00\x00\x00\x00\x00\x00\x00\x00\x00\x00\x00\x00\x00\x00\x00\x00\xfc\x00\x01\xfc\x00\x01\xf8\x00\x01\xf0\x00\x03\xf0\x00\x03\xe0\x00\x07\xc0\x00\x07\x80\x00\x07\x00\x00\x0f\x00\x00\x00\x00\x00\x00\x00\x00\x00\x00\x00\x00\x00\x00\x00\x00\x00\x00\x00\x00\x00\x00\x00\x00\x00\x00\x00\x00\x00\x00\x00\x00\x00\x00\x00\x00\x00\x00\x00\x00\x00\x00\x00\x00\x00\x00\x00\x00\x00\x00\x00\x00\x00\x00\x00\x00\x00\x00\x00\x00\x00\x00\x00\x00\x00\x00\x00\x00\x00\x00\x00\x00\x00\x00\x00\x00\x00\x00\x00\x00\x00\x00\x00\x00\x00\x00\x00\x00\x00\x00\x00\x00\x00\x00\x00\x00\x00\x00\x00\x00\x00\x00\x00\x00\x00\x00\x00\x00\x00\x00\x00\x00\x00\x00\x00\x00\x00\x00\x00\x00\x00\x00\x00\x00\x00\x00\x00\x00\x00\x00\x00\x00\x00\x00\x00\x00\x00\x00\x00\x00\x00\x00\x00\x00\x00\x00\x00\x00\x00\x00\x00\x00\x00\x00\x00\x00\x00\x00\x12',
  181:b'\x00\x00\x00\x00\x00\x00\x00\x00\x00\x00\x00\x00\x00\x00\x00\x00\x00\x00\x00\x00\x00\x00\x00\x00\x00\x00\x00\x00\x00\x00\x00\x00\x00\x00\x00\x00\x00\x00\x00\x00\x00\x00\x00\x00\x00\x00\x00\x00\x00\x00\x00\x00\x00\x00\x00\x00\x00\x00\x00\x00\x00\x00\x00\x00\x00\x00\x00\x00\x00\x00\x00\x00\x00\x00\x00\x00\x00\x00\x00\x00\x00\x00\x00\x00\x00\x00\x00\x00\x00\x00\x00\x00\x00\x00\x00\x00\x00\x00\x00\x00\x00\x00\x00\x00\x00\x00\x00\x00\x00\x00\x00\x00\x00\x00\x00\x00\x00\x00\x00\x00\x07\xc0\x00\x1f\x00\x07\xc0\x00\x1f\x00\x07\xc0\x00\x1f\x00\x07\xc0\x00\x1f\x00\x07\xc0\x00\x1f\x00\x07\xc0\x00\x1f\x00\x07\xc0\x00\x1f\x00\x07\xc0\x00\x1f\x00\x07\xc0\x00\x1f\x00\x07\xc0\x00\x1f\x00\x07\xc0\x00\x1f\x00\x07\xc0\x00\x1f\x00\x07\xc0\x00\x1f\x00\x07\xc0\x00\x1f\x00\x07\xc0\x00\x1f\x00\x07\xc0\x00\x1f\x00\x07\xc0\x00\x1f\x00\x07\xc0\x00\x1f\x00\x07\xc0\x00\x1f\x00\x07\xc0\x00\x1f\x00\x07\xc0\x00\x1f\x00\x07\xc0\x00\x1f\x00\x07\xc0\x00\x1f\x00\x07\xc0\x00\x1f\x00\x07\xc0\x00?\x00\x07\xe0\x00\x7f\x00\x07\xe0\x00\x7f\x00\x07\xf0\x00\xff\x80\x07\xf8\x01\xff\x80\x07\xfc\x0f\xef\x80\x07\xff\xff\xef\x80\x07\xff\xff\xc7\x80\x07\xbf\xff\x87\x80\x07\x9f\xfe\x03\x80\x07\x87\xf8\x00\x00\x07\x80\x00\x00\x00\x07\xc0\x00\x00\x00\x07\xc0\x00\x00\x00\x07\xc0\x00\x00\x00\x07\xc0\x00\x00\x00\x07\xc0\x00\x00\x00\x07\xc0\x00\x00\x00\x07\xc0\x00\x00\x00\x07\xc0\x00\x00\x00\x07\xc0\x00\x00\x00\x07\xc0\x00\x00\x00\x07\xc0\x00\x00\x00\x00\x00\x00\x00\x00%',
  182:b'\x00\x00\x00\x00\x00\x00\x00\x00\x00\x00\x00\x00\x00\x00\x00\x00\x00\x00\x00\x00\x00\x00\x00\x00\x00\x00\x00\x00\x00\x00\x00\x00\x00\x00\x00\x00\x00\x00\x00\x00\x00\x00\x00\x00\x00\x00\x00\x00\x00\x00\x00\x00\x00\x00\x00\x00\x1f\x81\xe0\x00\x00\xff\x81\xe0\x00\x01\xff\x81\xe0\x00\x03\xff\x81\xe0\x00\x07\xff\x81\xe0\x00\x0f\xff\x81\xe0\x00\x0f\xff\x81\xe0\x00\x1f\xff\x81\xe0\x00\x1f\xff\x81\xe0\x00\x1f\xff\x81\xe0\x00\x1f\xff\x81\xe0\x00\x1f\xff\x81\xe0\x00?\xff\x81\xe0\x00?\xff\x81\xe0\x00\x1f\xff\x81\xe0\x00\x1f\xff\x81\xe0\x00\x1f\xff\x81\xe0\x00\x1f\xff\x81\xe0\x00\x1f\xff\x81\xe0\x00\x0f\xff\x81\xe0\x00\x0f\xff\x81\xe0\x00\x07\xff\x81\xe0\x00\x03\xff\x81\xe0\x00\x01\xff\x81\xe0\x00\x00\xff\x81\xe0\x00\x00?\x81\xe0\x00\x00\x0f\x81\xe0\x00\x00\x0f\x81\xe0\x00\x00\x0f\x81\xe0\x00\x00\x0f\x81\xe0\x00\x00\x0f\x81\xe0\x00\x00\x0f\x81\xe0\x00\x00\x0f\x81\xe0\x00\x00\x0f\x81\xe0\x00\x00\x0f\x81\xe0\x00\x00\x0f\x81\xe0\x00\x00\x0f\x81\xe0\x00\x00\x0f\x81\xe0\x00\x00\x0f\x81\xe0\x00\x00\x0f\x81\xe0\x00\x00\x0f\x81\xe0\x00\x00\x0f\x81\xe0\x00\x00\x0f\x81\xe0\x00\x00\x0f\x81\xe0\x00\x00\x0f\x81\xe0\x00\x00\x0f\x81\xe0\x00\x00\x0f\x81\xe0\x00\x00\x0f\x81\xe0\x00\x00\x0f\x81\xe0\x00\x00\x0f\x81\xe0\x00\x00\x0f\x81\xe0\x00\x00\x0f\x81\xe0\x00\x00\x0f\x81\xe0\x00\x00\x0f\x81\xe0\x00\x00\x0f\x81\xe0\x00\x00\x0f\x81\xe0\x00\x00\x00\x00\x00\x00\x00\x00\x00\x00\x00\x00\x00\x00\x00\x00\x00\x00\x00\x00\x00\x00\x00\x00\x00\x00!',
  183:b'\x00\x00\x00\x00\x00\x00\x00\x00\x00\x00\x00\x00\x00\x00\x00\x00\x00\x00\x00\x00\x00\x00\x00\x00\x00\x00\x00\x00\x00\x00\x00\x00\x00\x00\x00\x00\x00\x00\x00\x00\x00\x00\x00\x00\x00\x00\x00\x00\x00\x00\x00\x00\x00\x00\x00\x00\x00\x00\x00\x00\x00\x00\x00\x00\x00\x00\x00\x00\x00\x00\x00\x00\x00\x00\x00\x00\x00\x00\x00\x00\x00\x00\x00\x00\x00\x00\x00\x00\x00\x00\x00\x00\x00\x00\x00\x00\x00\x00\x00\x00\x00\x00\x01\xe0\x00\x03\xf0\x00\x07\xf8\x00\x07\xf8\x00\x07\xf8\x00\x07\xf8\x00\x03\xf0\x00\x01\xe0\x00\x00\x00\x00\x00\x00\x00\x00\x00\x00\x00\x00\x00\x00\x00\x00\x00\x00\x00\x00\x00\x00\x00\x00\x00\x00\x00\x00\x00\x00\x00\x00\x00\x00\x00\x00\x00\x00\x00\x00\x00\x00\x00\x00\x00\x00\x00\x00\x00\x00\x00\x00\x00\x00\x00\x00\x00\x00\x00\x00\x00\x00\x00\x00\x00\x00\x00\x00\x00\x00\x00\x00\x00\x00\x00\x00\x00\x00\x00\x00\x00\x00\x00\x00\x00\x00\x00\x00\x00\x00\x00\x12',
  184:b'\x00\x00\x00\x00\x00\x00\x00\x00\x00\x00\x00\x00\x00\x00\x00\x00\x00\x00\x00\x00\x00\x00\x00\x00\x00\x00\x00\x00\x00\x00\x00\x00\x00\x00\x00\x00\x00\x00\x00\x00\x00\x00\x00\x00\x00\x00\x00\x00\x00\x00\x00\x00\x00\x00\x00\x00\x00\x00\x00\x00\x00\x00\x00\x00\x00\x00\x00\x00\x00\x00\x00\x00\x00\x00\x00\x00\x00\x00\x00\x00\x00\x00\x00\x00\x00\x00\x00\x00\x00\x00\x00\x00\x00\x00\x00\x00\x00\x00\x00\x00\x00\x00\x00\x00\x00\x00\x00\x00\x00\x00\x00\x00\x00\x00\x00\x00\x00\x00\x00\x00\x00\x00\x00\x00\x00\x00\x00\x00\x00\x00\x00\x00\x00\x00\x00\x00\x00\x00\x00\x00\x00\x00\x00\x00\x00\x00\x00\x00\x00\x00\x00\x00\x00\x00\x00\x00\x00\x00\x00\x00\x00\x00\x00\x00\x00\x00\x00\x00\x00\x00\x00\x00\x00\x00\x01\xf0\x00\x01\xe0\x00\x03\xc0\x00\x03\xf0\x00\x07\xfc\x00\x07\xfe\x00\t\xfe\x00\x00>\x00\x00>\x00\x00>\x00\x00~\x00\x0f\xfc\x00\x0f\xf8\x00\x0f\xe0\x00\x13',
  185:b'\x00\x00\x00\x00\x00\x00\x00\x00\x00\x00\x00\x00\x00\x00\x00\x00\x00\x07\x80\x00\x00\x0f\x80\x00\x00?\x80\x00\x00\x7f\x80\x00\x01\xff\x80\x00\x03\xff\x80\x00\x0f\xef\x80\x00\x0f\xcf\x80\x00\x0f\x0f\x80\x00\x04\x0f\x80\x00\x00\x0f\x80\x00\x00\x0f\x80\x00\x00\x0f\x80\x00\x00\x0f\x80\x00\x00\x0f\x80\x00\x00\x0f\x80\x00\x00\x0f\x80\x00\x00\x0f\x80\x00\x00\x0f\x80\x00\x00\x0f\x80\x00\x00\x0f\x80\x00\x00\x0f\x80\x00\x00\x0f\x80\x00\x00\x0f\x80\x00\x07\xff\xfe\x00\x07\xff\xfe\x00\x07\xff\xfe\x00\x07\xff\xfe\x00\x07\xff\xfe\x00\x00\x00\x00\x00\x00\x00\x00\x00\x00\x00\x00\x00\x00\x00\x00\x00\x00\x00\x00\x00\x00\x00\x00\x00\x00\x00\x00\x00\x00\x00\x00\x00\x00\x00\x00\x00\x00\x00\x00\x00\x00\x00\x00\x00\x00\x00\x00\x00\x00\x00\x00\x00\x00\x00\x00\x00\x00\x00\x00\x00\x00\x00\x00\x00\x00\x00\x00\x00\x00\x00\x00\x00\x00\x00\x00\x00\x00\x00\x00\x00\x00\x00\x00\x00\x00\x00\x00\x00\x00\x00\x00\x00\x00\x00\x00\x00\x00\x00\x00\x00\x00\x00\x00\x00\x00\x00\x00\x00\x00\x00\x00\x00\x00\x00\x00\x00\x00\x00\x00\x00\x00\x00\x00\x00\x00\x00\x00\x00\x00\x00\x00\x00\x00\x00\x00\x00\x00\x00\x00\x00\x00\x00\x00\x00\x00\x00\x00\x00\x00\x00\x00\x00\x00\x00\x00\x00\x1a',
  186:b'\x00\x00\x00\x00\x00\x00\x00\x00\x00\x00\x00\x00\x00\x00\x00\x00\x00\x00\x00\x00\x00\x00\x00\x00\x00\x00\x00\x00\x00\x00\x00\x00\x00\x00\x00\x00\x00\x00\x00\x00\x00?\x80\x00\x01\xff\xe0\x00\x03\xff\xf8\x00\x07\xff\xfc\x00\x07\xe0\xfc\x00\x0f\x80~\x00\x0f\x80>\x00\x1f\x00>\x00\x1f\x00\x1f\x00\x1f\x00\x1f\x00\x1f\x00\x1f\x00\x1f\x00\x1f\x00\x1f\x00\x1f\x00\x1f\x00\x1f\x00\x1f\x00\x1f\x00\x1f\x00>\x00\x0f\x80>\x00\x0f\xc0~\x00\x0f\xe0\xfc\x00\x07\xff\xfc\x00\x03\xff\xf8\x00\x01\xff\xe0\x00\x00?\x80\x00\x00\x00\x00\x00\x00\x00\x00\x00\x00\x00\x00\x00\x00\x00\x00\x00\x00\x00\x00\x00\x00\x00\x00\x00\x00\x00\x00\x00\x00\x00\x00\x00\x00\x00\x00\x00\x00\x00\x00\x00\x00\x00\x00\x00\x00\x00\x00\x00\x00\x00\x00\x00\x00\x00\x00\x00\x00\x00\x00\x00\x00\x00\x00\x00\x00\x00\x00\x00\x00\x00\x00\x00\x00\x00\x00\x00\x00\x00\x00\x00\x00\x00\x00\x00\x00\x00\x00\x00\x00\x00\x00\x00\x00\x00\x00\x00\x00\x00\x00\x00\x00\x00\x00\x00\x00\x00\x00\x00\x00\x00\x00\x00\x00\x00\x00\x00\x00\x00\x00\x00\x00\x00\x00\x00\x00\x00\x00\x00\x00\x00\x00\x00\x00\x00\x00\x00\x00\x00\x00\x00\x00\x00\x00\x00\x00\x00\x00\x00\x00\x00\x00\x00\x00\x00\x00\x00\x1b',
  187:b'\x00\x00\x00\x00\x00\x00\x00\x00\x00\x00\x00\x00\x00\x00\x00\x00\x00\x00\x00\x00\x00\x00\x00\x00\x00\x00\x00\x00\x00\x00\x00\x00\x00\x00\x00\x00\x00\x00\x00\x00\x00\x00\x00\x00\x00\x00\x00\x00\x00\x00\x00\x00\x00\x00\x00\x00\x00\x00\x00\x00\x00\x00\x00\x00\x00\x00\x00\x00\x00\x00\x00\x00\x00\x00\x00\x00\x00\x00\x00\x00\x00\x00\x00\x00\x00\x00\x00\x00\x00\x00\x00\x00\x00\x00\x00\x00\x00\x00\x00\x00\x04\x00 \x00\x0e\x00\xe0\x00\x1f\x01\xf0\x00\x1f\x81\xf8\x00\x0f\xc0\xfc\x00\x07\xc0|\x00\x07\xe0~\x00\x03\xf0?\x00\x01\xf8\x1f\x80\x01\xf8\x0f\xc0\x00\xfc\x0f\xc0\x00~\x07\xe0\x00?\x03\xf0\x00\x1f\x01\xf8\x00\x07\x80x\x00\x0f\x80\xf8\x00?\x01\xf0\x00~\x03\xe0\x00|\x07\xe0\x00\xfc\x0f\xc0\x01\xf8\x0f\x80\x01\xf0\x1f\x80\x03\xf0?\x00\x07\xe0~\x00\x07\xc0~\x00\x0f\xc0\xfc\x00\x1f\x81\xf8\x00\x1f\x00\xf0\x00\x07\x00p\x00\x02\x00 \x00\x00\x00\x00\x00\x00\x00\x00\x00\x00\x00\x00\x00\x00\x00\x00\x00\x00\x00\x00\x00\x00\x00\x00\x00\x00\x00\x00\x00\x00\x00\x00\x00\x00\x00\x00\x00\x00\x00\x00\x00\x00\x00\x00\x00\x00\x00\x00\x00\x00\x00\x00\x00\x00\x00\x00\x00\x00\x00\x00\x00\x00\x00\x00\x00\x00\x00\x00\x00 ',
  188:b'\x00\x00\x00\x00\x00\x00\x00\x00\x00\x00\x00\x00\x00\x00\x00\x00\x00\x00\x00\x00\x00\x00\x00\x00\x00\x00\x00\x00\x00\x00\x00\x00\x00\x00\x00\x00\x00\x00\x00\x00\x00\x00\x00\x00\x00\x00\x00\x00\x00\x00\x00\x00\x00\x00\x00\x00\x00\x00\x00\x00\x00\x00\x00\x00\x00\x00\x00\x00\x00\x00\x00\x00\x00\x00\x00 \x00\x00\x07\x80\x00\x00p\x00\x00\x0f\x80\x00\x00\xfc\x00\x00?\x80\x00\x00\xf8\x00\x00\x7f\x80\x00\x01\xf0\x00\x01\xff\x80\x00\x03\xe0\x00\x03\xff\x80\x00\x03\xe0\x00\x0f\xef\x80\x00\x07\xc0\x00\x0f\xcf\x80\x00\x0f\x80\x00\x0f\x0f\x80\x00\x1f\x80\x00\x04\x0f\x80\x00\x1f\x00\x00\x00\x0f\x80\x00>\x00\x00\x00\x0f\x80\x00|\x00\x00\x00\x0f\x80\x00|\x00\x00\x00\x0f\x80\x00\xf8\x00\x00\x00\x0f\x80\x01\xf0\x00\x00\x00\x0f\x80\x01\xf0\x00\x00\x00\x0f\x80\x03\xe0\x00\x00\x00\x0f\x80\x07\xc0\x00\x00\x00\x0f\x80\x0f\xc0\x0f\x00\x00\x0f\x80\x0f\x80\x0f\x00\x00\x0f\x80\x1f\x00\x1f\x00\x00\x0f\x80>\x00?\x00\x00\x0f\x80>\x00\x7f\x00\x00\x0f\x80|\x00\x7f\x00\x00\x0f\x80\xf8\x00\xff\x00\x00\x0f\x81\xf8\x01\xef\x00\x00\x0f\x81\xf0\x01\xef\x00\x00\x0f\x83\xe0\x03\xdf\x00\x00\x0f\x87\xe0\x07\xdf\x00\x00\x00\x07\xc0\x0f\x9f\x00\x00\x00\x0f\x80\x0f\x1f\x00\x00\x00\x1f\x00\x1f\x1f\x00\x00\x00\x1f\x00>\x1f\x00\x00\x00>\x00|\x1f\x00\x00\x00|\x00x\x1f\x00\x00\x00\xfc\x00\xf8\x1f\x00\x00\x00\xf8\x01\xf0\x1f\x00\x00\x01\xf0\x03\xff\xff\xf8\x00\x03\xf0\x03\xff\xff\xf8\x00\x03\xe0\x03\xff\xff\xf8\x00\x07\xc0\x03\xff\xff\xf8\x00\x0f\xc0\x00\x00\x1f\x00\x00\x0f\x80\x00\x00\x1f\x00\x00\x1f\x00\x00\x00\x1f\x00\x00>\x00\x00\x00\x1f\x00\x00~\x00\x00\x00\x1f\x00\x00\x1c\x00\x00\x00\x1f\x00\x00\x08\x00\x00\x00\x00\x00\x00\x00\x00\x00\x00\x00\x00\x00\x00\x00\x00\x00\x00\x00\x00\x00\x00\x00\x00\x00\x00\x00\x00\x00\x00\x00\x00\x00\x00\x00\x00\x00\x00\x00\x00\x00\x00\x00\x00\x00\x00\x00\x00\x00\x00\x00\x00\x00\x00\x00\x00\x00\x00\x00\x00\x00\x00\x00\x00\x00\x00\x00\x00\x00\x00\x00\x00\x00\x00\x00\x00\x00\x00\x00\x00\x00\x00\x00\x00\x00\x00\x00\x00\x00\x00\x00\x00\x00\x00\x00\x008',
  189:b'\x00\x00\x00\x00\x00\x00\x00\x00\x00\x00\x00\x00\x00\x00\x00\x00\x00\x00\x00\x00\x00\x00\x00\x00\x00\x00\x00\x00\x00\x00\x00\x00\x00\x00\x00\x00\x00\x00\x00\x00\x00\x00\x00\x00\x00\x00\x00\x00\x00\x00\x00\x00\x00\x00\x00\x00\x00\x00\x00\x00\x00\x00\x00\x00\x00\x00\x00\x00\x00\x00\x00\x00\x00\x00\x00\x00\x00\x00\x00\x00\x00\x00\x00\x00\x00 \x00\x00\x00\x07\x80\x00\x00p\x00\x00\x00\x0f\x80\x00\x00\xfc\x00\x00\x00?\x80\x00\x00\xf8\x00\x00\x00\x7f\x80\x00\x01\xf0\x00\x00\x01\xff\x80\x00\x03\xe0\x00\x00\x03\xff\x80\x00\x03\xe0\x00\x00\x0f\xef\x80\x00\x07\xc0\x00\x00\x0f\xcf\x80\x00\x0f\x80\x00\x00\x0f\x0f\x80\x00\x1f\x80\x00\x00\x04\x0f\x80\x00\x1f\x00\x00\x00\x00\x0f\x80\x00>\x00\x00\x00\x00\x0f\x80\x00|\x00\x00\x00\x00\x0f\x80\x00|\x00\x00\x00\x00\x0f\x80\x00\xf8\x00\x00\x00\x00\x0f\x80\x01\xf0\x00\x00\x00\x00\x0f\x80\x01\xf0\x00\x00\x00\x00\x0f\x80\x03\xe0\x00\x00\x00\x00\x0f\x80\x07\xc0\x00\x00\x00\x00\x0f\x80\x0f\xc0\x7f\x00\x00\x00\x0f\x80\x0f\x83\xff\xc0\x00\x00\x0f\x80\x1f\x0f\xff\xe0\x00\x00\x0f\x80>\x0f\xff\xf0\x00\x00\x0f\x80>\x0f\xff\xf0\x00\x00\x0f\x80|\x0f\x83\xf8\x00\x00\x0f\x80\xf8\x06\x01\xf8\x00\x00\x0f\x81\xf8\x04\x00\xf8\x00\x00\x0f\x81\xf0\x00\x00\xf8\x00\x00\x0f\x83\xe0\x00\x00\xf8\x00\x00\x0f\x87\xe0\x00\x00\xf8\x00\x00\x00\x07\xc0\x00\x00\xf0\x00\x00\x00\x0f\x80\x00\x01\xf0\x00\x00\x00\x1f\x00\x00\x01\xe0\x00\x00\x00\x1f\x00\x00\x03\xe0\x00\x00\x00>\x00\x00\x07\xc0\x00\x00\x00|\x00\x00\x07\xc0\x00\x00\x00\xfc\x00\x00\x0f\x80\x00\x00\x00\xf8\x00\x00\x1f\x00\x00\x00\x01\xf0\x00\x00>\x00\x00\x00\x03\xf0\x00\x00|\x00\x00\x00\x03\xe0\x00\x00\xf8\x00\x00\x00\x07\xc0\x00\x01\xf0\x00\x00\x00\x0f\xc0\x00\x03\xe0\x00\x00\x00\x0f\x80\x00\x07\xdf\xfc\x00\x00\x1f\x00\x00\x1f\xff\xfc\x00\x00>\x00\x00\x1f\xff\xfc\x00\x00~\x00\x00\x1f\xff\xfc\x00\x00\x1c\x00\x00\x1f\xff\xfc\x00\x00\x08\x00\x00\x00\x00\x00\x00\x00\x00\x00\x00\x00\x00\x00\x00\x00\x00\x00\x00\x00\x00\x00\x00\x00\x00\x00\x00\x00\x00\x00\x00\x00\x00\x00\x00\x00\x00\x00\x00\x00\x00\x00\x00\x00\x00\x00\x00\x00\x00\x00\x00\x00\x00\x00\x00\x00\x00\x00\x00\x00\x00\x00\x00\x00\x00\x00\x00\x00\x00\x00\x00\x00\x00\x00\x00\x00\x00\x00\x00\x00\x00\x00\x00\x00\x00\x00\x00\x00\x00\x00\x00\x00\x00\x00\x00\x00\x00\x00\x00\x00\x00\x00\x00\x00\x00\x00\x00\x00\x00\x00\x009',
  190:b'\x00\x00\x00\x00\x00\x00\x00\x00\x00\x00\x00\x00\x00\x00\x00\x00\x00\x00\x00\x00\x00\x00\x00\x00\x00\x00\x00\x00\x00\x00\x00\x00\x00\x00\x00\x00\x00\x00\x00\x00\x00\x00\x00\x00\x00\x00\x00\x00\x00\x00\x00\x00\x00\x00\x00\x00\x00\x00\x00\x00\x00\x00\x00\x00\x00\x00\x00\x00\x00\x00\x00\x00\x00\x00\x00\x00\x00\x00\x00\x00\x00\x00\x00\x00\x00\x08\x00\x00\x00\x00\x00\x00\x00\x0e\x00\x00\x07\xff\xfc\x00\x00\x1f\x00\x00\x07\xff\xfc\x00\x00>\x00\x00\x07\xff\xfc\x00\x00>\x00\x00\x07\xff\xfc\x00\x00|\x00\x00\x07\xff\xf8\x00\x00\xf8\x00\x00\x00\x00\xf0\x00\x01\xf8\x00\x00\x00\x01\xe0\x00\x01\xf0\x00\x00\x00\x03\xc0\x00\x03\xe0\x00\x00\x00\x07\xc0\x00\x07\xc0\x00\x00\x00\x0f\x80\x00\x07\xc0\x00\x00\x00\x1f\x00\x00\x0f\x80\x00\x00\x00>\x00\x00\x1f\x00\x00\x00\x00\x7f\xc0\x00\x1f\x00\x00\x00\x00\xff\xf0\x00>\x00\x00\x00\x00\xff\xf8\x00|\x00\x00\x00\x00\x00\xfc\x00\xfc\x00\x00\x00\x00\x00~\x00\xf8\x00\x00\x00\x00\x00>\x01\xf0\x01\xc0\x00\x00\x00>\x03\xf0\x03\xc0\x00\x00\x00\x1e\x03\xe0\x03\xc0\x00\x00\x00>\x07\xc0\x07\xc0\x00\x00\x00>\x0f\x80\x0f\xc0\x00\x00\x00~\x0f\x80\x1f\xc0\x00\x03\x01\xfe\x1f\x00\x1f\xc0\x00\x03\xff\xfc>\x00?\xc0\x00\x03\xff\xf8~\x00{\xc0\x00\x07\xff\xf0|\x00\xfb\xc0\x00\x07\xff\xe0\xf8\x00\xf3\xc0\x00\x01\xff\x01\xf8\x01\xf3\xc0\x00\x00\x00\x01\xf0\x03\xe3\xc0\x00\x00\x00\x03\xe0\x07\xc3\xc0\x00\x00\x00\x07\xc0\x07\xc3\xc0\x00\x00\x00\x07\xc0\x0f\x83\xc0\x00\x00\x00\x0f\x80\x1f\x03\xc0\x00\x00\x00\x1f\x00>\x03\xc0\x00\x00\x00?\x00<\x03\xc0\x00\x00\x00>\x00\x7f\xff\xff\x00\x00\x00|\x00\xff\xff\xff\x00\x00\x00\xfc\x00\xff\xff\xff\x00\x00\x00\xf8\x00\xff\xff\xff\x00\x00\x01\xf0\x00\x00\x03\xc0\x00\x00\x03\xe0\x00\x00\x03\xc0\x00\x00\x07\xe0\x00\x00\x03\xc0\x00\x00\x07\xc0\x00\x00\x03\xc0\x00\x00\x0f\x80\x00\x00\x03\xc0\x00\x00\x07\x80\x00\x00\x03\xc0\x00\x00\x01\x00\x00\x00\x00\x00\x00\x00\x00\x00\x00\x00\x00\x00\x00\x00\x00\x00\x00\x00\x00\x00\x00\x00\x00\x00\x00\x00\x00\x00\x00\x00\x00\x00\x00\x00\x00\x00\x00\x00\x00\x00\x00\x00\x00\x00\x00\x00\x00\x00\x00\x00\x00\x00\x00\x00\x00\x00\x00\x00\x00\x00\x00\x00\x00\x00\x00\x00\x00\x00\x00\x00\x00\x00\x00\x00\x00\x00\x00\x00\x00\x00\x00\x00\x00\x00\x00\x00\x00\x00\x00\x00\x00\x00\x00\x00\x00\x00\x00\x00\x00\x00\x00\x00\x00\x00\x00\x00\x00\x00\x00;',
  191:b'\x00\x00\x00\x00\x00\x00\x00\x00\x00\x00\x00\x00\x00\x00\x00\x00\x00\x00\x00\x00\x00\x00\x00\x00\x00\x00\x00\x00\x00\x00\x00\x00\x00\x00\x00\x00\x00\x00\x00\x00\x00\x00\x00\x00\x00\x00\x00\x00\x00\x00\x00\x00\x00\x00\x00\x00\x00\x00\x00\x00\x00\x00\x00\x00\x00\x00\x00\x00\x00\x00\x00\x00\x00\x00\x00\x00\x00\x00\x00\x00\x00\x00\x00\x00\x00\x00\x00\x00\x00\x00\x00\x00\x00\x00\x00\x00\x00\x01\xe0\x00\x00\x07\xf0\x00\x00\x07\xf0\x00\x00\x07\xf8\x00\x00\x07\xf8\x00\x00\x07\xf0\x00\x00\x07\xf0\x00\x00\x01\xe0\x00\x00\x00\x00\x00\x00\x00\x00\x00\x00\x00\x00\x00\x00\x00\x00\x00\x00\x00\x00\x00\x00\x01\xe0\x00\x00\x01\xe0\x00\x00\x03\xe0\x00\x00\x03\xe0\x00\x00\x03\xe0\x00\x00\x07\xe0\x00\x00\x07\xc0\x00\x00\x0f\xc0\x00\x00\x0f\x80\x00\x00\x1f\x80\x00\x00?\x00\x00\x00~\x00\x00\x00\xfc\x00\x00\x01\xfc\x00\x00\x03\xf8\x00\x00\x07\xf0\x00\x00\x07\xe0\x00\x00\x0f\xc0\x00\x00\x0f\x80\x00\x00\x1f\x80\x00\x00\x1f\x00\x00\x00\x1f\x00\x00\x00\x1f\x00\x00\x00?\x00\x00\x00?\x00\x00\x00\x1f\x00\x00\x00\x1f\x80\x00\x00\x1f\x80\x00\x80\x1f\xc0\x03\x80\x0f\xf0\x1f\xc0\x0f\xff\xff\xc0\x07\xff\xff\xe0\x03\xff\xff\xc0\x00\xff\xfe\x00\x00?\xf0\x00\x1d',
  192:b"\x00\x7f\x80\x00\x00\x00\x7f\xc0\x00\x00\x00\x1f\xe0\x00\x00\x00\x0f\xf0\x00\x00\x00\x03\xf8\x00\x00\x00\x00\xfc\x00\x00\x00\x00~\x00\x00\x00\x00\x1f\x00\x00\x00\x00\x00\x80\x00\x00\x00\x00\x00\x00\x00\x008\x00\x00\x00\x008\x00\x00\x00\x00|\x00\x00\x00\x00|\x00\x00\x00\x00~\x00\x00\x00\x00\xfe\x00\x00\x00\x00\xfe\x00\x00\x00\x00\xff\x00\x00\x00\x01\xff\x00\x00\x00\x01\xef\x00\x00\x00\x03\xef\x80\x00\x00\x03\xef\x80\x00\x00\x03\xcf\x80\x00\x00\x07\xc7\xc0\x00\x00\x07\xc7\xc0\x00\x00\x07\xc7\xe0\x00\x00\x0f\x87\xe0\x00\x00\x0f\x83\xe0\x00\x00\x1f\x83\xf0\x00\x00\x1f\x01\xf0\x00\x00\x1f\x01\xf0\x00\x00?\x01\xf8\x00\x00>\x00\xf8\x00\x00>\x00\xfc\x00\x00~\x00\xfc\x00\x00|\x00|\x00\x00\xfc\x00~\x00\x00\xf8\x00~\x00\x00\xf8\x00>\x00\x01\xf8\x00?\x00\x01\xff\xff\xff\x00\x01\xff\xff\xff\x80\x03\xff\xff\xff\x80\x03\xff\xff\xff\x80\x03\xff\xff\xff\xc0\x07\xe0\x00\x0f\xc0\x07\xc0\x00\x07\xc0\x0f\xc0\x00\x07\xe0\x0f\x80\x00\x07\xe0\x0f\x80\x00\x03\xf0\x1f\x80\x00\x03\xf0\x1f\x00\x00\x03\xf0\x1f\x00\x00\x01\xf8?\x00\x00\x01\xf8>\x00\x00\x00\xf8~\x00\x00\x00\xfc~\x00\x00\x00\xfc|\x00\x00\x00~\x00\x00\x00\x00\x00\x00\x00\x00\x00\x00\x00\x00\x00\x00\x00\x00\x00\x00\x00\x00\x00\x00\x00\x00\x00\x00\x00\x00\x00\x00\x00\x00\x00\x00\x00\x00\x00\x00\x00\x00\x00\x00\x00\x00\x00\x00\x00\x00\x00\x00\x00\x00\x00\x00\x00\x00\x00\x00\x00\x00\x00\x00\x00\x00\x00\x00\x00\x00\x00\x00'",
  193:b"\x00\x00\x03\xfc\x00\x00\x00\x07\xfc\x00\x00\x00\x0f\xf0\x00\x00\x00\x1f\xc0\x00\x00\x00?\x80\x00\x00\x00~\x00\x00\x00\x00\xf8\x00\x00\x00\x01\xf0\x00\x00\x00\x02\x00\x00\x00\x00\x00\x00\x00\x00\x00\x008\x00\x00\x00\x008\x00\x00\x00\x00|\x00\x00\x00\x00|\x00\x00\x00\x00~\x00\x00\x00\x00\xfe\x00\x00\x00\x00\xfe\x00\x00\x00\x00\xff\x00\x00\x00\x01\xff\x00\x00\x00\x01\xef\x00\x00\x00\x03\xef\x80\x00\x00\x03\xef\x80\x00\x00\x03\xcf\x80\x00\x00\x07\xc7\xc0\x00\x00\x07\xc7\xc0\x00\x00\x07\xc7\xe0\x00\x00\x0f\x87\xe0\x00\x00\x0f\x83\xe0\x00\x00\x1f\x83\xf0\x00\x00\x1f\x01\xf0\x00\x00\x1f\x01\xf0\x00\x00?\x01\xf8\x00\x00>\x00\xf8\x00\x00>\x00\xfc\x00\x00~\x00\xfc\x00\x00|\x00|\x00\x00\xfc\x00~\x00\x00\xf8\x00~\x00\x00\xf8\x00>\x00\x01\xf8\x00?\x00\x01\xff\xff\xff\x00\x01\xff\xff\xff\x80\x03\xff\xff\xff\x80\x03\xff\xff\xff\x80\x03\xff\xff\xff\xc0\x07\xe0\x00\x0f\xc0\x07\xc0\x00\x07\xc0\x0f\xc0\x00\x07\xe0\x0f\x80\x00\x07\xe0\x0f\x80\x00\x03\xf0\x1f\x80\x00\x03\xf0\x1f\x00\x00\x03\xf0\x1f\x00\x00\x01\xf8?\x00\x00\x01\xf8>\x00\x00\x00\xf8~\x00\x00\x00\xfc~\x00\x00\x00\xfc|\x00\x00\x00~\x00\x00\x00\x00\x00\x00\x00\x00\x00\x00\x00\x00\x00\x00\x00\x00\x00\x00\x00\x00\x00\x00\x00\x00\x00\x00\x00\x00\x00\x00\x00\x00\x00\x00\x00\x00\x00\x00\x00\x00\x00\x00\x00\x00\x00\x00\x00\x00\x00\x00\x00\x00\x00\x00\x00\x00\x00\x00\x00\x00\x00\x00\x00\x00\x00\x00\x00\x00\x00\x00'",
  194:b"\x00\x00|\x00\x00\x00\x00\xff\x00\x00\x00\x03\xff\x80\x00\x00\x07\xef\xc0\x00\x00\x0f\xe7\xf0\x00\x00?\x83\xf8\x00\x00\x7f\x01\xfc\x00\x00~\x00\xfc\x00\x00\x00\x00\x00\x00\x00\x00\x00\x00\x00\x00\x008\x00\x00\x00\x008\x00\x00\x00\x00|\x00\x00\x00\x00|\x00\x00\x00\x00~\x00\x00\x00\x00\xfe\x00\x00\x00\x00\xfe\x00\x00\x00\x00\xff\x00\x00\x00\x01\xff\x00\x00\x00\x01\xef\x00\x00\x00\x03\xef\x80\x00\x00\x03\xef\x80\x00\x00\x03\xcf\x80\x00\x00\x07\xc7\xc0\x00\x00\x07\xc7\xc0\x00\x00\x07\xc7\xe0\x00\x00\x0f\x87\xe0\x00\x00\x0f\x83\xe0\x00\x00\x1f\x83\xf0\x00\x00\x1f\x01\xf0\x00\x00\x1f\x01\xf0\x00\x00?\x01\xf8\x00\x00>\x00\xf8\x00\x00>\x00\xfc\x00\x00~\x00\xfc\x00\x00|\x00|\x00\x00\xfc\x00~\x00\x00\xf8\x00~\x00\x00\xf8\x00>\x00\x01\xf8\x00?\x00\x01\xff\xff\xff\x00\x01\xff\xff\xff\x80\x03\xff\xff\xff\x80\x03\xff\xff\xff\x80\x03\xff\xff\xff\xc0\x07\xe0\x00\x0f\xc0\x07\xc0\x00\x07\xc0\x0f\xc0\x00\x07\xe0\x0f\x80\x00\x07\xe0\x0f\x80\x00\x03\xf0\x1f\x80\x00\x03\xf0\x1f\x00\x00\x03\xf0\x1f\x00\x00\x01\xf8?\x00\x00\x01\xf8>\x00\x00\x00\xf8~\x00\x00\x00\xfc~\x00\x00\x00\xfc|\x00\x00\x00~\x00\x00\x00\x00\x00\x00\x00\x00\x00\x00\x00\x00\x00\x00\x00\x00\x00\x00\x00\x00\x00\x00\x00\x00\x00\x00\x00\x00\x00\x00\x00\x00\x00\x00\x00\x00\x00\x00\x00\x00\x00\x00\x00\x00\x00\x00\x00\x00\x00\x00\x00\x00\x00\x00\x00\x00\x00\x00\x00\x00\x00\x00\x00\x00\x00\x00\x00\x00\x00\x00'",
  195:b"\x00\x00\x00\x00\x00\x00\x03\xe0\x00\x00\x00\x0f\xfe\x08\x00\x00\x1f\xff\xfc\x00\x00?\xff\xfc\x00\x00\x7f\xff\xfc\x00\x008?\xf0\x00\x00 \x07\xc0\x00\x00\x00\x00\x00\x00\x00\x00\x00\x00\x00\x00\x008\x00\x00\x00\x008\x00\x00\x00\x00|\x00\x00\x00\x00|\x00\x00\x00\x00~\x00\x00\x00\x00\xfe\x00\x00\x00\x00\xfe\x00\x00\x00\x00\xff\x00\x00\x00\x01\xff\x00\x00\x00\x01\xef\x00\x00\x00\x03\xef\x80\x00\x00\x03\xef\x80\x00\x00\x03\xcf\x80\x00\x00\x07\xc7\xc0\x00\x00\x07\xc7\xc0\x00\x00\x07\xc7\xe0\x00\x00\x0f\x87\xe0\x00\x00\x0f\x83\xe0\x00\x00\x1f\x83\xf0\x00\x00\x1f\x01\xf0\x00\x00\x1f\x01\xf0\x00\x00?\x01\xf8\x00\x00>\x00\xf8\x00\x00>\x00\xfc\x00\x00~\x00\xfc\x00\x00|\x00|\x00\x00\xfc\x00~\x00\x00\xf8\x00~\x00\x00\xf8\x00>\x00\x01\xf8\x00?\x00\x01\xff\xff\xff\x00\x01\xff\xff\xff\x80\x03\xff\xff\xff\x80\x03\xff\xff\xff\x80\x03\xff\xff\xff\xc0\x07\xe0\x00\x0f\xc0\x07\xc0\x00\x07\xc0\x0f\xc0\x00\x07\xe0\x0f\x80\x00\x07\xe0\x0f\x80\x00\x03\xf0\x1f\x80\x00\x03\xf0\x1f\x00\x00\x03\xf0\x1f\x00\x00\x01\xf8?\x00\x00\x01\xf8>\x00\x00\x00\xf8~\x00\x00\x00\xfc~\x00\x00\x00\xfc|\x00\x00\x00~\x00\x00\x00\x00\x00\x00\x00\x00\x00\x00\x00\x00\x00\x00\x00\x00\x00\x00\x00\x00\x00\x00\x00\x00\x00\x00\x00\x00\x00\x00\x00\x00\x00\x00\x00\x00\x00\x00\x00\x00\x00\x00\x00\x00\x00\x00\x00\x00\x00\x00\x00\x00\x00\x00\x00\x00\x00\x00\x00\x00\x00\x00\x00\x00\x00\x00\x00\x00\x00\x00'",
  196:b"\x00\x00\x00\x00\x00\x00\x00\x00\x00\x00\x00\x1e\x00\xf0\x00\x00?\x01\xf8\x00\x00?\x81\xfc\x00\x00?\x81\xfc\x00\x00?\x01\xf8\x00\x00\x1e\x00\xf0\x00\x00\x00\x00\x00\x00\x00\x00\x00\x00\x00\x00\x008\x00\x00\x00\x008\x00\x00\x00\x00|\x00\x00\x00\x00|\x00\x00\x00\x00~\x00\x00\x00\x00\xfe\x00\x00\x00\x00\xfe\x00\x00\x00\x00\xff\x00\x00\x00\x01\xff\x00\x00\x00\x01\xef\x00\x00\x00\x03\xef\x80\x00\x00\x03\xef\x80\x00\x00\x03\xcf\x80\x00\x00\x07\xc7\xc0\x00\x00\x07\xc7\xc0\x00\x00\x07\xc7\xe0\x00\x00\x0f\x87\xe0\x00\x00\x0f\x83\xe0\x00\x00\x1f\x83\xf0\x00\x00\x1f\x01\xf0\x00\x00\x1f\x01\xf0\x00\x00?\x01\xf8\x00\x00>\x00\xf8\x00\x00>\x00\xfc\x00\x00~\x00\xfc\x00\x00|\x00|\x00\x00\xfc\x00~\x00\x00\xf8\x00~\x00\x00\xf8\x00>\x00\x01\xf8\x00?\x00\x01\xff\xff\xff\x00\x01\xff\xff\xff\x80\x03\xff\xff\xff\x80\x03\xff\xff\xff\x80\x03\xff\xff\xff\xc0\x07\xe0\x00\x0f\xc0\x07\xc0\x00\x07\xc0\x0f\xc0\x00\x07\xe0\x0f\x80\x00\x07\xe0\x0f\x80\x00\x03\xf0\x1f\x80\x00\x03\xf0\x1f\x00\x00\x03\xf0\x1f\x00\x00\x01\xf8?\x00\x00\x01\xf8>\x00\x00\x00\xf8~\x00\x00\x00\xfc~\x00\x00\x00\xfc|\x00\x00\x00~\x00\x00\x00\x00\x00\x00\x00\x00\x00\x00\x00\x00\x00\x00\x00\x00\x00\x00\x00\x00\x00\x00\x00\x00\x00\x00\x00\x00\x00\x00\x00\x00\x00\x00\x00\x00\x00\x00\x00\x00\x00\x00\x00\x00\x00\x00\x00\x00\x00\x00\x00\x00\x00\x00\x00\x00\x00\x00\x00\x00\x00\x00\x00\x00\x00\x00\x00\x00\x00\x00'",
  197:b"\x00\x00\x00\x00\x00\x00\x00\xfe\x00\x00\x00\x03\xff\x80\x00\x00\x07\xff\xc0\x00\x00\x07\xc3\xc0\x00\x00\x07\x83\xe0\x00\x00\x07\x81\xe0\x00\x00\x07\x83\xe0\x00\x00\x07\xc3\xc0\x00\x00\x07\xff\xc0\x00\x00\x03\xff\x80\x00\x00\x00\xfe\x00\x00\x00\x00|\x00\x00\x00\x00|\x00\x00\x00\x00|\x00\x00\x00\x00\xfe\x00\x00\x00\x00\xfe\x00\x00\x00\x00\xff\x00\x00\x00\x01\xff\x00\x00\x00\x01\xef\x00\x00\x00\x01\xef\x80\x00\x00\x03\xef\x80\x00\x00\x03\xcf\x80\x00\x00\x07\xc7\xc0\x00\x00\x07\xc7\xc0\x00\x00\x07\xc7\xc0\x00\x00\x0f\x87\xe0\x00\x00\x0f\x83\xe0\x00\x00\x0f\x83\xf0\x00\x00\x1f\x03\xf0\x00\x00\x1f\x01\xf0\x00\x00?\x01\xf8\x00\x00>\x00\xf8\x00\x00>\x00\xf8\x00\x00~\x00\xfc\x00\x00|\x00|\x00\x00|\x00~\x00\x00\xf8\x00~\x00\x00\xf8\x00>\x00\x01\xf8\x00?\x00\x01\xff\xff\xff\x00\x01\xff\xff\xff\x00\x03\xff\xff\xff\x80\x03\xff\xff\xff\x80\x03\xff\xff\xff\xc0\x07\xe0\x00\x0f\xc0\x07\xc0\x00\x07\xc0\x0f\xc0\x00\x07\xe0\x0f\x80\x00\x07\xe0\x0f\x80\x00\x03\xe0\x1f\x80\x00\x03\xf0\x1f\x00\x00\x03\xf0\x1f\x00\x00\x01\xf8?\x00\x00\x01\xf8>\x00\x00\x00\xf8~\x00\x00\x00\xfc~\x00\x00\x00\xfc|\x00\x00\x00~\x00\x00\x00\x00\x00\x00\x00\x00\x00\x00\x00\x00\x00\x00\x00\x00\x00\x00\x00\x00\x00\x00\x00\x00\x00\x00\x00\x00\x00\x00\x00\x00\x00\x00\x00\x00\x00\x00\x00\x00\x00\x00\x00\x00\x00\x00\x00\x00\x00\x00\x00\x00\x00\x00\x00\x00\x00\x00\x00\x00\x00\x00\x00\x00\x00\x00\x00\x00\x00\x00'",
  198:b'\x00\x00\x00\x00\x00\x00\x00\x00\x00\x00\x00\x00\x00\x00\x00\x00\x00\x00\x00\x00\x00\x00\x00\x00\x00\x00\x00\x00\x00\x00\x00\x00\x00\x00\x00\x00\x00\x00\x00\x00\x00\x00\x00\x00\x00\x00\x00\x00\x00\x00\x00\x00\x00\x00\x00\x00\x00\x00\x00\x00\x00\x00\x00\x00\x00\x00\x00\x00\x00\x00\x00\x00\x00\x00\x00\x00\x00\x00\x00\x00\x00\x00\x00\x00\x00\x00\x00\x00\x00\x00\x00\x1f\xff\xff\xf8\x00\x00\x00\x00?\xff\xff\xf8\x00\x00\x00\x00?\xff\xff\xf8\x00\x00\x00\x00\x7f\xff\xff\xf8\x00\x00\x00\x00\x7f\xff\xff\xf8\x00\x00\x00\x00\xff\x80\x00\x00\x00\x00\x00\x01\xff\x80\x00\x00\x00\x00\x00\x01\xff\x80\x00\x00\x00\x00\x00\x03\xff\x80\x00\x00\x00\x00\x00\x03\xdf\x80\x00\x00\x00\x00\x00\x07\xdf\x80\x00\x00\x00\x00\x00\x07\xdf\x80\x00\x00\x00\x00\x00\x0f\x9f\x80\x00\x00\x00\x00\x00\x1f\x9f\x80\x00\x00\x00\x00\x00\x1f\x1f\x80\x00\x00\x00\x00\x00?\x1f\x80\x00\x00\x00\x00\x00>\x1f\x80\x00\x00\x00\x00\x00~\x1f\x80\x00\x00\x00\x00\x00\xfc\x1f\x80\x00\x00\x00\x00\x00\xfc\x1f\x80\x00\x00\x00\x00\x01\xf8\x1f\xff\xff\xe0\x00\x00\x01\xf0\x1f\xff\xff\xe0\x00\x00\x03\xf0\x1f\xff\xff\xe0\x00\x00\x07\xe0\x1f\xff\xff\xe0\x00\x00\x07\xe0\x1f\xff\xff\xe0\x00\x00\x0f\xc0\x1f\x80\x00\x00\x00\x00\x0f\x80\x1f\x80\x00\x00\x00\x00\x1f\x80\x1f\x80\x00\x00\x00\x00?\x00\x1f\x80\x00\x00\x00\x00?\xff\xff\x80\x00\x00\x00\x00\x7f\xff\xff\x80\x00\x00\x00\x00\x7f\xff\xff\x80\x00\x00\x00\x00\xff\xff\xff\x80\x00\x00\x00\x00\xff\xff\xff\x80\x00\x00\x00\x01\xf8\x00\x1f\x80\x00\x00\x00\x03\xf0\x00\x1f\x80\x00\x00\x00\x03\xf0\x00\x1f\x80\x00\x00\x00\x07\xe0\x00\x1f\x80\x00\x00\x00\x07\xe0\x00\x1f\x80\x00\x00\x00\x0f\xc0\x00\x1f\x80\x00\x00\x00\x1f\x80\x00\x1f\x80\x00\x00\x00\x1f\x80\x00\x1f\x80\x00\x00\x00?\x00\x00\x1f\xff\xff\xf8\x00?\x00\x00\x1f\xff\xff\xf8\x00~\x00\x00\x1f\xff\xff\xf8\x00\xfe\x00\x00\x1f\xff\xff\xf8\x00\xfc\x00\x00\x1f\xff\xff\xf8\x00\x00\x00\x00\x00\x00\x00\x00\x00\x00\x00\x00\x00\x00\x00\x00\x00\x00\x00\x00\x00\x00\x00\x00\x00\x00\x00\x00\x00\x00\x00\x00\x00\x00\x00\x00\x00\x00\x00\x00\x00\x00\x00\x00\x00\x00\x00\x00\x00\x00\x00\x00\x00\x00\x00\x00\x00\x00\x00\x00\x00\x00\x00\x00\x00\x00\x00\x00\x00\x00\x00\x00\x00\x00\x00\x00\x00\x00\x00\x00\x00\x00\x00\x00\x00\x00\x00\x00\x00\x00\x00\x00\x00\x00\x00\x00\x00\x00\x00\x00\x00\x00\x00\x00\x00\x00\x00\x00\x00\x00\x00\x00\x009',
  199:b'\x00\x00\x00\x00\x00\x00\x00\x00\x00\x00\x00\x00\x00\x00\x00\x00\x00\x00\x00\x00\x00\x00\x00\x00\x00\x00\x00\x00\x00\x00\x00\x00\x00\x00\x00\x00\x00\x00\x00\x00\x00\x00\x00\x00\x00\x00\x00\x00\x00\x00\x00\x00\x0f\xfc\x00\x00\x00\xff\xff\xc0\x00\x03\xff\xff\xe0\x00\x07\xff\xff\xe0\x00\x1f\xff\xff\xc0\x00?\xf8\x03\xc0\x00\x7f\xc0\x00@\x00\x7f\x00\x00\x00\x00\xfe\x00\x00\x00\x01\xfc\x00\x00\x00\x01\xf8\x00\x00\x00\x03\xf8\x00\x00\x00\x03\xf0\x00\x00\x00\x07\xf0\x00\x00\x00\x07\xe0\x00\x00\x00\x07\xe0\x00\x00\x00\x07\xe0\x00\x00\x00\x0f\xc0\x00\x00\x00\x0f\xc0\x00\x00\x00\x0f\xc0\x00\x00\x00\x0f\xc0\x00\x00\x00\x0f\xc0\x00\x00\x00\x0f\xc0\x00\x00\x00\x0f\xc0\x00\x00\x00\x0f\xc0\x00\x00\x00\x0f\xc0\x00\x00\x00\x0f\xc0\x00\x00\x00\x0f\xc0\x00\x00\x00\x0f\xc0\x00\x00\x00\x0f\xc0\x00\x00\x00\x0f\xc0\x00\x00\x00\x0f\xc0\x00\x00\x00\x0f\xe0\x00\x00\x00\x07\xe0\x00\x00\x00\x07\xe0\x00\x00\x00\x07\xf0\x00\x00\x00\x03\xf0\x00\x00\x00\x03\xf8\x00\x00\x00\x03\xfc\x00\x00\x00\x01\xfe\x00\x00\x00\x00\xff\x00\x00\x00\x00\xff\x80\x00 \x00\x7f\xe0\x00\xe0\x00?\xf8\x07\xe0\x00\x1f\xff\xff\xe0\x00\x0f\xff\xff\xf0\x00\x03\xff\xff\xe0\x00\x00\xff\xff\x80\x00\x00\x1f\xfc\x00\x00\x00\x03\xc0\x00\x00\x00\x07\x80\x00\x00\x00\x07\xe0\x00\x00\x00\x0f\xf8\x00\x00\x00\x0f\xf8\x00\x00\x00\x13\xfc\x00\x00\x00\x00|\x00\x00\x00\x00|\x00\x00\x00\x00|\x00\x00\x00\x00\xf8\x00\x00\x00\x1f\xf8\x00\x00\x00\x1f\xf0\x00\x00\x00\x1f\x80\x00&',
  200:b'\x03\xfc\x00\x00\x00\x03\xfe\x00\x00\x00\x00\xff\x00\x00\x00\x00?\x80\x00\x00\x00\x1f\xc0\x00\x00\x00\x07\xe0\x00\x00\x00\x03\xf0\x00\x00\x00\x00\xf8\x00\x00\x00\x00\x04\x00\x00\x00\x00\x00\x00\x00\x00\x00\x00\x00\x00\x03\xff\xff\xfe\x00\x03\xff\xff\xfe\x00\x03\xff\xff\xfe\x00\x03\xff\xff\xfe\x00\x03\xff\xff\xfe\x00\x03\xe0\x00\x00\x00\x03\xe0\x00\x00\x00\x03\xe0\x00\x00\x00\x03\xe0\x00\x00\x00\x03\xe0\x00\x00\x00\x03\xe0\x00\x00\x00\x03\xe0\x00\x00\x00\x03\xe0\x00\x00\x00\x03\xe0\x00\x00\x00\x03\xe0\x00\x00\x00\x03\xe0\x00\x00\x00\x03\xe0\x00\x00\x00\x03\xe0\x00\x00\x00\x03\xe0\x00\x00\x00\x03\xe0\x00\x00\x00\x03\xff\xff\xfc\x00\x03\xff\xff\xfc\x00\x03\xff\xff\xfc\x00\x03\xff\xff\xfc\x00\x03\xff\xff\xfc\x00\x03\xe0\x00\x00\x00\x03\xe0\x00\x00\x00\x03\xe0\x00\x00\x00\x03\xe0\x00\x00\x00\x03\xe0\x00\x00\x00\x03\xe0\x00\x00\x00\x03\xe0\x00\x00\x00\x03\xe0\x00\x00\x00\x03\xe0\x00\x00\x00\x03\xe0\x00\x00\x00\x03\xe0\x00\x00\x00\x03\xe0\x00\x00\x00\x03\xe0\x00\x00\x00\x03\xe0\x00\x00\x00\x03\xe0\x00\x00\x00\x03\xe0\x00\x00\x00\x03\xe0\x00\x00\x00\x03\xff\xff\xff\x00\x03\xff\xff\xff\x00\x03\xff\xff\xff\x00\x03\xff\xff\xff\x00\x03\xff\xff\xff\x00\x00\x00\x00\x00\x00\x00\x00\x00\x00\x00\x00\x00\x00\x00\x00\x00\x00\x00\x00\x00\x00\x00\x00\x00\x00\x00\x00\x00\x00\x00\x00\x00\x00\x00\x00\x00\x00\x00\x00\x00\x00\x00\x00\x00\x00\x00\x00\x00\x00\x00\x00\x00\x00\x00\x00\x00\x00\x00\x00\x00\x00\x00\x00\x00\x00\x00\x00\x00\x00\x00$',
  201:b'\x00\x00\x03\xfc\x00\x00\x00\x07\xfc\x00\x00\x00\x0f\xf0\x00\x00\x00\x1f\xc0\x00\x00\x00?\x80\x00\x00\x00~\x00\x00\x00\x00\xf8\x00\x00\x00\x01\xf0\x00\x00\x00\x02\x00\x00\x00\x00\x00\x00\x00\x00\x00\x00\x00\x00\x00\x03\xff\xff\xfe\x00\x03\xff\xff\xfe\x00\x03\xff\xff\xfe\x00\x03\xff\xff\xfe\x00\x03\xff\xff\xfe\x00\x03\xe0\x00\x00\x00\x03\xe0\x00\x00\x00\x03\xe0\x00\x00\x00\x03\xe0\x00\x00\x00\x03\xe0\x00\x00\x00\x03\xe0\x00\x00\x00\x03\xe0\x00\x00\x00\x03\xe0\x00\x00\x00\x03\xe0\x00\x00\x00\x03\xe0\x00\x00\x00\x03\xe0\x00\x00\x00\x03\xe0\x00\x00\x00\x03\xe0\x00\x00\x00\x03\xe0\x00\x00\x00\x03\xe0\x00\x00\x00\x03\xff\xff\xfc\x00\x03\xff\xff\xfc\x00\x03\xff\xff\xfc\x00\x03\xff\xff\xfc\x00\x03\xff\xff\xfc\x00\x03\xe0\x00\x00\x00\x03\xe0\x00\x00\x00\x03\xe0\x00\x00\x00\x03\xe0\x00\x00\x00\x03\xe0\x00\x00\x00\x03\xe0\x00\x00\x00\x03\xe0\x00\x00\x00\x03\xe0\x00\x00\x00\x03\xe0\x00\x00\x00\x03\xe0\x00\x00\x00\x03\xe0\x00\x00\x00\x03\xe0\x00\x00\x00\x03\xe0\x00\x00\x00\x03\xe0\x00\x00\x00\x03\xe0\x00\x00\x00\x03\xe0\x00\x00\x00\x03\xe0\x00\x00\x00\x03\xff\xff\xff\x00\x03\xff\xff\xff\x00\x03\xff\xff\xff\x00\x03\xff\xff\xff\x00\x03\xff\xff\xff\x00\x00\x00\x00\x00\x00\x00\x00\x00\x00\x00\x00\x00\x00\x00\x00\x00\x00\x00\x00\x00\x00\x00\x00\x00\x00\x00\x00\x00\x00\x00\x00\x00\x00\x00\x00\x00\x00\x00\x00\x00\x00\x00\x00\x00\x00\x00\x00\x00\x00\x00\x00\x00\x00\x00\x00\x00\x00\x00\x00\x00\x00\x00\x00\x00\x00\x00\x00\x00\x00\x00$',
  202:b'\x00\x00\xf8\x00\x00\x00\x03\xfc\x00\x00\x00\x07\xfe\x00\x00\x00\x1f\xdf\x80\x00\x00?\x9f\xc0\x00\x00\x7f\x0f\xe0\x00\x01\xfe\x07\xf8\x00\x01\xf8\x01\xf8\x00\x00\x00\x00\x00\x00\x00\x00\x00\x00\x00\x00\x00\x00\x00\x00\x03\xff\xff\xfe\x00\x03\xff\xff\xfe\x00\x03\xff\xff\xfe\x00\x03\xff\xff\xfe\x00\x03\xff\xff\xfe\x00\x03\xe0\x00\x00\x00\x03\xe0\x00\x00\x00\x03\xe0\x00\x00\x00\x03\xe0\x00\x00\x00\x03\xe0\x00\x00\x00\x03\xe0\x00\x00\x00\x03\xe0\x00\x00\x00\x03\xe0\x00\x00\x00\x03\xe0\x00\x00\x00\x03\xe0\x00\x00\x00\x03\xe0\x00\x00\x00\x03\xe0\x00\x00\x00\x03\xe0\x00\x00\x00\x03\xe0\x00\x00\x00\x03\xe0\x00\x00\x00\x03\xff\xff\xfc\x00\x03\xff\xff\xfc\x00\x03\xff\xff\xfc\x00\x03\xff\xff\xfc\x00\x03\xff\xff\xfc\x00\x03\xe0\x00\x00\x00\x03\xe0\x00\x00\x00\x03\xe0\x00\x00\x00\x03\xe0\x00\x00\x00\x03\xe0\x00\x00\x00\x03\xe0\x00\x00\x00\x03\xe0\x00\x00\x00\x03\xe0\x00\x00\x00\x03\xe0\x00\x00\x00\x03\xe0\x00\x00\x00\x03\xe0\x00\x00\x00\x03\xe0\x00\x00\x00\x03\xe0\x00\x00\x00\x03\xe0\x00\x00\x00\x03\xe0\x00\x00\x00\x03\xe0\x00\x00\x00\x03\xe0\x00\x00\x00\x03\xff\xff\xff\x00\x03\xff\xff\xff\x00\x03\xff\xff\xff\x00\x03\xff\xff\xff\x00\x03\xff\xff\xff\x00\x00\x00\x00\x00\x00\x00\x00\x00\x00\x00\x00\x00\x00\x00\x00\x00\x00\x00\x00\x00\x00\x00\x00\x00\x00\x00\x00\x00\x00\x00\x00\x00\x00\x00\x00\x00\x00\x00\x00\x00\x00\x00\x00\x00\x00\x00\x00\x00\x00\x00\x00\x00\x00\x00\x00\x00\x00\x00\x00\x00\x00\x00\x00\x00\x00\x00\x00\x00\x00\x00$',
  203:b'\x00\x00\x00\x00\x00\x00\x00\x00\x00\x00\x00<\x03\xe0\x00\x00\xfe\x07\xf0\x00\x00\xfe\x07\xf0\x00\x00\xfe\x07\xf0\x00\x00\xfe\x07\xf0\x00\x00|\x03\xc0\x00\x00\x00\x00\x00\x00\x00\x00\x00\x00\x00\x00\x00\x00\x00\x00\x03\xff\xff\xfe\x00\x03\xff\xff\xfe\x00\x03\xff\xff\xfe\x00\x03\xff\xff\xfe\x00\x03\xff\xff\xfe\x00\x03\xe0\x00\x00\x00\x03\xe0\x00\x00\x00\x03\xe0\x00\x00\x00\x03\xe0\x00\x00\x00\x03\xe0\x00\x00\x00\x03\xe0\x00\x00\x00\x03\xe0\x00\x00\x00\x03\xe0\x00\x00\x00\x03\xe0\x00\x00\x00\x03\xe0\x00\x00\x00\x03\xe0\x00\x00\x00\x03\xe0\x00\x00\x00\x03\xe0\x00\x00\x00\x03\xe0\x00\x00\x00\x03\xe0\x00\x00\x00\x03\xff\xff\xfc\x00\x03\xff\xff\xfc\x00\x03\xff\xff\xfc\x00\x03\xff\xff\xfc\x00\x03\xff\xff\xfc\x00\x03\xe0\x00\x00\x00\x03\xe0\x00\x00\x00\x03\xe0\x00\x00\x00\x03\xe0\x00\x00\x00\x03\xe0\x00\x00\x00\x03\xe0\x00\x00\x00\x03\xe0\x00\x00\x00\x03\xe0\x00\x00\x00\x03\xe0\x00\x00\x00\x03\xe0\x00\x00\x00\x03\xe0\x00\x00\x00\x03\xe0\x00\x00\x00\x03\xe0\x00\x00\x00\x03\xe0\x00\x00\x00\x03\xe0\x00\x00\x00\x03\xe0\x00\x00\x00\x03\xe0\x00\x00\x00\x03\xff\xff\xff\x00\x03\xff\xff\xff\x00\x03\xff\xff\xff\x00\x03\xff\xff\xff\x00\x03\xff\xff\xff\x00\x00\x00\x00\x00\x00\x00\x00\x00\x00\x00\x00\x00\x00\x00\x00\x00\x00\x00\x00\x00\x00\x00\x00\x00\x00\x00\x00\x00\x00\x00\x00\x00\x00\x00\x00\x00\x00\x00\x00\x00\x00\x00\x00\x00\x00\x00\x00\x00\x00\x00\x00\x00\x00\x00\x00\x00\x00\x00\x00\x00\x00\x00\x00\x00\x00\x00\x00\x00\x00\x00$',
  204:b'\xff\x00\x00\xff\x80\x00?\xc0\x00\x1f\xe0\x00\x07\xf0\x00\x01\xf8\x00\x00\xfc\x00\x00>\x00\x00\x01\x00\x00\x00\x00\x00\x00\x00\x01\xf8\x00\x01\xf8\x00\x01\xf8\x00\x01\xf8\x00\x01\xf8\x00\x01\xf8\x00\x01\xf8\x00\x01\xf8\x00\x01\xf8\x00\x01\xf8\x00\x01\xf8\x00\x01\xf8\x00\x01\xf8\x00\x01\xf8\x00\x01\xf8\x00\x01\xf8\x00\x01\xf8\x00\x01\xf8\x00\x01\xf8\x00\x01\xf8\x00\x01\xf8\x00\x01\xf8\x00\x01\xf8\x00\x01\xf8\x00\x01\xf8\x00\x01\xf8\x00\x01\xf8\x00\x01\xf8\x00\x01\xf8\x00\x01\xf8\x00\x01\xf8\x00\x01\xf8\x00\x01\xf8\x00\x01\xf8\x00\x01\xf8\x00\x01\xf8\x00\x01\xf8\x00\x01\xf8\x00\x01\xf8\x00\x01\xf8\x00\x01\xf8\x00\x01\xf8\x00\x01\xf8\x00\x01\xf8\x00\x01\xf8\x00\x01\xf8\x00\x01\xf8\x00\x00\x00\x00\x00\x00\x00\x00\x00\x00\x00\x00\x00\x00\x00\x00\x00\x00\x00\x00\x00\x00\x00\x00\x00\x00\x00\x00\x00\x00\x00\x00\x00\x00\x00\x00\x00\x00\x00\x00\x00\x00\x00\x14',
  205:b'\x00\x0f\xf0\x00\x1f\xf0\x00?\xc0\x00\x7f\x00\x00\xfe\x00\x01\xf8\x00\x03\xe0\x00\x07\xc0\x00\x08\x00\x00\x00\x00\x00\x00\x00\x00\x01\xf8\x00\x01\xf8\x00\x01\xf8\x00\x01\xf8\x00\x01\xf8\x00\x01\xf8\x00\x01\xf8\x00\x01\xf8\x00\x01\xf8\x00\x01\xf8\x00\x01\xf8\x00\x01\xf8\x00\x01\xf8\x00\x01\xf8\x00\x01\xf8\x00\x01\xf8\x00\x01\xf8\x00\x01\xf8\x00\x01\xf8\x00\x01\xf8\x00\x01\xf8\x00\x01\xf8\x00\x01\xf8\x00\x01\xf8\x00\x01\xf8\x00\x01\xf8\x00\x01\xf8\x00\x01\xf8\x00\x01\xf8\x00\x01\xf8\x00\x01\xf8\x00\x01\xf8\x00\x01\xf8\x00\x01\xf8\x00\x01\xf8\x00\x01\xf8\x00\x01\xf8\x00\x01\xf8\x00\x01\xf8\x00\x01\xf8\x00\x01\xf8\x00\x01\xf8\x00\x01\xf8\x00\x01\xf8\x00\x01\xf8\x00\x01\xf8\x00\x01\xf8\x00\x00\x00\x00\x00\x00\x00\x00\x00\x00\x00\x00\x00\x00\x00\x00\x00\x00\x00\x00\x00\x00\x00\x00\x00\x00\x00\x00\x00\x00\x00\x00\x00\x00\x00\x00\x00\x00\x00\x00\x00\x00\x00\x14',
  206:b'\x00\xfc\x00\x01\xfe\x00\x07\xff\x00\x0f\xdf\x80\x1f\xcf\xe0\x7f\x87\xf0\xfe\x03\xf8\xfc\x01\xf8\x00\x00\x00\x00\x00\x00\x00\x00\x00\x00\xfc\x00\x00\xfc\x00\x00\xfc\x00\x00\xfc\x00\x00\xfc\x00\x00\xfc\x00\x00\xfc\x00\x00\xfc\x00\x00\xfc\x00\x00\xfc\x00\x00\xfc\x00\x00\xfc\x00\x00\xfc\x00\x00\xfc\x00\x00\xfc\x00\x00\xfc\x00\x00\xfc\x00\x00\xfc\x00\x00\xfc\x00\x00\xfc\x00\x00\xfc\x00\x00\xfc\x00\x00\xfc\x00\x00\xfc\x00\x00\xfc\x00\x00\xfc\x00\x00\xfc\x00\x00\xfc\x00\x00\xfc\x00\x00\xfc\x00\x00\xfc\x00\x00\xfc\x00\x00\xfc\x00\x00\xfc\x00\x00\xfc\x00\x00\xfc\x00\x00\xfc\x00\x00\xfc\x00\x00\xfc\x00\x00\xfc\x00\x00\xfc\x00\x00\xfc\x00\x00\xfc\x00\x00\xfc\x00\x00\xfc\x00\x00\xfc\x00\x00\xfc\x00\x00\x00\x00\x00\x00\x00\x00\x00\x00\x00\x00\x00\x00\x00\x00\x00\x00\x00\x00\x00\x00\x00\x00\x00\x00\x00\x00\x00\x00\x00\x00\x00\x00\x00\x00\x00\x00\x00\x00\x00\x00\x00\x15',
  207:b'\x00\x00\x00\x00\x00\x00|\x03\xc0\xfe\x07\xe0\xfe\x07\xf0\xfe\x07\xf0\xfe\x07\xe0|\x03\xc0\x00\x00\x00\x00\x00\x00\x00\x00\x00\x01\xf8\x00\x01\xf8\x00\x01\xf8\x00\x01\xf8\x00\x01\xf8\x00\x01\xf8\x00\x01\xf8\x00\x01\xf8\x00\x01\xf8\x00\x01\xf8\x00\x01\xf8\x00\x01\xf8\x00\x01\xf8\x00\x01\xf8\x00\x01\xf8\x00\x01\xf8\x00\x01\xf8\x00\x01\xf8\x00\x01\xf8\x00\x01\xf8\x00\x01\xf8\x00\x01\xf8\x00\x01\xf8\x00\x01\xf8\x00\x01\xf8\x00\x01\xf8\x00\x01\xf8\x00\x01\xf8\x00\x01\xf8\x00\x01\xf8\x00\x01\xf8\x00\x01\xf8\x00\x01\xf8\x00\x01\xf8\x00\x01\xf8\x00\x01\xf8\x00\x01\xf8\x00\x01\xf8\x00\x01\xf8\x00\x01\xf8\x00\x01\xf8\x00\x01\xf8\x00\x01\xf8\x00\x01\xf8\x00\x01\xf8\x00\x01\xf8\x00\x01\xf8\x00\x00\x00\x00\x00\x00\x00\x00\x00\x00\x00\x00\x00\x00\x00\x00\x00\x00\x00\x00\x00\x00\x00\x00\x00\x00\x00\x00\x00\x00\x00\x00\x00\x00\x00\x00\x00\x00\x00\x00\x00\x00\x00\x14',
  208:b'\x00\x00\x00\x00\x00\x00\x00\x00\x00\x00\x00\x00\x00\x00\x00\x00\x00\x00\x00\x00\x00\x00\x00\x00\x00\x00\x00\x00\x00\x00\x00\x00\x00\x00\x00\x00\x00\x00\x00\x00\x00\x00\x00\x00\x00\x00\x00\x00\x00\x00\x00\x00\x00\x00\x00\x00\x00\x00\x00\x00\x00\x00\x00\x00\x00\x00\x03\xff\xff\x00\x00\x00\x03\xff\xff\xf0\x00\x00\x03\xff\xff\xfc\x00\x00\x03\xff\xff\xff\x00\x00\x03\xff\xff\xff\x80\x00\x03\xf0\x01\xff\xc0\x00\x03\xf0\x00?\xe0\x00\x03\xf0\x00\x0f\xf0\x00\x03\xf0\x00\x07\xf0\x00\x03\xf0\x00\x03\xf8\x00\x03\xf0\x00\x01\xfc\x00\x03\xf0\x00\x01\xfc\x00\x03\xf0\x00\x00\xfc\x00\x03\xf0\x00\x00\xfe\x00\x03\xf0\x00\x00~\x00\x03\xf0\x00\x00~\x00\x03\xf0\x00\x00?\x00\x03\xf0\x00\x00?\x00\x03\xf0\x00\x00?\x00\x03\xf0\x00\x00?\x00\x03\xf0\x00\x00?\x00\xff\xff\xf8\x00?\x00\xff\xff\xf8\x00?\x00\xff\xff\xf8\x00?\x00\xff\xff\xf8\x00?\x00\xff\xff\xf8\x00?\x00\x03\xf0\x00\x00?\x00\x03\xf0\x00\x00?\x00\x03\xf0\x00\x00?\x00\x03\xf0\x00\x00?\x00\x03\xf0\x00\x00?\x00\x03\xf0\x00\x00~\x00\x03\xf0\x00\x00~\x00\x03\xf0\x00\x00~\x00\x03\xf0\x00\x00\xfe\x00\x03\xf0\x00\x00\xfc\x00\x03\xf0\x00\x01\xfc\x00\x03\xf0\x00\x01\xf8\x00\x03\xf0\x00\x03\xf8\x00\x03\xf0\x00\x07\xf0\x00\x03\xf0\x00\x1f\xe0\x00\x03\xf0\x00?\xc0\x00\x03\xf0\x01\xff\x80\x00\x03\xff\xff\xff\x00\x00\x03\xff\xff\xfe\x00\x00\x03\xff\xff\xf8\x00\x00\x03\xff\xff\xe0\x00\x00\x03\xff\xfe\x00\x00\x00\x00\x00\x00\x00\x00\x00\x00\x00\x00\x00\x00\x00\x00\x00\x00\x00\x00\x00\x00\x00\x00\x00\x00\x00\x00\x00\x00\x00\x00\x00\x00\x00\x00\x00\x00\x00\x00\x00\x00\x00\x00\x00\x00\x00\x00\x00\x00\x00\x00\x00\x00\x00\x00\x00\x00\x00\x00\x00\x00\x00\x00\x00\x00\x00\x00\x00\x00\x00\x00\x00\x00\x00\x00\x00\x00\x00\x00\x00,',
  209:b'\x00\x00\x00\x00\x00\x00\x00\x00|\x00\x00\x00\x00\x01\xff\xc1\x00\x00\x00\x07\xff\xff\x00\x00\x00\x0f\xff\xff\x80\x00\x00\x0f\xff\xff\x80\x00\x00\x07\x07\xfe\x00\x00\x00\x04\x00\xfc\x00\x00\x00\x00\x00\x00\x00\x00\x00\x00\x00\x00\x00\x00\x03\x80\x00\x00\x00\x00\x03\xc0\x00\x00>\x00\x03\xc0\x00\x00>\x00\x03\xe0\x00\x00>\x00\x03\xf0\x00\x00>\x00\x03\xf8\x00\x00>\x00\x03\xf8\x00\x00>\x00\x03\xfc\x00\x00>\x00\x03\xfe\x00\x00>\x00\x03\xfe\x00\x00>\x00\x03\xdf\x00\x00>\x00\x03\xdf\x80\x00>\x00\x03\xcf\xc0\x00>\x00\x03\xef\xc0\x00>\x00\x03\xe7\xe0\x00>\x00\x03\xe7\xf0\x00>\x00\x03\xe3\xf0\x00>\x00\x03\xe3\xf8\x00>\x00\x03\xe1\xfc\x00>\x00\x03\xe0\xfe\x00>\x00\x03\xe0\xfe\x00>\x00\x03\xe0\x7f\x00>\x00\x03\xe0?\x80>\x00\x03\xe0?\x80>\x00\x03\xe0\x1f\xc0>\x00\x03\xe0\x0f\xe0>\x00\x03\xe0\x07\xe0>\x00\x03\xe0\x07\xf0>\x00\x03\xe0\x03\xf8>\x00\x03\xe0\x01\xfc>\x00\x03\xe0\x01\xfc>\x00\x03\xe0\x00\xfe>\x00\x03\xe0\x00\x7f>\x00\x03\xe0\x00?>\x00\x03\xe0\x00?\xbe\x00\x03\xe0\x00\x1f\x9e\x00\x03\xe0\x00\x0f\xde\x00\x03\xe0\x00\x0f\xde\x00\x03\xe0\x00\x07\xfe\x00\x03\xe0\x00\x03\xfe\x00\x03\xe0\x00\x03\xfe\x00\x03\xe0\x00\x01\xfe\x00\x03\xe0\x00\x00\xfe\x00\x03\xe0\x00\x00~\x00\x03\xe0\x00\x00~\x00\x03\xe0\x00\x00>\x00\x03\xe0\x00\x00\x1e\x00\x03\xe0\x00\x00\x1e\x00\x00\x00\x00\x00\x0e\x00\x00\x00\x00\x00\x00\x00\x00\x00\x00\x00\x00\x00\x00\x00\x00\x00\x00\x00\x00\x00\x00\x00\x00\x00\x00\x00\x00\x00\x00\x00\x00\x00\x00\x00\x00\x00\x00\x00\x00\x00\x00\x00\x00\x00\x00\x00\x00\x00\x00\x00\x00\x00\x00\x00\x00\x00\x00\x00\x00\x00\x00\x00\x00\x00\x00\x00\x00\x00\x00\x00\x00\x00\x00\x00\x00\x00\x00\x00-',
  210:b'\x00\x0f\xf0\x00\x00\x00\x00\x0f\xf8\x00\x00\x00\x00\x03\xfc\x00\x00\x00\x00\x01\xfe\x00\x00\x00\x00\x00\x7f\x00\x00\x00\x00\x00?\x80\x00\x00\x00\x00\x0f\xc0\x00\x00\x00\x00\x03\xe0\x00\x00\x00\x00\x00\x00\x00\x00\x00\x00\x00\x00\x00\x00\x00\x00?\xf0\x00\x00\x00\x01\xff\xfe\x00\x00\x00\x07\xff\xff\x80\x00\x00\x0f\xff\xff\xc0\x00\x00?\xff\xff\xe0\x00\x00\x7f\xe0?\xf0\x00\x00\x7f\x80\x07\xf8\x00\x00\xfe\x00\x03\xfc\x00\x01\xfc\x00\x01\xfe\x00\x01\xf8\x00\x00\xfe\x00\x03\xf8\x00\x00\x7f\x00\x03\xf0\x00\x00\x7f\x00\x07\xf0\x00\x00?\x00\x07\xe0\x00\x00?\x80\x07\xe0\x00\x00\x1f\x80\x07\xe0\x00\x00\x1f\x80\x0f\xc0\x00\x00\x1f\x80\x0f\xc0\x00\x00\x1f\xc0\x0f\xc0\x00\x00\x0f\xc0\x0f\xc0\x00\x00\x0f\xc0\x0f\xc0\x00\x00\x0f\xc0\x0f\xc0\x00\x00\x0f\xc0\x0f\xc0\x00\x00\x0f\xc0\x0f\xc0\x00\x00\x0f\xc0\x0f\xc0\x00\x00\x0f\xc0\x0f\xc0\x00\x00\x0f\xc0\x0f\xc0\x00\x00\x0f\xc0\x0f\xc0\x00\x00\x0f\xc0\x0f\xc0\x00\x00\x0f\xc0\x0f\xc0\x00\x00\x0f\xc0\x0f\xc0\x00\x00\x0f\xc0\x0f\xc0\x00\x00\x0f\xc0\x0f\xe0\x00\x00\x1f\x80\x07\xe0\x00\x00\x1f\x80\x07\xe0\x00\x00\x1f\x80\x07\xe0\x00\x00\x1f\x80\x07\xf0\x00\x00?\x00\x03\xf0\x00\x00?\x00\x03\xf8\x00\x00\x7f\x00\x01\xfc\x00\x00\xfe\x00\x01\xfe\x00\x00\xfe\x00\x00\xff\x00\x03\xfc\x00\x00\x7f\x80\x07\xf8\x00\x00\x7f\xe0\x1f\xf0\x00\x00?\xff\xff\xe0\x00\x00\x0f\xff\xff\xc0\x00\x00\x07\xff\xff\x80\x00\x00\x01\xff\xfe\x00\x00\x00\x00?\xf0\x00\x00\x00\x00\x00\x00\x00\x00\x00\x00\x00\x00\x00\x00\x00\x00\x00\x00\x00\x00\x00\x00\x00\x00\x00\x00\x00\x00\x00\x00\x00\x00\x00\x00\x00\x00\x00\x00\x00\x00\x00\x00\x00\x00\x00\x00\x00\x00\x00\x00\x00\x00\x00\x00\x00\x00\x00\x00\x00\x00\x00\x00\x00\x00\x00\x00\x00\x00\x00\x00\x00\x00\x00\x00\x00\x00\x00\x00\x00\x00.',
  211:b'\x00\x00\x00\x1f\xe0\x00\x00\x00\x00?\xe0\x00\x00\x00\x00\x7f\xc0\x00\x00\x00\x00\xff\x00\x00\x00\x00\x01\xfc\x00\x00\x00\x00\x03\xf8\x00\x00\x00\x00\x07\xe0\x00\x00\x00\x00\x0f\x80\x00\x00\x00\x00\x00\x00\x00\x00\x00\x00\x00\x00\x00\x00\x00\x00?\xf0\x00\x00\x00\x01\xff\xfe\x00\x00\x00\x07\xff\xff\x80\x00\x00\x0f\xff\xff\xc0\x00\x00?\xff\xff\xe0\x00\x00\x7f\xe0?\xf0\x00\x00\x7f\x80\x07\xf8\x00\x00\xfe\x00\x03\xfc\x00\x01\xfc\x00\x01\xfe\x00\x01\xf8\x00\x00\xfe\x00\x03\xf8\x00\x00\x7f\x00\x03\xf0\x00\x00\x7f\x00\x07\xf0\x00\x00?\x00\x07\xe0\x00\x00?\x80\x07\xe0\x00\x00\x1f\x80\x07\xe0\x00\x00\x1f\x80\x0f\xc0\x00\x00\x1f\x80\x0f\xc0\x00\x00\x1f\xc0\x0f\xc0\x00\x00\x0f\xc0\x0f\xc0\x00\x00\x0f\xc0\x0f\xc0\x00\x00\x0f\xc0\x0f\xc0\x00\x00\x0f\xc0\x0f\xc0\x00\x00\x0f\xc0\x0f\xc0\x00\x00\x0f\xc0\x0f\xc0\x00\x00\x0f\xc0\x0f\xc0\x00\x00\x0f\xc0\x0f\xc0\x00\x00\x0f\xc0\x0f\xc0\x00\x00\x0f\xc0\x0f\xc0\x00\x00\x0f\xc0\x0f\xc0\x00\x00\x0f\xc0\x0f\xc0\x00\x00\x0f\xc0\x0f\xc0\x00\x00\x0f\xc0\x0f\xe0\x00\x00\x1f\x80\x07\xe0\x00\x00\x1f\x80\x07\xe0\x00\x00\x1f\x80\x07\xe0\x00\x00\x1f\x80\x07\xf0\x00\x00?\x00\x03\xf0\x00\x00?\x00\x03\xf8\x00\x00\x7f\x00\x01\xfc\x00\x00\xfe\x00\x01\xfe\x00\x00\xfe\x00\x00\xff\x00\x03\xfc\x00\x00\x7f\x80\x07\xf8\x00\x00\x7f\xe0\x1f\xf0\x00\x00?\xff\xff\xe0\x00\x00\x0f\xff\xff\xc0\x00\x00\x07\xff\xff\x80\x00\x00\x01\xff\xfe\x00\x00\x00\x00?\xf0\x00\x00\x00\x00\x00\x00\x00\x00\x00\x00\x00\x00\x00\x00\x00\x00\x00\x00\x00\x00\x00\x00\x00\x00\x00\x00\x00\x00\x00\x00\x00\x00\x00\x00\x00\x00\x00\x00\x00\x00\x00\x00\x00\x00\x00\x00\x00\x00\x00\x00\x00\x00\x00\x00\x00\x00\x00\x00\x00\x00\x00\x00\x00\x00\x00\x00\x00\x00\x00\x00\x00\x00\x00\x00\x00\x00\x00\x00\x00\x00.',
  212:b'\x00\x00\x0f\xc0\x00\x00\x00\x00\x1f\xe0\x00\x00\x00\x00\x7f\xf0\x00\x00\x00\x00\xfd\xf8\x00\x00\x00\x01\xfc\xfe\x00\x00\x00\x07\xf8\x7f\x00\x00\x00\x0f\xe0?\x80\x00\x00\x0f\xc0\x1f\x80\x00\x00\x00\x00\x00\x00\x00\x00\x00\x00\x00\x00\x00\x00\x00?\xf0\x00\x00\x00\x01\xff\xfe\x00\x00\x00\x07\xff\xff\x80\x00\x00\x0f\xff\xff\xc0\x00\x00?\xff\xff\xe0\x00\x00\x7f\xe0?\xf0\x00\x00\x7f\x80\x07\xf8\x00\x00\xfe\x00\x03\xfc\x00\x01\xfc\x00\x01\xfe\x00\x01\xf8\x00\x00\xfe\x00\x03\xf8\x00\x00\x7f\x00\x03\xf0\x00\x00\x7f\x00\x07\xf0\x00\x00?\x00\x07\xe0\x00\x00?\x80\x07\xe0\x00\x00\x1f\x80\x07\xe0\x00\x00\x1f\x80\x0f\xc0\x00\x00\x1f\x80\x0f\xc0\x00\x00\x1f\xc0\x0f\xc0\x00\x00\x0f\xc0\x0f\xc0\x00\x00\x0f\xc0\x0f\xc0\x00\x00\x0f\xc0\x0f\xc0\x00\x00\x0f\xc0\x0f\xc0\x00\x00\x0f\xc0\x0f\xc0\x00\x00\x0f\xc0\x0f\xc0\x00\x00\x0f\xc0\x0f\xc0\x00\x00\x0f\xc0\x0f\xc0\x00\x00\x0f\xc0\x0f\xc0\x00\x00\x0f\xc0\x0f\xc0\x00\x00\x0f\xc0\x0f\xc0\x00\x00\x0f\xc0\x0f\xc0\x00\x00\x0f\xc0\x0f\xc0\x00\x00\x0f\xc0\x0f\xe0\x00\x00\x1f\x80\x07\xe0\x00\x00\x1f\x80\x07\xe0\x00\x00\x1f\x80\x07\xe0\x00\x00\x1f\x80\x07\xf0\x00\x00?\x00\x03\xf0\x00\x00?\x00\x03\xf8\x00\x00\x7f\x00\x01\xfc\x00\x00\xfe\x00\x01\xfe\x00\x00\xfe\x00\x00\xff\x00\x03\xfc\x00\x00\x7f\x80\x07\xf8\x00\x00\x7f\xe0\x1f\xf0\x00\x00?\xff\xff\xe0\x00\x00\x0f\xff\xff\xc0\x00\x00\x07\xff\xff\x80\x00\x00\x01\xff\xfe\x00\x00\x00\x00?\xf0\x00\x00\x00\x00\x00\x00\x00\x00\x00\x00\x00\x00\x00\x00\x00\x00\x00\x00\x00\x00\x00\x00\x00\x00\x00\x00\x00\x00\x00\x00\x00\x00\x00\x00\x00\x00\x00\x00\x00\x00\x00\x00\x00\x00\x00\x00\x00\x00\x00\x00\x00\x00\x00\x00\x00\x00\x00\x00\x00\x00\x00\x00\x00\x00\x00\x00\x00\x00\x00\x00\x00\x00\x00\x00\x00\x00\x00\x00\x00\x00.',
  213:b'\x00\x00\x00\x00\x00\x00\x00\x00~\x00\x00\x00\x00\x01\xff\xc1\x00\x00\x00\x03\xff\xff\x80\x00\x00\x07\xff\xff\x80\x00\x00\x0f\xff\xff\xc0\x00\x00\x07\x07\xff\x00\x00\x00\x04\x00\xfc\x00\x00\x00\x00\x00\x00\x00\x00\x00\x00\x00\x00\x00\x00\x00\x00?\xf0\x00\x00\x00\x01\xff\xfe\x00\x00\x00\x07\xff\xff\x80\x00\x00\x0f\xff\xff\xc0\x00\x00?\xff\xff\xe0\x00\x00\x7f\xe0?\xf0\x00\x00\x7f\x80\x07\xf8\x00\x00\xfe\x00\x03\xfc\x00\x01\xfc\x00\x01\xfe\x00\x01\xf8\x00\x00\xfe\x00\x03\xf8\x00\x00\x7f\x00\x03\xf0\x00\x00\x7f\x00\x07\xf0\x00\x00?\x00\x07\xe0\x00\x00?\x80\x07\xe0\x00\x00\x1f\x80\x07\xe0\x00\x00\x1f\x80\x0f\xc0\x00\x00\x1f\x80\x0f\xc0\x00\x00\x1f\xc0\x0f\xc0\x00\x00\x0f\xc0\x0f\xc0\x00\x00\x0f\xc0\x0f\xc0\x00\x00\x0f\xc0\x0f\xc0\x00\x00\x0f\xc0\x0f\xc0\x00\x00\x0f\xc0\x0f\xc0\x00\x00\x0f\xc0\x0f\xc0\x00\x00\x0f\xc0\x0f\xc0\x00\x00\x0f\xc0\x0f\xc0\x00\x00\x0f\xc0\x0f\xc0\x00\x00\x0f\xc0\x0f\xc0\x00\x00\x0f\xc0\x0f\xc0\x00\x00\x0f\xc0\x0f\xc0\x00\x00\x0f\xc0\x0f\xc0\x00\x00\x0f\xc0\x0f\xe0\x00\x00\x1f\x80\x07\xe0\x00\x00\x1f\x80\x07\xe0\x00\x00\x1f\x80\x07\xe0\x00\x00\x1f\x80\x07\xf0\x00\x00?\x00\x03\xf0\x00\x00?\x00\x03\xf8\x00\x00\x7f\x00\x01\xfc\x00\x00\xfe\x00\x01\xfe\x00\x00\xfe\x00\x00\xff\x00\x03\xfc\x00\x00\x7f\x80\x07\xf8\x00\x00\x7f\xe0\x1f\xf0\x00\x00?\xff\xff\xe0\x00\x00\x0f\xff\xff\xc0\x00\x00\x07\xff\xff\x80\x00\x00\x01\xff\xfe\x00\x00\x00\x00?\xf0\x00\x00\x00\x00\x00\x00\x00\x00\x00\x00\x00\x00\x00\x00\x00\x00\x00\x00\x00\x00\x00\x00\x00\x00\x00\x00\x00\x00\x00\x00\x00\x00\x00\x00\x00\x00\x00\x00\x00\x00\x00\x00\x00\x00\x00\x00\x00\x00\x00\x00\x00\x00\x00\x00\x00\x00\x00\x00\x00\x00\x00\x00\x00\x00\x00\x00\x00\x00\x00\x00\x00\x00\x00\x00\x00\x00\x00\x00\x00\x00.',
  214:b'\x00\x00\x00\x00\x00\x00\x00\x00\x00\x00\x00\x00\x00\x03\xc0\x1e\x00\x00\x00\x07\xe0?\x00\x00\x00\x07\xf0?\x80\x00\x00\x07\xf0?\x80\x00\x00\x07\xe0?\x00\x00\x00\x03\xc0\x1e\x00\x00\x00\x00\x00\x00\x00\x00\x00\x00\x00\x00\x00\x00\x00\x00?\xf0\x00\x00\x00\x01\xff\xfe\x00\x00\x00\x07\xff\xff\x80\x00\x00\x0f\xff\xff\xc0\x00\x00?\xff\xff\xe0\x00\x00\x7f\xe0?\xf0\x00\x00\x7f\x80\x07\xf8\x00\x00\xfe\x00\x03\xfc\x00\x01\xfc\x00\x01\xfe\x00\x01\xf8\x00\x00\xfe\x00\x03\xf8\x00\x00\x7f\x00\x03\xf0\x00\x00\x7f\x00\x07\xf0\x00\x00?\x00\x07\xe0\x00\x00?\x80\x07\xe0\x00\x00\x1f\x80\x07\xe0\x00\x00\x1f\x80\x0f\xc0\x00\x00\x1f\x80\x0f\xc0\x00\x00\x1f\xc0\x0f\xc0\x00\x00\x0f\xc0\x0f\xc0\x00\x00\x0f\xc0\x0f\xc0\x00\x00\x0f\xc0\x0f\xc0\x00\x00\x0f\xc0\x0f\xc0\x00\x00\x0f\xc0\x0f\xc0\x00\x00\x0f\xc0\x0f\xc0\x00\x00\x0f\xc0\x0f\xc0\x00\x00\x0f\xc0\x0f\xc0\x00\x00\x0f\xc0\x0f\xc0\x00\x00\x0f\xc0\x0f\xc0\x00\x00\x0f\xc0\x0f\xc0\x00\x00\x0f\xc0\x0f\xc0\x00\x00\x0f\xc0\x0f\xc0\x00\x00\x0f\xc0\x0f\xe0\x00\x00\x1f\x80\x07\xe0\x00\x00\x1f\x80\x07\xe0\x00\x00\x1f\x80\x07\xe0\x00\x00\x1f\x80\x07\xf0\x00\x00?\x00\x03\xf0\x00\x00?\x00\x03\xf8\x00\x00\x7f\x00\x01\xfc\x00\x00\xfe\x00\x01\xfe\x00\x00\xfe\x00\x00\xff\x00\x03\xfc\x00\x00\x7f\x80\x07\xf8\x00\x00\x7f\xe0\x1f\xf0\x00\x00?\xff\xff\xe0\x00\x00\x0f\xff\xff\xc0\x00\x00\x07\xff\xff\x80\x00\x00\x01\xff\xfe\x00\x00\x00\x00?\xf0\x00\x00\x00\x00\x00\x00\x00\x00\x00\x00\x00\x00\x00\x00\x00\x00\x00\x00\x00\x00\x00\x00\x00\x00\x00\x00\x00\x00\x00\x00\x00\x00\x00\x00\x00\x00\x00\x00\x00\x00\x00\x00\x00\x00\x00\x00\x00\x00\x00\x00\x00\x00\x00\x00\x00\x00\x00\x00\x00\x00\x00\x00\x00\x00\x00\x00\x00\x00\x00\x00\x00\x00\x00\x00\x00\x00\x00\x00\x00\x00.',
  215:b'\x00\x00\x00\x00\x00\x00\x00\x00\x00\x00\x00\x00\x00\x00\x00\x00\x00\x00\x00\x00\x00\x00\x00\x00\x00\x00\x00\x00\x00\x00\x00\x00\x00\x00\x00\x00\x00\x00\x00\x00\x00\x00\x00\x00\x00\x00\x00\x00\x00\x00\x00\x00\x00\x00\x00\x00\x00\x00\x00\x00\x00\x00\x00\x00\x00\x00\x00\x00\x00\x00\x00\x00\x00\x00\x00\x00\x00\x00\x00\x00\x00\x00\x00\x00\x00\x00\x00\x00\x00\x00\x00\x00\x00\x00\x00\x00\x00\x00\x00\x00\x00\x00\x00\x00\x00\x00\x00\x00\x00\x00\x00\x00\x00\x00\x00\x00\x80\x00@\x00\x01\xc0\x00\xe0\x00\x03\xe0\x01\xf0\x00\x07\xf0\x03\xf8\x00\x03\xf8\x07\xf0\x00\x01\xfc\x0f\xe0\x00\x00\xfe\x1f\xc0\x00\x00\x7f?\x80\x00\x00?\xff\x00\x00\x00\x1f\xfe\x00\x00\x00\x0f\xfc\x00\x00\x00\x07\xf8\x00\x00\x00\x07\xf8\x00\x00\x00\x0f\xfc\x00\x00\x00\x1f\xfe\x00\x00\x00?\xff\x00\x00\x00\x7f?\x80\x00\x00\xfe\x1f\xc0\x00\x01\xfc\x0f\xe0\x00\x03\xf8\x07\xf0\x00\x07\xf0\x03\xf8\x00\x03\xe0\x01\xf0\x00\x01\xc0\x00\xe0\x00\x00\x80\x00@\x00\x00\x00\x00\x00\x00\x00\x00\x00\x00\x00\x00\x00\x00\x00\x00\x00\x00\x00\x00\x00\x00\x00\x00\x00\x00\x00\x00\x00\x00\x00\x00\x00\x00\x00\x00\x00\x00\x00\x00\x00\x00\x00\x00\x00\x00\x00\x00\x00\x00\x00\x00\x00\x00\x00\x00\x00\x00\x00\x00\x00\x00\x00\x00\x00\x00\x00\x00\x00\x00\x00\x00\x00\x00\x00\x00\x00\x00\x00\x00\x00\x00\x00\x00\x00\x00\x00\x00\x00\x00\x00\x00\x00\x00\x00\x00\x00\x00\x00\x00\x00\x00\x00\x00\x00\x00\x00\x00\x00\x00\x00\x00\x00\x00\x00\x00\x00\x00\x00\x00\x00\x00\x00\x00\x00\x00"',
  216:b'\x00\x00\x00\x00\x00\x00\x00\x00\x00\x00\x00\x00\x00\x00\x00\x00\x00\x00\x00\x00\x00\x00\x00\x00\x00\x00\x00\x00\x00\x00\x00\x00\x00\x00\x00\x00\x00\x00\x00\x00\x00\x00\x00\x00\x00\x00\x00\x00\x00\x00\x00\x00\x00\x00\x00\x00\x00\x00\x00\x00\x00\x00?\xf0\x04\x00\x00\x01\xff\xfe\x07\x00\x00\x07\xff\xff\x8f\x80\x00\x0f\xff\xff\xdf\x00\x00?\xff\xff\xff\x00\x00\x7f\xe0?\xfe\x00\x00\x7f\x80\x07\xfc\x00\x00\xfe\x00\x03\xfc\x00\x01\xfc\x00\x01\xfe\x00\x01\xf8\x00\x01\xfe\x00\x03\xf8\x00\x03\xff\x00\x03\xf0\x00\x03\xff\x00\x07\xf0\x00\x07\xff\x00\x07\xe0\x00\x0f\xbf\x80\x07\xe0\x00\x1f\x9f\x80\x07\xe0\x00\x1f\x1f\x80\x0f\xc0\x00>\x1f\x80\x0f\xc0\x00~\x1f\xc0\x0f\xc0\x00|\x0f\xc0\x0f\xc0\x00\xf8\x0f\xc0\x0f\xc0\x01\xf0\x0f\xc0\x0f\xc0\x01\xf0\x0f\xc0\x0f\xc0\x03\xe0\x0f\xc0\x0f\xc0\x07\xc0\x0f\xc0\x0f\xc0\x0f\xc0\x0f\xc0\x0f\xc0\x0f\x80\x0f\xc0\x0f\xc0\x1f\x00\x0f\xc0\x0f\xc0?\x00\x0f\xc0\x0f\xc0>\x00\x0f\xc0\x0f\xc0|\x00\x0f\xc0\x0f\xc0\xf8\x00\x0f\xc0\x0f\xc0\xf8\x00\x0f\xc0\x0f\xe1\xf0\x00\x1f\x80\x07\xe3\xe0\x00\x1f\x80\x07\xe7\xe0\x00\x1f\x80\x07\xf7\xc0\x00\x1f\x80\x07\xff\x80\x00?\x00\x03\xff\x80\x00?\x00\x03\xff\x00\x00\x7f\x00\x01\xfe\x00\x00\xfe\x00\x01\xfc\x00\x00\xfe\x00\x00\xff\x00\x03\xfc\x00\x00\xff\x80\x07\xf8\x00\x01\xff\xe0\x1f\xf0\x00\x03\xff\xff\xff\xe0\x00\x03\xff\xff\xff\xc0\x00\x07\xc7\xff\xff\x80\x00\x03\xc1\xff\xfe\x00\x00\x00\x80?\xf0\x00\x00\x00\x00\x00\x00\x00\x00\x00\x00\x00\x00\x00\x00\x00\x00\x00\x00\x00\x00\x00\x00\x00\x00\x00\x00\x00\x00\x00\x00\x00\x00\x00\x00\x00\x00\x00\x00\x00\x00\x00\x00\x00\x00\x00\x00\x00\x00\x00\x00\x00\x00\x00\x00\x00\x00\x00\x00\x00\x00\x00\x00\x00\x00\x00\x00\x00\x00\x00\x00\x00\x00\x00\x00\x00\x00\x00\x00\x00\x00.',
  217:b'\x00\x0f\xf0\x00\x00\x00\x00\x0f\xf8\x00\x00\x00\x00\x07\xfc\x00\x00\x00\x00\x01\xfe\x00\x00\x00\x00\x00\x7f\x00\x00\x00\x00\x00?\x80\x00\x00\x00\x00\x0f\xc0\x00\x00\x00\x00\x07\xe0\x00\x00\x00\x00\x00\x00\x00\x00\x00\x00\x00\x00\x00\x00\x00\x00\x00\x00\x00\x00\x03\xe0\x00\x00|\x00\x03\xe0\x00\x00|\x00\x03\xe0\x00\x00|\x00\x03\xe0\x00\x00|\x00\x03\xe0\x00\x00|\x00\x03\xe0\x00\x00|\x00\x03\xe0\x00\x00|\x00\x03\xe0\x00\x00|\x00\x03\xe0\x00\x00|\x00\x03\xe0\x00\x00|\x00\x03\xe0\x00\x00|\x00\x03\xe0\x00\x00|\x00\x03\xe0\x00\x00|\x00\x03\xe0\x00\x00|\x00\x03\xe0\x00\x00|\x00\x03\xe0\x00\x00|\x00\x03\xe0\x00\x00|\x00\x03\xe0\x00\x00|\x00\x03\xe0\x00\x00|\x00\x03\xe0\x00\x00|\x00\x03\xe0\x00\x00|\x00\x03\xe0\x00\x00|\x00\x03\xe0\x00\x00|\x00\x03\xe0\x00\x00|\x00\x03\xe0\x00\x00|\x00\x03\xe0\x00\x00|\x00\x03\xe0\x00\x00|\x00\x03\xe0\x00\x00|\x00\x03\xe0\x00\x00|\x00\x03\xe0\x00\x00|\x00\x03\xe0\x00\x00|\x00\x03\xe0\x00\x00|\x00\x03\xe0\x00\x00|\x00\x03\xe0\x00\x00\xfc\x00\x03\xf0\x00\x00\xfc\x00\x03\xf0\x00\x00\xfc\x00\x03\xf0\x00\x00\xfc\x00\x03\xf0\x00\x00\xf8\x00\x03\xf8\x00\x01\xf8\x00\x01\xfc\x00\x01\xf8\x00\x01\xfc\x00\x03\xf0\x00\x00\xff\x00\x07\xf0\x00\x00\xff\xc0?\xe0\x00\x00\x7f\xff\xff\xc0\x00\x00?\xff\xff\x80\x00\x00\x0f\xff\xff\x00\x00\x00\x03\xff\xfc\x00\x00\x00\x00\x7f\xe0\x00\x00\x00\x00\x00\x00\x00\x00\x00\x00\x00\x00\x00\x00\x00\x00\x00\x00\x00\x00\x00\x00\x00\x00\x00\x00\x00\x00\x00\x00\x00\x00\x00\x00\x00\x00\x00\x00\x00\x00\x00\x00\x00\x00\x00\x00\x00\x00\x00\x00\x00\x00\x00\x00\x00\x00\x00\x00\x00\x00\x00\x00\x00\x00\x00\x00\x00\x00\x00\x00\x00\x00\x00\x00\x00\x00\x00\x00\x00\x00,',
  218:b'\x00\x00\x00?\xc0\x00\x00\x00\x00\x7f\xc0\x00\x00\x00\x00\xff\x00\x00\x00\x00\x01\xfc\x00\x00\x00\x00\x03\xf8\x00\x00\x00\x00\x07\xe0\x00\x00\x00\x00\x0f\x80\x00\x00\x00\x00\x1f\x00\x00\x00\x00\x00 \x00\x00\x00\x00\x00\x00\x00\x00\x00\x00\x00\x00\x00\x00\x00\x03\xe0\x00\x00|\x00\x03\xe0\x00\x00|\x00\x03\xe0\x00\x00|\x00\x03\xe0\x00\x00|\x00\x03\xe0\x00\x00|\x00\x03\xe0\x00\x00|\x00\x03\xe0\x00\x00|\x00\x03\xe0\x00\x00|\x00\x03\xe0\x00\x00|\x00\x03\xe0\x00\x00|\x00\x03\xe0\x00\x00|\x00\x03\xe0\x00\x00|\x00\x03\xe0\x00\x00|\x00\x03\xe0\x00\x00|\x00\x03\xe0\x00\x00|\x00\x03\xe0\x00\x00|\x00\x03\xe0\x00\x00|\x00\x03\xe0\x00\x00|\x00\x03\xe0\x00\x00|\x00\x03\xe0\x00\x00|\x00\x03\xe0\x00\x00|\x00\x03\xe0\x00\x00|\x00\x03\xe0\x00\x00|\x00\x03\xe0\x00\x00|\x00\x03\xe0\x00\x00|\x00\x03\xe0\x00\x00|\x00\x03\xe0\x00\x00|\x00\x03\xe0\x00\x00|\x00\x03\xe0\x00\x00|\x00\x03\xe0\x00\x00|\x00\x03\xe0\x00\x00|\x00\x03\xe0\x00\x00|\x00\x03\xe0\x00\x00|\x00\x03\xe0\x00\x00\xfc\x00\x03\xf0\x00\x00\xfc\x00\x03\xf0\x00\x00\xfc\x00\x03\xf0\x00\x00\xfc\x00\x03\xf0\x00\x00\xf8\x00\x03\xf8\x00\x01\xf8\x00\x01\xfc\x00\x01\xf8\x00\x01\xfc\x00\x03\xf0\x00\x00\xff\x00\x07\xf0\x00\x00\xff\xc0?\xe0\x00\x00\x7f\xff\xff\xc0\x00\x00?\xff\xff\x80\x00\x00\x0f\xff\xff\x00\x00\x00\x03\xff\xfc\x00\x00\x00\x00\x7f\xe0\x00\x00\x00\x00\x00\x00\x00\x00\x00\x00\x00\x00\x00\x00\x00\x00\x00\x00\x00\x00\x00\x00\x00\x00\x00\x00\x00\x00\x00\x00\x00\x00\x00\x00\x00\x00\x00\x00\x00\x00\x00\x00\x00\x00\x00\x00\x00\x00\x00\x00\x00\x00\x00\x00\x00\x00\x00\x00\x00\x00\x00\x00\x00\x00\x00\x00\x00\x00\x00\x00\x00\x00\x00\x00\x00\x00\x00\x00\x00\x00,',
  219:b'\x00\x00\x1f\x80\x00\x00\x00\x00?\xc0\x00\x00\x00\x00\x7f\xe0\x00\x00\x00\x01\xfd\xf8\x00\x00\x00\x03\xf9\xfc\x00\x00\x00\x07\xf0\xfe\x00\x00\x00\x1f\xe0\x7f\x80\x00\x00\x1f\x80\x1f\x80\x00\x00\x00\x00\x00\x00\x00\x00\x00\x00\x00\x00\x00\x00\x00\x00\x00\x00\x00\x03\xe0\x00\x00|\x00\x03\xe0\x00\x00|\x00\x03\xe0\x00\x00|\x00\x03\xe0\x00\x00|\x00\x03\xe0\x00\x00|\x00\x03\xe0\x00\x00|\x00\x03\xe0\x00\x00|\x00\x03\xe0\x00\x00|\x00\x03\xe0\x00\x00|\x00\x03\xe0\x00\x00|\x00\x03\xe0\x00\x00|\x00\x03\xe0\x00\x00|\x00\x03\xe0\x00\x00|\x00\x03\xe0\x00\x00|\x00\x03\xe0\x00\x00|\x00\x03\xe0\x00\x00|\x00\x03\xe0\x00\x00|\x00\x03\xe0\x00\x00|\x00\x03\xe0\x00\x00|\x00\x03\xe0\x00\x00|\x00\x03\xe0\x00\x00|\x00\x03\xe0\x00\x00|\x00\x03\xe0\x00\x00|\x00\x03\xe0\x00\x00|\x00\x03\xe0\x00\x00|\x00\x03\xe0\x00\x00|\x00\x03\xe0\x00\x00|\x00\x03\xe0\x00\x00|\x00\x03\xe0\x00\x00|\x00\x03\xe0\x00\x00|\x00\x03\xe0\x00\x00|\x00\x03\xe0\x00\x00|\x00\x03\xe0\x00\x00|\x00\x03\xe0\x00\x00\xfc\x00\x03\xf0\x00\x00\xfc\x00\x03\xf0\x00\x00\xfc\x00\x03\xf0\x00\x00\xfc\x00\x03\xf0\x00\x00\xf8\x00\x03\xf8\x00\x01\xf8\x00\x01\xfc\x00\x01\xf8\x00\x01\xfc\x00\x03\xf0\x00\x00\xff\x00\x07\xf0\x00\x00\xff\xc0?\xe0\x00\x00\x7f\xff\xff\xc0\x00\x00?\xff\xff\x80\x00\x00\x0f\xff\xff\x00\x00\x00\x03\xff\xfc\x00\x00\x00\x00\x7f\xe0\x00\x00\x00\x00\x00\x00\x00\x00\x00\x00\x00\x00\x00\x00\x00\x00\x00\x00\x00\x00\x00\x00\x00\x00\x00\x00\x00\x00\x00\x00\x00\x00\x00\x00\x00\x00\x00\x00\x00\x00\x00\x00\x00\x00\x00\x00\x00\x00\x00\x00\x00\x00\x00\x00\x00\x00\x00\x00\x00\x00\x00\x00\x00\x00\x00\x00\x00\x00\x00\x00\x00\x00\x00\x00\x00\x00\x00\x00\x00\x00,',
  220:b'\x00\x00\x00\x00\x00\x00\x00\x00\x00\x00\x00\x00\x00\x07\xc0<\x00\x00\x00\x0f\xe0~\x00\x00\x00\x0f\xe0\x7f\x00\x00\x00\x0f\xe0\x7f\x00\x00\x00\x0f\xe0~\x00\x00\x00\x07\xc0<\x00\x00\x00\x00\x00\x00\x00\x00\x00\x00\x00\x00\x00\x00\x00\x00\x00\x00\x00\x00\x03\xe0\x00\x00|\x00\x03\xe0\x00\x00|\x00\x03\xe0\x00\x00|\x00\x03\xe0\x00\x00|\x00\x03\xe0\x00\x00|\x00\x03\xe0\x00\x00|\x00\x03\xe0\x00\x00|\x00\x03\xe0\x00\x00|\x00\x03\xe0\x00\x00|\x00\x03\xe0\x00\x00|\x00\x03\xe0\x00\x00|\x00\x03\xe0\x00\x00|\x00\x03\xe0\x00\x00|\x00\x03\xe0\x00\x00|\x00\x03\xe0\x00\x00|\x00\x03\xe0\x00\x00|\x00\x03\xe0\x00\x00|\x00\x03\xe0\x00\x00|\x00\x03\xe0\x00\x00|\x00\x03\xe0\x00\x00|\x00\x03\xe0\x00\x00|\x00\x03\xe0\x00\x00|\x00\x03\xe0\x00\x00|\x00\x03\xe0\x00\x00|\x00\x03\xe0\x00\x00|\x00\x03\xe0\x00\x00|\x00\x03\xe0\x00\x00|\x00\x03\xe0\x00\x00|\x00\x03\xe0\x00\x00|\x00\x03\xe0\x00\x00|\x00\x03\xe0\x00\x00|\x00\x03\xe0\x00\x00|\x00\x03\xe0\x00\x00|\x00\x03\xe0\x00\x00\xfc\x00\x03\xf0\x00\x00\xfc\x00\x03\xf0\x00\x00\xfc\x00\x03\xf0\x00\x00\xfc\x00\x03\xf0\x00\x00\xf8\x00\x03\xf8\x00\x01\xf8\x00\x01\xfc\x00\x01\xf8\x00\x01\xfc\x00\x03\xf0\x00\x00\xff\x00\x07\xf0\x00\x00\xff\xc0?\xe0\x00\x00\x7f\xff\xff\xc0\x00\x00?\xff\xff\x80\x00\x00\x0f\xff\xff\x00\x00\x00\x03\xff\xfc\x00\x00\x00\x00\x7f\xe0\x00\x00\x00\x00\x00\x00\x00\x00\x00\x00\x00\x00\x00\x00\x00\x00\x00\x00\x00\x00\x00\x00\x00\x00\x00\x00\x00\x00\x00\x00\x00\x00\x00\x00\x00\x00\x00\x00\x00\x00\x00\x00\x00\x00\x00\x00\x00\x00\x00\x00\x00\x00\x00\x00\x00\x00\x00\x00\x00\x00\x00\x00\x00\x00\x00\x00\x00\x00\x00\x00\x00\x00\x00\x00\x00\x00\x00\x00\x00\x00,',
  221:b'\x00\x00\x01\xfe\x00\x00\x00\x03\xfe\x00\x00\x00\x07\xfc\x00\x00\x00\x0f\xf0\x00\x00\x00\x1f\xc0\x00\x00\x00?\x80\x00\x00\x00~\x00\x00\x00\x00\xf8\x00\x00\x00\x00\x00\x00\x00\x00\x00\x00\x00\x00\x00\x00\x00\x00\x00~\x00\x00\x01\xf8\x7f\x00\x00\x03\xf0?\x00\x00\x03\xf0?\x80\x00\x07\xe0\x1f\x80\x00\x07\xe0\x0f\xc0\x00\x0f\xc0\x0f\xe0\x00\x0f\x80\x07\xe0\x00\x1f\x80\x07\xf0\x00\x1f\x00\x03\xf0\x00?\x00\x03\xf8\x00>\x00\x01\xf8\x00~\x00\x01\xfc\x00\xfc\x00\x00\xfc\x00\xfc\x00\x00\xfe\x01\xf8\x00\x00~\x01\xf8\x00\x00?\x03\xf0\x00\x00?\x03\xe0\x00\x00\x1f\x87\xe0\x00\x00\x1f\x87\xc0\x00\x00\x0f\xcf\xc0\x00\x00\x0f\xcf\x80\x00\x00\x07\xef\x80\x00\x00\x07\xef\x00\x00\x00\x03\xff\x00\x00\x00\x03\xfe\x00\x00\x00\x01\xfe\x00\x00\x00\x00\xfc\x00\x00\x00\x00\xfc\x00\x00\x00\x00\xfc\x00\x00\x00\x00\xfc\x00\x00\x00\x00\xfc\x00\x00\x00\x00\xfc\x00\x00\x00\x00\xfc\x00\x00\x00\x00\xfc\x00\x00\x00\x00\xfc\x00\x00\x00\x00\xfc\x00\x00\x00\x00\xfc\x00\x00\x00\x00\xfc\x00\x00\x00\x00\xfc\x00\x00\x00\x00\xfc\x00\x00\x00\x00\xfc\x00\x00\x00\x00\xfc\x00\x00\x00\x00\xfc\x00\x00\x00\x00\xfc\x00\x00\x00\x00\xfc\x00\x00\x00\x00\xfc\x00\x00\x00\x00\x00\x00\x00\x00\x00\x00\x00\x00\x00\x00\x00\x00\x00\x00\x00\x00\x00\x00\x00\x00\x00\x00\x00\x00\x00\x00\x00\x00\x00\x00\x00\x00\x00\x00\x00\x00\x00\x00\x00\x00\x00\x00\x00\x00\x00\x00\x00\x00\x00\x00\x00\x00\x00\x00\x00\x00\x00\x00\x00\x00\x00\x00\x00\x00\x00\x00\x00\x00%',
  222:b'\x00\x00\x00\x00\x00\x00\x00\x00\x00\x00\x00\x00\x00\x00\x00\x00\x00\x00\x00\x00\x00\x00\x00\x00\x00\x00\x00\x00\x00\x00\x00\x00\x00\x00\x00\x00\x00\x00\x00\x00\x00\x00\x00\x00\x00\x00\x00\x00\x00\x00\x00\x00\x00\x00\x00\x03\xe0\x00\x00\x00\x03\xe0\x00\x00\x00\x03\xe0\x00\x00\x00\x03\xe0\x00\x00\x00\x03\xe0\x00\x00\x00\x03\xff\xfe\x00\x00\x03\xff\xff\xc0\x00\x03\xff\xff\xf8\x00\x03\xff\xff\xfc\x00\x03\xff\xff\xfe\x00\x03\xe0\x07\xff\x00\x03\xe0\x00\xff\x80\x03\xe0\x00?\x80\x03\xe0\x00\x1f\xc0\x03\xe0\x00\x0f\xc0\x03\xe0\x00\x0f\xe0\x03\xe0\x00\x07\xe0\x03\xe0\x00\x07\xe0\x03\xe0\x00\x07\xe0\x03\xe0\x00\x07\xe0\x03\xe0\x00\x07\xe0\x03\xe0\x00\x07\xe0\x03\xe0\x00\x07\xe0\x03\xe0\x00\x0f\xe0\x03\xe0\x00\x0f\xc0\x03\xe0\x00\x0f\xc0\x03\xe0\x00\x1f\xc0\x03\xe0\x00?\x80\x03\xe0\x00\xff\x00\x03\xe0\x07\xfe\x00\x03\xff\xff\xfe\x00\x03\xff\xff\xf8\x00\x03\xff\xff\xf0\x00\x03\xff\xff\xc0\x00\x03\xff\xfc\x00\x00\x03\xe0\x00\x00\x00\x03\xe0\x00\x00\x00\x03\xe0\x00\x00\x00\x03\xe0\x00\x00\x00\x03\xe0\x00\x00\x00\x03\xe0\x00\x00\x00\x03\xe0\x00\x00\x00\x03\xe0\x00\x00\x00\x03\xe0\x00\x00\x00\x03\xe0\x00\x00\x00\x03\xe0\x00\x00\x00\x03\xe0\x00\x00\x00\x00\x00\x00\x00\x00\x00\x00\x00\x00\x00\x00\x00\x00\x00\x00\x00\x00\x00\x00\x00\x00\x00\x00\x00\x00\x00\x00\x00\x00\x00\x00\x00\x00\x00\x00\x00\x00\x00\x00\x00\x00\x00\x00\x00\x00\x00\x00\x00\x00\x00\x00\x00\x00\x00\x00\x00\x00\x00\x00\x00\x00\x00\x00\x00\x00\x00\x00\x00\x00\x00%',
  223:b'\x00\x00\x00\x00\x00\x00\x00\x00\x00\x00\x00\x00\x00\x00\x00\x00\x00\x00\x00\x00\x00\x00\x00\x00\x00\x00\x00\x00\x00\x00\x00\x00\x00\x00\x00\x00\x00\x00\x00\x00\x00\x00\x00\x00\x00\x00\x00\x00\x00\x00\x00\x00\x00\x00\x00\x00\x03\xfe\x00\x00\x00\x0f\xff\xc0\x00\x00?\xff\xe0\x00\x00\x7f\xff\xf8\x00\x00\xff\xff\xf8\x00\x00\xff\x03\xfc\x00\x01\xfc\x00\xfe\x00\x01\xf8\x00~\x00\x01\xf8\x00~\x00\x01\xf0\x00>\x00\x01\xf0\x00>\x00\x01\xf0\x00~\x00\x01\xf0\x00~\x00\x7f\xf0\x00\xfc\x00\x7f\xf0\x01\xf8\x00\x7f\xf0\x07\xf0\x00\x7f\xf0\x0f\xe0\x00\x7f\xf0\x1f\xc0\x00\x01\xf0?\x80\x00\x01\xf0?\x00\x00\x01\xf0>\x00\x00\x01\xf0>\x00\x00\x01\xf0>\x00\x00\x01\xf0>\x00\x00\x01\xf0?\x80\x00\x01\xf0?\xc0\x00\x01\xf0\x1f\xf8\x00\x01\xf0\x0f\xfe\x00\x01\xf0\x07\xff\x80\x01\xf0\x01\xff\xc0\x01\xf0\x00?\xe0\x01\xf0\x00\x0f\xe0\x01\xf0\x00\x07\xf0\x01\xf0\x00\x03\xf0\x01\xf0\x00\x01\xf8\x01\xf0\x00\x01\xf8\x01\xf0\x00\x01\xf8\x01\xf0\x00\x01\xf8\x01\xf0\x00\x01\xf0\x01\xf0\x00\x03\xf0\x01\xf0\x00\x03\xf0\x01\xf0@\x07\xf0\x01\xf0p\x1f\xe0\x01\xf0\x7f\xff\xc0\x01\xf0\x7f\xff\x80\x01\xf0\xff\xff\x00\x01\xf0\x7f\xfe\x00\x00\x00\x0f\xf0\x00\x00\x00\x00\x00\x00\x00\x00\x00\x00\x00\x00\x00\x00\x00\x00\x00\x00\x00\x00\x00\x00\x00\x00\x00\x00\x00\x00\x00\x00\x00\x00\x00\x00\x00\x00\x00\x00\x00\x00\x00\x00\x00\x00\x00\x00\x00\x00\x00\x00\x00\x00\x00\x00\x00\x00\x00\x00\x00\x00\x00\x00\x00\x00\x00\x00(',
  224:b'\x00\x00\x00\x00\x00\x00\x00\x00\x00\x00\x00\x00\x00\x00\x00\x00\x00\x00\x00\x00\x00\x00\x00\x00\x00\x00\x00\x00\x00\x00\x00\x00\x00\x00\x00\x00\x00\x00\x00\x00\x00\x00\x00\x00\x00\x00\x00\x00\x00\x00\x00?\x00\x00\x00\x00?\x80\x00\x00\x00\x1f\x80\x00\x00\x00\x0f\xc0\x00\x00\x00\x0f\xc0\x00\x00\x00\x07\xc0\x00\x00\x00\x03\xe0\x00\x00\x00\x01\xe0\x00\x00\x00\x00\xf0\x00\x00\x00\x00p\x00\x00\x00\x00\x00\x00\x00\x00\x00\x00\x00\x00\x00\x00\x00\x00\x00\x00\x00\x00\x00\x00\x00\x0f\xfc\x00\x00\x00\xff\xff\x00\x00\x03\xff\xff\xc0\x00\x07\xff\xff\xe0\x00\x07\xff\xff\xe0\x00\x07\xf0\x0f\xf0\x00\x03\x80\x03\xf0\x00\x02\x00\x03\xf0\x00\x00\x00\x01\xf0\x00\x00\x00\x01\xf0\x00\x00\x00\x01\xf0\x00\x00\x00\x01\xf0\x00\x00\x00\x01\xf0\x00\x00\x00\x01\xf0\x00\x00\x00\x01\xf0\x00\x00\x07\xff\xf0\x00\x00\x7f\xff\xf0\x00\x01\xff\xff\xf0\x00\x07\xff\xff\xf0\x00\x0f\xff\xff\xf0\x00\x0f\xf8\x01\xf0\x00\x1f\xc0\x01\xf0\x00\x1f\x80\x01\xf0\x00\x1f\x00\x01\xf0\x00\x1f\x00\x01\xf0\x00\x1f\x00\x01\xf0\x00\x1f\x00\x03\xf0\x00\x1f\x80\x07\xf0\x00\x1f\xc0\x0f\xf0\x00\x1f\xe0?\xf0\x00\x0f\xff\xfe\xf0\x00\x07\xff\xfc\xf0\x00\x03\xff\xf8\xf0\x00\x01\xff\xe0x\x00\x00\x7f\x80\x00\x00\x00\x00\x00\x00\x00\x00\x00\x00\x00\x00\x00\x00\x00\x00\x00\x00\x00\x00\x00\x00\x00\x00\x00\x00\x00\x00\x00\x00\x00\x00\x00\x00\x00\x00\x00\x00\x00\x00\x00\x00\x00\x00\x00\x00\x00\x00\x00\x00\x00\x00\x00\x00\x00\x00\x00\x00\x00\x00\x00\x00\x00\x00\x00\x00\x00!',
  225:b'\x00\x00\x00\x00\x00\x00\x00\x00\x00\x00\x00\x00\x00\x00\x00\x00\x00\x00\x00\x00\x00\x00\x00\x00\x00\x00\x00\x00\x00\x00\x00\x00\x00\x00\x00\x00\x00\x00\x00\x00\x00\x00\x00\x00\x00\x00\x00\x00\x00\x00\x00\x00\xfc\x00\x00\x00\x01\xfc\x00\x00\x00\x01\xf8\x00\x00\x00\x01\xf0\x00\x00\x00\x03\xe0\x00\x00\x00\x03\xe0\x00\x00\x00\x07\xc0\x00\x00\x00\x07\x80\x00\x00\x00\x07\x00\x00\x00\x00\x0f\x00\x00\x00\x00\x00\x00\x00\x00\x00\x00\x00\x00\x00\x00\x00\x00\x00\x00\x00\x00\x00\x00\x00\x00\x0f\xfc\x00\x00\x00\xff\xff\x00\x00\x03\xff\xff\xc0\x00\x07\xff\xff\xe0\x00\x07\xff\xff\xe0\x00\x07\xf0\x0f\xf0\x00\x03\x80\x03\xf0\x00\x02\x00\x03\xf0\x00\x00\x00\x01\xf0\x00\x00\x00\x01\xf0\x00\x00\x00\x01\xf0\x00\x00\x00\x01\xf0\x00\x00\x00\x01\xf0\x00\x00\x00\x01\xf0\x00\x00\x00\x01\xf0\x00\x00\x07\xff\xf0\x00\x00\x7f\xff\xf0\x00\x01\xff\xff\xf0\x00\x07\xff\xff\xf0\x00\x0f\xff\xff\xf0\x00\x0f\xf8\x01\xf0\x00\x1f\xc0\x01\xf0\x00\x1f\x80\x01\xf0\x00\x1f\x00\x01\xf0\x00\x1f\x00\x01\xf0\x00\x1f\x00\x01\xf0\x00\x1f\x00\x03\xf0\x00\x1f\x80\x07\xf0\x00\x1f\xc0\x0f\xf0\x00\x1f\xe0?\xf0\x00\x0f\xff\xfe\xf0\x00\x07\xff\xfc\xf0\x00\x03\xff\xf8\xf0\x00\x01\xff\xe0x\x00\x00\x7f\x80\x00\x00\x00\x00\x00\x00\x00\x00\x00\x00\x00\x00\x00\x00\x00\x00\x00\x00\x00\x00\x00\x00\x00\x00\x00\x00\x00\x00\x00\x00\x00\x00\x00\x00\x00\x00\x00\x00\x00\x00\x00\x00\x00\x00\x00\x00\x00\x00\x00\x00\x00\x00\x00\x00\x00\x00\x00\x00\x00\x00\x00\x00\x00\x00\x00\x00\x00!',
  226:b'\x00\x00\x00\x00\x00\x00\x00\x00\x00\x00\x00\x00\x00\x00\x00\x00\x00\x00\x00\x00\x00\x00\x00\x00\x00\x00\x00\x00\x00\x00\x00\x00\x00\x00\x00\x00\x00\x00\x00\x00\x00\x00\x00\x00\x00\x00\x00\xc0\x00\x00\x00\x01\xe0\x00\x00\x00\x03\xf0\x00\x00\x00\x03\xf0\x00\x00\x00\x07\xf8\x00\x00\x00\x0f|\x00\x00\x00\x0f<\x00\x00\x00\x1e>\x00\x00\x00>\x1e\x00\x00\x00|\x1f\x00\x00\x00x\x0f\x80\x00\x00\xf8\x0f\x80\x00\x00\x00\x00@\x00\x00\x00\x00\x00\x00\x00\x00\x00\x00\x00\x00\x0f\xfc\x00\x00\x00\xff\xff\x00\x00\x03\xff\xff\xc0\x00\x07\xff\xff\xe0\x00\x07\xff\xff\xe0\x00\x07\xf0\x0f\xf0\x00\x03\x80\x03\xf0\x00\x02\x00\x03\xf0\x00\x00\x00\x01\xf0\x00\x00\x00\x01\xf0\x00\x00\x00\x01\xf0\x00\x00\x00\x01\xf0\x00\x00\x00\x01\xf0\x00\x00\x00\x01\xf0\x00\x00\x00\x01\xf0\x00\x00\x07\xff\xf0\x00\x00\x7f\xff\xf0\x00\x01\xff\xff\xf0\x00\x07\xff\xff\xf0\x00\x0f\xff\xff\xf0\x00\x0f\xf8\x01\xf0\x00\x1f\xc0\x01\xf0\x00\x1f\x80\x01\xf0\x00\x1f\x00\x01\xf0\x00\x1f\x00\x01\xf0\x00\x1f\x00\x01\xf0\x00\x1f\x00\x03\xf0\x00\x1f\x80\x07\xf0\x00\x1f\xc0\x0f\xf0\x00\x1f\xe0?\xf0\x00\x0f\xff\xfe\xf0\x00\x07\xff\xfc\xf0\x00\x03\xff\xf8\xf0\x00\x01\xff\xe0x\x00\x00\x7f\x80\x00\x00\x00\x00\x00\x00\x00\x00\x00\x00\x00\x00\x00\x00\x00\x00\x00\x00\x00\x00\x00\x00\x00\x00\x00\x00\x00\x00\x00\x00\x00\x00\x00\x00\x00\x00\x00\x00\x00\x00\x00\x00\x00\x00\x00\x00\x00\x00\x00\x00\x00\x00\x00\x00\x00\x00\x00\x00\x00\x00\x00\x00\x00\x00\x00\x00\x00!',
  227:b'\x00\x00\x00\x00\x00\x00\x00\x00\x00\x00\x00\x00\x00\x00\x00\x00\x00\x00\x00\x00\x00\x00\x00\x00\x00\x00\x00\x00\x00\x00\x00\x00\x00\x00\x00\x00\x00\x00\x00\x00\x00\x00\x00\x00\x00\x00\x0f\x00\x00\x00\x00?\xc0\x80\x00\x00\x7f\xe1\x80\x00\x00\xff\xff\xc0\x00\x01\xff\xff\xc0\x00\x00\xe1\xff\x80\x00\x00\x80\xff\x00\x00\x00\x00<\x00\x00\x00\x00\x00\x00\x00\x00\x00\x00\x00\x00\x00\x00\x00\x00\x00\x00\x00\x00\x00\x00\x00\x00\x00\x00\x00\x00\x00\x00\x00\x00\x00\x00\x00\x00\x00\x00\x0f\xfc\x00\x00\x00\xff\xff\x00\x00\x03\xff\xff\xc0\x00\x07\xff\xff\xe0\x00\x07\xff\xff\xe0\x00\x07\xf0\x0f\xf0\x00\x03\x80\x03\xf0\x00\x02\x00\x03\xf0\x00\x00\x00\x01\xf0\x00\x00\x00\x01\xf0\x00\x00\x00\x01\xf0\x00\x00\x00\x01\xf0\x00\x00\x00\x01\xf0\x00\x00\x00\x01\xf0\x00\x00\x00\x01\xf0\x00\x00\x07\xff\xf0\x00\x00\x7f\xff\xf0\x00\x01\xff\xff\xf0\x00\x07\xff\xff\xf0\x00\x0f\xff\xff\xf0\x00\x0f\xf8\x01\xf0\x00\x1f\xc0\x01\xf0\x00\x1f\x80\x01\xf0\x00\x1f\x00\x01\xf0\x00\x1f\x00\x01\xf0\x00\x1f\x00\x01\xf0\x00\x1f\x00\x03\xf0\x00\x1f\x80\x07\xf0\x00\x1f\xc0\x0f\xf0\x00\x1f\xe0?\xf0\x00\x0f\xff\xfe\xf0\x00\x07\xff\xfc\xf0\x00\x03\xff\xf8\xf0\x00\x01\xff\xe0x\x00\x00\x7f\x80\x00\x00\x00\x00\x00\x00\x00\x00\x00\x00\x00\x00\x00\x00\x00\x00\x00\x00\x00\x00\x00\x00\x00\x00\x00\x00\x00\x00\x00\x00\x00\x00\x00\x00\x00\x00\x00\x00\x00\x00\x00\x00\x00\x00\x00\x00\x00\x00\x00\x00\x00\x00\x00\x00\x00\x00\x00\x00\x00\x00\x00\x00\x00\x00\x00\x00\x00!',
  228:b'\x00\x00\x00\x00\x00\x00\x00\x00\x00\x00\x00\x00\x00\x00\x00\x00\x00\x00\x00\x00\x00\x00\x00\x00\x00\x00\x00\x00\x00\x00\x00\x00\x00\x00\x00\x00\x00\x00\x00\x00\x00\x00\x00\x00\x00\x00\x00\x00\x00\x00\x00\x00\x00\x00\x00\x00p\x07\x80\x00\x00\xf8\x0f\xc0\x00\x01\xf8\x0f\xc0\x00\x01\xfc\x0f\xe0\x00\x01\xfc\x0f\xc0\x00\x00\xf8\x0f\xc0\x00\x00\xf0\x07\x80\x00\x00\x00\x00\x00\x00\x00\x00\x00\x00\x00\x00\x00\x00\x00\x00\x00\x00\x00\x00\x00\x00\x00\x00\x00\x00\x00\x00\x00\x00\x00\x00\x0f\xfc\x00\x00\x00\xff\xff\x00\x00\x03\xff\xff\xc0\x00\x07\xff\xff\xe0\x00\x07\xff\xff\xe0\x00\x07\xf0\x0f\xf0\x00\x03\x80\x03\xf0\x00\x02\x00\x03\xf0\x00\x00\x00\x01\xf0\x00\x00\x00\x01\xf0\x00\x00\x00\x01\xf0\x00\x00\x00\x01\xf0\x00\x00\x00\x01\xf0\x00\x00\x00\x01\xf0\x00\x00\x00\x01\xf0\x00\x00\x07\xff\xf0\x00\x00\x7f\xff\xf0\x00\x01\xff\xff\xf0\x00\x07\xff\xff\xf0\x00\x0f\xff\xff\xf0\x00\x0f\xf8\x01\xf0\x00\x1f\xc0\x01\xf0\x00\x1f\x80\x01\xf0\x00\x1f\x00\x01\xf0\x00\x1f\x00\x01\xf0\x00\x1f\x00\x01\xf0\x00\x1f\x00\x03\xf0\x00\x1f\x80\x07\xf0\x00\x1f\xc0\x0f\xf0\x00\x1f\xe0?\xf0\x00\x0f\xff\xfe\xf0\x00\x07\xff\xfc\xf0\x00\x03\xff\xf8\xf0\x00\x01\xff\xe0x\x00\x00\x7f\x80\x00\x00\x00\x00\x00\x00\x00\x00\x00\x00\x00\x00\x00\x00\x00\x00\x00\x00\x00\x00\x00\x00\x00\x00\x00\x00\x00\x00\x00\x00\x00\x00\x00\x00\x00\x00\x00\x00\x00\x00\x00\x00\x00\x00\x00\x00\x00\x00\x00\x00\x00\x00\x00\x00\x00\x00\x00\x00\x00\x00\x00\x00\x00\x00\x00\x00\x00!',
  229:b'\x00\x00\x00\x00\x00\x00\x00\x00\x00\x00\x00\x00\x00\x00\x00\x00\x00\x00\x00\x00\x00\x00\x00\x00\x00\x00\x00\x00\x00\x00\x00\x00\x00\x00\x00\x00\x00\x00\x00\x00\x00\x00\x00\x00\x00\x00\x03\xf0\x00\x00\x00\x0f\xf8\x00\x00\x00\x1f\xfc\x00\x00\x00\x1e>\x00\x00\x00<\x1e\x00\x00\x00<\x0e\x00\x00\x00<\x0e\x00\x00\x00<\x1e\x00\x00\x00\x1e>\x00\x00\x00\x1f\xfc\x00\x00\x00\x0f\xf8\x00\x00\x00\x03\xe0\x00\x00\x00\x00\x00\x00\x00\x00\x00\x00\x00\x00\x00\x00\x00\x00\x00\x00\x0f\xfc\x00\x00\x00\xff\xff\x00\x00\x03\xff\xff\xc0\x00\x07\xff\xff\xe0\x00\x07\xff\xff\xe0\x00\x07\xf0\x0f\xf0\x00\x03\x80\x03\xf0\x00\x02\x00\x03\xf0\x00\x00\x00\x01\xf0\x00\x00\x00\x01\xf0\x00\x00\x00\x01\xf0\x00\x00\x00\x01\xf0\x00\x00\x00\x01\xf0\x00\x00\x00\x01\xf0\x00\x00\x00\x01\xf0\x00\x00\x07\xff\xf0\x00\x00\x7f\xff\xf0\x00\x01\xff\xff\xf0\x00\x07\xff\xff\xf0\x00\x0f\xff\xff\xf0\x00\x0f\xf8\x01\xf0\x00\x1f\xc0\x01\xf0\x00\x1f\x80\x01\xf0\x00\x1f\x00\x01\xf0\x00\x1f\x00\x01\xf0\x00\x1f\x00\x01\xf0\x00\x1f\x00\x03\xf0\x00\x1f\x80\x07\xf0\x00\x1f\xc0\x0f\xf0\x00\x1f\xe0?\xf0\x00\x0f\xff\xfe\xf0\x00\x07\xff\xfc\xf0\x00\x03\xff\xf8\xf0\x00\x01\xff\xe0x\x00\x00\x7f\x80\x00\x00\x00\x00\x00\x00\x00\x00\x00\x00\x00\x00\x00\x00\x00\x00\x00\x00\x00\x00\x00\x00\x00\x00\x00\x00\x00\x00\x00\x00\x00\x00\x00\x00\x00\x00\x00\x00\x00\x00\x00\x00\x00\x00\x00\x00\x00\x00\x00\x00\x00\x00\x00\x00\x00\x00\x00\x00\x00\x00\x00\x00\x00\x00\x00\x00\x00!',
  230:b'\x00\x00\x00\x00\x00\x00\x00\x00\x00\x00\x00\x00\x00\x00\x00\x00\x00\x00\x00\x00\x00\x00\x00\x00\x00\x00\x00\x00\x00\x00\x00\x00\x00\x00\x00\x00\x00\x00\x00\x00\x00\x00\x00\x00\x00\x00\x00\x00\x00\x00\x00\x00\x00\x00\x00\x00\x00\x00\x00\x00\x00\x00\x00\x00\x00\x00\x00\x00\x00\x00\x00\x00\x00\x00\x00\x00\x00\x00\x00\x00\x00\x00\x00\x00\x00\x00\x00\x00\x00\x00\x00\x00\x00\x00\x00\x00\x00\x00\x00\x00\x00\x00\x00\x00\x00\x00\x00\x00\x00\x00\x00\x00\x00\x00\x00\x00\x00\x00\x00\x00\x00\x00\x00\x00\x00\x00\x00\x00\x00\x00\x00\x00\x00\x00\x00\x00\x00\x00\x00\x00\x00\x00\x00\x00\x00\x00\x00\x00\x00\x00\x00\x00\x00\x00\x00\x00\x00\x00\x00\x00\x00\x00\x00\x00\x00\x00\x00\x00\x00\x0f\xfc\x00\x7f\xc0\x00\x00\xff\xff\x03\xff\xf0\x00\x03\xff\xff\x87\xff\xfc\x00\x07\xff\xff\xcf\xff\xfe\x00\x07\xff\xff\xff\xff\xff\x00\x07\xf0\x0f\xff\xc0\xff\x00\x03\x80\x03\xff\x00?\x80\x02\x00\x03\xfe\x00\x1f\x80\x00\x00\x01\xfc\x00\x0f\x80\x00\x00\x01\xf8\x00\x0f\xc0\x00\x00\x01\xf8\x00\x07\xc0\x00\x00\x01\xf8\x00\x07\xc0\x00\x00\x01\xf0\x00\x07\xc0\x00\x00\x01\xf0\x00\x07\xc0\x00\x00\x01\xff\xff\xff\xc0\x00\x07\xff\xff\xff\xff\xc0\x00\x7f\xff\xff\xff\xff\xc0\x01\xff\xff\xff\xff\xff\xc0\x07\xff\xff\xff\xff\xff\xc0\x0f\xff\xff\xf0\x00\x00\x00\x0f\xf8\x01\xf0\x00\x00\x00\x1f\xc0\x01\xf0\x00\x00\x00\x1f\x80\x01\xf0\x00\x00\x00\x1f\x00\x01\xf8\x00\x00\x00\x1f\x00\x01\xf8\x00\x00\x00\x1f\x00\x01\xf8\x00\x00\x00\x1f\x00\x03\xfc\x00\x00\x00\x1f\x80\x07\xfe\x00\x02\x00\x1f\xc0\x0f\xff\x00\x06\x00\x1f\xe0?\x7f\xe0?\x00\x0f\xff\xfe?\xff\xff\x00\x07\xff\xfc\x1f\xff\xff\x80\x03\xff\xf8\x0f\xff\xff\x00\x01\xff\xe0\x03\xff\xfc\x00\x00\x7f\x80\x00\x7f\xe0\x00\x00\x00\x00\x00\x00\x00\x00\x00\x00\x00\x00\x00\x00\x00\x00\x00\x00\x00\x00\x00\x00\x00\x00\x00\x00\x00\x00\x00\x00\x00\x00\x00\x00\x00\x00\x00\x00\x00\x00\x00\x00\x00\x00\x00\x00\x00\x00\x00\x00\x00\x00\x00\x00\x00\x00\x00\x00\x00\x00\x00\x00\x00\x00\x00\x00\x00\x00\x00\x00\x00\x00\x00\x00\x00\x00\x00\x00\x00\x00\x00\x00\x00\x00\x00\x00\x00\x00\x00\x00\x00\x005',
  231:b'\x00\x00\x00\x00\x00\x00\x00\x00\x00\x00\x00\x00\x00\x00\x00\x00\x00\x00\x00\x00\x00\x00\x00\x00\x00\x00\x00\x00\x00\x00\x00\x00\x00\x00\x00\x00\x00\x00\x00\x00\x00\x00\x00\x00\x00\x00\x00\x00\x00\x00\x00\x00\x00\x00\x00\x00\x00\x00\x00\x00\x00\x00\x00\x00\x00\x00\x00\x00\x00\x00\x00\x00\x00\x00\x00\x00\x00\x00\x00\x00\x00\x00\x00\x00\x00\x00\x00\x00\x00\x00\x00\x00\x00\x00\x00\x00\x00\x03\xfe\x00\x00\x1f\xff\xc0\x00\x7f\xff\xe0\x00\xff\xff\xe0\x01\xff\xff\xe0\x03\xfe\x03\xc0\x03\xf8\x00@\x07\xf0\x00\x00\x07\xe0\x00\x00\x0f\xc0\x00\x00\x0f\xc0\x00\x00\x0f\xc0\x00\x00\x0f\x80\x00\x00\x0f\x80\x00\x00\x1f\x80\x00\x00\x1f\x80\x00\x00\x1f\x80\x00\x00\x1f\x80\x00\x00\x1f\x80\x00\x00\x1f\x80\x00\x00\x1f\x80\x00\x00\x1f\x80\x00\x00\x0f\x80\x00\x00\x0f\xc0\x00\x00\x0f\xc0\x00\x00\x0f\xe0\x00\x00\x07\xe0\x00\x00\x07\xf0\x00@\x07\xf8\x00\xe0\x03\xfe\x03\xe0\x01\xff\xff\xe0\x00\xff\xff\xf0\x00\x7f\xff\xe0\x00?\xff\x80\x00\x07\xfe\x00\x00\x00\xf0\x00\x00\x01\xe0\x00\x00\x01\xf0\x00\x00\x03\xfc\x00\x00\x03\xfe\x00\x00\x04\xff\x00\x00\x00\x1f\x00\x00\x00\x1f\x00\x00\x00\x1f\x00\x00\x00>\x00\x00\x07\xfe\x00\x00\x07\xfc\x00\x00\x07\xf0\x00\x1e',
  232:b'\x00\x00\x00\x00\x00\x00\x00\x00\x00\x00\x00\x00\x00\x00\x00\x00\x00\x00\x00\x00\x00\x00\x00\x00\x00\x00\x00\x00\x00\x00\x00\x00\x00\x00\x00\x00\x00\x00\x00\x00\x00\x00\x00\x00\x00\x00\x00\x00\x00\x00\x00\x1f\xc0\x00\x00\x00\x1f\xc0\x00\x00\x00\x0f\xe0\x00\x00\x00\x07\xe0\x00\x00\x00\x03\xf0\x00\x00\x00\x01\xf0\x00\x00\x00\x00\xf8\x00\x00\x00\x00x\x00\x00\x00\x008\x00\x00\x00\x00\x1c\x00\x00\x00\x00\x00\x00\x00\x00\x00\x00\x00\x00\x00\x00\x00\x00\x00\x00\x00\x00\x00\x00\x00\x03\xfc\x00\x00\x00\x1f\xff\x80\x00\x00\x7f\xff\xe0\x00\x00\xff\xff\xf0\x00\x01\xff\xff\xf0\x00\x03\xfe\x07\xf8\x00\x03\xf8\x01\xfc\x00\x07\xe0\x00\xfc\x00\x07\xe0\x00|\x00\x0f\xc0\x00|\x00\x0f\xc0\x00~\x00\x0f\x80\x00~\x00\x0f\x80\x00~\x00\x0f\x80\x00>\x00\x1f\xff\xff\xfe\x00\x1f\xff\xff\xfe\x00\x1f\xff\xff\xfe\x00\x1f\xff\xff\xfe\x00\x1f\xff\xff\xfc\x00\x1f\x80\x00\x00\x00\x1f\x80\x00\x00\x00\x0f\x80\x00\x00\x00\x0f\x80\x00\x00\x00\x0f\x80\x00\x00\x00\x0f\xc0\x00\x00\x00\x0f\xc0\x00\x00\x00\x07\xe0\x00\x00\x00\x07\xf0\x00\x10\x00\x03\xf8\x000\x00\x03\xfe\x01\xf8\x00\x01\xff\xff\xf8\x00\x00\xff\xff\xf8\x00\x00\x7f\xff\xfc\x00\x00\x1f\xff\xe0\x00\x00\x03\xfe\x00\x00\x00\x00\x00\x00\x00\x00\x00\x00\x00\x00\x00\x00\x00\x00\x00\x00\x00\x00\x00\x00\x00\x00\x00\x00\x00\x00\x00\x00\x00\x00\x00\x00\x00\x00\x00\x00\x00\x00\x00\x00\x00\x00\x00\x00\x00\x00\x00\x00\x00\x00\x00\x00\x00\x00\x00\x00\x00\x00\x00\x00\x00\x00\x00\x00\x00"',
  233:b'\x00\x00\x00\x00\x00\x00\x00\x00\x00\x00\x00\x00\x00\x00\x00\x00\x00\x00\x00\x00\x00\x00\x00\x00\x00\x00\x00\x00\x00\x00\x00\x00\x00\x00\x00\x00\x00\x00\x00\x00\x00\x00\x00\x00\x00\x00\x00\x00\x00\x00\x00\x00\x1f\x80\x00\x00\x00\x1f\x80\x00\x00\x00\x1f\x80\x00\x00\x00?\x00\x00\x00\x00>\x00\x00\x00\x00|\x00\x00\x00\x00x\x00\x00\x00\x00x\x00\x00\x00\x00\xf0\x00\x00\x00\x00\xe0\x00\x00\x00\x00\x00\x00\x00\x00\x00\x00\x00\x00\x00\x00\x00\x00\x00\x00\x00\x00\x00\x00\x00\x03\xfc\x00\x00\x00\x1f\xff\x80\x00\x00\x7f\xff\xe0\x00\x00\xff\xff\xf0\x00\x01\xff\xff\xf0\x00\x03\xfe\x07\xf8\x00\x03\xf8\x01\xfc\x00\x07\xe0\x00\xfc\x00\x07\xe0\x00|\x00\x0f\xc0\x00|\x00\x0f\xc0\x00~\x00\x0f\x80\x00~\x00\x0f\x80\x00~\x00\x0f\x80\x00>\x00\x1f\xff\xff\xfe\x00\x1f\xff\xff\xfe\x00\x1f\xff\xff\xfe\x00\x1f\xff\xff\xfe\x00\x1f\xff\xff\xfc\x00\x1f\x80\x00\x00\x00\x1f\x80\x00\x00\x00\x0f\x80\x00\x00\x00\x0f\x80\x00\x00\x00\x0f\x80\x00\x00\x00\x0f\xc0\x00\x00\x00\x0f\xc0\x00\x00\x00\x07\xe0\x00\x00\x00\x07\xf0\x00\x10\x00\x03\xf8\x000\x00\x03\xfe\x01\xf8\x00\x01\xff\xff\xf8\x00\x00\xff\xff\xf8\x00\x00\x7f\xff\xfc\x00\x00\x1f\xff\xe0\x00\x00\x03\xfe\x00\x00\x00\x00\x00\x00\x00\x00\x00\x00\x00\x00\x00\x00\x00\x00\x00\x00\x00\x00\x00\x00\x00\x00\x00\x00\x00\x00\x00\x00\x00\x00\x00\x00\x00\x00\x00\x00\x00\x00\x00\x00\x00\x00\x00\x00\x00\x00\x00\x00\x00\x00\x00\x00\x00\x00\x00\x00\x00\x00\x00\x00\x00\x00\x00\x00\x00"',
  234:b'\x00\x00\x00\x00\x00\x00\x00\x00\x00\x00\x00\x00\x00\x00\x00\x00\x00\x00\x00\x00\x00\x00\x00\x00\x00\x00\x00\x00\x00\x00\x00\x00\x00\x00\x00\x00\x00\x00\x00\x00\x00\x00\x00\x00\x00\x00\x00\xe0\x00\x00\x00\x01\xe0\x00\x00\x00\x01\xf0\x00\x00\x00\x03\xf8\x00\x00\x00\x07\xf8\x00\x00\x00\x07\xbc\x00\x00\x00\x0f>\x00\x00\x00\x1f>\x00\x00\x00\x1e\x1f\x00\x00\x00<\x0f\x00\x00\x00|\x0f\x80\x00\x00x\x07\xc0\x00\x00\x80\x00\x00\x00\x00\x00\x00\x00\x00\x00\x00\x00\x00\x00\x00\x03\xfc\x00\x00\x00\x1f\xff\x80\x00\x00\x7f\xff\xe0\x00\x00\xff\xff\xf0\x00\x01\xff\xff\xf0\x00\x03\xfe\x07\xf8\x00\x03\xf8\x01\xfc\x00\x07\xe0\x00\xfc\x00\x07\xe0\x00|\x00\x0f\xc0\x00|\x00\x0f\xc0\x00~\x00\x0f\x80\x00~\x00\x0f\x80\x00~\x00\x0f\x80\x00>\x00\x1f\xff\xff\xfe\x00\x1f\xff\xff\xfe\x00\x1f\xff\xff\xfe\x00\x1f\xff\xff\xfe\x00\x1f\xff\xff\xfc\x00\x1f\x80\x00\x00\x00\x1f\x80\x00\x00\x00\x0f\x80\x00\x00\x00\x0f\x80\x00\x00\x00\x0f\x80\x00\x00\x00\x0f\xc0\x00\x00\x00\x0f\xc0\x00\x00\x00\x07\xe0\x00\x00\x00\x07\xf0\x00\x10\x00\x03\xf8\x000\x00\x03\xfe\x01\xf8\x00\x01\xff\xff\xf8\x00\x00\xff\xff\xf8\x00\x00\x7f\xff\xfc\x00\x00\x1f\xff\xe0\x00\x00\x03\xfe\x00\x00\x00\x00\x00\x00\x00\x00\x00\x00\x00\x00\x00\x00\x00\x00\x00\x00\x00\x00\x00\x00\x00\x00\x00\x00\x00\x00\x00\x00\x00\x00\x00\x00\x00\x00\x00\x00\x00\x00\x00\x00\x00\x00\x00\x00\x00\x00\x00\x00\x00\x00\x00\x00\x00\x00\x00\x00\x00\x00\x00\x00\x00\x00\x00\x00\x00"',
  235:b'\x00\x00\x00\x00\x00\x00\x00\x00\x00\x00\x00\x00\x00\x00\x00\x00\x00\x00\x00\x00\x00\x00\x00\x00\x00\x00\x00\x00\x00\x00\x00\x00\x00\x00\x00\x00\x00\x00\x00\x00\x00\x00\x00\x00\x00\x00\x00\x00\x00\x00\x00\x00\x00\x00\x00\x00x\x03\xc0\x00\x00\xfc\x07\xe0\x00\x00\xfc\x07\xe0\x00\x00\xfe\x07\xe0\x00\x00\xfc\x07\xe0\x00\x00\xfc\x07\xe0\x00\x00x\x03\xc0\x00\x00\x00\x00\x00\x00\x00\x00\x00\x00\x00\x00\x00\x00\x00\x00\x00\x00\x00\x00\x00\x00\x00\x00\x00\x00\x00\x00\x00\x00\x00\x00\x03\xfc\x00\x00\x00\x1f\xff\x80\x00\x00\x7f\xff\xe0\x00\x00\xff\xff\xf0\x00\x01\xff\xff\xf0\x00\x03\xfe\x07\xf8\x00\x03\xf8\x01\xfc\x00\x07\xe0\x00\xfc\x00\x07\xe0\x00|\x00\x0f\xc0\x00|\x00\x0f\xc0\x00~\x00\x0f\x80\x00~\x00\x0f\x80\x00~\x00\x0f\x80\x00>\x00\x1f\xff\xff\xfe\x00\x1f\xff\xff\xfe\x00\x1f\xff\xff\xfe\x00\x1f\xff\xff\xfe\x00\x1f\xff\xff\xfc\x00\x1f\x80\x00\x00\x00\x1f\x80\x00\x00\x00\x0f\x80\x00\x00\x00\x0f\x80\x00\x00\x00\x0f\x80\x00\x00\x00\x0f\xc0\x00\x00\x00\x0f\xc0\x00\x00\x00\x07\xe0\x00\x00\x00\x07\xf0\x00\x10\x00\x03\xf8\x000\x00\x03\xfe\x01\xf8\x00\x01\xff\xff\xf8\x00\x00\xff\xff\xf8\x00\x00\x7f\xff\xfc\x00\x00\x1f\xff\xe0\x00\x00\x03\xfe\x00\x00\x00\x00\x00\x00\x00\x00\x00\x00\x00\x00\x00\x00\x00\x00\x00\x00\x00\x00\x00\x00\x00\x00\x00\x00\x00\x00\x00\x00\x00\x00\x00\x00\x00\x00\x00\x00\x00\x00\x00\x00\x00\x00\x00\x00\x00\x00\x00\x00\x00\x00\x00\x00\x00\x00\x00\x00\x00\x00\x00\x00\x00\x00\x00\x00\x00"',
  236:b'\x00\x00\x00\x00\x00\x00\x00\x00\x00\x00\x00\x00\x00\x00\x00\x00\x00\x00\x00\x00\x00\x00\x00\x00\x00\x00\x00\x00\x00\x00~\x00\x00\x7f\x00\x00?\x00\x00\x1f\x80\x00\x0f\x80\x00\x0f\xc0\x00\x07\xc0\x00\x03\xc0\x00\x01\xe0\x00\x00\xe0\x00\x00\x10\x00\x00\x00\x00\x00\x00\x00\x00\x00\x00\x03\xf0\x00\x03\xf0\x00\x03\xf0\x00\x03\xf0\x00\x03\xf0\x00\x03\xf0\x00\x03\xf0\x00\x03\xf0\x00\x03\xf0\x00\x03\xf0\x00\x03\xf0\x00\x03\xf0\x00\x03\xf0\x00\x03\xf0\x00\x03\xf0\x00\x03\xf0\x00\x03\xf0\x00\x03\xf0\x00\x03\xf0\x00\x03\xf0\x00\x03\xf0\x00\x03\xf0\x00\x03\xf0\x00\x03\xf0\x00\x03\xf0\x00\x03\xf0\x00\x03\xf0\x00\x03\xf0\x00\x03\xf0\x00\x03\xf0\x00\x03\xf0\x00\x03\xf0\x00\x03\xf0\x00\x03\xf0\x00\x00\x00\x00\x00\x00\x00\x00\x00\x00\x00\x00\x00\x00\x00\x00\x00\x00\x00\x00\x00\x00\x00\x00\x00\x00\x00\x00\x00\x00\x00\x00\x00\x00\x00\x00\x00\x00\x00\x00\x00\x00\x00\x12',
  237:b'\x00\x00\x00\x00\x00\x00\x00\x00\x00\x00\x00\x00\x00\x00\x00\x00\x00\x00\x00\x00\x00\x00\x00\x00\x00\x00\x00\x00\x00\x00\x00?\x00\x00?\x00\x00~\x00\x00~\x00\x00|\x00\x00\xf8\x00\x00\xf0\x00\x01\xe0\x00\x01\xe0\x00\x01\xc0\x00\x02\x00\x00\x00\x00\x00\x00\x00\x00\x00\x00\x00\x03\xf0\x00\x03\xf0\x00\x03\xf0\x00\x03\xf0\x00\x03\xf0\x00\x03\xf0\x00\x03\xf0\x00\x03\xf0\x00\x03\xf0\x00\x03\xf0\x00\x03\xf0\x00\x03\xf0\x00\x03\xf0\x00\x03\xf0\x00\x03\xf0\x00\x03\xf0\x00\x03\xf0\x00\x03\xf0\x00\x03\xf0\x00\x03\xf0\x00\x03\xf0\x00\x03\xf0\x00\x03\xf0\x00\x03\xf0\x00\x03\xf0\x00\x03\xf0\x00\x03\xf0\x00\x03\xf0\x00\x03\xf0\x00\x03\xf0\x00\x03\xf0\x00\x03\xf0\x00\x03\xf0\x00\x03\xf0\x00\x00\x00\x00\x00\x00\x00\x00\x00\x00\x00\x00\x00\x00\x00\x00\x00\x00\x00\x00\x00\x00\x00\x00\x00\x00\x00\x00\x00\x00\x00\x00\x00\x00\x00\x00\x00\x00\x00\x00\x00\x00\x00\x12',
  238:b'\x00\x00\x00\x00\x00\x00\x00\x00\x00\x00\x00\x00\x00\x00\x00\x00\x00\x00\x00\x00\x00\x00\x00\x00\x00\x00\x00\x00\xe0\x00\x01\xe0\x00\x03\xf0\x00\x03\xf0\x00\x07\xf8\x00\x0f|\x00\x0f<\x00\x1e>\x00>\x1f\x00<\x1f\x00x\x0f\x80\xf8\x07\x80\x00\x00@\x00\x00\x00\x00\x00\x00\x03\xf0\x00\x03\xf0\x00\x03\xf0\x00\x03\xf0\x00\x03\xf0\x00\x03\xf0\x00\x03\xf0\x00\x03\xf0\x00\x03\xf0\x00\x03\xf0\x00\x03\xf0\x00\x03\xf0\x00\x03\xf0\x00\x03\xf0\x00\x03\xf0\x00\x03\xf0\x00\x03\xf0\x00\x03\xf0\x00\x03\xf0\x00\x03\xf0\x00\x03\xf0\x00\x03\xf0\x00\x03\xf0\x00\x03\xf0\x00\x03\xf0\x00\x03\xf0\x00\x03\xf0\x00\x03\xf0\x00\x03\xf0\x00\x03\xf0\x00\x03\xf0\x00\x03\xf0\x00\x03\xf0\x00\x03\xf0\x00\x00\x00\x00\x00\x00\x00\x00\x00\x00\x00\x00\x00\x00\x00\x00\x00\x00\x00\x00\x00\x00\x00\x00\x00\x00\x00\x00\x00\x00\x00\x00\x00\x00\x00\x00\x00\x00\x00\x00\x00\x00\x00\x12',
  239:b'\x00\x00\x00\x00\x00\x00\x00\x00\x00\x00\x00\x00\x00\x00\x00\x00\x00\x00\x00\x00\x00\x00\x00\x00\x00\x00\x00\x00\x00\x00\x00\x00\x008\x01\xc0|\x03\xe0\xfe\x07\xf0\xfe\x07\xf0\xfe\x07\xf0|\x03\xe08\x03\xc0\x00\x00\x00\x00\x00\x00\x00\x00\x00\x00\x00\x00\x00\x00\x00\x00\x00\x00\x01\xf8\x00\x01\xf8\x00\x01\xf8\x00\x01\xf8\x00\x01\xf8\x00\x01\xf8\x00\x01\xf8\x00\x01\xf8\x00\x01\xf8\x00\x01\xf8\x00\x01\xf8\x00\x01\xf8\x00\x01\xf8\x00\x01\xf8\x00\x01\xf8\x00\x01\xf8\x00\x01\xf8\x00\x01\xf8\x00\x01\xf8\x00\x01\xf8\x00\x01\xf8\x00\x01\xf8\x00\x01\xf8\x00\x01\xf8\x00\x01\xf8\x00\x01\xf8\x00\x01\xf8\x00\x01\xf8\x00\x01\xf8\x00\x01\xf8\x00\x01\xf8\x00\x01\xf8\x00\x01\xf8\x00\x01\xf8\x00\x00\x00\x00\x00\x00\x00\x00\x00\x00\x00\x00\x00\x00\x00\x00\x00\x00\x00\x00\x00\x00\x00\x00\x00\x00\x00\x00\x00\x00\x00\x00\x00\x00\x00\x00\x00\x00\x00\x00\x00\x00\x00\x14',
  240:b'\x00\x00\x00\x00\x00\x00\x00\x00\x00\x00\x00\x00\x00\x00\x00\x00\x00\x00\x00\x00\x00\x00\x00\x00\x00\x00\x00\x00\x00\x00\x00\x00\x00\x00\x00\x00\x00\x00\x00\x00\x00\x00\x00\x00\x00\x00\x00\x00\x00\x00\x00\x01\x80\x00\x00\x00\x01\xe00\x00\x00\x03\xf8p\x00\x00\x03\xff\xf8\x00\x00\x04\xff\xf0\x00\x00\x00?\xc0\x00\x00\x00\x7f\xc0\x00\x00\x00\xff\xe0\x00\x00\x01\xfb\xf0\x00\x00\x00\xe1\xf8\x00\x00\x00\x80\xf8\x00\x00\x00\x00|\x00\x00\x00\x00~\x00\x00\x00\x00>\x00\x00\x01\xfe?\x00\x00\x0f\xff\x9f\x00\x00?\xff\xff\x00\x00\x7f\xff\xff\x80\x00\xff\xff\xff\x80\x01\xff\x01\xff\x80\x01\xfc\x00\x7f\x80\x03\xf8\x00\x1f\x80\x03\xf0\x00\x0f\xc0\x07\xe0\x00\x0f\xc0\x07\xe0\x00\x0f\xc0\x0f\xc0\x00\x0f\xc0\x0f\xc0\x00\x0f\xc0\x0f\xc0\x00\x07\xc0\x0f\xc0\x00\x07\xc0\x0f\x80\x00\x07\xc0\x0f\x80\x00\x0f\xc0\x0f\x80\x00\x0f\xc0\x0f\x80\x00\x0f\xc0\x0f\x80\x00\x0f\xc0\x0f\x80\x00\x0f\x80\x0f\xc0\x00\x0f\x80\x0f\xc0\x00\x0f\x80\x0f\xc0\x00\x1f\x80\x07\xe0\x00\x1f\x00\x07\xe0\x00?\x00\x07\xf0\x00?\x00\x03\xf8\x00~\x00\x03\xfc\x00\xfe\x00\x01\xff\x03\xfc\x00\x00\xff\xff\xf8\x00\x00\x7f\xff\xf0\x00\x00?\xff\xe0\x00\x00\x0f\xff\x80\x00\x00\x01\xfe\x00\x00\x00\x00\x00\x00\x00\x00\x00\x00\x00\x00\x00\x00\x00\x00\x00\x00\x00\x00\x00\x00\x00\x00\x00\x00\x00\x00\x00\x00\x00\x00\x00\x00\x00\x00\x00\x00\x00\x00\x00\x00\x00\x00\x00\x00\x00\x00\x00\x00\x00\x00\x00\x00\x00\x00\x00\x00\x00\x00\x00\x00\x00\x00\x00\x00\x00&',
  241:b'\x00\x00\x00\x00\x00\x00\x00\x00\x00\x00\x00\x00\x00\x00\x00\x00\x00\x00\x00\x00\x00\x00\x00\x00\x00\x00\x00\x00\x00\x00\x00\x00\x00\x00\x00\x00\x00\x00\x00\x00\x00\x00\x00\x00\x00\x00\x07\xc0\x00\x00\x00\x0f\xe0@\x00\x00?\xf8\xe0\x00\x00\x7f\xff\xe0\x00\x00\x7f\xff\xf0\x00\x000\xff\xe0\x00\x00 ?\x80\x00\x00\x00\x0f\x00\x00\x00\x00\x00\x00\x00\x00\x00\x00\x00\x00\x00\x00\x00\x00\x00\x00\x00\x00\x00\x00\x00\x00\x00\x00\x00\x00\x00\x00\x00\x00\x00\x00\x00\x00\x00\x07\x80\x7f\x80\x00\x07\x83\xff\xf0\x00\x07\x87\xff\xf8\x00\x07\xdf\xff\xfc\x00\x07\xff\xff\xfc\x00\x07\xff\x01\xfe\x00\x07\xfc\x00\xfe\x00\x07\xf8\x00~\x00\x07\xf0\x00?\x00\x07\xe0\x00?\x00\x07\xe0\x00?\x00\x07\xe0\x00?\x00\x07\xe0\x00\x1f\x00\x07\xe0\x00\x1f\x00\x07\xe0\x00\x1f\x00\x07\xe0\x00\x1f\x00\x07\xe0\x00\x1f\x00\x07\xe0\x00\x1f\x00\x07\xe0\x00\x1f\x00\x07\xe0\x00\x1f\x00\x07\xe0\x00\x1f\x00\x07\xe0\x00\x1f\x00\x07\xe0\x00\x1f\x00\x07\xe0\x00\x1f\x00\x07\xe0\x00\x1f\x00\x07\xe0\x00\x1f\x00\x07\xe0\x00\x1f\x00\x07\xe0\x00\x1f\x00\x07\xe0\x00\x1f\x00\x07\xe0\x00\x1f\x00\x07\xe0\x00\x1f\x00\x07\xe0\x00\x1f\x00\x07\xe0\x00\x1f\x00\x07\xe0\x00\x1f\x00\x00\x00\x00\x00\x00\x00\x00\x00\x00\x00\x00\x00\x00\x00\x00\x00\x00\x00\x00\x00\x00\x00\x00\x00\x00\x00\x00\x00\x00\x00\x00\x00\x00\x00\x00\x00\x00\x00\x00\x00\x00\x00\x00\x00\x00\x00\x00\x00\x00\x00\x00\x00\x00\x00\x00\x00\x00\x00\x00\x00\x00\x00\x00\x00\x00\x00\x00\x00\x00\x00%',
  242:b'\x00\x00\x00\x00\x00\x00\x00\x00\x00\x00\x00\x00\x00\x00\x00\x00\x00\x00\x00\x00\x00\x00\x00\x00\x00\x00\x00\x00\x00\x00\x00\x00\x00\x00\x00\x00\x00\x00\x00\x00\x00\x00\x00\x00\x00\x00\x00\x00\x00\x00\x00\x1f\x80\x00\x00\x00\x1f\xc0\x00\x00\x00\x1f\xc0\x00\x00\x00\x0f\xc0\x00\x00\x00\x07\xe0\x00\x00\x00\x03\xe0\x00\x00\x00\x01\xf0\x00\x00\x00\x00\xf0\x00\x00\x00\x00x\x00\x00\x00\x008\x00\x00\x00\x00\x00\x00\x00\x00\x00\x00\x00\x00\x00\x00\x00\x00\x00\x00\x00\x00\x00\x00\x00\x03\xfc\x00\x00\x00\x1f\xff\x80\x00\x00\x7f\xff\xe0\x00\x00\xff\xff\xf0\x00\x01\xff\xff\xf8\x00\x03\xfe\x07\xfc\x00\x03\xf8\x01\xfc\x00\x07\xf0\x00\xfe\x00\x07\xe0\x00~\x00\x0f\xc0\x00\x7f\x00\x0f\xc0\x00?\x00\x0f\xc0\x00?\x00\x0f\x80\x00\x1f\x00\x0f\x80\x00\x1f\x00\x1f\x80\x00\x1f\x00\x1f\x80\x00\x1f\x80\x1f\x80\x00\x1f\x80\x1f\x80\x00\x1f\x80\x1f\x80\x00\x1f\x80\x1f\x80\x00\x1f\x80\x1f\x80\x00\x1f\x80\x0f\x80\x00\x1f\x00\x0f\x80\x00\x1f\x00\x0f\xc0\x00?\x00\x0f\xc0\x00?\x00\x0f\xc0\x00?\x00\x07\xe0\x00~\x00\x07\xf0\x00\xfe\x00\x03\xf8\x01\xfc\x00\x03\xfe\x07\xfc\x00\x01\xff\xff\xf8\x00\x00\xff\xff\xf0\x00\x00\x7f\xff\xe0\x00\x00\x1f\xff\x80\x00\x00\x07\xfc\x00\x00\x00\x00\x00\x00\x00\x00\x00\x00\x00\x00\x00\x00\x00\x00\x00\x00\x00\x00\x00\x00\x00\x00\x00\x00\x00\x00\x00\x00\x00\x00\x00\x00\x00\x00\x00\x00\x00\x00\x00\x00\x00\x00\x00\x00\x00\x00\x00\x00\x00\x00\x00\x00\x00\x00\x00\x00\x00\x00\x00\x00\x00\x00\x00\x00\x00$',
  243:b'\x00\x00\x00\x00\x00\x00\x00\x00\x00\x00\x00\x00\x00\x00\x00\x00\x00\x00\x00\x00\x00\x00\x00\x00\x00\x00\x00\x00\x00\x00\x00\x00\x00\x00\x00\x00\x00\x00\x00\x00\x00\x00\x00\x00\x00\x00\x00\x00\x00\x00\x00\x00\x1f\x80\x00\x00\x00\x1f\x80\x00\x00\x00?\x00\x00\x00\x00>\x00\x00\x00\x00~\x00\x00\x00\x00|\x00\x00\x00\x00x\x00\x00\x00\x00\xf0\x00\x00\x00\x00\xf0\x00\x00\x00\x01\xe0\x00\x00\x00\x00\x00\x00\x00\x00\x00\x00\x00\x00\x00\x00\x00\x00\x00\x00\x00\x00\x00\x00\x00\x03\xfc\x00\x00\x00\x1f\xff\x80\x00\x00\x7f\xff\xe0\x00\x00\xff\xff\xf0\x00\x01\xff\xff\xf8\x00\x03\xfe\x07\xfc\x00\x03\xf8\x01\xfc\x00\x07\xf0\x00\xfe\x00\x07\xe0\x00~\x00\x0f\xc0\x00\x7f\x00\x0f\xc0\x00?\x00\x0f\xc0\x00?\x00\x0f\x80\x00\x1f\x00\x0f\x80\x00\x1f\x00\x1f\x80\x00\x1f\x00\x1f\x80\x00\x1f\x80\x1f\x80\x00\x1f\x80\x1f\x80\x00\x1f\x80\x1f\x80\x00\x1f\x80\x1f\x80\x00\x1f\x80\x1f\x80\x00\x1f\x80\x0f\x80\x00\x1f\x00\x0f\x80\x00\x1f\x00\x0f\xc0\x00?\x00\x0f\xc0\x00?\x00\x0f\xc0\x00?\x00\x07\xe0\x00~\x00\x07\xf0\x00\xfe\x00\x03\xf8\x01\xfc\x00\x03\xfe\x07\xfc\x00\x01\xff\xff\xf8\x00\x00\xff\xff\xf0\x00\x00\x7f\xff\xe0\x00\x00\x1f\xff\x80\x00\x00\x07\xfc\x00\x00\x00\x00\x00\x00\x00\x00\x00\x00\x00\x00\x00\x00\x00\x00\x00\x00\x00\x00\x00\x00\x00\x00\x00\x00\x00\x00\x00\x00\x00\x00\x00\x00\x00\x00\x00\x00\x00\x00\x00\x00\x00\x00\x00\x00\x00\x00\x00\x00\x00\x00\x00\x00\x00\x00\x00\x00\x00\x00\x00\x00\x00\x00\x00\x00\x00$',
  244:b'\x00\x00\x00\x00\x00\x00\x00\x00\x00\x00\x00\x00\x00\x00\x00\x00\x00\x00\x00\x00\x00\x00\x00\x00\x00\x00\x00\x00\x00\x00\x00\x00\x00\x00\x00\x00\x00\x00\x00\x00\x00\x00\x00\x00\x00\x00\x00p\x00\x00\x00\x00\xf0\x00\x00\x00\x00\xf8\x00\x00\x00\x01\xfc\x00\x00\x00\x03\xfc\x00\x00\x00\x03\x9e\x00\x00\x00\x07\x9e\x00\x00\x00\x0f\x9f\x00\x00\x00\x1f\x0f\x80\x00\x00\x1e\x07\x80\x00\x00>\x07\xc0\x00\x00|\x03\xe0\x00\x00\x00\x00\x00\x00\x00\x00\x00\x00\x00\x00\x00\x00\x00\x00\x00\x03\xfc\x00\x00\x00\x1f\xff\x80\x00\x00\x7f\xff\xe0\x00\x00\xff\xff\xf0\x00\x01\xff\xff\xf8\x00\x03\xfe\x07\xfc\x00\x03\xf8\x01\xfc\x00\x07\xf0\x00\xfe\x00\x07\xe0\x00~\x00\x0f\xc0\x00\x7f\x00\x0f\xc0\x00?\x00\x0f\xc0\x00?\x00\x0f\x80\x00\x1f\x00\x0f\x80\x00\x1f\x00\x1f\x80\x00\x1f\x00\x1f\x80\x00\x1f\x80\x1f\x80\x00\x1f\x80\x1f\x80\x00\x1f\x80\x1f\x80\x00\x1f\x80\x1f\x80\x00\x1f\x80\x1f\x80\x00\x1f\x80\x0f\x80\x00\x1f\x00\x0f\x80\x00\x1f\x00\x0f\xc0\x00?\x00\x0f\xc0\x00?\x00\x0f\xc0\x00?\x00\x07\xe0\x00~\x00\x07\xf0\x00\xfe\x00\x03\xf8\x01\xfc\x00\x03\xfe\x07\xfc\x00\x01\xff\xff\xf8\x00\x00\xff\xff\xf0\x00\x00\x7f\xff\xe0\x00\x00\x1f\xff\x80\x00\x00\x07\xfc\x00\x00\x00\x00\x00\x00\x00\x00\x00\x00\x00\x00\x00\x00\x00\x00\x00\x00\x00\x00\x00\x00\x00\x00\x00\x00\x00\x00\x00\x00\x00\x00\x00\x00\x00\x00\x00\x00\x00\x00\x00\x00\x00\x00\x00\x00\x00\x00\x00\x00\x00\x00\x00\x00\x00\x00\x00\x00\x00\x00\x00\x00\x00\x00\x00\x00\x00$',
  245:b'\x00\x00\x00\x00\x00\x00\x00\x00\x00\x00\x00\x00\x00\x00\x00\x00\x00\x00\x00\x00\x00\x00\x00\x00\x00\x00\x00\x00\x00\x00\x00\x00\x00\x00\x00\x00\x00\x00\x00\x00\x00\x00\x00\x00\x00\x00\x07\x80\x00\x00\x00\x1f\xe0@\x00\x00?\xf8\xc0\x00\x00\x7f\xff\xe0\x00\x00\x7f\xff\xe0\x00\x00p\xff\xc0\x00\x00 ?\x80\x00\x00\x00\x1f\x00\x00\x00\x00\x00\x00\x00\x00\x00\x00\x00\x00\x00\x00\x00\x00\x00\x00\x00\x00\x00\x00\x00\x00\x00\x00\x00\x00\x00\x00\x00\x00\x00\x00\x00\x00\x00\x00\x03\xfc\x00\x00\x00\x1f\xff\x80\x00\x00\x7f\xff\xe0\x00\x00\xff\xff\xf0\x00\x01\xff\xff\xf8\x00\x03\xfe\x07\xfc\x00\x03\xf8\x01\xfc\x00\x07\xf0\x00\xfe\x00\x07\xe0\x00~\x00\x0f\xc0\x00\x7f\x00\x0f\xc0\x00?\x00\x0f\xc0\x00?\x00\x0f\x80\x00\x1f\x00\x0f\x80\x00\x1f\x00\x1f\x80\x00\x1f\x00\x1f\x80\x00\x1f\x80\x1f\x80\x00\x1f\x80\x1f\x80\x00\x1f\x80\x1f\x80\x00\x1f\x80\x1f\x80\x00\x1f\x80\x1f\x80\x00\x1f\x80\x0f\x80\x00\x1f\x00\x0f\x80\x00\x1f\x00\x0f\xc0\x00?\x00\x0f\xc0\x00?\x00\x0f\xc0\x00?\x00\x07\xe0\x00~\x00\x07\xf0\x00\xfe\x00\x03\xf8\x01\xfc\x00\x03\xfe\x07\xfc\x00\x01\xff\xff\xf8\x00\x00\xff\xff\xf0\x00\x00\x7f\xff\xe0\x00\x00\x1f\xff\x80\x00\x00\x07\xfc\x00\x00\x00\x00\x00\x00\x00\x00\x00\x00\x00\x00\x00\x00\x00\x00\x00\x00\x00\x00\x00\x00\x00\x00\x00\x00\x00\x00\x00\x00\x00\x00\x00\x00\x00\x00\x00\x00\x00\x00\x00\x00\x00\x00\x00\x00\x00\x00\x00\x00\x00\x00\x00\x00\x00\x00\x00\x00\x00\x00\x00\x00\x00\x00\x00\x00\x00$',
  246:b'\x00\x00\x00\x00\x00\x00\x00\x00\x00\x00\x00\x00\x00\x00\x00\x00\x00\x00\x00\x00\x00\x00\x00\x00\x00\x00\x00\x00\x00\x00\x00\x00\x00\x00\x00\x00\x00\x00\x00\x00\x00\x00\x00\x00\x00\x00\x00\x00\x00\x00\x00\x00\x00\x00\x00\x008\x01\xc0\x00\x00|\x03\xe0\x00\x00\xfe\x07\xf0\x00\x00\xfe\x07\xf0\x00\x00\xfe\x07\xf0\x00\x00|\x03\xe0\x00\x008\x01\xc0\x00\x00\x00\x00\x00\x00\x00\x00\x00\x00\x00\x00\x00\x00\x00\x00\x00\x00\x00\x00\x00\x00\x00\x00\x00\x00\x00\x00\x00\x00\x00\x00\x03\xfc\x00\x00\x00\x1f\xff\x80\x00\x00\x7f\xff\xe0\x00\x00\xff\xff\xf0\x00\x01\xff\xff\xf8\x00\x03\xfe\x07\xfc\x00\x03\xf8\x01\xfc\x00\x07\xf0\x00\xfe\x00\x07\xe0\x00~\x00\x0f\xc0\x00\x7f\x00\x0f\xc0\x00?\x00\x0f\xc0\x00?\x00\x0f\x80\x00\x1f\x00\x0f\x80\x00\x1f\x00\x1f\x80\x00\x1f\x00\x1f\x80\x00\x1f\x80\x1f\x80\x00\x1f\x80\x1f\x80\x00\x1f\x80\x1f\x80\x00\x1f\x80\x1f\x80\x00\x1f\x80\x1f\x80\x00\x1f\x80\x0f\x80\x00\x1f\x00\x0f\x80\x00\x1f\x00\x0f\xc0\x00?\x00\x0f\xc0\x00?\x00\x0f\xc0\x00?\x00\x07\xe0\x00~\x00\x07\xf0\x00\xfe\x00\x03\xf8\x01\xfc\x00\x03\xfe\x07\xfc\x00\x01\xff\xff\xf8\x00\x00\xff\xff\xf0\x00\x00\x7f\xff\xe0\x00\x00\x1f\xff\x80\x00\x00\x07\xfc\x00\x00\x00\x00\x00\x00\x00\x00\x00\x00\x00\x00\x00\x00\x00\x00\x00\x00\x00\x00\x00\x00\x00\x00\x00\x00\x00\x00\x00\x00\x00\x00\x00\x00\x00\x00\x00\x00\x00\x00\x00\x00\x00\x00\x00\x00\x00\x00\x00\x00\x00\x00\x00\x00\x00\x00\x00\x00\x00\x00\x00\x00\x00\x00\x00\x00\x00$',
  247:b'\x00\x00\x00\x00\x00\x00\x00\x00\x00\x00\x00\x00\x00\x00\x00\x00\x00\x00\x00\x00\x00\x00\x00\x00\x00\x00\x00\x00\x00\x00\x00\x00\x00\x00\x00\x00\x00\x00\x00\x00\x00\x00\x00\x00\x00\x00\x00\x00\x00\x00\x00\x00\x00\x00\x00\x00\x00\x00\x00\x00\x00\x00\x00\x00\x00\x00\x00\x00\x00\x00\x00\x00\x00\x00\x00\x00\x00\x00\x00\x00\x00\x00\x00\x00\x00\x00\x00\x00\x00\x00\x00\x00\x00\x00\x00\x00\x01\xe0\x00\x00\x00\x03\xf0\x00\x00\x00\x07\xf8\x00\x00\x00\x07\xf8\x00\x00\x00\x07\xf8\x00\x00\x00\x07\xf8\x00\x00\x00\x03\xf0\x00\x00\x00\x01\xe0\x00\x00\x00\x00\x00\x00\x00\x00\x00\x00\x00\x00\x00\x00\x00\x00\x00\x00\x00\x00\x00\x00\x00\x00\x00\x00\x00\x00\x00\x00\x00\x00\x1f\xff\xff\xfe\x00\x1f\xff\xff\xfe\x00\x1f\xff\xff\xfe\x00\x1f\xff\xff\xfe\x00\x1f\xff\xff\xfe\x00\x00\x00\x00\x00\x00\x00\x00\x00\x00\x00\x00\x00\x00\x00\x00\x00\x00\x00\x00\x00\x00\x00\x00\x00\x00\x00\x00\x00\x00\x00\x00\x01\xe0\x00\x00\x00\x03\xf0\x00\x00\x00\x07\xf8\x00\x00\x00\x07\xf8\x00\x00\x00\x07\xf8\x00\x00\x00\x07\xf8\x00\x00\x00\x03\xf0\x00\x00\x00\x01\xe0\x00\x00\x00\x00\x00\x00\x00\x00\x00\x00\x00\x00\x00\x00\x00\x00\x00\x00\x00\x00\x00\x00\x00\x00\x00\x00\x00\x00\x00\x00\x00\x00\x00\x00\x00\x00\x00\x00\x00\x00\x00\x00\x00\x00\x00\x00\x00\x00\x00\x00\x00\x00\x00\x00\x00\x00\x00\x00\x00\x00\x00\x00\x00\x00\x00\x00\x00\x00\x00\x00\x00\x00\x00\x00\x00\x00\x00\x00\x00\x00\x00\x00\x00\x00\x00\x00\x00\x00\x00\x00\x00\x00\x00\x00\x00\x00\x00\x00\x00\x00\x00\x00"',
  248:b'\x00\x00\x00\x00\x00\x00\x00\x00\x00\x00\x00\x00\x00\x00\x00\x00\x00\x00\x00\x00\x00\x00\x00\x00\x00\x00\x00\x00\x00\x00\x00\x00\x00\x00\x00\x00\x00\x00\x00\x00\x00\x00\x00\x00\x00\x00\x00\x00\x00\x00\x00\x00\x00\x00\x00\x00\x00\x00\x00\x00\x00\x00\x00\x00\x00\x00\x00\x00\x00\x00\x00\x00\x00\x00\x00\x00\x00\x00\x00\x00\x00\x00\x00\x00\x00\x00\x00\x00\x00\x00\x00\x00\x00\x00\x00\x00\x00\x00\x00\x00\x00\x00\x00\x00\x00\x00\x00\x00\x00\x00\x00\x00\x00\x00\x00\x00\x00\x00\x08\x00\x00\x03\xfc\x1c\x00\x00\x1f\xff\xbe\x00\x00\x7f\xff\xfe\x00\x00\xff\xff\xfc\x00\x01\xff\xff\xfc\x00\x03\xfe\x07\xfc\x00\x03\xf8\x01\xfc\x00\x07\xf0\x01\xfe\x00\x07\xe0\x03\xfe\x00\x0f\xc0\x07\xff\x00\x0f\xc0\x0f\xbf\x00\x0f\xc0\x0f\xbf\x00\x0f\x80\x1f?\x00\x0f\x80>\x1f\x00\x1f\x80|\x1f\x00\x1f\x80|\x1f\x80\x1f\x80\xf8\x1f\x80\x1f\x81\xf0\x1f\x80\x1f\x81\xe0\x1f\x80\x1f\x83\xe0\x1f\x80\x1f\x87\xc0\x1f\x80\x0f\x8f\x80\x1f\x00\x0f\x8f\x00\x1f\x00\x0f\xdf\x00?\x00\x0f\xfe\x00?\x00\x0f\xfc\x00?\x00\x07\xf8\x00~\x00\x07\xf8\x00\xfe\x00\x03\xf8\x01\xfc\x00\x03\xfe\x07\xfc\x00\x03\xff\xff\xf8\x00\x07\xff\xff\xf0\x00\x0f\xff\xff\xe0\x00\x03\x9f\xff\x80\x00\x01\x03\xfc\x00\x00\x00\x00\x00\x00\x00\x00\x00\x00\x00\x00\x00\x00\x00\x00\x00\x00\x00\x00\x00\x00\x00\x00\x00\x00\x00\x00\x00\x00\x00\x00\x00\x00\x00\x00\x00\x00\x00\x00\x00\x00\x00\x00\x00\x00\x00\x00\x00\x00\x00\x00\x00\x00\x00\x00\x00\x00\x00\x00\x00\x00\x00\x00\x00\x00\x00$',
  249:b'\x00\x00\x00\x00\x00\x00\x00\x00\x00\x00\x00\x00\x00\x00\x00\x00\x00\x00\x00\x00\x00\x00\x00\x00\x00\x00\x00\x00\x00\x00\x00\x00\x00\x00\x00\x00\x00\x00\x00\x00\x00\x00\x00\x00\x00\x00\x00\x00\x00\x00\x00?\x80\x00\x00\x00?\x80\x00\x00\x00\x1f\x80\x00\x00\x00\x0f\xc0\x00\x00\x00\x07\xc0\x00\x00\x00\x03\xe0\x00\x00\x00\x03\xe0\x00\x00\x00\x01\xf0\x00\x00\x00\x00\xf0\x00\x00\x00\x00p\x00\x00\x00\x00\x08\x00\x00\x00\x00\x00\x00\x00\x00\x00\x00\x00\x00\x00\x00\x00\x00\x00\x07\xc0\x00>\x00\x07\xc0\x00>\x00\x07\xc0\x00>\x00\x07\xc0\x00>\x00\x07\xc0\x00>\x00\x07\xc0\x00>\x00\x07\xc0\x00>\x00\x07\xc0\x00>\x00\x07\xc0\x00>\x00\x07\xc0\x00>\x00\x07\xc0\x00>\x00\x07\xc0\x00>\x00\x07\xc0\x00>\x00\x07\xc0\x00>\x00\x07\xc0\x00>\x00\x07\xc0\x00>\x00\x07\xc0\x00>\x00\x07\xc0\x00>\x00\x07\xc0\x00>\x00\x07\xc0\x00>\x00\x07\xc0\x00>\x00\x07\xc0\x00>\x00\x07\xc0\x00>\x00\x07\xc0\x00~\x00\x07\xc0\x00~\x00\x07\xe0\x00\xfe\x00\x07\xe0\x01\xfe\x00\x07\xe0\x01\xfe\x00\x03\xf0\x07\xfe\x00\x03\xfc\x1f\xde\x00\x03\xff\xff\x9e\x00\x01\xff\xff\x1e\x00\x00\xff\xfe\x0e\x00\x00\x7f\xfc\x0f\x00\x00\x1f\xe0\x00\x00\x00\x00\x00\x00\x00\x00\x00\x00\x00\x00\x00\x00\x00\x00\x00\x00\x00\x00\x00\x00\x00\x00\x00\x00\x00\x00\x00\x00\x00\x00\x00\x00\x00\x00\x00\x00\x00\x00\x00\x00\x00\x00\x00\x00\x00\x00\x00\x00\x00\x00\x00\x00\x00\x00\x00\x00\x00\x00\x00\x00\x00\x00\x00\x00\x00$',
  250:b'\x00\x00\x00\x00\x00\x00\x00\x00\x00\x00\x00\x00\x00\x00\x00\x00\x00\x00\x00\x00\x00\x00\x00\x00\x00\x00\x00\x00\x00\x00\x00\x00\x00\x00\x00\x00\x00\x00\x00\x00\x00\x00\x00\x00\x00\x00\x00\x00\x00\x00\x00\x00\x1f\x80\x00\x00\x00?\x80\x00\x00\x00?\x00\x00\x00\x00>\x00\x00\x00\x00~\x00\x00\x00\x00|\x00\x00\x00\x00x\x00\x00\x00\x00\xf0\x00\x00\x00\x00\xe0\x00\x00\x00\x01\xe0\x00\x00\x00\x00\x00\x00\x00\x00\x00\x00\x00\x00\x00\x00\x00\x00\x00\x00\x00\x00\x00\x00\x07\xc0\x00>\x00\x07\xc0\x00>\x00\x07\xc0\x00>\x00\x07\xc0\x00>\x00\x07\xc0\x00>\x00\x07\xc0\x00>\x00\x07\xc0\x00>\x00\x07\xc0\x00>\x00\x07\xc0\x00>\x00\x07\xc0\x00>\x00\x07\xc0\x00>\x00\x07\xc0\x00>\x00\x07\xc0\x00>\x00\x07\xc0\x00>\x00\x07\xc0\x00>\x00\x07\xc0\x00>\x00\x07\xc0\x00>\x00\x07\xc0\x00>\x00\x07\xc0\x00>\x00\x07\xc0\x00>\x00\x07\xc0\x00>\x00\x07\xc0\x00>\x00\x07\xc0\x00>\x00\x07\xc0\x00~\x00\x07\xc0\x00~\x00\x07\xe0\x00\xfe\x00\x07\xe0\x01\xfe\x00\x07\xe0\x01\xfe\x00\x03\xf0\x07\xfe\x00\x03\xfc\x1f\xde\x00\x03\xff\xff\x9e\x00\x01\xff\xff\x1e\x00\x00\xff\xfe\x0e\x00\x00\x7f\xfc\x0f\x00\x00\x1f\xe0\x00\x00\x00\x00\x00\x00\x00\x00\x00\x00\x00\x00\x00\x00\x00\x00\x00\x00\x00\x00\x00\x00\x00\x00\x00\x00\x00\x00\x00\x00\x00\x00\x00\x00\x00\x00\x00\x00\x00\x00\x00\x00\x00\x00\x00\x00\x00\x00\x00\x00\x00\x00\x00\x00\x00\x00\x00\x00\x00\x00\x00\x00\x00\x00\x00\x00\x00$',
  251:b'\x00\x00\x00\x00\x00\x00\x00\x00\x00\x00\x00\x00\x00\x00\x00\x00\x00\x00\x00\x00\x00\x00\x00\x00\x00\x00\x00\x00\x00\x00\x00\x00\x00\x00\x00\x00\x00\x00\x00\x00\x00\x00\x00\x00\x00\x00\x00p\x00\x00\x00\x00\xf0\x00\x00\x00\x00\xf8\x00\x00\x00\x01\xfc\x00\x00\x00\x03\xfc\x00\x00\x00\x03\xde\x00\x00\x00\x07\x9f\x00\x00\x00\x0f\x9f\x00\x00\x00\x0f\x0f\x80\x00\x00\x1e\x07\x80\x00\x00>\x07\xc0\x00\x00<\x03\xe0\x00\x00@\x00\x00\x00\x00\x00\x00\x00\x00\x00\x00\x00\x00\x00\x07\xc0\x00>\x00\x07\xc0\x00>\x00\x07\xc0\x00>\x00\x07\xc0\x00>\x00\x07\xc0\x00>\x00\x07\xc0\x00>\x00\x07\xc0\x00>\x00\x07\xc0\x00>\x00\x07\xc0\x00>\x00\x07\xc0\x00>\x00\x07\xc0\x00>\x00\x07\xc0\x00>\x00\x07\xc0\x00>\x00\x07\xc0\x00>\x00\x07\xc0\x00>\x00\x07\xc0\x00>\x00\x07\xc0\x00>\x00\x07\xc0\x00>\x00\x07\xc0\x00>\x00\x07\xc0\x00>\x00\x07\xc0\x00>\x00\x07\xc0\x00>\x00\x07\xc0\x00>\x00\x07\xc0\x00~\x00\x07\xc0\x00~\x00\x07\xe0\x00\xfe\x00\x07\xe0\x01\xfe\x00\x07\xe0\x01\xfe\x00\x03\xf0\x07\xfe\x00\x03\xfc\x1f\xde\x00\x03\xff\xff\x9e\x00\x01\xff\xff\x1e\x00\x00\xff\xfe\x0e\x00\x00\x7f\xfc\x0f\x00\x00\x1f\xe0\x00\x00\x00\x00\x00\x00\x00\x00\x00\x00\x00\x00\x00\x00\x00\x00\x00\x00\x00\x00\x00\x00\x00\x00\x00\x00\x00\x00\x00\x00\x00\x00\x00\x00\x00\x00\x00\x00\x00\x00\x00\x00\x00\x00\x00\x00\x00\x00\x00\x00\x00\x00\x00\x00\x00\x00\x00\x00\x00\x00\x00\x00\x00\x00\x00\x00\x00$',
  252:b'\x00\x00\x00\x00\x00\x00\x00\x00\x00\x00\x00\x00\x00\x00\x00\x00\x00\x00\x00\x00\x00\x00\x00\x00\x00\x00\x00\x00\x00\x00\x00\x00\x00\x00\x00\x00\x00\x00\x00\x00\x00\x00\x00\x00\x00\x00\x00\x00\x00\x00\x00\x00\x00\x00\x00\x008\x01\xc0\x00\x00|\x03\xe0\x00\x00\xfe\x07\xf0\x00\x00\xfe\x07\xf0\x00\x00\xfe\x07\xf0\x00\x00|\x03\xe0\x00\x00<\x01\xc0\x00\x00\x00\x00\x00\x00\x00\x00\x00\x00\x00\x00\x00\x00\x00\x00\x00\x00\x00\x00\x00\x00\x00\x00\x00\x00\x00\x00\x00\x00\x00\x07\xc0\x00>\x00\x07\xc0\x00>\x00\x07\xc0\x00>\x00\x07\xc0\x00>\x00\x07\xc0\x00>\x00\x07\xc0\x00>\x00\x07\xc0\x00>\x00\x07\xc0\x00>\x00\x07\xc0\x00>\x00\x07\xc0\x00>\x00\x07\xc0\x00>\x00\x07\xc0\x00>\x00\x07\xc0\x00>\x00\x07\xc0\x00>\x00\x07\xc0\x00>\x00\x07\xc0\x00>\x00\x07\xc0\x00>\x00\x07\xc0\x00>\x00\x07\xc0\x00>\x00\x07\xc0\x00>\x00\x07\xc0\x00>\x00\x07\xc0\x00>\x00\x07\xc0\x00>\x00\x07\xc0\x00~\x00\x07\xc0\x00~\x00\x07\xe0\x00\xfe\x00\x07\xe0\x01\xfe\x00\x07\xe0\x01\xfe\x00\x03\xf0\x07\xfe\x00\x03\xfc\x1f\xde\x00\x03\xff\xff\x9e\x00\x01\xff\xff\x1e\x00\x00\xff\xfe\x0e\x00\x00\x7f\xfc\x0f\x00\x00\x1f\xe0\x00\x00\x00\x00\x00\x00\x00\x00\x00\x00\x00\x00\x00\x00\x00\x00\x00\x00\x00\x00\x00\x00\x00\x00\x00\x00\x00\x00\x00\x00\x00\x00\x00\x00\x00\x00\x00\x00\x00\x00\x00\x00\x00\x00\x00\x00\x00\x00\x00\x00\x00\x00\x00\x00\x00\x00\x00\x00\x00\x00\x00\x00\x00\x00\x00\x00\x00$',
  253:b'\x00\x00\x00\x00\x00\x00\x00\x00\x00\x00\x00\x00\x00\x00\x00\x00\x00\x00\x00\x00\x00\x00\x00\x00\x00\x00\x00\x00\x00\x00\x00\x00\x00\x00\x00\x00\x00\x00\x00\x00\x00\x00?\x80\x00\x00?\x00\x00\x00?\x00\x00\x00~\x00\x00\x00|\x00\x00\x00\xf8\x00\x00\x00\xf8\x00\x00\x00\xf0\x00\x00\x01\xe0\x00\x00\x01\xc0\x00\x00\x00\x00\x00\x00\x00\x00\x00\x00\x00\x00\x00\x00\x00\x00\x00~\x00\x00~\x7f\x00\x00|?\x00\x00\xfc?\x00\x00\xfc\x1f\x80\x00\xf8\x1f\x80\x00\xf8\x1f\x80\x01\xf8\x0f\xc0\x01\xf0\x0f\xc0\x01\xf0\x07\xc0\x03\xf0\x07\xe0\x03\xe0\x07\xe0\x03\xe0\x03\xf0\x07\xe0\x03\xf0\x07\xc0\x01\xf0\x07\xc0\x01\xf8\x07\xc0\x01\xf8\x0f\x80\x00\xf8\x0f\x80\x00\xfc\x0f\x80\x00|\x1f\x00\x00|\x1f\x00\x00~\x1f\x00\x00>\x1e\x00\x00>>\x00\x00?>\x00\x00\x1f<\x00\x00\x1f<\x00\x00\x0f\xfc\x00\x00\x0f\xf8\x00\x00\x0f\xf8\x00\x00\x07\xf8\x00\x00\x07\xf0\x00\x00\x03\xf0\x00\x00\x03\xf0\x00\x00\x03\xe0\x00\x00\x03\xe0\x00\x00\x03\xe0\x00\x00\x07\xc0\x00\x00\x07\xc0\x00\x00\x0f\xc0\x00\x00\x0f\x80\x00\x00\x1f\x80\x00\x00?\x00\x00\x03\xfe\x00\x00\x03\xfe\x00\x00\x03\xfc\x00\x00\x07\xf8\x00\x00\x03\xe0\x00\x00\x1f',
  254:b'\x00\x00\x00\x00\x00\x00\x00\x00\x00\x00\x00\x00\x00\x00\x00\x00\x00\x00\x00\x00\x00\x00\x00\x00\x00\x00\x00\x00\x00\x00\x00\x00\x00\x00\x00\x00\x00\x00\x00\x00\x00\x00\x00\x00\x00\x00\x00\x00\x00\x00\x00\x00\x00\x00\x00\x07\xe0\x00\x00\x00\x07\xe0\x00\x00\x00\x07\xe0\x00\x00\x00\x07\xe0\x00\x00\x00\x07\xe0\x00\x00\x00\x07\xe0\x00\x00\x00\x07\xe0\x00\x00\x00\x07\xe0\x00\x00\x00\x07\xe0\x00\x00\x00\x07\xe0\x00\x00\x00\x07\xe0\x00\x00\x00\x07\xe0\x00\x00\x00\x07\xe0\x00\x00\x00\x07\xe0\xff\x00\x00\x07\xe3\xff\xe0\x00\x07\xef\xff\xf0\x00\x07\xff\xff\xf8\x00\x07\xff\xff\xfc\x00\x07\xff\x03\xfe\x00\x07\xfc\x00\xfe\x00\x07\xf8\x00\x7f\x00\x07\xf0\x00?\x00\x07\xe0\x00?\x00\x07\xe0\x00\x1f\x00\x07\xe0\x00\x1f\x80\x07\xe0\x00\x1f\x80\x07\xe0\x00\x1f\x80\x07\xe0\x00\x1f\x80\x07\xe0\x00\x1f\x80\x07\xe0\x00\x1f\x80\x07\xe0\x00\x1f\x80\x07\xe0\x00\x1f\x80\x07\xe0\x00\x1f\x80\x07\xe0\x00\x1f\x80\x07\xe0\x00\x1f\x80\x07\xe0\x00\x1f\x00\x07\xe0\x00?\x00\x07\xe0\x00?\x00\x07\xe0\x00~\x00\x07\xe0\x00~\x00\x07\xe0\x00\xfe\x00\x07\xe0\x01\xfc\x00\x07\xf8\x07\xf8\x00\x07\xff\xff\xf0\x00\x07\xff\xff\xe0\x00\x07\xff\xff\xc0\x00\x07\xff\xff\x00\x00\x07\xe7\xfc\x00\x00\x07\xe0\x00\x00\x00\x07\xe0\x00\x00\x00\x07\xe0\x00\x00\x00\x07\xe0\x00\x00\x00\x07\xe0\x00\x00\x00\x07\xe0\x00\x00\x00\x07\xe0\x00\x00\x00\x07\xe0\x00\x00\x00\x07\xe0\x00\x00\x00\x07\xe0\x00\x00\x00\x07\xe0\x00\x00\x00\x07\xe0\x00\x00\x00\x00\x00\x00\x00\x00$',
  255:b'\x00\x00\x00\x00\x00\x00\x00\x00\x00\x00\x00\x00\x00\x00\x00\x00\x00\x00\x00\x00\x00\x00\x00\x00\x00\x00\x00\x00\x00\x00\x00\x00\x00\x00\x00\x00\x00\x00\x00\x00\x00\x00\x00\x00\x01\xe0\x0f\x00\x03\xf0\x1f\x80\x03\xf0\x1f\x80\x03\xf8\x1f\x80\x03\xf0\x1f\x80\x03\xf0\x1f\x80\x01\xe0\x0f\x00\x00\x00\x00\x00\x00\x00\x00\x00\x00\x00\x00\x00\x00\x00\x00\x00\x00\x00\x00\x00\x00\x00\x00\x00~\x00\x00~\x7f\x00\x00|?\x00\x00\xfc?\x00\x00\xfc\x1f\x80\x00\xf8\x1f\x80\x00\xf8\x1f\x80\x01\xf8\x0f\xc0\x01\xf0\x0f\xc0\x01\xf0\x07\xc0\x03\xf0\x07\xe0\x03\xe0\x07\xe0\x03\xe0\x03\xf0\x07\xe0\x03\xf0\x07\xc0\x01\xf0\x07\xc0\x01\xf8\x07\xc0\x01\xf8\x0f\x80\x00\xf8\x0f\x80\x00\xfc\x0f\x80\x00|\x1f\x00\x00|\x1f\x00\x00~\x1f\x00\x00>\x1e\x00\x00>>\x00\x00?>\x00\x00\x1f<\x00\x00\x1f<\x00\x00\x0f\xfc\x00\x00\x0f\xf8\x00\x00\x0f\xf8\x00\x00\x07\xf8\x00\x00\x07\xf0\x00\x00\x03\xf0\x00\x00\x03\xf0\x00\x00\x03\xe0\x00\x00\x03\xe0\x00\x00\x03\xe0\x00\x00\x07\xc0\x00\x00\x07\xc0\x00\x00\x0f\xc0\x00\x00\x0f\x80\x00\x00\x1f\x80\x00\x00?\x00\x00\x03\xfe\x00\x00\x03\xfe\x00\x00\x03\xfc\x00\x00\x07\xf8\x00\x00\x03\xe0\x00\x00\x1f',
}

def get_ch(ch):
    c = ord(ch)
    if c not in _g.keys():
        return None, 0, 0
    return memoryview(_g[c]), 72, int(_g[c][-1])
