'''
    ezFBfont_PTSans_56_latin_86 : generated as part of the microPyEZfonts repository
      https://github.com/easytarget/microPyEZfonts

    This font definition can be used with the "ezFBfont" class provided there.
    It can also be used with the "writer" class from Peter Hinches micropython
      font-to-py tool: https://github.com/peterhinch/micropython-font-to-py

    Original PTSans_56.bdf font file was sourced from the U8G2 project:
      https://github.com/olikraus/u8g2

'''
# Code generated by bdf2dict.py
# Font: PTSans_56
# Cmd: ['bdf2dict.py'], ['./PTSans-56.bdf', '_', './latin-char.set']
# Date: 2025-05-29 13:00:14
'''
    Original Copyright, Comments and Notices from source:

    COPYRIGHT Sourced from Google Fonts, Wed 28 May 2025
    COPYRIGHT https://fonts.google.com/specimen/PT+Sans
    COPYRIGHT 
    COPYRIGHT Distributed there under the SIL Open Font License, Version 1.1
    COPYRIGHT 
    COPYRIGHT -----------------------------------------------------------
    COPYRIGHT Copyright (c) 2010, ParaType Ltd. (http://www.paratype.com/public),
    COPYRIGHT with Reserved Font Names "PT Sans" and "ParaType".
    COPYRIGHT 
    COPYRIGHT This Font Software is licensed under the SIL Open Font License, Version 1.1.
    COPYRIGHT This license is copied below, and is also available with a FAQ at:
    COPYRIGHT https://openfontlicense.org
    COPYRIGHT 
    COPYRIGHT 
    COPYRIGHT -----------------------------------------------------------
    COPYRIGHT SIL OPEN FONT LICENSE Version 1.1 - 26 February 2007
    COPYRIGHT -----------------------------------------------------------
    COPYRIGHT 
    COPYRIGHT PREAMBLE
    COPYRIGHT The goals of the Open Font License (OFL) are to stimulate worldwide
    COPYRIGHT development of collaborative font projects, to support the font creation
    COPYRIGHT efforts of academic and linguistic communities, and to provide a free and
    COPYRIGHT open framework in which fonts may be shared and improved in partnership
    COPYRIGHT with others.
    COPYRIGHT 
    COPYRIGHT The OFL allows the licensed fonts to be used, studied, modified and
    COPYRIGHT redistributed freely as long as they are not sold by themselves. The
    COPYRIGHT fonts, including any derivative works, can be bundled, embedded,
    COPYRIGHT redistributed and/or sold with any software provided that any reserved
    COPYRIGHT names are not used by derivative works. The fonts and derivatives,
    COPYRIGHT however, cannot be released under any other type of license. The
    COPYRIGHT requirement for fonts to remain under this license does not apply
    COPYRIGHT to any document created using the fonts or their derivatives.
    COPYRIGHT 
    COPYRIGHT DEFINITIONS
    COPYRIGHT "Font Software" refers to the set of files released by the Copyright
    COPYRIGHT Holder(s) under this license and clearly marked as such. This may
    COPYRIGHT include source files, build scripts and documentation.
    COPYRIGHT 
    COPYRIGHT "Reserved Font Name" refers to any names specified as such after the
    COPYRIGHT copyright statement(s).
    COPYRIGHT 
    COPYRIGHT "Original Version" refers to the collection of Font Software components as
    COPYRIGHT distributed by the Copyright Holder(s).
    COPYRIGHT 
    COPYRIGHT "Modified Version" refers to any derivative made by adding to, deleting,
    COPYRIGHT or substituting -- in part or in whole -- any of the components of the
    COPYRIGHT Original Version, by changing formats or by porting the Font Software to a
    COPYRIGHT new environment.
    COPYRIGHT 
    COPYRIGHT "Author" refers to any designer, engineer, programmer, technical
    COPYRIGHT writer or other person who contributed to the Font Software.
    COPYRIGHT 
    COPYRIGHT PERMISSION & CONDITIONS
    COPYRIGHT Permission is hereby granted, free of charge, to any person obtaining
    COPYRIGHT a copy of the Font Software, to use, study, copy, merge, embed, modify,
    COPYRIGHT redistribute, and sell modified and unmodified copies of the Font
    COPYRIGHT Software, subject to the following conditions:
    COPYRIGHT 
    COPYRIGHT 1) Neither the Font Software nor any of its individual components,
    COPYRIGHT in Original or Modified Versions, may be sold by itself.
    COPYRIGHT 
    COPYRIGHT 2) Original or Modified Versions of the Font Software may be bundled,
    COPYRIGHT redistributed and/or sold with any software, provided that each copy
    COPYRIGHT contains the above copyright notice and this license. These can be
    COPYRIGHT included either as stand-alone text files, human-readable headers or
    COPYRIGHT in the appropriate machine-readable metadata fields within text or
    COPYRIGHT binary files as long as those fields can be easily viewed by the user.
    COPYRIGHT 
    COPYRIGHT 3) No Modified Version of the Font Software may use the Reserved Font
    COPYRIGHT Name(s) unless explicit written permission is granted by the corresponding
    COPYRIGHT Copyright Holder. This restriction only applies to the primary font name as
    COPYRIGHT presented to the users.
    COPYRIGHT 
    COPYRIGHT 4) The name(s) of the Copyright Holder(s) or the Author(s) of the Font
    COPYRIGHT Software shall not be used to promote, endorse or advertise any
    COPYRIGHT Modified Version, except to acknowledge the contribution(s) of the
    COPYRIGHT Copyright Holder(s) and the Author(s) or with their explicit written
    COPYRIGHT permission.
    COPYRIGHT 
    COPYRIGHT 5) The Font Software, modified or unmodified, in part or in whole,
    COPYRIGHT must be distributed entirely under this license, and must not be
    COPYRIGHT distributed under any other license. The requirement for fonts to
    COPYRIGHT remain under this license does not apply to any document created
    COPYRIGHT using the Font Software.
    COPYRIGHT 
    COPYRIGHT TERMINATION
    COPYRIGHT This license becomes null and void if any of the above conditions are
    COPYRIGHT not met.
    COPYRIGHT 
    COPYRIGHT DISCLAIMER
    COPYRIGHT THE FONT SOFTWARE IS PROVIDED "AS IS", WITHOUT WARRANTY OF ANY KIND,
    COPYRIGHT EXPRESS OR IMPLIED, INCLUDING BUT NOT LIMITED TO ANY WARRANTIES OF
    COPYRIGHT MERCHANTABILITY, FITNESS FOR A PARTICULAR PURPOSE AND NONINFRINGEMENT
    COPYRIGHT OF COPYRIGHT, PATENT, TRADEMARK, OR OTHER RIGHT. IN NO EVENT SHALL THE
    COPYRIGHT COPYRIGHT HOLDER BE LIABLE FOR ANY CLAIM, DAMAGES OR OTHER LIABILITY,
    COPYRIGHT INCLUDING ANY GENERAL, SPECIAL, INDIRECT, INCIDENTAL, OR CONSEQUENTIAL
    COPYRIGHT DAMAGES, WHETHER IN AN ACTION OF CONTRACT, TORT OR OTHERWISE, ARISING
    COPYRIGHT FROM, OUT OF THE USE OR INABILITY TO USE THE FONT SOFTWARE OR FROM
    COPYRIGHT OTHER DEALINGS IN THE FONT SOFTWARE.
    COPYRIGHT -----------------------------------------------------------
    COPYRIGHT 
    COPYRIGHT Converted from OpenType font "PTSans.ttf" by "otf2bdf 3.0".
    COPYRIGHT 

    COMMENT "Copyright © 2009 ParaType Ltd. All rights reserved."
'''
version = '0.33'
name = '-freetype-pt sans-medium-r-normal--77-560-100-100-p-345-iso10646-1'
family = 'pt sans'
weight = 'medium'
size = 77

def height():
    return 86

def baseline():
    return 68

def max_width():
    return 83

def hmap():
    return True

def reverse():
    return False

def monospaced():
    return False

def min_ch():
    return 32

def max_ch():
    return 255

_g = {
  32:b'\x00\x00\x00\x00\x00\x00\x00\x00\x00\x00\x00\x00\x00\x00\x00\x00\x00\x00\x00\x00\x00\x00\x00\x00\x00\x00\x00\x00\x00\x00\x00\x00\x00\x00\x00\x00\x00\x00\x00\x00\x00\x00\x00\x00\x00\x00\x00\x00\x00\x00\x00\x00\x00\x00\x00\x00\x00\x00\x00\x00\x00\x00\x00\x00\x00\x00\x00\x00\x00\x00\x00\x00\x00\x00\x00\x00\x00\x00\x00\x00\x00\x00\x00\x00\x00\x00\x00\x00\x00\x00\x00\x00\x00\x00\x00\x00\x00\x00\x00\x00\x00\x00\x00\x00\x00\x00\x00\x00\x00\x00\x00\x00\x00\x00\x00\x00\x00\x00\x00\x00\x00\x00\x00\x00\x00\x00\x00\x00\x00\x00\x00\x00\x00\x00\x00\x00\x00\x00\x00\x00\x00\x00\x00\x00\x00\x00\x00\x00\x00\x00\x00\x00\x00\x00\x00\x00\x00\x00\x00\x00\x00\x00\x00\x00\x00\x00\x00\x00\x00\x00\x00\x00\x00\x00\x00\x00\x00\x00\x00\x00\x00\x00\x00\x00\x00\x00\x00\x00\x00\x00\x00\x00\x00\x00\x00\x00\x00\x00\x00\x00\x00\x00\x00\x00\x00\x00\x00\x00\x00\x00\x00\x00\x00\x00\x00\x00\x00\x00\x00\x00\x00\x00\x00\x00\x00\x00\x00\x00\x00\x00\x00\x00\x00\x00\x00\x00\x00\x00\x00\x00\x00\x00\x00\x00\x00\x00\x00\x00\x00\x00\x00\x00\x00\x00\x00\x00\x00\x00\x15',
  33:b'\x00\x00\x00\x00\x00\x00\x00\x00\x00\x00\x00\x00\x00\x00\x00\x00\x00\x00\x00\x00\x00\x00\x00\x00\x00\x00\x00\x00\x00\x00\x00\x00\x00\x00\x00\x00\x00\x00\x00\x00?\x00\x00?\x00\x00?\x00\x00?\x00\x00?\x00\x00?\x00\x00?\x00\x00?\x00\x00?\x00\x00?\x00\x00?\x00\x00?\x00\x00?\x00\x00?\x00\x00?\x00\x00?\x00\x00?\x00\x00?\x00\x00?\x00\x00?\x00\x00?\x00\x00?\x00\x00?\x00\x00?\x00\x00?\x00\x00?\x00\x00?\x00\x00?\x00\x00?\x00\x00?\x00\x00?\x00\x00?\x00\x00?\x00\x00\x1f\x00\x00\x1f\x00\x00\x1f\x00\x00\x1e\x00\x00\x1e\x00\x00\x1e\x00\x00\x1e\x00\x00\x1e\x00\x00\x00\x00\x00\x00\x00\x00\x00\x00\x00\x00\x00\x00\x00\x00\x00\x00\x00\x00\x1e\x00\x00\x7f\x80\x00\x7f\x80\x00\x7f\xc0\x00\x7f\xc0\x00\x7f\xc0\x00\x7f\x80\x00?\x80\x00\x1e\x00\x00\x00\x00\x00\x00\x00\x00\x00\x00\x00\x00\x00\x00\x00\x00\x00\x00\x00\x00\x00\x00\x00\x00\x00\x00\x00\x00\x00\x00\x00\x00\x00\x00\x00\x00\x00\x00\x00\x00\x00\x00\x00\x00\x00\x00\x00\x00\x00\x00\x00\x00\x18',
  34:b'\x00\x00\x00\x00\x00\x00\x00\x00\x00\x00\x00\x00\x00\x00\x00\x00\x00\x00\x00\x00\x00\x00\x00\x00\x00\x00\x00\x00\x00\x00\x00\x00\x00\x00\x00\x00\x00\x00\x00\x00\x00\x00\x00\x00\x00\x00\x00\x00\x00\x00\x00\x00\x01\xf8\xfc\x00\x01\xf8\xfc\x00\x01\xf8\xfc\x00\x01\xf8\xfc\x00\x01\xf0\xfc\x00\x01\xf0\xf8\x00\x01\xf0\xf8\x00\x01\xf0\xf8\x00\x01\xf0\xf8\x00\x01\xf0\xf8\x00\x01\xe0\xf8\x00\x01\xe0\xf0\x00\x01\xe0\xf0\x00\x01\xe0\xf0\x00\x01\xe0\xf0\x00\x00\x00\x00\x00\x00\x00\x00\x00\x00\x00\x00\x00\x00\x00\x00\x00\x00\x00\x00\x00\x00\x00\x00\x00\x00\x00\x00\x00\x00\x00\x00\x00\x00\x00\x00\x00\x00\x00\x00\x00\x00\x00\x00\x00\x00\x00\x00\x00\x00\x00\x00\x00\x00\x00\x00\x00\x00\x00\x00\x00\x00\x00\x00\x00\x00\x00\x00\x00\x00\x00\x00\x00\x00\x00\x00\x00\x00\x00\x00\x00\x00\x00\x00\x00\x00\x00\x00\x00\x00\x00\x00\x00\x00\x00\x00\x00\x00\x00\x00\x00\x00\x00\x00\x00\x00\x00\x00\x00\x00\x00\x00\x00\x00\x00\x00\x00\x00\x00\x00\x00\x00\x00\x00\x00\x00\x00\x00\x00\x00\x00\x00\x00\x00\x00\x00\x00\x00\x00\x00\x00\x00\x00\x00\x00\x00\x00\x00\x00\x00\x00\x00\x00\x00\x00\x00\x00\x00\x00\x00\x00\x00\x00\x00\x00\x00\x00\x00\x00\x00\x00\x00\x00\x00\x00\x00\x00\x00\x00\x00\x00\x00\x00\x00\x00\x00\x00\x00\x00\x00\x00\x00\x00\x00\x00\x00\x00\x00\x00\x00\x00\x00\x00\x00\x00\x00\x00\x00\x00\x00\x00\x00\x00\x00\x00\x00\x00\x00\x00\x00\x00\x00\x00\x00\x00\x00\x00\x00\x00\x00\x00\x00\x00\x1a',
  35:b'\x00\x00\x00\x00\x00\x00\x00\x00\x00\x00\x00\x00\x00\x00\x00\x00\x00\x00\x00\x00\x00\x00\x00\x00\x00\x00\x00\x00\x00\x00\x00\x00\x00\x00\x00\x00\x00\x00\x00\x00\x00\x00\x00\x00\x00\x00\x00\x00\x00\x00\x00\x00\x00\x00\x00\x00\x00\x00\x00\x00\x00\x00\x00\x00\x00\x00\x00\x00\x00\x00\x00\x00\x00\x00\x00\x00\x00\x00\x00\x00\x00\x00\x00\x00\x00\x00\x00\x00\x00\x00\x00\x00\x00\x00\x00\x00\x00\x00\x00\x00\x00\x00\x00\x00\xf8\x07\xe0\x00\x00\x00\xf8\x07\xe0\x00\x00\x01\xf8\x07\xc0\x00\x00\x01\xf8\x07\xc0\x00\x00\x01\xf0\x0f\xc0\x00\x00\x01\xf0\x0f\xc0\x00\x00\x03\xf0\x0f\x80\x00\x00\x03\xf0\x0f\x80\x00\x00\x03\xe0\x1f\x80\x00\x00\x03\xe0\x1f\x80\x00\x00\x07\xe0\x1f\x00\x00\x00\x07\xe0\x1f\x00\x00\x01\xff\xff\xff\xfc\x00\x01\xff\xff\xff\xfc\x00\x01\xff\xff\xff\xf8\x00\x01\xff\xff\xff\xf8\x00\x03\xff\xff\xff\xf8\x00\x03\xff\xff\xff\xf8\x00\x00\x0f\x80~\x00\x00\x00\x1f\x80|\x00\x00\x00\x1f\x80|\x00\x00\x00\x1f\x00|\x00\x00\x00\x1f\x00\xfc\x00\x00\x00\x1f\x00\xf8\x00\x00\x00?\x00\xf8\x00\x00\x00>\x00\xf8\x00\x00\x00>\x01\xf8\x00\x00\x00>\x01\xf8\x00\x00\x1f\xff\xff\xff\xc0\x00\x1f\xff\xff\xff\xc0\x00\x1f\xff\xff\xff\xc0\x00\x1f\xff\xff\xff\x80\x00?\xff\xff\xff\x80\x00?\xff\xff\xff\x80\x00\x00\xfc\x03\xe0\x00\x00\x00\xf8\x07\xe0\x00\x00\x00\xf8\x07\xe0\x00\x00\x01\xf8\x07\xc0\x00\x00\x01\xf8\x07\xc0\x00\x00\x01\xf0\x0f\xc0\x00\x00\x01\xf0\x0f\xc0\x00\x00\x03\xf0\x0f\x80\x00\x00\x03\xf0\x0f\x80\x00\x00\x03\xe0\x1f\x80\x00\x00\x03\xe0\x1f\x80\x00\x00\x07\xe0\x1f\x00\x00\x00\x00\x00\x00\x00\x00\x00\x00\x00\x00\x00\x00\x00\x00\x00\x00\x00\x00\x00\x00\x00\x00\x00\x00\x00\x00\x00\x00\x00\x00\x00\x00\x00\x00\x00\x00\x00\x00\x00\x00\x00\x00\x00\x00\x00\x00\x00\x00\x00\x00\x00\x00\x00\x00\x00\x00\x00\x00\x00\x00\x00\x00\x00\x00\x00\x00\x00\x00\x00\x00\x00\x00\x00\x00\x00\x00\x00\x00\x00\x00\x00\x00\x00\x00\x00\x00\x00\x00\x00\x00\x00\x00\x00\x00\x00\x00\x00\x00\x00\x00\x00\x00\x00\x00\x00\x00\x00\x00\x00\x00\x00\x00\x00\x00\x00\x00\x00\x00\x00\x00\x00\x00\x00\x00\x00\x00\x00\x00\x00\x00\x00\x00\x00\x00\x00\x00\x00\x00\x00+',
  36:b'\x00\x00\x00\x00\x00\x00\x00\x00\x00\x00\x00\x00\x00\x00\x00\x00\x00\x00\x00\x00\x00\x00\x00\x00\x00\x00\x00\x00\x00\x00\x00\x00\x1f\x00\x00\x00\x00\x00\x1f\x00\x00\x00\x00\x00\x1f\x00\x00\x00\x00\x00\x1f\x00\x00\x00\x00\x00\x1f\x00\x00\x00\x00\x00\x1f\x00\x00\x00\x00\x00\x1f\x00\x00\x00\x00\x00\x7f\xfc\x00\x00\x00\x03\xff\xff\xc0\x00\x00\x0f\xff\xff\xe0\x00\x00\x1f\xff\xff\xe0\x00\x00\x7f\xff\xff\xc0\x00\x00\x7f\xff\xff\xc0\x00\x00\xff\xcf\x07\xc0\x00\x01\xff\x0f\x00\xc0\x00\x01\xfe\x0f\x00\x00\x00\x01\xfc\x0f\x00\x00\x00\x03\xf8\x0f\x00\x00\x00\x03\xf8\x0f\x00\x00\x00\x03\xf8\x0f\x00\x00\x00\x03\xf8\x0f\x00\x00\x00\x03\xf8\x0f\x00\x00\x00\x03\xf8\x0f\x00\x00\x00\x03\xf8\x0f\x00\x00\x00\x03\xfc\x0f\x00\x00\x00\x01\xfc\x0f\x00\x00\x00\x01\xfe\x0f\x00\x00\x00\x01\xff\x0f\x00\x00\x00\x00\xff\xcf\x00\x00\x00\x00\x7f\xef\x00\x00\x00\x00\x7f\xff\x00\x00\x00\x00?\xff\x00\x00\x00\x00\x1f\xff\x80\x00\x00\x00\x07\xff\xe0\x00\x00\x00\x03\xff\xf8\x00\x00\x00\x00\xff\xfc\x00\x00\x00\x00?\xfe\x00\x00\x00\x00\x1f\xff\x80\x00\x00\x00\x1f\xff\xc0\x00\x00\x00\x1e\xff\xe0\x00\x00\x00\x1e?\xe0\x00\x00\x00\x1e\x1f\xf0\x00\x00\x00\x1e\x0f\xf0\x00\x00\x00\x1e\x07\xf8\x00\x00\x00\x1e\x03\xf8\x00\x00\x00\x1e\x03\xf8\x00\x00\x00\x1e\x01\xf8\x00\x00\x00\x1e\x01\xfc\x00\x00\x00\x1e\x01\xfc\x00\x00\x00\x1e\x01\xfc\x00\x00\x00\x1e\x01\xfc\x00\x00\x00\x1e\x01\xf8\x00\x00\x00\x1e\x01\xf8\x00\x00\x00\x1e\x03\xf8\x00\x00\x00\x1e\x07\xf8\x00\x00\x00\x1e\x07\xf0\x00\x00\x80\x1e\x1f\xf0\x00\x01\xf8\x1e\x7f\xe0\x00\x01\xff\xff\xff\xc0\x00\x01\xff\xff\xff\x80\x00\x03\xff\xff\xff\x00\x00\x01\xff\xff\xfe\x00\x00\x00\x7f\xff\xf8\x00\x00\x00\x07\xff\x80\x00\x00\x00\x00\x1f\x00\x00\x00\x00\x00\x1f\x00\x00\x00\x00\x00\x1f\x00\x00\x00\x00\x00\x1f\x00\x00\x00\x00\x00\x1f\x00\x00\x00\x00\x00\x1f\x00\x00\x00\x00\x00\x1f\x00\x00\x00\x00\x00\x00\x00\x00\x00\x00\x00\x00\x00\x00\x00\x00\x00\x00\x00\x00\x00\x00\x00\x00\x00\x00\x00\x00\x00\x00\x00\x00\x00\x00\x00\x00\x00\x00\x00\x00\x00\x00\x00\x00\x00\x00\x00\x00\x00\x00\x00\x00\x00\x00\x00\x00\x00\x00\x00\x00\x00\x00\x00+',
  37:b'\x00\x00\x00\x00\x00\x00\x00\x00\x00\x00\x00\x00\x00\x00\x00\x00\x00\x00\x00\x00\x00\x00\x00\x00\x00\x00\x00\x00\x00\x00\x00\x00\x00\x00\x00\x00\x00\x00\x00\x00\x00\x00\x00\x00\x00\x00\x00\x00\x00\x00\x00\x00\x00\x00\x00\x00\x00\x00\x00\x00\x00\x00\x00\x00\x00\x00\x00\x00\x00\x00\x00\x00\x00\x00\x00\x00\x00\x00\x00\x00\x00\x00\x00\x00\x00\x00\x00\x00\x00\x00\x00\x00\x00\x00\x00\x00\x00\x03\xfc\x00\x00\x00@\x00\x00\x1f\xff\x00\x00\x00p\x00\x00?\xff\xc0\x00\x00\xf8\x00\x00\x7f\xff\xe0\x00\x01\xfc\x00\x00\xff\xff\xe0\x00\x03\xf0\x00\x01\xfe\x0f\xf0\x00\x03\xf0\x00\x01\xf8\x03\xf0\x00\x07\xe0\x00\x03\xf0\x01\xf8\x00\x0f\xc0\x00\x03\xf0\x01\xf8\x00\x1f\x80\x00\x03\xf0\x01\xf8\x00\x1f\x80\x00\x03\xe0\x00\xf8\x00?\x00\x00\x03\xe0\x00\xfc\x00~\x00\x00\x07\xe0\x00\xfc\x00\xfc\x00\x00\x07\xe0\x00\xfc\x00\xfc\x00\x00\x07\xe0\x00\xfc\x01\xf8\x00\x00\x03\xe0\x00\xfc\x03\xf0\x00\x00\x03\xe0\x00\xf8\x07\xf0\x00\x00\x03\xf0\x01\xf8\x07\xe0\x00\x00\x03\xf0\x01\xf8\x0f\xc0\x00\x00\x03\xf8\x01\xf8\x1f\x80\x00\x00\x01\xf8\x03\xf0?\x80\x00\x00\x01\xfe\x0f\xf0?\x00\x00\x00\x00\xff\xff\xe0~\x00\x00\x00\x00\xff\xff\xe0\xfc\x00\x00\x00\x00\x7f\xff\xc1\xfc\x00\x00\x00\x00\x1f\xff\x01\xf8\x00\x00\x00\x00\x07\xfc\x03\xf0\x00\x00\x00\x00\x00\x00\x07\xe0\x00\x00\x00\x00\x00\x00\x0f\xe0\x00\x00\x00\x00\x00\x00\x0f\xc0\x7f\x80\x00\x00\x00\x00\x1f\x81\xff\xf0\x00\x00\x00\x00?\x03\xff\xf8\x00\x00\x00\x00?\x0f\xff\xfc\x00\x00\x00\x00~\x0f\xff\xfe\x00\x00\x00\x00\xfc\x1f\xe0\xff\x00\x00\x00\x01\xf8\x1f\x80?\x00\x00\x00\x01\xf8?\x00\x1f\x80\x00\x00\x03\xf0?\x00\x1f\x80\x00\x00\x07\xe0>\x00\x1f\x80\x00\x00\x0f\xc0~\x00\x0f\x80\x00\x00\x0f\xc0~\x00\x0f\x80\x00\x00\x1f\x80~\x00\x0f\x80\x00\x00?\x00~\x00\x0f\x80\x00\x00\x7f\x00~\x00\x0f\x80\x00\x00~\x00~\x00\x0f\x80\x00\x00\xfc\x00~\x00\x1f\x80\x00\x01\xf8\x00?\x00\x1f\x80\x00\x03\xf8\x00?\x00\x1f\x80\x00\x03\xf0\x00?\x00\x1f\x80\x00\x07\xe0\x00\x1f\x80?\x00\x00\x0f\xc0\x00\x1f\xe0\xff\x00\x00\x1f\xc0\x00\x0f\xff\xfe\x00\x00\x1f\x80\x00\x0f\xff\xfc\x00\x00?\x00\x00\x07\xff\xf8\x00\x00>\x00\x00\x01\xff\xf0\x00\x00\x0e\x00\x00\x00\x7f\xc0\x00\x00\x04\x00\x00\x00\x00\x00\x00\x00\x00\x00\x00\x00\x00\x00\x00\x00\x00\x00\x00\x00\x00\x00\x00\x00\x00\x00\x00\x00\x00\x00\x00\x00\x00\x00\x00\x00\x00\x00\x00\x00\x00\x00\x00\x00\x00\x00\x00\x00\x00\x00\x00\x00\x00\x00\x00\x00\x00\x00\x00\x00\x00\x00\x00\x00\x00\x00\x00\x00\x00\x00\x00\x00\x00\x00\x00\x00\x00\x00\x00\x00\x00\x00\x00\x00\x00\x00\x00\x00\x00\x00\x00\x00\x00\x00\x00\x00\x00\x00\x00\x00\x00\x00\x00\x00\x00\x00\x00\x00\x00\x00\x00\x00\x00\x00\x00\x00\x00\x00\x00\x00\x00\x00\x00\x00\x00\x00\x00\x00\x00\x00\x00\x00\x00\x00\x00\x00\x00\x00\x00\x00\x00\x00\x00<',
  38:b'\x00\x00\x00\x00\x00\x00\x00\x00\x00\x00\x00\x00\x00\x00\x00\x00\x00\x00\x00\x00\x00\x00\x00\x00\x00\x00\x00\x00\x00\x00\x00\x00\x00\x00\x00\x00\x00\x00\x00\x00\x00\x00\x00\x00\x00\x00\x00\x00\x00\x00\x00\x00\x00\x00\x00\x00\x00\x00\x00\x00\x00\x00\x00\x00\x00\x00\x00\x00\x00\x00\x00\x00\x00\x00\x00\x00\x00\x00\x00\x00\x00\x00\x00\x00\x00\x00\x00\x00\x00\x00\x00\x00\x00\x00\x00\x00\x00\x00\x00\x7f\xc0\x00\x00\x00\x00\x00\x01\xff\xf0\x00\x00\x00\x00\x00\x07\xff\xfc\x00\x00\x00\x00\x00\x0f\xff\xfe\x00\x00\x00\x00\x00\x1f\xff\xfe\x00\x00\x00\x00\x00\x1f\xff\xff\x00\x00\x00\x00\x00?\xe0\xff\x00\x00\x00\x00\x00?\x80?\x00\x00\x00\x00\x00?\x00?\x80\x00\x00\x00\x00?\x00\x1f\x80\x00\x00\x00\x00?\x00\x1f\x00\x00\x00\x00\x00?\x00\x1f\x00\x00\x00\x00\x00?\x00\x1f\x00\x00\x00\x00\x00?\x00?\x00\x00\x00\x00\x00\x1f\x80~\x00\x00\x00\x00\x00\x1f\x80~\x00\x00\x00\x00\x00\x1f\xc0\xfc\x00\x00\x00\x00\x00\x0f\xc3\xf8\x00\x00\x00\x00\x00\x0f\xe7\xf0\x00\x00\x00\x00\x00\x07\xff\xe0\x00\x00\x00\x00\x00\x03\xff\xc0\x00\x00\x00\x00\x00\x03\xff\x00\x00\x00\x00\x00\x00\x03\xfe\x00\x00\x00\x00\x00\x00\x0f\xfc\x00\x00\x00\x00\x00\x00\x1f\xfe\x00\x00\x00\x00\x00\x00?\xff\x00\x00\x00\x00\x00\x00\xff\xbf\x00\x00\x00\x00\x00\x01\xfe?\x80\x00\x00\x00\x00\x03\xfc\x1f\xc0\x00\x00\x00\x00\x03\xf8\x0f\xc0\x00 \x00\x00\x07\xf0\x0f\xe0\x008\x00\x00\x0f\xe0\x07\xf0\x00~\x00\x00\x0f\xc0\x03\xf8\x00~\x00\x00\x1f\xc0\x03\xf8\x00|\x00\x00\x1f\x80\x01\xfc\x00\xfc\x00\x00?\x80\x00\xfe\x00\xf8\x00\x00?\x00\x00\x7f\x01\xf8\x00\x00?\x00\x00\x7f\x81\xf0\x00\x00\x7f\x00\x00?\xc3\xf0\x00\x00~\x00\x00\x1f\xc3\xe0\x00\x00~\x00\x00\x0f\xe7\xe0\x00\x00~\x00\x00\x07\xff\xc0\x00\x00\x7f\x00\x00\x07\xff\xc0\x00\x00\x7f\x00\x00\x03\xff\x80\x00\x00\x7f\x00\x00\x01\xff\x00\x00\x00?\x80\x00\x00\xff\x00\x00\x00?\x80\x00\x00\xff\x80\x00\x00?\xc0\x00\x03\xff\xc0\x00\x00\x1f\xe0\x00\x07\xff\xe0\x00\x00\x1f\xf8\x00\x1f\xff\xf8\x00\x00\x0f\xff\x00\xff\xe7\xfc\x00\x00\x07\xff\xff\xff\xc3\xff\x00\x00\x03\xff\xff\xff\x81\xff\x80\x00\x01\xff\xff\xfe\x00\xff\x80\x00\x00\x7f\xff\xfc\x00?\x00\x00\x00\x1f\xff\xe0\x00\x1e\x00\x00\x00\x03\xff\x00\x00\x04\x00\x00\x00\x00\x00\x00\x00\x00\x00\x00\x00\x00\x00\x00\x00\x00\x00\x00\x00\x00\x00\x00\x00\x00\x00\x00\x00\x00\x00\x00\x00\x00\x00\x00\x00\x00\x00\x00\x00\x00\x00\x00\x00\x00\x00\x00\x00\x00\x00\x00\x00\x00\x00\x00\x00\x00\x00\x00\x00\x00\x00\x00\x00\x00\x00\x00\x00\x00\x00\x00\x00\x00\x00\x00\x00\x00\x00\x00\x00\x00\x00\x00\x00\x00\x00\x00\x00\x00\x00\x00\x00\x00\x00\x00\x00\x00\x00\x00\x00\x00\x00\x00\x00\x00\x00\x00\x00\x00\x00\x00\x00\x00\x00\x00\x00\x00\x00\x00\x00\x00\x00\x00\x00\x00\x00\x00\x00\x00\x00\x00\x00\x00\x00\x00\x00\x00\x00?',
  39:b'\x00\x00\x00\x00\x00\x00\x00\x00\x00\x00\x00\x00\x00\x00\x00\x00\x00\x00\x00\x00\x00\x00\x00\x00\x00\x00\x00\x00\x00\x00\x00\x00\x00\x00\x00\x00\x00\x00\x00\x01\xf8\x00\x01\xf8\x00\x01\xf8\x00\x01\xf8\x00\x01\xf0\x00\x01\xf0\x00\x01\xf0\x00\x01\xf0\x00\x01\xf0\x00\x01\xf0\x00\x01\xe0\x00\x01\xe0\x00\x01\xe0\x00\x01\xe0\x00\x01\xe0\x00\x00\x00\x00\x00\x00\x00\x00\x00\x00\x00\x00\x00\x00\x00\x00\x00\x00\x00\x00\x00\x00\x00\x00\x00\x00\x00\x00\x00\x00\x00\x00\x00\x00\x00\x00\x00\x00\x00\x00\x00\x00\x00\x00\x00\x00\x00\x00\x00\x00\x00\x00\x00\x00\x00\x00\x00\x00\x00\x00\x00\x00\x00\x00\x00\x00\x00\x00\x00\x00\x00\x00\x00\x00\x00\x00\x00\x00\x00\x00\x00\x00\x00\x00\x00\x00\x00\x00\x00\x00\x00\x00\x00\x00\x00\x00\x00\x00\x00\x00\x00\x00\x00\x00\x00\x00\x00\x00\x00\x00\x00\x00\x00\x00\x00\x00\x00\x00\x00\x00\x00\x00\x00\x00\x00\x00\x00\x00\x00\x00\x00\x00\x00\x00\x00\x00\x00\x00\x00\x00\x00\x00\x00\x00\x00\x00\x00\x00\x00\x00\x00\x00\x00\x00\x00\x00\x00\x00\x00\x00\x00\x00\x00\x00\x00\x00\x00\x00\x00\x00\x00\x00\x00\x00\x00\x11',
  40:b'\x00\x00\x00\x00\x00\x00\x00\x00\x00\x00\x00\x00\x00\x00\x00\x00\x00\x00\x00\x00\x00\x00\x00\x00\x00\x00\x00\x00\x00\x00\x00\x00\x00\x00\x00\x00\x00\x00`\x00\x00p\x00\x00\xf8\x00\x01\xfc\x00\x03\xf0\x00\x03\xf0\x00\x07\xe0\x00\x0f\xc0\x00\x0f\xc0\x00\x1f\x80\x00\x1f\x80\x00?\x00\x00?\x00\x00~\x00\x00~\x00\x00~\x00\x00\xfc\x00\x00\xfc\x00\x01\xfc\x00\x01\xf8\x00\x01\xf8\x00\x01\xf8\x00\x03\xf0\x00\x03\xf0\x00\x03\xf0\x00\x03\xf0\x00\x03\xf0\x00\x07\xf0\x00\x07\xe0\x00\x07\xe0\x00\x07\xe0\x00\x07\xe0\x00\x07\xe0\x00\x07\xe0\x00\x07\xe0\x00\x07\xe0\x00\x07\xe0\x00\x07\xe0\x00\x07\xe0\x00\x07\xe0\x00\x07\xe0\x00\x07\xe0\x00\x07\xe0\x00\x07\xe0\x00\x07\xe0\x00\x07\xf0\x00\x07\xf0\x00\x03\xf0\x00\x03\xf0\x00\x03\xf0\x00\x03\xf8\x00\x03\xf8\x00\x01\xf8\x00\x01\xf8\x00\x01\xfc\x00\x00\xfc\x00\x00\xfc\x00\x00\xfe\x00\x00~\x00\x00~\x00\x00\x7f\x00\x00?\x00\x00?\x80\x00\x1f\x80\x00\x1f\xc0\x00\x0f\xc0\x00\x07\xe0\x00\x07\xf0\x00\x03\xf0\x00\x01\xf8\x00\x01\xfc\x00\x00\xf0\x00\x00@\x00\x00\x00\x16',
  41:b'\x00\x00\x00\x00\x00\x00\x00\x00\x00\x00\x00\x00\x00\x00\x00\x00\x00\x00\x00\x00\x00\x00\x00\x00\x00\x00\x00\x00\x00\x00\x00\x00\x00\x00\x00\x00\x18\x00\x008\x00\x00|\x00\x00\xfe\x00\x00\x7f\x00\x00?\x80\x00\x1f\x80\x00\x1f\xc0\x00\x0f\xc0\x00\x07\xe0\x00\x07\xe0\x00\x07\xf0\x00\x03\xf0\x00\x03\xf8\x00\x01\xf8\x00\x01\xfc\x00\x01\xfc\x00\x00\xfc\x00\x00\xfe\x00\x00\xfe\x00\x00~\x00\x00~\x00\x00\x7f\x00\x00\x7f\x00\x00?\x00\x00?\x00\x00?\x00\x00?\x80\x00?\x80\x00?\x80\x00\x1f\x80\x00\x1f\x80\x00\x1f\x80\x00\x1f\x80\x00\x1f\x80\x00\x1f\x80\x00\x1f\x80\x00\x1f\x80\x00\x1f\x80\x00\x1f\x80\x00\x1f\x80\x00\x1f\x80\x00\x1f\x80\x00\x1f\x80\x00?\x80\x00?\x00\x00?\x00\x00?\x00\x00?\x00\x00?\x00\x00~\x00\x00~\x00\x00~\x00\x00~\x00\x00\xfc\x00\x00\xfc\x00\x00\xfc\x00\x01\xf8\x00\x01\xf8\x00\x03\xf0\x00\x03\xf0\x00\x03\xf0\x00\x07\xe0\x00\x07\xe0\x00\x0f\xc0\x00\x1f\x80\x00\x1f\x80\x00?\x00\x00\x7f\x00\x00~\x00\x00\xfc\x00\x008\x00\x00\x10\x00\x00\x00\x00\x00\x16',
  42:b'\x00\x00\x00\x00\x00\x00\x00\x00\x00\x00\x00\x00\x00\x00\x00\x00\x00\x00\x00\x00\x00\x00\x00\x00\x00\x00\x00\x00\x00\x00\x00\x00\x00\x00\x00\x00\x00\x00\x00\x00\x00\x00\x00\x00\x00\x00\x00\x00\x00@@\x00\x01\xe0\xf0\x00\x03\xf0\xf8\x00\x01\xf1\xf0\x00\x00\xf9\xe0\x00\x00\xfb\xc0\x00\x00{\x80\x00\x00?\x00\x00\x1f\xde\x7f\x00\x1f\xff\xff\x00\x1f\xff\xff\x00\x1f\xdf?\x00\x00;\x80\x00\x00{\xc0\x00\x00\xfb\xe0\x00\x00\xf1\xf0\x00\x01\xf1\xf0\x00\x03\xf0\xf8\x00\x01\xe0\xf0\x00\x00@@\x00\x00\x00\x00\x00\x00\x00\x00\x00\x00\x00\x00\x00\x00\x00\x00\x00\x00\x00\x00\x00\x00\x00\x00\x00\x00\x00\x00\x00\x00\x00\x00\x00\x00\x00\x00\x00\x00\x00\x00\x00\x00\x00\x00\x00\x00\x00\x00\x00\x00\x00\x00\x00\x00\x00\x00\x00\x00\x00\x00\x00\x00\x00\x00\x00\x00\x00\x00\x00\x00\x00\x00\x00\x00\x00\x00\x00\x00\x00\x00\x00\x00\x00\x00\x00\x00\x00\x00\x00\x00\x00\x00\x00\x00\x00\x00\x00\x00\x00\x00\x00\x00\x00\x00\x00\x00\x00\x00\x00\x00\x00\x00\x00\x00\x00\x00\x00\x00\x00\x00\x00\x00\x00\x00\x00\x00\x00\x00\x00\x00\x00\x00\x00\x00\x00\x00\x00\x00\x00\x00\x00\x00\x00\x00\x00\x00\x00\x00\x00\x00\x00\x00\x00\x00\x00\x00\x00\x00\x00\x00\x00\x00\x00\x00\x00\x00\x00\x00\x00\x00\x00\x00\x00\x00\x00\x00\x00\x00\x00\x00\x00\x00\x00\x00\x00\x00\x00\x00\x00\x00\x00\x00\x00\x00\x00\x00\x00\x00\x00\x00\x00\x00\x00\x00\x00\x00\x00\x00\x00\x00\x00\x00\x00\x00\x00\x00\x00\x1b',
  43:b"\x00\x00\x00\x00\x00\x00\x00\x00\x00\x00\x00\x00\x00\x00\x00\x00\x00\x00\x00\x00\x00\x00\x00\x00\x00\x00\x00\x00\x00\x00\x00\x00\x00\x00\x00\x00\x00\x00\x00\x00\x00\x00\x00\x00\x00\x00\x00\x00\x00\x00\x00\x00\x00\x00\x00\x00\x00\x00\x00\x00\x00\x00\x00\x00\x00\x00\x00\x00\x00\x00\x00\x00\x00\x00\x00\x00\x00\x00\x00\x00\x00\x00\x00\x00\x00\x00\x00\x00\x00\x00\x00\x00\x00\x00\x00\x00\x00\x00\x00\x00\x00\x00\x00\x00\x00\x00\x00\x00\x00\x00\x00\x00\x00\x00\x00\x00\x00\x00\x00\x00\x00\x00|\x00\x00\x00\x00|\x00\x00\x00\x00|\x00\x00\x00\x00|\x00\x00\x00\x00|\x00\x00\x00\x00|\x00\x00\x00\x00|\x00\x00\x00\x00|\x00\x00\x00\x00|\x00\x00\x00\x00|\x00\x00\x00\x00|\x00\x00\x00\x00|\x00\x00\x00\x00|\x00\x00\x00\x00|\x00\x00\x1f\xff\xff\xff\xf0\x1f\xff\xff\xff\xf0\x1f\xff\xff\xff\xf0\x1f\xff\xff\xff\xf0\x1f\xff\xff\xff\xf0\x1f\xff\xff\xff\xf0\x00\x00|\x00\x00\x00\x00|\x00\x00\x00\x00|\x00\x00\x00\x00|\x00\x00\x00\x00|\x00\x00\x00\x00|\x00\x00\x00\x00|\x00\x00\x00\x00|\x00\x00\x00\x00|\x00\x00\x00\x00|\x00\x00\x00\x00|\x00\x00\x00\x00|\x00\x00\x00\x00|\x00\x00\x00\x00|\x00\x00\x00\x00\x00\x00\x00\x00\x00\x00\x00\x00\x00\x00\x00\x00\x00\x00\x00\x00\x00\x00\x00\x00\x00\x00\x00\x00\x00\x00\x00\x00\x00\x00\x00\x00\x00\x00\x00\x00\x00\x00\x00\x00\x00\x00\x00\x00\x00\x00\x00\x00\x00\x00\x00\x00\x00\x00\x00\x00\x00\x00\x00\x00\x00\x00\x00\x00\x00\x00\x00\x00\x00\x00\x00\x00\x00\x00\x00\x00\x00\x00\x00\x00\x00\x00\x00\x00\x00\x00\x00\x00\x00\x00\x00\x00\x00\x00\x00\x00\x00\x00\x00\x00\x00\x00\x00\x00\x00\x00\x00\x00\x00\x00\x00\x00\x00\x00\x00\x00\x00\x00\x00\x00\x00\x00\x00\x00\x00\x00\x00\x00\x00\x00\x00\x00\x00\x00\x00\x00\x00\x00'",
  44:b'\x00\x00\x00\x00\x00\x00\x00\x00\x00\x00\x00\x00\x00\x00\x00\x00\x00\x00\x00\x00\x00\x00\x00\x00\x00\x00\x00\x00\x00\x00\x00\x00\x00\x00\x00\x00\x00\x00\x00\x00\x00\x00\x00\x00\x00\x00\x00\x00\x00\x00\x00\x00\x00\x00\x00\x00\x00\x00\x00\x00\x00\x00\x00\x00\x00\x00\x00\x00\x00\x00\x00\x00\x00\x00\x00\x00\x00\x00\x00\x00\x00\x00\x00\x00\x00\x00\x00\x00\x00\x00\x00\x00\x00\x00\x00\x00\x00\x00\x00\x00\x00\x00\x00\x00\x00\x00\x00\x00\x00\x00\x00\x00\x00\x00\x00\x00\x00\x00\x00\x00\x00\x00\x00\x00\x00\x00\x00\x00\x00\x00\x00\x00\x00\x00\x00\x00\x00\x00\x00\x00\x00\x00\x00\x00\x00\x00\x00\x00\x00\x00\x00\x00\x00\x00\x00\x00\x00\x00\x00\x00\x00\x00\x00\x00\x00\x00\x00\x00\x00\x00\x00\x00\x00\x00\x00\x00\x00\x00\x00\x00\x00\x00\x00\x03\xe0\x00\x07\xf0\x00\x0f\xf8\x00\x0f\xf8\x00\x0f\xfc\x00\x0f\xfc\x00\x0f\xfc\x00\x03\xfc\x00\x00|\x00\x00x\x00\x00\xf8\x00\x00\xf8\x00\x01\xf8\x00\x01\xf0\x00\x03\xe0\x00\x0f\xe0\x00\x1f\xc0\x00\x0f\x00\x00\x06\x00\x00\x00\x00\x00\x00\x00\x00\x00\x00\x00\x00\x00\x00\x00\x00\x00\x00\x00\x00\x12',
  45:b'\x00\x00\x00\x00\x00\x00\x00\x00\x00\x00\x00\x00\x00\x00\x00\x00\x00\x00\x00\x00\x00\x00\x00\x00\x00\x00\x00\x00\x00\x00\x00\x00\x00\x00\x00\x00\x00\x00\x00\x00\x00\x00\x00\x00\x00\x00\x00\x00\x00\x00\x00\x00\x00\x00\x00\x00\x00\x00\x00\x00\x00\x00\x00\x00\x00\x00\x00\x00\x00\x00\x00\x00\x00\x00\x00\x00\x00\x00\x00\x00\x00\x00\x00\x00\x00\x00\x00\x00\x00\x00\x00\x00\x00\x00\x00\x00\x00\x00\x00\x00\x00\x00\x00\x00\x00\x00\x00\x00\x00\x00\x00\x00\x00\x00\x00\x00\x00\x00\x00\x00\x00\x00\x00\x00\x00\x00\x00\x00\x00\x00\x00\x00\x00\x00\x00\x00\x00\x00\x00\x00\x00\x00\x00\x00\x00\x00\x00\x00\x00\x00\x00\x00\x00\x00\x00\x00\x00\x00\x00\x00\x00\x00\x00\x00\x00\x00\x00\x00\x07\xff\xfe\x00\x07\xff\xfe\x00\x07\xff\xfe\x00\x07\xff\xfe\x00\x07\xff\xfe\x00\x07\xff\xfe\x00\x00\x00\x00\x00\x00\x00\x00\x00\x00\x00\x00\x00\x00\x00\x00\x00\x00\x00\x00\x00\x00\x00\x00\x00\x00\x00\x00\x00\x00\x00\x00\x00\x00\x00\x00\x00\x00\x00\x00\x00\x00\x00\x00\x00\x00\x00\x00\x00\x00\x00\x00\x00\x00\x00\x00\x00\x00\x00\x00\x00\x00\x00\x00\x00\x00\x00\x00\x00\x00\x00\x00\x00\x00\x00\x00\x00\x00\x00\x00\x00\x00\x00\x00\x00\x00\x00\x00\x00\x00\x00\x00\x00\x00\x00\x00\x00\x00\x00\x00\x00\x00\x00\x00\x00\x00\x00\x00\x00\x00\x00\x00\x00\x00\x00\x00\x00\x00\x00\x00\x00\x00\x00\x00\x00\x00\x00\x00\x00\x00\x00\x00\x00\x00\x00\x00\x00\x00\x00\x00\x00\x00\x00\x00\x00\x00\x00\x00\x00\x00\x00\x00\x00\x1c',
  46:b'\x00\x00\x00\x00\x00\x00\x00\x00\x00\x00\x00\x00\x00\x00\x00\x00\x00\x00\x00\x00\x00\x00\x00\x00\x00\x00\x00\x00\x00\x00\x00\x00\x00\x00\x00\x00\x00\x00\x00\x00\x00\x00\x00\x00\x00\x00\x00\x00\x00\x00\x00\x00\x00\x00\x00\x00\x00\x00\x00\x00\x00\x00\x00\x00\x00\x00\x00\x00\x00\x00\x00\x00\x00\x00\x00\x00\x00\x00\x00\x00\x00\x00\x00\x00\x00\x00\x00\x00\x00\x00\x00\x00\x00\x00\x00\x00\x00\x00\x00\x00\x00\x00\x00\x00\x00\x00\x00\x00\x00\x00\x00\x00\x00\x00\x00\x00\x00\x00\x00\x00\x00\x00\x00\x00\x00\x00\x00\x00\x00\x00\x00\x00\x00\x00\x00\x00\x00\x00\x00\x00\x00\x00\x00\x00\x00\x00\x00\x00\x00\x00\x00\x00\x00\x00\x00\x00\x00\x00\x00\x00\x00\x00\x00\x00\x00\x00\x00\x00\x00\x00\x00\x00\x00\x00\x00\x00\x00\x00\x00\x00\x03\xe0\x00\x07\xf0\x00\x0f\xf8\x00\x0f\xf8\x00\x0f\xf8\x00\x0f\xf8\x00\x0f\xf0\x00\x07\xf0\x00\x03\xe0\x00\x00\x00\x00\x00\x00\x00\x00\x00\x00\x00\x00\x00\x00\x00\x00\x00\x00\x00\x00\x00\x00\x00\x00\x00\x00\x00\x00\x00\x00\x00\x00\x00\x00\x00\x00\x00\x00\x00\x00\x00\x00\x00\x00\x00\x00\x00\x00\x00\x00\x00\x00\x11',
  47:b'\x00\x00\x00\x00\x00\x00\x00\x00\x00\x00\x00\x00\x00\x00\x00\x00\x00\x00\x00\x00\x00\x00\x00\x00\x00\x00\x00\x00\x00\x00\x00\x00\x00\x00\x00\x00\x00\x00\x00\x00\x00\x00\x00\x00\x00\x00\x00\x00\x00\x00\x00\x00\x00\x00\x00\x00\x00\x00\x00\x00\x00\x00\x00\x0c\x00\x00\x00\x00\x0f\x00\x00\x00\x00\x1f\xc0\x00\x00\x00\x1f\x80\x00\x00\x00\x1f\x80\x00\x00\x00?\x00\x00\x00\x00?\x00\x00\x00\x00~\x00\x00\x00\x00~\x00\x00\x00\x00\xfc\x00\x00\x00\x00\xfc\x00\x00\x00\x00\xf8\x00\x00\x00\x01\xf8\x00\x00\x00\x01\xf8\x00\x00\x00\x03\xf0\x00\x00\x00\x03\xf0\x00\x00\x00\x07\xe0\x00\x00\x00\x07\xe0\x00\x00\x00\x0f\xc0\x00\x00\x00\x0f\xc0\x00\x00\x00\x0f\x80\x00\x00\x00\x1f\x80\x00\x00\x00\x1f\x80\x00\x00\x00?\x00\x00\x00\x00?\x00\x00\x00\x00~\x00\x00\x00\x00~\x00\x00\x00\x00\xfc\x00\x00\x00\x00\xfc\x00\x00\x00\x00\xfc\x00\x00\x00\x01\xf8\x00\x00\x00\x01\xf8\x00\x00\x00\x03\xf0\x00\x00\x00\x03\xf0\x00\x00\x00\x07\xe0\x00\x00\x00\x07\xe0\x00\x00\x00\x07\xc0\x00\x00\x00\x0f\xc0\x00\x00\x00\x0f\xc0\x00\x00\x00\x1f\x80\x00\x00\x00\x1f\x80\x00\x00\x00?\x00\x00\x00\x00?\x00\x00\x00\x00~\x00\x00\x00\x00~\x00\x00\x00\x00|\x00\x00\x00\x00\xfc\x00\x00\x00\x00\xfc\x00\x00\x00\x01\xf8\x00\x00\x00\x01\xf8\x00\x00\x00\x03\xf0\x00\x00\x00\x03\xf0\x00\x00\x00\x07\xe0\x00\x00\x00\x07\xe0\x00\x00\x00\x07\xe0\x00\x00\x00\x0f\xc0\x00\x00\x00\x0f\xc0\x00\x00\x00\x1f\x80\x00\x00\x00\x1f\x80\x00\x00\x00?\x00\x00\x00\x00?\x00\x00\x00\x00>\x00\x00\x00\x00~\x00\x00\x00\x00~\x00\x00\x00\x00\xfc\x00\x00\x00\x00<\x00\x00\x00\x00\x08\x00\x00\x00\x00\x00\x00\x00\x00\x00\x00\x00\x00\x00\x00\x00\x00\x00\x00\x00\x00\x00\x00\x00\x00\x00\x00\x00\x00\x00\x00\x00\x00\x00\x00\x00\x00\x00\x00\x00"',
  48:b'\x00\x00\x00\x00\x00\x00\x00\x00\x00\x00\x00\x00\x00\x00\x00\x00\x00\x00\x00\x00\x00\x00\x00\x00\x00\x00\x00\x00\x00\x00\x00\x00\x00\x00\x00\x00\x00\x00\x00\x00\x00\x00\x00\x00\x00\x00\x00\x00\x00\x00\x00\x00\x00\x00\x00\x00\x00\x00\x00\x00\x00\x00\x00\x00\x00\x00\x00\x00\x00\x00\x00\x00\x00\x00\x7f\xc0\x00\x00\x00\x03\xff\xf8\x00\x00\x00\x0f\xff\xfe\x00\x00\x00\x1f\xff\xff\x00\x00\x00?\xff\xff\x80\x00\x00\x7f\xff\xff\xc0\x00\x00\xff\xc0\xff\xe0\x00\x00\xff\x00?\xe0\x00\x01\xfe\x00\x0f\xf0\x00\x01\xfc\x00\x0f\xf0\x00\x03\xf8\x00\x07\xf8\x00\x03\xf8\x00\x03\xf8\x00\x07\xf0\x00\x03\xf8\x00\x07\xf0\x00\x01\xfc\x00\x07\xe0\x00\x01\xfc\x00\x07\xe0\x00\x01\xfc\x00\x0f\xe0\x00\x00\xfc\x00\x0f\xe0\x00\x00\xfc\x00\x0f\xe0\x00\x00\xfe\x00\x0f\xc0\x00\x00\xfe\x00\x0f\xc0\x00\x00\xfe\x00\x0f\xc0\x00\x00\xfe\x00\x0f\xc0\x00\x00\xfe\x00\x1f\xc0\x00\x00~\x00\x1f\xc0\x00\x00~\x00\x1f\xc0\x00\x00~\x00\x1f\xc0\x00\x00~\x00\x1f\xc0\x00\x00~\x00\x1f\xc0\x00\x00~\x00\x1f\xc0\x00\x00~\x00\x1f\xc0\x00\x00~\x00\x1f\xc0\x00\x00~\x00\x1f\xc0\x00\x00~\x00\x0f\xc0\x00\x00~\x00\x0f\xc0\x00\x00\xfe\x00\x0f\xc0\x00\x00\xfe\x00\x0f\xc0\x00\x00\xfe\x00\x0f\xc0\x00\x00\xfe\x00\x0f\xe0\x00\x00\xfc\x00\x0f\xe0\x00\x00\xfc\x00\x0f\xe0\x00\x00\xfc\x00\x07\xe0\x00\x01\xfc\x00\x07\xf0\x00\x01\xfc\x00\x07\xf0\x00\x01\xf8\x00\x07\xf0\x00\x03\xf8\x00\x03\xf8\x00\x03\xf8\x00\x03\xfc\x00\x07\xf0\x00\x01\xfc\x00\x07\xf0\x00\x01\xfe\x00\x0f\xe0\x00\x00\xff\x00\x1f\xe0\x00\x00\xff\xc0\xff\xc0\x00\x00\x7f\xff\xff\x80\x00\x00?\xff\xff\x00\x00\x00\x1f\xff\xfe\x00\x00\x00\x0f\xff\xfc\x00\x00\x00\x03\xff\xf0\x00\x00\x00\x00\x7f\xc0\x00\x00\x00\x00\x00\x00\x00\x00\x00\x00\x00\x00\x00\x00\x00\x00\x00\x00\x00\x00\x00\x00\x00\x00\x00\x00\x00\x00\x00\x00\x00\x00\x00\x00\x00\x00\x00\x00\x00\x00\x00\x00\x00\x00\x00\x00\x00\x00\x00\x00\x00\x00\x00\x00\x00\x00\x00\x00\x00\x00\x00\x00\x00\x00\x00\x00\x00\x00\x00\x00\x00\x00\x00\x00\x00\x00\x00\x00\x00\x00\x00\x00\x00\x00\x00\x00\x00\x00\x00\x00\x00\x00\x00\x00\x00\x00\x00\x00\x00\x00\x00\x00\x00\x00+',
  49:b'\x00\x00\x00\x00\x00\x00\x00\x00\x00\x00\x00\x00\x00\x00\x00\x00\x00\x00\x00\x00\x00\x00\x00\x00\x00\x00\x00\x00\x00\x00\x00\x00\x00\x00\x00\x00\x00\x00\x00\x00\x00\x00\x00\x00\x00\x00\x00\x00\x00\x00\x00\x00\x00\x00\x00\x00\x00\x00\x00\x00\x00\x00\x00\x00\x00\x00\x00\x00\x00\x00\x00\x00\x00\x00\x03\x80\x00\x00\x00\x00\x07\x80\x00\x00\x00\x00\x1f\x80\x00\x00\x00\x00?\x80\x00\x00\x00\x00\x7f\x80\x00\x00\x00\x01\xff\x80\x00\x00\x00\x03\xff\x80\x00\x00\x00\x07\xff\x80\x00\x00\x00\x1f\xef\x80\x00\x00\x00?\xcf\x80\x00\x00\x00\x7f\x8f\x80\x00\x00\x01\xff\x1f\x80\x00\x00\x03\xfe\x1f\x80\x00\x00\x07\xf8\x1f\x80\x00\x00\x01\xf0\x1f\x80\x00\x00\x01\xe0\x1f\x80\x00\x00\x00\x80\x1f\x80\x00\x00\x00\x00\x1f\x80\x00\x00\x00\x00\x1f\x80\x00\x00\x00\x00\x1f\x80\x00\x00\x00\x00\x1f\x80\x00\x00\x00\x00\x1f\x80\x00\x00\x00\x00\x1f\x80\x00\x00\x00\x00\x1f\x80\x00\x00\x00\x00\x1f\x80\x00\x00\x00\x00\x1f\x80\x00\x00\x00\x00\x1f\x80\x00\x00\x00\x00\x1f\x80\x00\x00\x00\x00\x1f\x80\x00\x00\x00\x00\x1f\x80\x00\x00\x00\x00\x1f\x80\x00\x00\x00\x00\x1f\x80\x00\x00\x00\x00\x1f\x80\x00\x00\x00\x00\x1f\x80\x00\x00\x00\x00\x1f\x80\x00\x00\x00\x00\x1f\x80\x00\x00\x00\x00\x1f\x80\x00\x00\x00\x00\x1f\x80\x00\x00\x00\x00\x1f\x80\x00\x00\x00\x00\x1f\x80\x00\x00\x00\x00\x1f\x80\x00\x00\x00\x00\x1f\x80\x00\x00\x00\x00\x1f\x80\x00\x00\x00\x00\x1f\x80\x00\x00\x00\x00\x1f\x80\x00\x00\x00\x00\x1f\x80\x00\x00\x00\x00\x1f\x80\x00\x00\x00\x00\x1f\x80\x00\x00\x00\x00\x1f\x80\x00\x00\x00\x00\x1f\x80\x00\x00\x00\xff\xff\xff\xf0\x00\x00\xff\xff\xff\xf0\x00\x00\xff\xff\xff\xf0\x00\x00\xff\xff\xff\xf0\x00\x00\xff\xff\xff\xf0\x00\x00\xff\xff\xff\xf0\x00\x00\x00\x00\x00\x00\x00\x00\x00\x00\x00\x00\x00\x00\x00\x00\x00\x00\x00\x00\x00\x00\x00\x00\x00\x00\x00\x00\x00\x00\x00\x00\x00\x00\x00\x00\x00\x00\x00\x00\x00\x00\x00\x00\x00\x00\x00\x00\x00\x00\x00\x00\x00\x00\x00\x00\x00\x00\x00\x00\x00\x00\x00\x00\x00\x00\x00\x00\x00\x00\x00\x00\x00\x00\x00\x00\x00\x00\x00\x00\x00\x00\x00\x00\x00\x00\x00\x00\x00\x00\x00\x00\x00\x00\x00\x00\x00\x00\x00\x00\x00\x00\x00\x00\x00\x00\x00\x00\x00+',
  50:b'\x00\x00\x00\x00\x00\x00\x00\x00\x00\x00\x00\x00\x00\x00\x00\x00\x00\x00\x00\x00\x00\x00\x00\x00\x00\x00\x00\x00\x00\x00\x00\x00\x00\x00\x00\x00\x00\x00\x00\x00\x00\x00\x00\x00\x00\x00\x00\x00\x00\x00\x00\x00\x00\x00\x00\x00\x00\x00\x00\x00\x00\x00\x00\x00\x00\x00\x00\x00\x00\x00\x00\x00\x00\x01\xff\x80\x00\x00\x00\x1f\xff\xf0\x00\x00\x00\x7f\xff\xfc\x00\x00\x01\xff\xff\xfe\x00\x00\x03\xff\xff\xff\x00\x00\x01\xff\xff\xff\x80\x00\x01\xff\x01\xff\x80\x00\x00\xf8\x00\x7f\xc0\x00\x00\xe0\x00?\xc0\x00\x00@\x00\x1f\xc0\x00\x00\x00\x00\x1f\xe0\x00\x00\x00\x00\x0f\xe0\x00\x00\x00\x00\x0f\xe0\x00\x00\x00\x00\x0f\xe0\x00\x00\x00\x00\x0f\xe0\x00\x00\x00\x00\x0f\xe0\x00\x00\x00\x00\x0f\xe0\x00\x00\x00\x00\x0f\xc0\x00\x00\x00\x00\x0f\xc0\x00\x00\x00\x00\x0f\xc0\x00\x00\x00\x00\x1f\xc0\x00\x00\x00\x00\x1f\x80\x00\x00\x00\x00\x1f\x80\x00\x00\x00\x00?\x80\x00\x00\x00\x00?\x00\x00\x00\x00\x00?\x00\x00\x00\x00\x00~\x00\x00\x00\x00\x00~\x00\x00\x00\x00\x00\xfc\x00\x00\x00\x00\x00\xfc\x00\x00\x00\x00\x01\xf8\x00\x00\x00\x00\x03\xf8\x00\x00\x00\x00\x03\xf0\x00\x00\x00\x00\x07\xf0\x00\x00\x00\x00\x0f\xe0\x00\x00\x00\x00\x0f\xc0\x00\x00\x00\x00\x1f\xc0\x00\x00\x00\x00?\x80\x00\x00\x00\x00?\x00\x00\x00\x00\x00\x7f\x00\x00\x00\x00\x00\xfe\x00\x00\x00\x00\x01\xfc\x00\x00\x00\x00\x01\xf8\x00\x00\x00\x00\x03\xf8\x00\x00\x00\x00\x07\xf0\x00\x00\x00\x00\x0f\xe0\x00\x00\x00\x00\x1f\xc0\x00\x00\x00\x00?\x80\x00\x00\x00\x00?\x00\x00\x00\x00\x00~\x00\x00\x00\x00\x00\xfc\xff\xff\xf0\x00\x01\xff\xff\xff\xf0\x00\x03\xff\xff\xff\xf0\x00\x07\xff\xff\xff\xf0\x00\x07\xff\xff\xff\xf0\x00\x07\xff\xff\xff\xf0\x00\x00\x00\x00\x00\x00\x00\x00\x00\x00\x00\x00\x00\x00\x00\x00\x00\x00\x00\x00\x00\x00\x00\x00\x00\x00\x00\x00\x00\x00\x00\x00\x00\x00\x00\x00\x00\x00\x00\x00\x00\x00\x00\x00\x00\x00\x00\x00\x00\x00\x00\x00\x00\x00\x00\x00\x00\x00\x00\x00\x00\x00\x00\x00\x00\x00\x00\x00\x00\x00\x00\x00\x00\x00\x00\x00\x00\x00\x00\x00\x00\x00\x00\x00\x00\x00\x00\x00\x00\x00\x00\x00\x00\x00\x00\x00\x00\x00\x00\x00\x00\x00\x00\x00\x00\x00\x00\x00\x00+',
  51:b'\x00\x00\x00\x00\x00\x00\x00\x00\x00\x00\x00\x00\x00\x00\x00\x00\x00\x00\x00\x00\x00\x00\x00\x00\x00\x00\x00\x00\x00\x00\x00\x00\x00\x00\x00\x00\x00\x00\x00\x00\x00\x00\x00\x00\x00\x00\x00\x00\x00\x00\x00\x00\x00\x00\x00\x00\x00\x00\x00\x00\x00\x00\x00\x00\x00\x00\x00\x00\x00\x00\x00\x00\x00\x00\x00\x00\x00\x00\x01\xff\xff\xff\xe0\x00\x01\xff\xff\xff\xe0\x00\x01\xff\xff\xff\xe0\x00\x01\xff\xff\xff\xc0\x00\x01\xff\xff\xff\x80\x00\x01\xff\xff\xdf\x80\x00\x00\x00\x00?\x00\x00\x00\x00\x00~\x00\x00\x00\x00\x00\xfe\x00\x00\x00\x00\x01\xfc\x00\x00\x00\x00\x01\xf8\x00\x00\x00\x00\x03\xf8\x00\x00\x00\x00\x07\xf0\x00\x00\x00\x00\x07\xe0\x00\x00\x00\x00\x0f\xe0\x00\x00\x00\x00\x1f\xc0\x00\x00\x00\x00\x1f\x80\x00\x00\x00\x00?\x80\x00\x00\x00\x00\x7f\x00\x00\x00\x00\x00~\x00\x00\x00\x00\x00\xfe\x00\x00\x00\x00\x00\xfc\x00\x00\x00\x00\x01\xf8\x00\x00\x00\x00\x03\xff\xc0\x00\x00\x00\x03\xff\xf8\x00\x00\x00\x07\xff\xfe\x00\x00\x00\x07\xff\xff\x00\x00\x00\x07\xff\xff\x80\x00\x00\x07\xff\xff\xc0\x00\x00\x00\x01\xff\xc0\x00\x00\x00\x00?\xe0\x00\x00\x00\x00\x1f\xf0\x00\x00\x00\x00\x0f\xf0\x00\x00\x00\x00\x07\xf0\x00\x00\x00\x00\x03\xf0\x00\x00\x00\x00\x03\xf8\x00\x00\x00\x00\x03\xf8\x00\x00\x00\x00\x03\xf8\x00\x00\x00\x00\x01\xf8\x00\x00\x00\x00\x01\xf8\x00\x00\x00\x00\x03\xf8\x00\x00\x00\x00\x03\xf8\x00\x00\x00\x00\x03\xf0\x00\x00\x00\x00\x03\xf0\x00\x00\x00\x00\x07\xf0\x00\x00\x00\x00\x07\xe0\x00\x00\x00\x00\x0f\xe0\x00\x00\x00\x00\x1f\xe0\x00\x00\xc0\x00\x7f\xc0\x00\x00\xf8\x03\xff\x80\x00\x00\xff\xff\xff\x00\x00\x00\xff\xff\xfe\x00\x00\x01\xff\xff\xfc\x00\x00\x01\xff\xff\xf0\x00\x00\x00\xff\xff\xc0\x00\x00\x00\x0f\xfe\x00\x00\x00\x00\x00\x00\x00\x00\x00\x00\x00\x00\x00\x00\x00\x00\x00\x00\x00\x00\x00\x00\x00\x00\x00\x00\x00\x00\x00\x00\x00\x00\x00\x00\x00\x00\x00\x00\x00\x00\x00\x00\x00\x00\x00\x00\x00\x00\x00\x00\x00\x00\x00\x00\x00\x00\x00\x00\x00\x00\x00\x00\x00\x00\x00\x00\x00\x00\x00\x00\x00\x00\x00\x00\x00\x00\x00\x00\x00\x00\x00\x00\x00\x00\x00\x00\x00\x00\x00\x00\x00\x00\x00\x00\x00\x00\x00\x00\x00\x00\x00\x00\x00\x00\x00+',
  52:b'\x00\x00\x00\x00\x00\x00\x00\x00\x00\x00\x00\x00\x00\x00\x00\x00\x00\x00\x00\x00\x00\x00\x00\x00\x00\x00\x00\x00\x00\x00\x00\x00\x00\x00\x00\x00\x00\x00\x00\x00\x00\x00\x00\x00\x00\x00\x00\x00\x00\x00\x00\x00\x00\x00\x00\x00\x00\x00\x00\x00\x00\x00\x00\x00\x00\x00\x00\x00\x00\x00\x00\x00\x00\x00\x00\x00\x00\x00\x00\x00\x00\x1f\x00\x00\x00\x00\x00?\x00\x00\x00\x00\x00?\x00\x00\x00\x00\x00\x7f\x00\x00\x00\x00\x00\xff\x00\x00\x00\x00\x01\xff\x00\x00\x00\x00\x01\xff\x00\x00\x00\x00\x03\xff\x00\x00\x00\x00\x07\xff\x00\x00\x00\x00\x07\xff\x00\x00\x00\x00\x0f\xff\x00\x00\x00\x00\x1f\xbf\x00\x00\x00\x00?\xbf\x00\x00\x00\x00??\x00\x00\x00\x00\x7f?\x00\x00\x00\x00\xfe?\x00\x00\x00\x00\xfc?\x00\x00\x00\x01\xfc?\x00\x00\x00\x03\xf8?\x00\x00\x00\x07\xf0?\x00\x00\x00\x07\xe0?\x00\x00\x00\x0f\xe0?\x00\x00\x00\x1f\xc0?\x00\x00\x00?\x80?\x00\x00\x00?\x00?\x00\x00\x00\x7f\x00?\x00\x00\x00\xfe\x00?\x00\x00\x00\xfc\x00?\x00\x00\x01\xf8\x00?\x00\x00\x03\xf8\x00?\x00\x00\x07\xf0\x00?\x00\x00\x07\xe0\x00?\x00\x00\x0f\xc0\x00?\x00\x00\x1f\xbf\xff\xff\xff\x80\x1f\xff\xff\xff\xff\x80?\xff\xff\xff\xff\x80?\xff\xff\xff\xff\x80?\xff\xff\xff\xff\x80?\xff\xff\xff\xff\x80\x00\x00\x00?\x00\x00\x00\x00\x00?\x00\x00\x00\x00\x00?\x00\x00\x00\x00\x00?\x00\x00\x00\x00\x00?\x00\x00\x00\x00\x00?\x00\x00\x00\x00\x00?\x00\x00\x00\x00\x00?\x00\x00\x00\x00\x00?\x00\x00\x00\x00\x00?\x00\x00\x00\x00\x00?\x00\x00\x00\x00\x00?\x00\x00\x00\x00\x00?\x00\x00\x00\x00\x00?\x00\x00\x00\x00\x00?\x00\x00\x00\x00\x00?\x00\x00\x00\x00\x00\x00\x00\x00\x00\x00\x00\x00\x00\x00\x00\x00\x00\x00\x00\x00\x00\x00\x00\x00\x00\x00\x00\x00\x00\x00\x00\x00\x00\x00\x00\x00\x00\x00\x00\x00\x00\x00\x00\x00\x00\x00\x00\x00\x00\x00\x00\x00\x00\x00\x00\x00\x00\x00\x00\x00\x00\x00\x00\x00\x00\x00\x00\x00\x00\x00\x00\x00\x00\x00\x00\x00\x00\x00\x00\x00\x00\x00\x00\x00\x00\x00\x00\x00\x00\x00\x00\x00\x00\x00\x00\x00\x00\x00\x00\x00\x00\x00\x00\x00\x00\x00\x00\x00\x00\x00+',
  53:b'\x00\x00\x00\x00\x00\x00\x00\x00\x00\x00\x00\x00\x00\x00\x00\x00\x00\x00\x00\x00\x00\x00\x00\x00\x00\x00\x00\x00\x00\x00\x00\x00\x00\x00\x00\x00\x00\x00\x00\x00\x00\x00\x00\x00\x00\x00\x00\x00\x00\x00\x00\x00\x00\x00\x00\x00\x00\x00\x00\x00\x00\x00\x00\x00\x00\x00\x00\x00\x00\x00\x00\x00\x00\x00\x00\x00\x00\x00\x00\x7f\xff\xff\xc0\x00\x00\x7f\xff\xff\xc0\x00\x00\x7f\xff\xff\xc0\x00\x00\x7f\xff\xff\xc0\x00\x00\x7f\xff\xff\xc0\x00\x00\x7f\xff\xff\xc0\x00\x00~\x00\x00\x00\x00\x00~\x00\x00\x00\x00\x00~\x00\x00\x00\x00\x00~\x00\x00\x00\x00\x00~\x00\x00\x00\x00\x00~\x00\x00\x00\x00\x00~\x00\x00\x00\x00\x00~\x00\x00\x00\x00\x00~\x00\x00\x00\x00\x00~\x00\x00\x00\x00\x00~\x00\x00\x00\x00\x00~\x00\x00\x00\x00\x00~\x00\x00\x00\x00\x00~\x00\x00\x00\x00\x00~\x00\x00\x00\x00\x00\x7f\xfe\x00\x00\x00\x00\x7f\xff\xc0\x00\x00\x00\x7f\xff\xf0\x00\x00\x00\x7f\xff\xfc\x00\x00\x00\x7f\xff\xfe\x00\x00\x00\x7f\xff\xff\x00\x00\x00\x00\x07\xff\x80\x00\x00\x00\x00\xff\x80\x00\x00\x00\x00\x7f\xc0\x00\x00\x00\x00?\xc0\x00\x00\x00\x00\x1f\xc0\x00\x00\x00\x00\x0f\xe0\x00\x00\x00\x00\x0f\xe0\x00\x00\x00\x00\x07\xe0\x00\x00\x00\x00\x07\xe0\x00\x00\x00\x00\x07\xe0\x00\x00\x00\x00\x07\xe0\x00\x00\x00\x00\x07\xe0\x00\x00\x00\x00\x07\xe0\x00\x00\x00\x00\x07\xe0\x00\x00\x00\x00\x07\xe0\x00\x00\x00\x00\x0f\xe0\x00\x00\x00\x00\x0f\xc0\x00\x00\x00\x00\x1f\xc0\x00\x00\x00\x00\x1f\xc0\x00\x00\x00\x00?\x80\x00\x00\x00\x00\x7f\x80\x00\x00\x00\x01\xff\x00\x00\x01\xc0\x07\xfe\x00\x00\x01\xff\xff\xfe\x00\x00\x01\xff\xff\xfc\x00\x00\x01\xff\xff\xf0\x00\x00\x03\xff\xff\xe0\x00\x00\x03\xff\xff\x80\x00\x00\x00?\xf8\x00\x00\x00\x00\x00\x00\x00\x00\x00\x00\x00\x00\x00\x00\x00\x00\x00\x00\x00\x00\x00\x00\x00\x00\x00\x00\x00\x00\x00\x00\x00\x00\x00\x00\x00\x00\x00\x00\x00\x00\x00\x00\x00\x00\x00\x00\x00\x00\x00\x00\x00\x00\x00\x00\x00\x00\x00\x00\x00\x00\x00\x00\x00\x00\x00\x00\x00\x00\x00\x00\x00\x00\x00\x00\x00\x00\x00\x00\x00\x00\x00\x00\x00\x00\x00\x00\x00\x00\x00\x00\x00\x00\x00\x00\x00\x00\x00\x00\x00\x00\x00\x00\x00\x00\x00+',
  54:b'\x00\x00\x00\x00\x00\x00\x00\x00\x00\x00\x00\x00\x00\x00\x00\x00\x00\x00\x00\x00\x00\x00\x00\x00\x00\x00\x00\x00\x00\x00\x00\x00\x00\x00\x00\x00\x00\x00\x00\x00\x00\x00\x00\x00\x00\x00\x00\x00\x00\x00\x00\x00\x00\x00\x00\x00\x00\x00\x00\x00\x00\x00\x00\x00\x00\x00\x00\x00\x00\x00\x00\x00\x00\x00\x00\x0e\x00\x00\x00\x00\x00~\x00\x00\x00\x00\x01\xfe\x00\x00\x00\x00\x07\xff\x00\x00\x00\x00\x1f\xff\x00\x00\x00\x00?\xff\x00\x00\x00\x00\x7f\xfc\x00\x00\x00\x00\xff\xe0\x00\x00\x00\x01\xff\x80\x00\x00\x00\x03\xfe\x00\x00\x00\x00\x07\xfc\x00\x00\x00\x00\x0f\xf0\x00\x00\x00\x00\x0f\xe0\x00\x00\x00\x00\x1f\xc0\x00\x00\x00\x00?\xc0\x00\x00\x00\x00?\x80\x00\x00\x00\x00\x7f\x00\x00\x00\x00\x00~\x00\x00\x00\x00\x00\xfe\x00\x00\x00\x00\x00\xfc\x00\x00\x00\x00\x00\xfc\x00\x00\x00\x00\x01\xf8\x00\x00\x00\x00\x01\xf8\x00\x00\x00\x00\x01\xf8\x1f\xe0\x00\x00\x03\xf0\xff\xfc\x00\x00\x03\xf3\xff\xff\x00\x00\x03\xf7\xff\xff\x80\x00\x03\xef\xff\xff\xc0\x00\x07\xff\xff\xff\xe0\x00\x07\xff\xc0\x7f\xf0\x00\x07\xfe\x00\x0f\xf8\x00\x07\xfc\x00\x07\xf8\x00\x07\xf8\x00\x03\xf8\x00\x07\xf0\x00\x01\xfc\x00\x07\xe0\x00\x01\xfc\x00\x07\xe0\x00\x01\xfc\x00\x07\xe0\x00\x00\xfc\x00\x07\xe0\x00\x00\xfc\x00\x07\xe0\x00\x00\xfc\x00\x07\xe0\x00\x00\xfc\x00\x07\xe0\x00\x00\xfc\x00\x07\xe0\x00\x00\xfc\x00\x07\xe0\x00\x00\xfc\x00\x07\xf0\x00\x01\xfc\x00\x07\xf0\x00\x01\xfc\x00\x03\xf8\x00\x01\xf8\x00\x03\xf8\x00\x03\xf8\x00\x03\xfc\x00\x07\xf8\x00\x01\xfe\x00\x0f\xf0\x00\x00\xff\x00\x1f\xf0\x00\x00\xff\xe0\x7f\xe0\x00\x00\x7f\xff\xff\xc0\x00\x00?\xff\xff\x80\x00\x00\x1f\xff\xff\x00\x00\x00\x0f\xff\xfe\x00\x00\x00\x03\xff\xf8\x00\x00\x00\x00\x7f\xc0\x00\x00\x00\x00\x00\x00\x00\x00\x00\x00\x00\x00\x00\x00\x00\x00\x00\x00\x00\x00\x00\x00\x00\x00\x00\x00\x00\x00\x00\x00\x00\x00\x00\x00\x00\x00\x00\x00\x00\x00\x00\x00\x00\x00\x00\x00\x00\x00\x00\x00\x00\x00\x00\x00\x00\x00\x00\x00\x00\x00\x00\x00\x00\x00\x00\x00\x00\x00\x00\x00\x00\x00\x00\x00\x00\x00\x00\x00\x00\x00\x00\x00\x00\x00\x00\x00\x00\x00\x00\x00\x00\x00\x00\x00\x00\x00\x00\x00\x00\x00\x00\x00\x00\x00+',
  55:b'\x00\x00\x00\x00\x00\x00\x00\x00\x00\x00\x00\x00\x00\x00\x00\x00\x00\x00\x00\x00\x00\x00\x00\x00\x00\x00\x00\x00\x00\x00\x00\x00\x00\x00\x00\x00\x00\x00\x00\x00\x00\x00\x00\x00\x00\x00\x00\x00\x00\x00\x00\x00\x00\x00\x00\x00\x00\x00\x00\x00\x00\x00\x00\x00\x00\x00\x00\x00\x00\x00\x00\x00\x00\x00\x00\x00\x00\x00\x07\xff\xff\xff\xf8\x00\x07\xff\xff\xff\xf8\x00\x07\xff\xff\xff\xf8\x00\x07\xff\xff\xff\xf8\x00\x07\xff\xff\xff\xf0\x00\x07\xff\xff\xfd\xf0\x00\x00\x00\x00\x03\xf0\x00\x00\x00\x00\x03\xe0\x00\x00\x00\x00\x07\xe0\x00\x00\x00\x00\x0f\xc0\x00\x00\x00\x00\x0f\xc0\x00\x00\x00\x00\x1f\x80\x00\x00\x00\x00\x1f\x80\x00\x00\x00\x00?\x80\x00\x00\x00\x00?\x00\x00\x00\x00\x00\x7f\x00\x00\x00\x00\x00~\x00\x00\x00\x00\x00~\x00\x00\x00\x00\x00\xfc\x00\x00\x00\x00\x00\xfc\x00\x00\x00\x00\x01\xfc\x00\x00\x00\x00\x01\xf8\x00\x00\x00\x00\x03\xf8\x00\x00\x00\x00\x03\xf0\x00\x00\x00\x00\x03\xf0\x00\x00\x00\x00\x07\xe0\x00\x00\x00\x00\x07\xe0\x00\x00\x00\x00\x0f\xe0\x00\x00\x00\x00\x0f\xc0\x00\x00\x00\x00\x1f\xc0\x00\x00\x00\x00\x1f\x80\x00\x00\x00\x00\x1f\x80\x00\x00\x00\x00?\x00\x00\x00\x00\x00?\x00\x00\x00\x00\x00\x7f\x00\x00\x00\x00\x00~\x00\x00\x00\x00\x00\xfe\x00\x00\x00\x00\x00\xfc\x00\x00\x00\x00\x00\xfc\x00\x00\x00\x00\x01\xfc\x00\x00\x00\x00\x01\xf8\x00\x00\x00\x00\x03\xf8\x00\x00\x00\x00\x03\xf0\x00\x00\x00\x00\x07\xf0\x00\x00\x00\x00\x07\xe0\x00\x00\x00\x00\x07\xe0\x00\x00\x00\x00\x0f\xe0\x00\x00\x00\x00\x0f\xc0\x00\x00\x00\x00\x1f\xc0\x00\x00\x00\x00\x1f\x80\x00\x00\x00\x00?\x80\x00\x00\x00\x00?\x00\x00\x00\x00\x00?\x00\x00\x00\x00\x00\x7f\x00\x00\x00\x00\x00~\x00\x00\x00\x00\x00\x00\x00\x00\x00\x00\x00\x00\x00\x00\x00\x00\x00\x00\x00\x00\x00\x00\x00\x00\x00\x00\x00\x00\x00\x00\x00\x00\x00\x00\x00\x00\x00\x00\x00\x00\x00\x00\x00\x00\x00\x00\x00\x00\x00\x00\x00\x00\x00\x00\x00\x00\x00\x00\x00\x00\x00\x00\x00\x00\x00\x00\x00\x00\x00\x00\x00\x00\x00\x00\x00\x00\x00\x00\x00\x00\x00\x00\x00\x00\x00\x00\x00\x00\x00\x00\x00\x00\x00\x00\x00\x00\x00\x00\x00\x00\x00\x00\x00\x00\x00\x00\x00\x00\x00\x00\x00\x00+',
  56:b'\x00\x00\x00\x00\x00\x00\x00\x00\x00\x00\x00\x00\x00\x00\x00\x00\x00\x00\x00\x00\x00\x00\x00\x00\x00\x00\x00\x00\x00\x00\x00\x00\x00\x00\x00\x00\x00\x00\x00\x00\x00\x00\x00\x00\x00\x00\x00\x00\x00\x00\x00\x00\x00\x00\x00\x00\x00\x00\x00\x00\x00\x00\x00\x00\x00\x00\x00\x00\x00\x00\x00\x00\x00\x00\x7f\xc0\x00\x00\x00\x03\xff\xf8\x00\x00\x00\x0f\xff\xfe\x00\x00\x00\x1f\xff\xff\x00\x00\x00?\xff\xff\x80\x00\x00\x7f\xff\xff\xc0\x00\x00\xff\xc0\x7f\xc0\x00\x00\xff\x00\x1f\xe0\x00\x01\xfe\x00\x0f\xe0\x00\x01\xfc\x00\x07\xf0\x00\x01\xf8\x00\x07\xf0\x00\x01\xf8\x00\x03\xf0\x00\x01\xf8\x00\x03\xf0\x00\x01\xf8\x00\x03\xf0\x00\x01\xf8\x00\x03\xf0\x00\x01\xf8\x00\x03\xf0\x00\x01\xf8\x00\x03\xf0\x00\x01\xf8\x00\x07\xe0\x00\x01\xfc\x00\x07\xe0\x00\x00\xfe\x00\x0f\xc0\x00\x00\xff\x00\x0f\xc0\x00\x00\x7f\x80\x1f\x80\x00\x00?\xc0?\x00\x00\x00?\xf0\x7f\x00\x00\x00\x1f\xfc\xfe\x00\x00\x00\x07\xff\xf8\x00\x00\x00\x03\xff\xf0\x00\x00\x00\x00\xff\xf0\x00\x00\x00\x03\xff\xf8\x00\x00\x00\x07\xff\xfe\x00\x00\x00\x0f\xe7\xff\x00\x00\x00?\x81\xff\x80\x00\x00\x7f\x00\x7f\xc0\x00\x00\xfe\x00?\xe0\x00\x00\xfc\x00\x0f\xe0\x00\x01\xfc\x00\x07\xf0\x00\x01\xf8\x00\x07\xf0\x00\x03\xf0\x00\x03\xf8\x00\x03\xf0\x00\x01\xf8\x00\x03\xf0\x00\x01\xf8\x00\x07\xf0\x00\x01\xf8\x00\x07\xe0\x00\x01\xf8\x00\x07\xe0\x00\x01\xf8\x00\x07\xf0\x00\x01\xf8\x00\x07\xf0\x00\x01\xf8\x00\x07\xf0\x00\x03\xf8\x00\x03\xf8\x00\x03\xf8\x00\x03\xf8\x00\x07\xf0\x00\x03\xfc\x00\x0f\xf0\x00\x01\xfe\x00\x1f\xe0\x00\x01\xff\xc0\x7f\xe0\x00\x00\xff\xff\xff\xc0\x00\x00\x7f\xff\xff\x80\x00\x00?\xff\xff\x00\x00\x00\x1f\xff\xfe\x00\x00\x00\x07\xff\xf8\x00\x00\x00\x00\xff\x80\x00\x00\x00\x00\x00\x00\x00\x00\x00\x00\x00\x00\x00\x00\x00\x00\x00\x00\x00\x00\x00\x00\x00\x00\x00\x00\x00\x00\x00\x00\x00\x00\x00\x00\x00\x00\x00\x00\x00\x00\x00\x00\x00\x00\x00\x00\x00\x00\x00\x00\x00\x00\x00\x00\x00\x00\x00\x00\x00\x00\x00\x00\x00\x00\x00\x00\x00\x00\x00\x00\x00\x00\x00\x00\x00\x00\x00\x00\x00\x00\x00\x00\x00\x00\x00\x00\x00\x00\x00\x00\x00\x00\x00\x00\x00\x00\x00\x00\x00\x00\x00\x00\x00\x00+',
  57:b'\x00\x00\x00\x00\x00\x00\x00\x00\x00\x00\x00\x00\x00\x00\x00\x00\x00\x00\x00\x00\x00\x00\x00\x00\x00\x00\x00\x00\x00\x00\x00\x00\x00\x00\x00\x00\x00\x00\x00\x00\x00\x00\x00\x00\x00\x00\x00\x00\x00\x00\x00\x00\x00\x00\x00\x00\x00\x00\x00\x00\x00\x00\x00\x00\x00\x00\x00\x00\x00\x00\x00\x00\x00\x00\xff\xc0\x00\x00\x00\x07\xff\xf8\x00\x00\x00\x1f\xff\xfc\x00\x00\x00?\xff\xff\x00\x00\x00\x7f\xff\xff\x80\x00\x00\xff\xff\xff\xc0\x00\x01\xff\x80\xff\xc0\x00\x01\xfe\x00?\xe0\x00\x03\xfc\x00\x0f\xf0\x00\x03\xf8\x00\x0f\xf0\x00\x07\xf0\x00\x07\xf0\x00\x07\xf0\x00\x03\xf8\x00\x07\xe0\x00\x03\xf8\x00\x0f\xe0\x00\x01\xf8\x00\x0f\xe0\x00\x01\xf8\x00\x0f\xe0\x00\x01\xfc\x00\x0f\xe0\x00\x01\xfc\x00\x0f\xe0\x00\x00\xfc\x00\x0f\xe0\x00\x00\xfc\x00\x0f\xe0\x00\x00\xfc\x00\x0f\xe0\x00\x00\xfc\x00\x0f\xe0\x00\x00\xfc\x00\x07\xf0\x00\x00\xfc\x00\x07\xf0\x00\x00\xfc\x00\x07\xf8\x00\x01\xfc\x00\x03\xfc\x00\x03\xfc\x00\x03\xfe\x00\x0f\xfc\x00\x01\xff\x80?\xf8\x00\x00\xff\xff\xff\xf8\x00\x00\xff\xff\xff\xf8\x00\x00?\xff\xfd\xf8\x00\x00\x1f\xff\xf9\xf8\x00\x00\x07\xff\xf3\xf8\x00\x00\x00\xff\x83\xf0\x00\x00\x00\x00\x03\xf0\x00\x00\x00\x00\x03\xf0\x00\x00\x00\x00\x07\xe0\x00\x00\x00\x00\x07\xe0\x00\x00\x00\x00\x0f\xe0\x00\x00\x00\x00\x0f\xc0\x00\x00\x00\x00\x1f\xc0\x00\x00\x00\x00?\x80\x00\x00\x00\x00?\x80\x00\x00\x00\x00\x7f\x00\x00\x00\x00\x00\xff\x00\x00\x00\x00\x01\xfe\x00\x00\x00\x00\x03\xfc\x00\x00\x00\x00\x0f\xfc\x00\x00\x00\x00?\xf8\x00\x00\x00\x00\xff\xf0\x00\x00\x00\x07\xff\xe0\x00\x00\x00?\xff\xc0\x00\x00\x00\x1f\xff\x00\x00\x00\x00\x1f\xfc\x00\x00\x00\x00\x1f\xf8\x00\x00\x00\x00\x1f\xc0\x00\x00\x00\x00\x1c\x00\x00\x00\x00\x00\x00\x00\x00\x00\x00\x00\x00\x00\x00\x00\x00\x00\x00\x00\x00\x00\x00\x00\x00\x00\x00\x00\x00\x00\x00\x00\x00\x00\x00\x00\x00\x00\x00\x00\x00\x00\x00\x00\x00\x00\x00\x00\x00\x00\x00\x00\x00\x00\x00\x00\x00\x00\x00\x00\x00\x00\x00\x00\x00\x00\x00\x00\x00\x00\x00\x00\x00\x00\x00\x00\x00\x00\x00\x00\x00\x00\x00\x00\x00\x00\x00\x00\x00\x00\x00\x00\x00\x00\x00\x00\x00\x00\x00\x00\x00\x00\x00\x00\x00\x00\x00+',
  58:b'\x00\x00\x00\x00\x00\x00\x00\x00\x00\x00\x00\x00\x00\x00\x00\x00\x00\x00\x00\x00\x00\x00\x00\x00\x00\x00\x00\x00\x00\x00\x00\x00\x00\x00\x00\x00\x00\x00\x00\x00\x00\x00\x00\x00\x00\x00\x00\x00\x00\x00\x00\x00\x00\x00\x00\x00\x00\x00\x00\x00\x00\x00\x00\x00\x00\x00\x00\x00\x00\x00\x00\x00\x00\x00\x00\x00\x00\x00\x00\x00\x00\x00\x00\x00\x00|\x00\x00\xfe\x00\x01\xff\x00\x01\xff\x00\x01\xff\x00\x01\xff\x00\x01\xff\x00\x00\xfe\x00\x00|\x00\x00\x00\x00\x00\x00\x00\x00\x00\x00\x00\x00\x00\x00\x00\x00\x00\x00\x00\x00\x00\x00\x00\x00\x00\x00\x00\x00\x00\x00\x00\x00\x00\x00\x00\x00\x00\x00\x00\x00\x00\x00\x00\x00\x00\x00\x00\x00\x00\x00\x00\x00\x00\x00\x00\x00\x00\x00\x00\x00\x00\x00\x00\x00\x00\x00\x00\x00\x00\x00\x00|\x00\x00\xfe\x00\x01\xff\x00\x01\xff\x00\x01\xff\x00\x01\xff\x00\x01\xff\x00\x00\xfe\x00\x00|\x00\x00\x00\x00\x00\x00\x00\x00\x00\x00\x00\x00\x00\x00\x00\x00\x00\x00\x00\x00\x00\x00\x00\x00\x00\x00\x00\x00\x00\x00\x00\x00\x00\x00\x00\x00\x00\x00\x00\x00\x00\x00\x00\x00\x00\x00\x00\x00\x00\x00\x00\x00\x11',
  59:b'\x00\x00\x00\x00\x00\x00\x00\x00\x00\x00\x00\x00\x00\x00\x00\x00\x00\x00\x00\x00\x00\x00\x00\x00\x00\x00\x00\x00\x00\x00\x00\x00\x00\x00\x00\x00\x00\x00\x00\x00\x00\x00\x00\x00\x00\x00\x00\x00\x00\x00\x00\x00\x00\x00\x00\x00\x00\x00\x00\x00\x00\x00\x00\x00\x00\x00\x00\x00\x00\x00\x00\x00\x00\x00\x00\x00\x00\x00\x00\x00\x00\x00\x00\x00\x00<\x00\x00\xff\x00\x00\xff\x00\x00\xff\x00\x01\xff\x80\x00\xff\x00\x00\xff\x00\x00\xff\x00\x00<\x00\x00\x00\x00\x00\x00\x00\x00\x00\x00\x00\x00\x00\x00\x00\x00\x00\x00\x00\x00\x00\x00\x00\x00\x00\x00\x00\x00\x00\x00\x00\x00\x00\x00\x00\x00\x00\x00\x00\x00\x00\x00\x00\x00\x00\x00\x00\x00\x00\x00\x00\x00\x00\x00\x00\x00\x00\x00\x00\x00\x00\x00\x00\x00\x00\x00\x00\x00\x00\x00\x00\x00\x00\x00|\x00\x00\xfe\x00\x01\xff\x00\x01\xff\x00\x01\xff\x80\x01\xff\x80\x00\xff\x80\x00\x7f\x80\x00\x0f\x80\x00\x0f\x80\x00\x1f\x00\x00\x1f\x00\x00\x1f\x00\x00>\x00\x00|\x00\x01\xfc\x00\x03\xf8\x00\x01\xe0\x00\x00\xc0\x00\x00\x00\x00\x00\x00\x00\x00\x00\x00\x00\x00\x00\x00\x00\x00\x00\x00\x00\x14',
  60:b"\x00\x00\x00\x00\x00\x00\x00\x00\x00\x00\x00\x00\x00\x00\x00\x00\x00\x00\x00\x00\x00\x00\x00\x00\x00\x00\x00\x00\x00\x00\x00\x00\x00\x00\x00\x00\x00\x00\x00\x00\x00\x00\x00\x00\x00\x00\x00\x00\x00\x00\x00\x00\x00\x00\x00\x00\x00\x00\x00\x00\x00\x00\x00\x00\x00\x00\x00\x00\x00\x00\x00\x00\x00\x00\x00\x00\x00\x00\x00\x00\x00\x00\x00\x00\x00\x00\x00\x00\x00\x00\x00\x00\x00\x00\x00\x00\x00\x00\x00\x00\x00\x00\x00\x00\x00\x00\x00\x00\x00\x00\x00\x00\x00\x00\x00\x00\x00\x00\x00\x80\x00\x00\x00\x03\x80\x00\x00\x00\x07\xc0\x00\x00\x00\x1f\xc0\x00\x00\x00\x7f\xe0\x00\x00\x00\xff\xe0\x00\x00\x03\xff\xf0\x00\x00\x07\xff\x80\x00\x00\x1f\xff\x00\x00\x00\x7f\xfc\x00\x00\x00\xff\xf0\x00\x00\x03\xff\xe0\x00\x00\x07\xff\x80\x00\x00\x1f\xfe\x00\x00\x00\x7f\xfc\x00\x00\x00\xff\xf0\x00\x00\x03\xff\xc0\x00\x00\x0f\xff\x00\x00\x00\x1f\xf8\x00\x00\x00\x1f\xe0\x00\x00\x00\x1f\xfe\x00\x00\x00\x07\xff\xc0\x00\x00\x01\xff\xf0\x00\x00\x00\xff\xf8\x00\x00\x00?\xfe\x00\x00\x00\x0f\xff\x80\x00\x00\x07\xff\xe0\x00\x00\x01\xff\xf0\x00\x00\x00\x7f\xfc\x00\x00\x00\x1f\xff\x00\x00\x00\x0f\xff\xc0\x00\x00\x03\xff\xe0\x00\x00\x00\xff\xf0\x00\x00\x00\x7f\xe0\x00\x00\x00\x1f\xe0\x00\x00\x00\x07\xc0\x00\x00\x00\x01\xc0\x00\x00\x00\x00\x80\x00\x00\x00\x00\x00\x00\x00\x00\x00\x00\x00\x00\x00\x00\x00\x00\x00\x00\x00\x00\x00\x00\x00\x00\x00\x00\x00\x00\x00\x00\x00\x00\x00\x00\x00\x00\x00\x00\x00\x00\x00\x00\x00\x00\x00\x00\x00\x00\x00\x00\x00\x00\x00\x00\x00\x00\x00\x00\x00\x00\x00\x00\x00\x00\x00\x00\x00\x00\x00\x00\x00\x00\x00\x00\x00\x00\x00\x00\x00\x00\x00\x00\x00\x00\x00\x00\x00\x00\x00\x00\x00\x00\x00\x00\x00\x00\x00\x00\x00\x00\x00\x00\x00\x00\x00\x00\x00\x00\x00\x00\x00\x00\x00\x00\x00\x00\x00\x00\x00\x00\x00\x00\x00\x00\x00'",
  61:b"\x00\x00\x00\x00\x00\x00\x00\x00\x00\x00\x00\x00\x00\x00\x00\x00\x00\x00\x00\x00\x00\x00\x00\x00\x00\x00\x00\x00\x00\x00\x00\x00\x00\x00\x00\x00\x00\x00\x00\x00\x00\x00\x00\x00\x00\x00\x00\x00\x00\x00\x00\x00\x00\x00\x00\x00\x00\x00\x00\x00\x00\x00\x00\x00\x00\x00\x00\x00\x00\x00\x00\x00\x00\x00\x00\x00\x00\x00\x00\x00\x00\x00\x00\x00\x00\x00\x00\x00\x00\x00\x00\x00\x00\x00\x00\x00\x00\x00\x00\x00\x00\x00\x00\x00\x00\x00\x00\x00\x00\x00\x00\x00\x00\x00\x00\x00\x00\x00\x00\x00\x00\x00\x00\x00\x00\x00\x00\x00\x00\x00\x00\x00\x00\x00\x00\x00\x00\x00\x00\x00\x00\x00\x00\x00\x00\x00\x00\x00\x00\x00\x00\x00\x00\x00\x00\x00\x00\x00\x00\x00\x1f\xff\xff\xff\xf0\x1f\xff\xff\xff\xf0\x1f\xff\xff\xff\xf0\x1f\xff\xff\xff\xf0\x1f\xff\xff\xff\xf0\x1f\xff\xff\xff\xf0\x00\x00\x00\x00\x00\x00\x00\x00\x00\x00\x00\x00\x00\x00\x00\x00\x00\x00\x00\x00\x00\x00\x00\x00\x00\x00\x00\x00\x00\x00\x00\x00\x00\x00\x00\x1f\xff\xff\xff\xf0\x1f\xff\xff\xff\xf0\x1f\xff\xff\xff\xf0\x1f\xff\xff\xff\xf0\x1f\xff\xff\xff\xf0\x1f\xff\xff\xff\xf0\x00\x00\x00\x00\x00\x00\x00\x00\x00\x00\x00\x00\x00\x00\x00\x00\x00\x00\x00\x00\x00\x00\x00\x00\x00\x00\x00\x00\x00\x00\x00\x00\x00\x00\x00\x00\x00\x00\x00\x00\x00\x00\x00\x00\x00\x00\x00\x00\x00\x00\x00\x00\x00\x00\x00\x00\x00\x00\x00\x00\x00\x00\x00\x00\x00\x00\x00\x00\x00\x00\x00\x00\x00\x00\x00\x00\x00\x00\x00\x00\x00\x00\x00\x00\x00\x00\x00\x00\x00\x00\x00\x00\x00\x00\x00\x00\x00\x00\x00\x00\x00\x00\x00\x00\x00\x00\x00\x00\x00\x00\x00\x00\x00\x00\x00\x00\x00\x00\x00\x00\x00\x00\x00\x00\x00\x00\x00\x00\x00\x00\x00\x00\x00\x00\x00\x00\x00\x00\x00\x00\x00\x00\x00\x00\x00\x00\x00\x00\x00\x00\x00\x00\x00\x00\x00\x00\x00\x00\x00\x00\x00\x00\x00\x00\x00\x00\x00\x00\x00\x00\x00\x00\x00\x00\x00'",
  62:b"\x00\x00\x00\x00\x00\x00\x00\x00\x00\x00\x00\x00\x00\x00\x00\x00\x00\x00\x00\x00\x00\x00\x00\x00\x00\x00\x00\x00\x00\x00\x00\x00\x00\x00\x00\x00\x00\x00\x00\x00\x00\x00\x00\x00\x00\x00\x00\x00\x00\x00\x00\x00\x00\x00\x00\x00\x00\x00\x00\x00\x00\x00\x00\x00\x00\x00\x00\x00\x00\x00\x00\x00\x00\x00\x00\x00\x00\x00\x00\x00\x00\x00\x00\x00\x00\x00\x00\x00\x00\x00\x00\x00\x00\x00\x00\x00\x00\x00\x00\x00\x00\x00\x00\x00\x00\x00\x00\x00\x00\x00\x00\x00\x00\x00\x00\x02\x00\x00\x00\x00\x07\x80\x00\x00\x00\x07\xe0\x00\x00\x00\x07\xf0\x00\x00\x00\x0f\xfc\x00\x00\x00\x0f\xff\x00\x00\x00\x1f\xff\x80\x00\x00\x03\xff\xe0\x00\x00\x00\xff\xf8\x00\x00\x00\x7f\xfe\x00\x00\x00\x1f\xff\x00\x00\x00\x07\xff\xc0\x00\x00\x03\xff\xf0\x00\x00\x00\xff\xf8\x00\x00\x00?\xfe\x00\x00\x00\x0f\xff\x80\x00\x00\x07\xff\xe0\x00\x00\x00\xff\xf0\x00\x00\x00\x1f\xf0\x00\x00\x00\x0f\xf0\x00\x00\x00?\xe0\x00\x00\x01\xff\x80\x00\x00\x07\xff\x00\x00\x00\x1f\xfc\x00\x00\x00\x7f\xf0\x00\x00\x01\xff\xe0\x00\x00\x03\xff\x80\x00\x00\x0f\xff\x00\x00\x00?\xfc\x00\x00\x00\xff\xf0\x00\x00\x03\xff\xe0\x00\x00\x07\xff\x80\x00\x00\x0f\xff\x00\x00\x00\x0f\xfc\x00\x00\x00\x07\xf0\x00\x00\x00\x07\xe0\x00\x00\x00\x03\x80\x00\x00\x00\x02\x00\x00\x00\x00\x00\x00\x00\x00\x00\x00\x00\x00\x00\x00\x00\x00\x00\x00\x00\x00\x00\x00\x00\x00\x00\x00\x00\x00\x00\x00\x00\x00\x00\x00\x00\x00\x00\x00\x00\x00\x00\x00\x00\x00\x00\x00\x00\x00\x00\x00\x00\x00\x00\x00\x00\x00\x00\x00\x00\x00\x00\x00\x00\x00\x00\x00\x00\x00\x00\x00\x00\x00\x00\x00\x00\x00\x00\x00\x00\x00\x00\x00\x00\x00\x00\x00\x00\x00\x00\x00\x00\x00\x00\x00\x00\x00\x00\x00\x00\x00\x00\x00\x00\x00\x00\x00\x00\x00\x00\x00\x00\x00\x00\x00\x00\x00\x00\x00\x00\x00\x00\x00\x00\x00\x00\x00\x00\x00\x00'",
  63:b'\x00\x00\x00\x00\x00\x00\x00\x00\x00\x00\x00\x00\x00\x00\x00\x00\x00\x00\x00\x00\x00\x00\x00\x00\x00\x00\x00\x00\x00\x00\x00\x00\x00\x00\x00\x00\x00\x00\x00\x00\x00\x00\x00\x00\x00\x00\x00\x00\x00\x00\x00\x00\x00\x00\x00\x00\x00\x00\x00\x00\x00\x1f\xfc\x00\x00\x00\xff\xff\x00\x00\x03\xff\xff\xc0\x00\x0f\xff\xff\xe0\x00\x1f\xff\xff\xf0\x00\x0f\xff\xff\xf8\x00\x0f\xf0\x0f\xfc\x00\x0f\x00\x03\xfc\x00\x04\x00\x01\xfc\x00\x00\x00\x01\xfe\x00\x00\x00\x00\xfe\x00\x00\x00\x00\xfe\x00\x00\x00\x00~\x00\x00\x00\x00~\x00\x00\x00\x00~\x00\x00\x00\x00~\x00\x00\x00\x00\xfe\x00\x00\x00\x00\xfe\x00\x00\x00\x00\xfc\x00\x00\x00\x01\xfc\x00\x00\x00\x01\xf8\x00\x00\x00\x03\xf8\x00\x00\x00\x07\xf0\x00\x00\x00\x07\xf0\x00\x00\x00\x0f\xe0\x00\x00\x00\x1f\xc0\x00\x00\x00?\x80\x00\x00\x00\x7f\x00\x00\x00\x00\xfe\x00\x00\x00\x01\xfe\x00\x00\x00\x01\xfc\x00\x00\x00\x03\xf8\x00\x00\x00\x03\xf0\x00\x00\x00\x07\xe0\x00\x00\x00\x07\xe0\x00\x00\x00\x0f\xc0\x00\x00\x00\x0f\xc0\x00\x00\x00\x0f\x80\x00\x00\x00\x0f\x80\x00\x00\x00\x0f\x80\x00\x00\x00\x0f\x80\x00\x00\x00\x0f\x80\x00\x00\x00\x00\x00\x00\x00\x00\x00\x00\x00\x00\x00\x00\x00\x00\x00\x00\x00\x00\x00\x00\x00\x00\x00\x00\x00\x00\x00\x00\x00\x00\x00\x0f\x80\x00\x00\x00\x1f\xc0\x00\x00\x00?\xe0\x00\x00\x00?\xe0\x00\x00\x00?\xe0\x00\x00\x00?\xe0\x00\x00\x00\x1f\xe0\x00\x00\x00\x1f\xc0\x00\x00\x00\x0f\x80\x00\x00\x00\x00\x00\x00\x00\x00\x00\x00\x00\x00\x00\x00\x00\x00\x00\x00\x00\x00\x00\x00\x00\x00\x00\x00\x00\x00\x00\x00\x00\x00\x00\x00\x00\x00\x00\x00\x00\x00\x00\x00\x00\x00\x00\x00\x00\x00\x00\x00\x00\x00\x00\x00\x00\x00\x00\x00\x00\x00\x00\x00\x00\x00\x00\x00\x00\x00\x00\x00\x00\x00\x00\x00\x00\x00\x00\x00\x00\x00\x00\x00\x00\x00\x00\x00\x00"',
  64:b'\x00\x00\x00\x00\x00\x00\x00\x00\x00\x00\x00\x00\x00\x00\x00\x00\x00\x00\x00\x00\x00\x00\x00\x00\x00\x00\x00\x00\x00\x00\x00\x00\x00\x00\x00\x00\x00\x00\x00\x00\x00\x00\x00\x00\x00\x00\x00\x00\x00\x00\x00\x00\x00\x00\x00\x00\x00\x00\x00\x00\x00\x00\x00\x00\x00\x00\x00\x00\x00\x00\x00\x00\x00\x00\x00\x00\x00\x00\x00\x00\x00\x00\x00\x00\x00\x00\x00\x00\x00\x00\x00\x00\x00\x00\x00\x00\x00\x00\x00\x00\x00\x00\x00\x00\x00\x00\x00\x00\x00\x00\x00\x00\x00\x00\x00\x00\x00\x00\x00\x00\x00\x00\x00\x00\x00\x00\x00\x00\x00\x00\x00\x00\x00\x00\x00\x00\x07\xff\xc0\x00\x00\x00\x00\x00\x00\x00\x00\x7f\xff\xfc\x00\x00\x00\x00\x00\x00\x00\x03\xff\xff\xff\x80\x00\x00\x00\x00\x00\x00\x1f\xff\xff\xff\xf0\x00\x00\x00\x00\x00\x00\x7f\xff\xff\xff\xfc\x00\x00\x00\x00\x00\x00\xff\xff\xff\xff\xfe\x00\x00\x00\x00\x00\x03\xff\xf8\x00\x7f\xff\x80\x00\x00\x00\x00\x07\xff\x80\x00\x03\xff\xc0\x00\x00\x00\x00\x1f\xfe\x00\x00\x00\xff\xe0\x00\x00\x00\x00?\xf8\x00\x00\x00\x1f\xf0\x00\x00\x00\x00\x7f\xe0\x00\x00\x00\x0f\xf8\x00\x00\x00\x00\xff\x80\x00\x00\x00\x03\xfc\x00\x00\x00\x01\xff\x00\x00\x00\x00\x01\xfe\x00\x00\x00\x01\xfe\x00\x00\x00\x00\x00\xfe\x00\x00\x00\x03\xfc\x00\x00\x00\x00\x00\x7f\x00\x00\x00\x07\xf8\x00\x00\x00\x00\x00?\x80\x00\x00\x07\xf0\x00\x00\x00\x00\x00?\x80\x00\x00\x0f\xe0\x00\x00\x7f\x00\x00\x1f\xc0\x00\x00\x1f\xc0\x00\x03\xff\xc1\xc0\x0f\xc0\x00\x00\x1f\xc0\x00\x0f\xff\xf7\xc0\x0f\xc0\x00\x00?\x80\x00\x1f\xff\xff\x80\x07\xe0\x00\x00?\x00\x00?\xff\xff\x80\x07\xe0\x00\x00\x7f\x00\x00\x7f\xff\xff\x80\x07\xe0\x00\x00~\x00\x00\xff\xc0\xff\x80\x03\xf0\x00\x00~\x00\x01\xff\x00\x7f\x80\x03\xf0\x00\x00\xfe\x00\x03\xfc\x00\x1f\x00\x03\xf0\x00\x00\xfc\x00\x07\xf8\x00\x1f\x00\x03\xf0\x00\x00\xfc\x00\x07\xf0\x00?\x00\x03\xf0\x00\x00\xfc\x00\x0f\xe0\x00?\x00\x03\xf0\x00\x01\xf8\x00\x0f\xc0\x00?\x00\x03\xf0\x00\x01\xf8\x00\x1f\xc0\x00?\x00\x01\xf0\x00\x01\xf8\x00\x1f\x80\x00>\x00\x03\xf0\x00\x01\xf8\x00?\x80\x00~\x00\x03\xf0\x00\x01\xf8\x00?\x00\x00~\x00\x03\xf0\x00\x01\xf8\x00?\x00\x00~\x00\x03\xf0\x00\x01\xf8\x00\x7f\x00\x00~\x00\x03\xf0\x00\x01\xf0\x00~\x00\x00|\x00\x03\xf0\x00\x01\xf0\x00~\x00\x00\xfc\x00\x03\xe0\x00\x01\xf8\x00~\x00\x00\xfc\x00\x07\xe0\x00\x01\xf8\x00\xfe\x00\x00\xfc\x00\x07\xe0\x00\x01\xf8\x00\xfc\x00\x01\xfc\x00\x0f\xc0\x00\x01\xf8\x00\xfc\x00\x03\xfc\x00\x0f\xc0\x00\x01\xf8\x00\xfc\x00\x03\xf8\x00\x1f\xc0\x00\x01\xf8\x00\xfc\x00\x07\xf8\x00\x1f\x80\x00\x01\xf8\x00\xfc\x00\x0f\xf8\x00?\x80\x00\x01\xf8\x00\xfe\x00\x1f\xf8\x00\x7f\x00\x00\x00\xfc\x00\xfe\x00>\xf8\x00\xfe\x00\x00\x00\xfc\x00\xfe\x00~\xf8\x01\xfe\x00\x00\x00\xfc\x00\x7f\x00\xfc\xf8\x07\xfc\x00\x00\x00\xfe\x00\x7f\x83\xf8\xfc\x1f\xf8\x00\x00\x00~\x00\x7f\xff\xf0\xff\xff\xf0\x00\x00\x00\x7f\x00?\xff\xe0\xff\xff\xe0\x00\x00\x00?\x00\x1f\xff\xc0\xff\xff\x80\x00\x00\x00?\x80\x0f\xff\x80\x7f\xff\x00\x00\x00\x00?\x80\x07\xfe\x00\x7f\xfc\x00\x00\x00\x00\x1f\xc0\x01\xf8\x00\x1f\xe0\x00\x00\x00\x00\x1f\xe0\x00\x00\x00\x00\x00\x00\x00\x00\x00\x0f\xf0\x00\x00\x00\x00\x00\x00\x00\x00\x00\x07\xf8\x00\x00\x00\x00\x00\x00\x00\x00\x00\x03\xfc\x00\x00\x00\x00\x00\x00\x00\x00\x00\x03\xfe\x00\x00\x00\x00\x00\x00\x00\x00\x00\x01\xff\x80\x00\x00\x00\x00\x00\x00\x00\x00\x00\xff\xe0\x00\x00\x00\x00\x00\x00\x00\x00\x00\x7f\xf8\x00\x00\x00\x00\x00\x00\x00\x00\x00?\xff\x00\x00\x08\x00\x00\x00\x00\x00\x00\x0f\xff\xf0\x00\xf8\x00\x00\x00\x00\x00\x00\x07\xff\xff\xff\xfc\x00\x00\x00\x00\x00\x00\x01\xff\xff\xff\xfc\x00\x00\x00\x00\x00\x00\x00\x7f\xff\xff\xfc\x00\x00\x00\x00\x00\x00\x00\x1f\xff\xff\xfc\x00\x00\x00\x00\x00\x00\x00\x03\xff\xff\xfa\x00\x00\x00\x00\x00\x00\x00\x00\x1f\xff\x80\x00\x00\x00\x00\x00\x00\x00\x00\x00\x00\x00\x00\x00\x00\x00\x00\x00\x00\x00\x00\x00\x00\x00\x00\x00\x00S',
  65:b'\x00\x00\x00\x00\x00\x00\x00\x00\x00\x00\x00\x00\x00\x00\x00\x00\x00\x00\x00\x00\x00\x00\x00\x00\x00\x00\x00\x00\x00\x00\x00\x00\x00\x00\x00\x00\x00\x00\x00\x00\x00\x00\x00\x00\x00\x00\x00\x00\x00\x00\x00\x00\x00\x00\x00\x00\x00\x00\x00\x00\x00\x00\x00\x00\x00\x00\x00\x00\x00\x00\x00\x00\x00\x00\x00\x00\x00\x00\x00\x00\x07\x00\x00\x00\x00\x00\x07\x80\x00\x00\x00\x00\x0f\x80\x00\x00\x00\x00\x0f\xc0\x00\x00\x00\x00\x0f\xc0\x00\x00\x00\x00\x1f\xc0\x00\x00\x00\x00\x1f\xe0\x00\x00\x00\x00?\xe0\x00\x00\x00\x00?\xe0\x00\x00\x00\x00?\xf0\x00\x00\x00\x00}\xf0\x00\x00\x00\x00}\xf8\x00\x00\x00\x00}\xf8\x00\x00\x00\x00\xfc\xf8\x00\x00\x00\x00\xf8\xfc\x00\x00\x00\x01\xf8\xfc\x00\x00\x00\x01\xf8\xfc\x00\x00\x00\x01\xf8\xfe\x00\x00\x00\x03\xf0~\x00\x00\x00\x03\xf0\x7f\x00\x00\x00\x03\xf0?\x00\x00\x00\x07\xe0?\x00\x00\x00\x07\xe0?\x80\x00\x00\x0f\xe0\x1f\x80\x00\x00\x0f\xc0\x1f\xc0\x00\x00\x0f\xc0\x1f\xc0\x00\x00\x1f\x80\x0f\xc0\x00\x00\x1f\x80\x0f\xe0\x00\x00\x1f\x80\x07\xe0\x00\x00?\x00\x07\xe0\x00\x00?\x00\x07\xf0\x00\x00\x7f\x00\x03\xf0\x00\x00~\x00\x03\xf8\x00\x00~\x00\x03\xf8\x00\x00\xff\xff\xff\xf8\x00\x00\xff\xff\xff\xfc\x00\x00\xff\xff\xff\xfc\x00\x01\xff\xff\xff\xfc\x00\x01\xff\xff\xff\xfe\x00\x03\xff\xff\xff\xfe\x00\x03\xf0\x00\x00\x7f\x00\x03\xf0\x00\x00\x7f\x00\x07\xf0\x00\x00?\x00\x07\xe0\x00\x00?\x80\x07\xe0\x00\x00?\x80\x0f\xc0\x00\x00\x1f\x80\x0f\xc0\x00\x00\x1f\xc0\x1f\xc0\x00\x00\x1f\xc0\x1f\x80\x00\x00\x0f\xe0\x1f\x80\x00\x00\x0f\xe0?\x80\x00\x00\x07\xe0?\x00\x00\x00\x07\xf0?\x00\x00\x00\x07\xf0\x7f\x00\x00\x00\x03\xf0~\x00\x00\x00\x03\xf8\x00\x00\x00\x00\x00\x00\x00\x00\x00\x00\x00\x00\x00\x00\x00\x00\x00\x00\x00\x00\x00\x00\x00\x00\x00\x00\x00\x00\x00\x00\x00\x00\x00\x00\x00\x00\x00\x00\x00\x00\x00\x00\x00\x00\x00\x00\x00\x00\x00\x00\x00\x00\x00\x00\x00\x00\x00\x00\x00\x00\x00\x00\x00\x00\x00\x00\x00\x00\x00\x00\x00\x00\x00\x00\x00\x00\x00\x00\x00\x00\x00\x00\x00\x00\x00\x00\x00\x00\x00\x00\x00\x00\x00\x00\x00\x00\x00\x00\x00\x00\x00\x00\x00\x00\x00\x00\x00\x00.',
  66:b'\x00\x00\x00\x00\x00\x00\x00\x00\x00\x00\x00\x00\x00\x00\x00\x00\x00\x00\x00\x00\x00\x00\x00\x00\x00\x00\x00\x00\x00\x00\x00\x00\x00\x00\x00\x00\x00\x00\x00\x00\x00\x00\x00\x00\x00\x00\x00\x00\x00\x00\x00\x00\x00\x00\x00\x00\x00\x00\x00\x00\x00\x00\x00\x00\x00\x00\x00\x00\x00\x00\x00\x00\x00\x00\x00\x00\x00\x00\x00\x1f\xff\xf0\x00\x00\x01\xff\xff\xff\x00\x00\x01\xff\xff\xff\xc0\x00\x01\xff\xff\xff\xe0\x00\x01\xff\xff\xff\xf0\x00\x01\xff\xff\xff\xf8\x00\x01\xf8\x00?\xfc\x00\x01\xf8\x00\x0f\xfc\x00\x01\xf8\x00\x03\xfe\x00\x01\xf8\x00\x01\xfe\x00\x01\xf8\x00\x00\xfe\x00\x01\xf8\x00\x00\xfe\x00\x01\xf8\x00\x00\xff\x00\x01\xf8\x00\x00\x7f\x00\x01\xf8\x00\x00~\x00\x01\xf8\x00\x00~\x00\x01\xf8\x00\x00~\x00\x01\xf8\x00\x00\xfe\x00\x01\xf8\x00\x00\xfe\x00\x01\xf8\x00\x01\xfc\x00\x01\xf8\x00\x03\xfc\x00\x01\xf8\x00\x07\xf8\x00\x01\xf8\x00\x0f\xf0\x00\x01\xf8\x00?\xe0\x00\x01\xf8\x00\xff\xc0\x00\x01\xff\xff\xff\x00\x00\x01\xff\xff\xf8\x00\x00\x01\xff\xff\xff\x00\x00\x01\xff\xff\xff\xe0\x00\x01\xff\xff\xff\xf0\x00\x01\xff\xff\xff\xf8\x00\x01\xf8\x00?\xfc\x00\x01\xf8\x00\x07\xfe\x00\x01\xf8\x00\x01\xff\x00\x01\xf8\x00\x00\xff\x00\x01\xf8\x00\x00\x7f\x80\x01\xf8\x00\x00\x7f\x80\x01\xf8\x00\x00?\x80\x01\xf8\x00\x00?\x80\x01\xf8\x00\x00?\x80\x01\xf8\x00\x00?\x80\x01\xf8\x00\x00?\x80\x01\xf8\x00\x00?\x80\x01\xf8\x00\x00?\x80\x01\xf8\x00\x00\x7f\x80\x01\xf8\x00\x00\x7f\x00\x01\xf8\x00\x00\xff\x00\x01\xf8\x00\x01\xfe\x00\x01\xf8\x00\x07\xfe\x00\x01\xf8\x00?\xfc\x00\x01\xff\xff\xff\xf8\x00\x01\xff\xff\xff\xf0\x00\x01\xff\xff\xff\xc0\x00\x01\xff\xff\xff\x80\x00\x01\xff\xff\xfc\x00\x00\x00?\xff\xc0\x00\x00\x00\x00\x00\x00\x00\x00\x00\x00\x00\x00\x00\x00\x00\x00\x00\x00\x00\x00\x00\x00\x00\x00\x00\x00\x00\x00\x00\x00\x00\x00\x00\x00\x00\x00\x00\x00\x00\x00\x00\x00\x00\x00\x00\x00\x00\x00\x00\x00\x00\x00\x00\x00\x00\x00\x00\x00\x00\x00\x00\x00\x00\x00\x00\x00\x00\x00\x00\x00\x00\x00\x00\x00\x00\x00\x00\x00\x00\x00\x00\x00\x00\x00\x00\x00\x00\x00\x00\x00\x00\x00\x00\x00\x00\x00\x00\x00\x00\x00\x00\x00\x00\x00.',
  67:b'\x00\x00\x00\x00\x00\x00\x00\x00\x00\x00\x00\x00\x00\x00\x00\x00\x00\x00\x00\x00\x00\x00\x00\x00\x00\x00\x00\x00\x00\x00\x00\x00\x00\x00\x00\x00\x00\x00\x00\x00\x00\x00\x00\x00\x00\x00\x00\x00\x00\x00\x00\x00\x00\x00\x00\x00\x00\x00\x00\x00\x00\x00\x00\x00\x00\x00\x00\x00\x00\x00\x00\x00\x00\x00\x01\xff\xe0\x00\x00\x00\x0f\xff\xff\x00\x00\x00\x7f\xff\xff\x80\x00\x00\xff\xff\xff\x00\x00\x03\xff\xff\xff\x00\x00\x07\xff\xff\xff\x00\x00\x0f\xff\x00\x1f\x00\x00\x1f\xf8\x00\x02\x00\x00?\xf0\x00\x00\x00\x00\x7f\xc0\x00\x00\x00\x00\x7f\x80\x00\x00\x00\x00\xff\x00\x00\x00\x00\x00\xfe\x00\x00\x00\x00\x01\xfe\x00\x00\x00\x00\x01\xfc\x00\x00\x00\x00\x03\xfc\x00\x00\x00\x00\x03\xf8\x00\x00\x00\x00\x03\xf8\x00\x00\x00\x00\x07\xf8\x00\x00\x00\x00\x07\xf0\x00\x00\x00\x00\x07\xf0\x00\x00\x00\x00\x07\xf0\x00\x00\x00\x00\x07\xf0\x00\x00\x00\x00\x07\xf0\x00\x00\x00\x00\x07\xe0\x00\x00\x00\x00\x0f\xe0\x00\x00\x00\x00\x0f\xe0\x00\x00\x00\x00\x0f\xe0\x00\x00\x00\x00\x0f\xe0\x00\x00\x00\x00\x0f\xe0\x00\x00\x00\x00\x0f\xe0\x00\x00\x00\x00\x0f\xe0\x00\x00\x00\x00\x07\xe0\x00\x00\x00\x00\x07\xf0\x00\x00\x00\x00\x07\xf0\x00\x00\x00\x00\x07\xf0\x00\x00\x00\x00\x07\xf0\x00\x00\x00\x00\x07\xf0\x00\x00\x00\x00\x07\xf8\x00\x00\x00\x00\x03\xf8\x00\x00\x00\x00\x03\xf8\x00\x00\x00\x00\x03\xfc\x00\x00\x00\x00\x01\xfc\x00\x00\x00\x00\x01\xfe\x00\x00\x00\x00\x00\xff\x00\x00\x00\x00\x00\xff\x80\x00\x00\x00\x00\x7f\xc0\x00\x00\x00\x00\x7f\xe0\x00\x00\x00\x00?\xf0\x00\x01\x00\x00\x1f\xfc\x00\x07\x00\x00\x0f\xff\x80?\x80\x00\x07\xff\xff\xff\x80\x00\x03\xff\xff\xff\x80\x00\x01\xff\xff\xff\x80\x00\x00\x7f\xff\xff\xc0\x00\x00\x1f\xff\xfe\x00\x00\x00\x01\xff\xc0\x00\x00\x00\x00\x00\x00\x00\x00\x00\x00\x00\x00\x00\x00\x00\x00\x00\x00\x00\x00\x00\x00\x00\x00\x00\x00\x00\x00\x00\x00\x00\x00\x00\x00\x00\x00\x00\x00\x00\x00\x00\x00\x00\x00\x00\x00\x00\x00\x00\x00\x00\x00\x00\x00\x00\x00\x00\x00\x00\x00\x00\x00\x00\x00\x00\x00\x00\x00\x00\x00\x00\x00\x00\x00\x00\x00\x00\x00\x00\x00\x00\x00\x00\x00\x00\x00\x00\x00\x00\x00\x00\x00\x00\x00\x00\x00\x00\x00\x00\x00\x00\x00\x00-',
  68:b'\x00\x00\x00\x00\x00\x00\x00\x00\x00\x00\x00\x00\x00\x00\x00\x00\x00\x00\x00\x00\x00\x00\x00\x00\x00\x00\x00\x00\x00\x00\x00\x00\x00\x00\x00\x00\x00\x00\x00\x00\x00\x00\x00\x00\x00\x00\x00\x00\x00\x00\x00\x00\x00\x00\x00\x00\x00\x00\x00\x00\x00\x00\x00\x00\x00\x00\x00\x00\x00\x00\x00\x00\x00\x00\x00\x00\x00\x00\x00\x00\x00\x00\x00\x00\x00\x00\x00\x00\x00\x00\x00\x00\xff\xff\xe0\x00\x00\x00\x01\xff\xff\xfe\x00\x00\x00\x01\xff\xff\xff\xc0\x00\x00\x01\xff\xff\xff\xe0\x00\x00\x01\xff\xff\xff\xf8\x00\x00\x01\xff\xff\xff\xfc\x00\x00\x01\xf8\x00?\xfe\x00\x00\x01\xf8\x00\x07\xff\x00\x00\x01\xf8\x00\x01\xff\x80\x00\x01\xf8\x00\x00\x7f\xc0\x00\x01\xf8\x00\x00?\xe0\x00\x01\xf8\x00\x00\x1f\xe0\x00\x01\xf8\x00\x00\x0f\xf0\x00\x01\xf8\x00\x00\x0f\xf0\x00\x01\xf8\x00\x00\x07\xf0\x00\x01\xf8\x00\x00\x07\xf8\x00\x01\xf8\x00\x00\x03\xf8\x00\x01\xf8\x00\x00\x03\xf8\x00\x01\xf8\x00\x00\x01\xfc\x00\x01\xf8\x00\x00\x01\xfc\x00\x01\xf8\x00\x00\x01\xfc\x00\x01\xf8\x00\x00\x01\xfc\x00\x01\xf8\x00\x00\x01\xfc\x00\x01\xf8\x00\x00\x00\xfc\x00\x01\xf8\x00\x00\x00\xfe\x00\x01\xf8\x00\x00\x00\xfe\x00\x01\xf8\x00\x00\x00\xfe\x00\x01\xf8\x00\x00\x00\xfe\x00\x01\xf8\x00\x00\x00\xfe\x00\x01\xf8\x00\x00\x00\xfe\x00\x01\xf8\x00\x00\x00\xfe\x00\x01\xf8\x00\x00\x00\xfc\x00\x01\xf8\x00\x00\x01\xfc\x00\x01\xf8\x00\x00\x01\xfc\x00\x01\xf8\x00\x00\x01\xfc\x00\x01\xf8\x00\x00\x01\xfc\x00\x01\xf8\x00\x00\x01\xfc\x00\x01\xf8\x00\x00\x03\xf8\x00\x01\xf8\x00\x00\x03\xf8\x00\x01\xf8\x00\x00\x03\xf8\x00\x01\xf8\x00\x00\x07\xf0\x00\x01\xf8\x00\x00\x07\xf0\x00\x01\xf8\x00\x00\x0f\xf0\x00\x01\xf8\x00\x00\x1f\xe0\x00\x01\xf8\x00\x00\x1f\xe0\x00\x01\xf8\x00\x00?\xc0\x00\x01\xf8\x00\x00\xff\x80\x00\x01\xf8\x00\x01\xff\x00\x00\x01\xf8\x00\x07\xff\x00\x00\x01\xf8\x00?\xfe\x00\x00\x01\xff\xff\xff\xf8\x00\x00\x01\xff\xff\xff\xf0\x00\x00\x01\xff\xff\xff\xe0\x00\x00\x01\xff\xff\xff\x80\x00\x00\x01\xff\xff\xfc\x00\x00\x00\x01\xff\xff\xe0\x00\x00\x00\x00\x00\x00\x00\x00\x00\x00\x00\x00\x00\x00\x00\x00\x00\x00\x00\x00\x00\x00\x00\x00\x00\x00\x00\x00\x00\x00\x00\x00\x00\x00\x00\x00\x00\x00\x00\x00\x00\x00\x00\x00\x00\x00\x00\x00\x00\x00\x00\x00\x00\x00\x00\x00\x00\x00\x00\x00\x00\x00\x00\x00\x00\x00\x00\x00\x00\x00\x00\x00\x00\x00\x00\x00\x00\x00\x00\x00\x00\x00\x00\x00\x00\x00\x00\x00\x00\x00\x00\x00\x00\x00\x00\x00\x00\x00\x00\x00\x00\x00\x00\x00\x00\x00\x00\x00\x00\x00\x00\x00\x00\x00\x00\x00\x00\x00\x00\x00\x00\x003',
  69:b'\x00\x00\x00\x00\x00\x00\x00\x00\x00\x00\x00\x00\x00\x00\x00\x00\x00\x00\x00\x00\x00\x00\x00\x00\x00\x00\x00\x00\x00\x00\x00\x00\x00\x00\x00\x00\x00\x00\x00\x00\x00\x00\x00\x00\x00\x00\x00\x00\x00\x00\x00\x00\x00\x00\x00\x00\x00\x00\x00\x00\x00\x00\x00\x00\x00\x00\x00\x00\x00\x00\x00\x00\x00\x00\x00\x00\x00\x00\x01\xff\xff\xff\xf0\x00\x01\xff\xff\xff\xf0\x00\x01\xff\xff\xff\xf0\x00\x01\xff\xff\xff\xf0\x00\x01\xff\xff\xff\xf0\x00\x01\xff\xff\xff\xf0\x00\x01\xf8\x00\x00\x00\x00\x01\xf8\x00\x00\x00\x00\x01\xf8\x00\x00\x00\x00\x01\xf8\x00\x00\x00\x00\x01\xf8\x00\x00\x00\x00\x01\xf8\x00\x00\x00\x00\x01\xf8\x00\x00\x00\x00\x01\xf8\x00\x00\x00\x00\x01\xf8\x00\x00\x00\x00\x01\xf8\x00\x00\x00\x00\x01\xf8\x00\x00\x00\x00\x01\xf8\x00\x00\x00\x00\x01\xf8\x00\x00\x00\x00\x01\xf8\x00\x00\x00\x00\x01\xf8\x00\x00\x00\x00\x01\xf8\x00\x00\x00\x00\x01\xf8\x00\x00\x00\x00\x01\xf8\x00\x00\x00\x00\x01\xff\xff\xff\xc0\x00\x01\xff\xff\xff\xc0\x00\x01\xff\xff\xff\xc0\x00\x01\xff\xff\xff\xc0\x00\x01\xff\xff\xff\xc0\x00\x01\xff\xff\xff\xc0\x00\x01\xf8\x00\x00\x00\x00\x01\xf8\x00\x00\x00\x00\x01\xf8\x00\x00\x00\x00\x01\xf8\x00\x00\x00\x00\x01\xf8\x00\x00\x00\x00\x01\xf8\x00\x00\x00\x00\x01\xf8\x00\x00\x00\x00\x01\xf8\x00\x00\x00\x00\x01\xf8\x00\x00\x00\x00\x01\xf8\x00\x00\x00\x00\x01\xf8\x00\x00\x00\x00\x01\xf8\x00\x00\x00\x00\x01\xf8\x00\x00\x00\x00\x01\xf8\x00\x00\x00\x00\x01\xf8\x00\x00\x00\x00\x01\xf8\x00\x00\x00\x00\x01\xf8\x00\x00\x00\x00\x01\xf8\x00\x00\x00\x00\x01\xf8\x00\x00\x00\x00\x01\xff\xff\xff\xf8\x00\x01\xff\xff\xff\xf8\x00\x01\xff\xff\xff\xf8\x00\x01\xff\xff\xff\xf8\x00\x01\xff\xff\xff\xf8\x00\x01\xff\xff\xff\xf8\x00\x00\x00\x00\x00\x00\x00\x00\x00\x00\x00\x00\x00\x00\x00\x00\x00\x00\x00\x00\x00\x00\x00\x00\x00\x00\x00\x00\x00\x00\x00\x00\x00\x00\x00\x00\x00\x00\x00\x00\x00\x00\x00\x00\x00\x00\x00\x00\x00\x00\x00\x00\x00\x00\x00\x00\x00\x00\x00\x00\x00\x00\x00\x00\x00\x00\x00\x00\x00\x00\x00\x00\x00\x00\x00\x00\x00\x00\x00\x00\x00\x00\x00\x00\x00\x00\x00\x00\x00\x00\x00\x00\x00\x00\x00\x00\x00\x00\x00\x00\x00\x00\x00\x00\x00\x00\x00\x00\x00*',
  70:b'\x00\x00\x00\x00\x00\x00\x00\x00\x00\x00\x00\x00\x00\x00\x00\x00\x00\x00\x00\x00\x00\x00\x00\x00\x00\x00\x00\x00\x00\x00\x00\x00\x00\x00\x00\x00\x00\x00\x00\x00\x00\x00\x00\x00\x00\x00\x00\x00\x00\x00\x00\x00\x00\x00\x00\x00\x00\x00\x00\x00\x00\x00\x00\x00\x00\x01\xff\xff\xff\xf0\x01\xff\xff\xff\xf0\x01\xff\xff\xff\xf0\x01\xff\xff\xff\xf0\x01\xff\xff\xff\xf0\x01\xff\xff\xff\xf0\x01\xf8\x00\x00\x00\x01\xf8\x00\x00\x00\x01\xf8\x00\x00\x00\x01\xf8\x00\x00\x00\x01\xf8\x00\x00\x00\x01\xf8\x00\x00\x00\x01\xf8\x00\x00\x00\x01\xf8\x00\x00\x00\x01\xf8\x00\x00\x00\x01\xf8\x00\x00\x00\x01\xf8\x00\x00\x00\x01\xf8\x00\x00\x00\x01\xf8\x00\x00\x00\x01\xf8\x00\x00\x00\x01\xf8\x00\x00\x00\x01\xf8\x00\x00\x00\x01\xf8\x00\x00\x00\x01\xf8\x00\x00\x00\x01\xf8\x00\x00\x00\x01\xff\xff\xff\xe0\x01\xff\xff\xff\xe0\x01\xff\xff\xff\xe0\x01\xff\xff\xff\xe0\x01\xff\xff\xff\xe0\x01\xff\xff\xff\xe0\x01\xf8\x00\x00\x00\x01\xf8\x00\x00\x00\x01\xf8\x00\x00\x00\x01\xf8\x00\x00\x00\x01\xf8\x00\x00\x00\x01\xf8\x00\x00\x00\x01\xf8\x00\x00\x00\x01\xf8\x00\x00\x00\x01\xf8\x00\x00\x00\x01\xf8\x00\x00\x00\x01\xf8\x00\x00\x00\x01\xf8\x00\x00\x00\x01\xf8\x00\x00\x00\x01\xf8\x00\x00\x00\x01\xf8\x00\x00\x00\x01\xf8\x00\x00\x00\x01\xf8\x00\x00\x00\x01\xf8\x00\x00\x00\x01\xf8\x00\x00\x00\x01\xf8\x00\x00\x00\x01\xf8\x00\x00\x00\x01\xf8\x00\x00\x00\x01\xf8\x00\x00\x00\x01\xf8\x00\x00\x00\x00\x00\x00\x00\x00\x00\x00\x00\x00\x00\x00\x00\x00\x00\x00\x00\x00\x00\x00\x00\x00\x00\x00\x00\x00\x00\x00\x00\x00\x00\x00\x00\x00\x00\x00\x00\x00\x00\x00\x00\x00\x00\x00\x00\x00\x00\x00\x00\x00\x00\x00\x00\x00\x00\x00\x00\x00\x00\x00\x00\x00\x00\x00\x00\x00\x00\x00\x00\x00\x00\x00\x00\x00\x00\x00\x00\x00\x00\x00\x00\x00\x00\x00\x00\x00\x00\x00\x00\x00\x00(',
  71:b'\x00\x00\x00\x00\x00\x00\x00\x00\x00\x00\x00\x00\x00\x00\x00\x00\x00\x00\x00\x00\x00\x00\x00\x00\x00\x00\x00\x00\x00\x00\x00\x00\x00\x00\x00\x00\x00\x00\x00\x00\x00\x00\x00\x00\x00\x00\x00\x00\x00\x00\x00\x00\x00\x00\x00\x00\x00\x00\x00\x00\x00\x00\x00\x00\x00\x00\x00\x00\x00\x00\x00\x00\x00\x00\x00\xff\xf0\x00\x00\x00\x0f\xff\xff\x00\x00\x00?\xff\xff\xc0\x00\x00\xff\xff\xff\x80\x00\x01\xff\xff\xff\x80\x00\x07\xff\xff\xff\x80\x00\x0f\xff\x80\x1f\x80\x00\x1f\xfc\x00\x01\x00\x00\x1f\xf0\x00\x00\x00\x00?\xe0\x00\x00\x00\x00\x7f\x80\x00\x00\x00\x00\xff\x80\x00\x00\x00\x00\xff\x00\x00\x00\x00\x01\xfe\x00\x00\x00\x00\x01\xfc\x00\x00\x00\x00\x01\xfc\x00\x00\x00\x00\x03\xf8\x00\x00\x00\x00\x03\xf8\x00\x00\x00\x00\x03\xf8\x00\x00\x00\x00\x07\xf0\x00\x00\x00\x00\x07\xf0\x00\x00\x00\x00\x07\xf0\x00\x00\x00\x00\x07\xf0\x00\x00\x00\x00\x07\xf0\x00\x00\x00\x00\x07\xe0\x00\x00\x00\x00\x0f\xe0\x00\x00\x00\x00\x0f\xe0\x00\x00\x00\x00\x0f\xe0\x00\x00\x00\x00\x0f\xe0\x00\x00\x00\x00\x0f\xe0\x00\x7f\xff\xe0\x0f\xe0\x00\x7f\xff\xe0\x0f\xe0\x00\x7f\xff\xe0\x07\xe0\x00\x7f\xff\xe0\x07\xf0\x00\x0f\xff\xe0\x07\xf0\x00\x00\x1f\xe0\x07\xf0\x00\x00\x03\xe0\x07\xf0\x00\x00\x03\xe0\x07\xf0\x00\x00\x03\xe0\x07\xf8\x00\x00\x03\xe0\x03\xf8\x00\x00\x03\xe0\x03\xf8\x00\x00\x03\xe0\x03\xfc\x00\x00\x03\xe0\x01\xfc\x00\x00\x03\xe0\x01\xfe\x00\x00\x03\xe0\x01\xfe\x00\x00\x03\xe0\x00\xff\x00\x00\x03\xe0\x00\x7f\x80\x00\x03\xe0\x00\x7f\xc0\x00\x03\xe0\x00?\xf0\x00\x03\xe0\x00\x1f\xfc\x00\x07\xe0\x00\x0f\xff\x80?\xe0\x00\x07\xff\xff\xff\xe0\x00\x03\xff\xff\xff\xe0\x00\x01\xff\xff\xff\xc0\x00\x00\x7f\xff\xff\x80\x00\x00\x1f\xff\xfc\x00\x00\x00\x01\xff\xc0\x00\x00\x00\x00\x00\x00\x00\x00\x00\x00\x00\x00\x00\x00\x00\x00\x00\x00\x00\x00\x00\x00\x00\x00\x00\x00\x00\x00\x00\x00\x00\x00\x00\x00\x00\x00\x00\x00\x00\x00\x00\x00\x00\x00\x00\x00\x00\x00\x00\x00\x00\x00\x00\x00\x00\x00\x00\x00\x00\x00\x00\x00\x00\x00\x00\x00\x00\x00\x00\x00\x00\x00\x00\x00\x00\x00\x00\x00\x00\x00\x00\x00\x00\x00\x00\x00\x00\x00\x00\x00\x00\x00\x00\x00\x00\x00\x00\x00\x00\x00\x00\x00\x000',
  72:b'\x00\x00\x00\x00\x00\x00\x00\x00\x00\x00\x00\x00\x00\x00\x00\x00\x00\x00\x00\x00\x00\x00\x00\x00\x00\x00\x00\x00\x00\x00\x00\x00\x00\x00\x00\x00\x00\x00\x00\x00\x00\x00\x00\x00\x00\x00\x00\x00\x00\x00\x00\x00\x00\x00\x00\x00\x00\x00\x00\x00\x00\x00\x00\x00\x00\x00\x00\x00\x00\x00\x00\x00\x00\x00\x00\x00\x00\x00\x00\x00\x00\x00\x00\x00\x00\x00\x00\x00\x00\x00\x00\x01\xf8\x00\x00\x01\xfc\x00\x01\xf8\x00\x00\x01\xfc\x00\x01\xf8\x00\x00\x01\xfc\x00\x01\xf8\x00\x00\x01\xfc\x00\x01\xf8\x00\x00\x01\xfc\x00\x01\xf8\x00\x00\x01\xfc\x00\x01\xf8\x00\x00\x01\xfc\x00\x01\xf8\x00\x00\x01\xfc\x00\x01\xf8\x00\x00\x01\xfc\x00\x01\xf8\x00\x00\x01\xfc\x00\x01\xf8\x00\x00\x01\xfc\x00\x01\xf8\x00\x00\x01\xfc\x00\x01\xf8\x00\x00\x01\xfc\x00\x01\xf8\x00\x00\x01\xfc\x00\x01\xf8\x00\x00\x01\xfc\x00\x01\xf8\x00\x00\x01\xfc\x00\x01\xf8\x00\x00\x01\xfc\x00\x01\xf8\x00\x00\x01\xfc\x00\x01\xf8\x00\x00\x01\xfc\x00\x01\xf8\x00\x00\x01\xfc\x00\x01\xf8\x00\x00\x01\xfc\x00\x01\xf8\x00\x00\x01\xfc\x00\x01\xf8\x00\x00\x01\xfc\x00\x01\xf8\x00\x00\x01\xfc\x00\x01\xff\xff\xff\xff\xfc\x00\x01\xff\xff\xff\xff\xfc\x00\x01\xff\xff\xff\xff\xfc\x00\x01\xff\xff\xff\xff\xfc\x00\x01\xff\xff\xff\xff\xfc\x00\x01\xff\xff\xff\xff\xfc\x00\x01\xf8\x00\x00\x01\xfc\x00\x01\xf8\x00\x00\x01\xfc\x00\x01\xf8\x00\x00\x01\xfc\x00\x01\xf8\x00\x00\x01\xfc\x00\x01\xf8\x00\x00\x01\xfc\x00\x01\xf8\x00\x00\x01\xfc\x00\x01\xf8\x00\x00\x01\xfc\x00\x01\xf8\x00\x00\x01\xfc\x00\x01\xf8\x00\x00\x01\xfc\x00\x01\xf8\x00\x00\x01\xfc\x00\x01\xf8\x00\x00\x01\xfc\x00\x01\xf8\x00\x00\x01\xfc\x00\x01\xf8\x00\x00\x01\xfc\x00\x01\xf8\x00\x00\x01\xfc\x00\x01\xf8\x00\x00\x01\xfc\x00\x01\xf8\x00\x00\x01\xfc\x00\x01\xf8\x00\x00\x01\xfc\x00\x01\xf8\x00\x00\x01\xfc\x00\x01\xf8\x00\x00\x01\xfc\x00\x01\xf8\x00\x00\x01\xfc\x00\x01\xf8\x00\x00\x01\xfc\x00\x01\xf8\x00\x00\x01\xfc\x00\x01\xf8\x00\x00\x01\xfc\x00\x01\xf8\x00\x00\x01\xfc\x00\x01\xf8\x00\x00\x01\xfc\x00\x00\x00\x00\x00\x00\x00\x00\x00\x00\x00\x00\x00\x00\x00\x00\x00\x00\x00\x00\x00\x00\x00\x00\x00\x00\x00\x00\x00\x00\x00\x00\x00\x00\x00\x00\x00\x00\x00\x00\x00\x00\x00\x00\x00\x00\x00\x00\x00\x00\x00\x00\x00\x00\x00\x00\x00\x00\x00\x00\x00\x00\x00\x00\x00\x00\x00\x00\x00\x00\x00\x00\x00\x00\x00\x00\x00\x00\x00\x00\x00\x00\x00\x00\x00\x00\x00\x00\x00\x00\x00\x00\x00\x00\x00\x00\x00\x00\x00\x00\x00\x00\x00\x00\x00\x00\x00\x00\x00\x00\x00\x00\x00\x00\x00\x00\x00\x00\x00\x00\x00\x00\x00\x00\x00\x00\x004',
  73:b'\x00\x00\x00\x00\x00\x00\x00\x00\x00\x00\x00\x00\x00\x00\x00\x00\x00\x00\x00\x00\x00\x00\x00\x00\x00\x00\x00\x00\x00\x00\x00\x00\x00\x00\x00\x00\x00\x00\x00\x00\xfe\x00\x00\xfe\x00\x00\xfe\x00\x00\xfe\x00\x00\xfe\x00\x00\xfe\x00\x00\xfe\x00\x00\xfe\x00\x00\xfe\x00\x00\xfe\x00\x00\xfe\x00\x00\xfe\x00\x00\xfe\x00\x00\xfe\x00\x00\xfe\x00\x00\xfe\x00\x00\xfe\x00\x00\xfe\x00\x00\xfe\x00\x00\xfe\x00\x00\xfe\x00\x00\xfe\x00\x00\xfe\x00\x00\xfe\x00\x00\xfe\x00\x00\xfe\x00\x00\xfe\x00\x00\xfe\x00\x00\xfe\x00\x00\xfe\x00\x00\xfe\x00\x00\xfe\x00\x00\xfe\x00\x00\xfe\x00\x00\xfe\x00\x00\xfe\x00\x00\xfe\x00\x00\xfe\x00\x00\xfe\x00\x00\xfe\x00\x00\xfe\x00\x00\xfe\x00\x00\xfe\x00\x00\xfe\x00\x00\xfe\x00\x00\xfe\x00\x00\xfe\x00\x00\xfe\x00\x00\xfe\x00\x00\xfe\x00\x00\xfe\x00\x00\xfe\x00\x00\xfe\x00\x00\xfe\x00\x00\xfe\x00\x00\x00\x00\x00\x00\x00\x00\x00\x00\x00\x00\x00\x00\x00\x00\x00\x00\x00\x00\x00\x00\x00\x00\x00\x00\x00\x00\x00\x00\x00\x00\x00\x00\x00\x00\x00\x00\x00\x00\x00\x00\x00\x00\x00\x00\x00\x00\x00\x00\x00\x00\x00\x00\x00\x17',
  74:b'\x00\x00\x00\x00\x00\x00\x00\x00\x00\x00\x00\x00\x00\x00\x00\x00\x00\x00\x00\x00\x00\x00\x00\x00\x00\x00\x00\x00\x00\x00\x00\x00\x00\x00\x00\x00\x00\x00\x00\x00\x0f\xc0\x00\x0f\xc0\x00\x0f\xc0\x00\x0f\xc0\x00\x0f\xc0\x00\x0f\xc0\x00\x0f\xc0\x00\x0f\xc0\x00\x0f\xc0\x00\x0f\xc0\x00\x0f\xc0\x00\x0f\xc0\x00\x0f\xc0\x00\x0f\xc0\x00\x0f\xc0\x00\x0f\xc0\x00\x0f\xc0\x00\x0f\xc0\x00\x0f\xc0\x00\x0f\xc0\x00\x0f\xc0\x00\x0f\xc0\x00\x0f\xc0\x00\x0f\xc0\x00\x0f\xc0\x00\x0f\xc0\x00\x0f\xc0\x00\x0f\xc0\x00\x0f\xc0\x00\x0f\xc0\x00\x0f\xc0\x00\x0f\xc0\x00\x0f\xc0\x00\x0f\xc0\x00\x0f\xc0\x00\x0f\xc0\x00\x0f\xc0\x00\x0f\xc0\x00\x0f\xc0\x00\x0f\xc0\x00\x0f\xc0\x00\x0f\xc0\x00\x0f\xc0\x00\x0f\xc0\x00\x0f\xc0\x00\x1f\xc0\x00\x1f\xc0\x00\x1f\xc0\x00?\xc0`\x7f\x80\x7f\xff\x80\x7f\xff\x00\x7f\xff\x00\x7f\xfe\x00\xff\xf8\x00?\xe0\x00\x00\x00\x00\x00\x00\x00\x00\x00\x00\x00\x00\x00\x00\x00\x00\x00\x00\x00\x00\x00\x00\x00\x00\x00\x00\x00\x00\x00\x00\x00\x00\x00\x00\x00\x00\x00\x00\x00\x00\x00\x00\x00\x00\x00\x00\x00\x00\x00\x00\x00\x00\x17',
  75:b'\x00\x00\x00\x00\x00\x00\x00\x00\x00\x00\x00\x00\x00\x00\x00\x00\x00\x00\x00\x00\x00\x00\x00\x00\x00\x00\x00\x00\x00\x00\x00\x00\x00\x00\x00\x00\x00\x00\x00\x00\x00\x00\x00\x00\x00\x00\x00\x00\x00\x00\x00\x00\x00\x00\x00\x00\x00\x00\x00\x00\x00\x00\x00\x00\x00\x00\x00\x00\x00\x00\x00\x00\x00\x00\x00\x00\x00\x00\x01\xf8\x00\x00\x1f\xc0\x01\xf8\x00\x00?\x80\x01\xf8\x00\x00\x7f\x80\x01\xf8\x00\x00\xff\x00\x01\xf8\x00\x00\xfe\x00\x01\xf8\x00\x01\xfc\x00\x01\xf8\x00\x03\xfc\x00\x01\xf8\x00\x07\xf8\x00\x01\xf8\x00\x07\xf0\x00\x01\xf8\x00\x0f\xe0\x00\x01\xf8\x00\x1f\xc0\x00\x01\xf8\x00?\xc0\x00\x01\xf8\x00?\x80\x00\x01\xf8\x00\x7f\x00\x00\x01\xf8\x00\xfe\x00\x00\x01\xf8\x00\xfe\x00\x00\x01\xf8\x01\xfc\x00\x00\x01\xf8\x03\xf8\x00\x00\x01\xf8\x07\xf0\x00\x00\x01\xf8\x07\xf0\x00\x00\x01\xf8\x0f\xe0\x00\x00\x01\xf8\x1f\xc0\x00\x00\x01\xf8?\x80\x00\x00\x01\xf8?\x80\x00\x00\x01\xf8\x7f\x00\x00\x00\x01\xf9\xfc\x00\x00\x00\x01\xff\xf8\x00\x00\x00\x01\xff\xfc\x00\x00\x00\x01\xff\xfe\x00\x00\x00\x01\xff\xff\x80\x00\x00\x01\xf8\x7f\x80\x00\x00\x01\xf8?\xc0\x00\x00\x01\xf8\x1f\xe0\x00\x00\x01\xf8\x0f\xf0\x00\x00\x01\xf8\x0f\xf8\x00\x00\x01\xf8\x07\xf8\x00\x00\x01\xf8\x03\xfc\x00\x00\x01\xf8\x01\xfe\x00\x00\x01\xf8\x00\xff\x00\x00\x01\xf8\x00\xff\x80\x00\x01\xf8\x00\x7f\x80\x00\x01\xf8\x00?\xc0\x00\x01\xf8\x00\x1f\xe0\x00\x01\xf8\x00\x1f\xf0\x00\x01\xf8\x00\x0f\xf8\x00\x01\xf8\x00\x07\xf8\x00\x01\xf8\x00\x03\xfc\x00\x01\xf8\x00\x01\xfe\x00\x01\xf8\x00\x01\xff\x00\x01\xf8\x00\x00\xff\x80\x01\xf8\x00\x00\x7f\x80\x01\xf8\x00\x00?\xc0\x01\xf8\x00\x00\x1f\xe0\x01\xf8\x00\x00\x1f\xf0\x01\xf8\x00\x00\x0f\xf8\x00\x00\x00\x00\x00\x00\x00\x00\x00\x00\x00\x00\x00\x00\x00\x00\x00\x00\x00\x00\x00\x00\x00\x00\x00\x00\x00\x00\x00\x00\x00\x00\x00\x00\x00\x00\x00\x00\x00\x00\x00\x00\x00\x00\x00\x00\x00\x00\x00\x00\x00\x00\x00\x00\x00\x00\x00\x00\x00\x00\x00\x00\x00\x00\x00\x00\x00\x00\x00\x00\x00\x00\x00\x00\x00\x00\x00\x00\x00\x00\x00\x00\x00\x00\x00\x00\x00\x00\x00\x00\x00\x00\x00\x00\x00\x00\x00\x00\x00\x00\x00\x00\x00\x00\x00\x00\x00\x000',
  76:b'\x00\x00\x00\x00\x00\x00\x00\x00\x00\x00\x00\x00\x00\x00\x00\x00\x00\x00\x00\x00\x00\x00\x00\x00\x00\x00\x00\x00\x00\x00\x00\x00\x00\x00\x00\x00\x00\x00\x00\x00\x00\x00\x00\x00\x00\x00\x00\x00\x00\x00\x00\x00\x00\x00\x00\x00\x00\x00\x00\x00\x00\x00\x00\x00\x00\x01\xf8\x00\x00\x00\x01\xf8\x00\x00\x00\x01\xf8\x00\x00\x00\x01\xf8\x00\x00\x00\x01\xf8\x00\x00\x00\x01\xf8\x00\x00\x00\x01\xf8\x00\x00\x00\x01\xf8\x00\x00\x00\x01\xf8\x00\x00\x00\x01\xf8\x00\x00\x00\x01\xf8\x00\x00\x00\x01\xf8\x00\x00\x00\x01\xf8\x00\x00\x00\x01\xf8\x00\x00\x00\x01\xf8\x00\x00\x00\x01\xf8\x00\x00\x00\x01\xf8\x00\x00\x00\x01\xf8\x00\x00\x00\x01\xf8\x00\x00\x00\x01\xf8\x00\x00\x00\x01\xf8\x00\x00\x00\x01\xf8\x00\x00\x00\x01\xf8\x00\x00\x00\x01\xf8\x00\x00\x00\x01\xf8\x00\x00\x00\x01\xf8\x00\x00\x00\x01\xf8\x00\x00\x00\x01\xf8\x00\x00\x00\x01\xf8\x00\x00\x00\x01\xf8\x00\x00\x00\x01\xf8\x00\x00\x00\x01\xf8\x00\x00\x00\x01\xf8\x00\x00\x00\x01\xf8\x00\x00\x00\x01\xf8\x00\x00\x00\x01\xf8\x00\x00\x00\x01\xf8\x00\x00\x00\x01\xf8\x00\x00\x00\x01\xf8\x00\x00\x00\x01\xf8\x00\x00\x00\x01\xf8\x00\x00\x00\x01\xf8\x00\x00\x00\x01\xf8\x00\x00\x00\x01\xf8\x00\x00\x00\x01\xf8\x00\x00\x00\x01\xf8\x00\x00\x00\x01\xf8\x00\x00\x00\x01\xf8\x00\x00\x00\x01\xf8\x00\x00\x00\x01\xff\xff\xff\xfe\x01\xff\xff\xff\xfe\x01\xff\xff\xff\xfe\x01\xff\xff\xff\xfe\x01\xff\xff\xff\xfe\x01\xff\xff\xff\xfe\x00\x00\x00\x00\x00\x00\x00\x00\x00\x00\x00\x00\x00\x00\x00\x00\x00\x00\x00\x00\x00\x00\x00\x00\x00\x00\x00\x00\x00\x00\x00\x00\x00\x00\x00\x00\x00\x00\x00\x00\x00\x00\x00\x00\x00\x00\x00\x00\x00\x00\x00\x00\x00\x00\x00\x00\x00\x00\x00\x00\x00\x00\x00\x00\x00\x00\x00\x00\x00\x00\x00\x00\x00\x00\x00\x00\x00\x00\x00\x00\x00\x00\x00\x00\x00\x00\x00\x00\x00\x00(',
  77:b'\x00\x00\x00\x00\x00\x00\x00\x00\x00\x00\x00\x00\x00\x00\x00\x00\x00\x00\x00\x00\x00\x00\x00\x00\x00\x00\x00\x00\x00\x00\x00\x00\x00\x00\x00\x00\x00\x00\x00\x00\x00\x00\x00\x00\x00\x00\x00\x00\x00\x00\x00\x00\x00\x00\x00\x00\x00\x00\x00\x00\x00\x00\x00\x00\x00\x00\x00\x00\x00\x00\x00\x00\x00\x00\x00\x00\x00\x00\x00\x00\x00\x00\x00\x00\x00\x00\x00\x00\x00\x00\x00\x00\x00\x00\x00\x00\x00\x00\x00\x00\x00\x00\x00\x00\x01\xf0\x00\x00\x00\x00>\x00\x01\xf0\x00\x00\x00\x00~\x00\x01\xf8\x00\x00\x00\x00~\x00\x01\xfc\x00\x00\x00\x00\xfe\x00\x01\xfc\x00\x00\x00\x01\xfe\x00\x01\xfe\x00\x00\x00\x01\xfe\x00\x01\xfe\x00\x00\x00\x03\xfe\x00\x01\xff\x00\x00\x00\x03\xfe\x00\x01\xff\x80\x00\x00\x07\xfe\x00\x01\xff\x80\x00\x00\x0f\xfe\x00\x01\xff\xc0\x00\x00\x0f\xfe\x00\x01\xf7\xc0\x00\x00\x1f~\x00\x01\xf7\xe0\x00\x00\x1f~\x00\x01\xf7\xf0\x00\x00?~\x00\x01\xf3\xf0\x00\x00>~\x00\x01\xf3\xf8\x00\x00~~\x00\x01\xf9\xfc\x00\x00\xfc~\x00\x01\xf9\xfc\x00\x00\xfc~\x00\x01\xf8\xfe\x00\x01\xf8~\x00\x01\xf8\xfe\x00\x01\xf8~\x00\x01\xf8\x7f\x00\x03\xf0~\x00\x01\xf8\x7f\x80\x07\xf0~\x00\x01\xf8?\x80\x07\xe0~\x00\x01\xf8\x1f\xc0\x0f\xc0~\x00\x01\xf8\x1f\xc0\x0f\xc0~\x00\x01\xf8\x0f\xe0\x1f\x80~\x00\x01\xf8\x0f\xf0\x1f\x80~\x00\x01\xf8\x07\xf0?\x00~\x00\x01\xf8\x03\xf8\x7f\x00~\x00\x01\xf8\x03\xf8~\x00~\x00\x01\xf8\x01\xfc|\x00~\x00\x01\xf8\x01\xfc\xfc\x00~\x00\x01\xf8\x00\xfc\xf8\x00~\x00\x01\xf8\x00~\xf8\x00~\x00\x01\xf8\x00\x7f\xf0\x00~\x00\x01\xf8\x00?\xf0\x00~\x00\x01\xf8\x00\x1f\xe0\x00~\x00\x01\xf8\x00\x1f\xc0\x00~\x00\x01\xf8\x00\x0f\xc0\x00~\x00\x01\xf8\x00\x0f\x80\x00~\x00\x01\xf8\x00\x07\x80\x00~\x00\x01\xf8\x00\x03\x00\x00~\x00\x01\xf8\x00\x00\x00\x00~\x00\x01\xf8\x00\x00\x00\x00~\x00\x01\xf8\x00\x00\x00\x00~\x00\x01\xf8\x00\x00\x00\x00~\x00\x01\xf8\x00\x00\x00\x00~\x00\x01\xf8\x00\x00\x00\x00~\x00\x01\xf8\x00\x00\x00\x00~\x00\x01\xf8\x00\x00\x00\x00~\x00\x01\xf8\x00\x00\x00\x00~\x00\x01\xf8\x00\x00\x00\x00~\x00\x01\xf8\x00\x00\x00\x00~\x00\x01\xf8\x00\x00\x00\x00~\x00\x01\xf8\x00\x00\x00\x00~\x00\x00\x00\x00\x00\x00\x00\x00\x00\x00\x00\x00\x00\x00\x00\x00\x00\x00\x00\x00\x00\x00\x00\x00\x00\x00\x00\x00\x00\x00\x00\x00\x00\x00\x00\x00\x00\x00\x00\x00\x00\x00\x00\x00\x00\x00\x00\x00\x00\x00\x00\x00\x00\x00\x00\x00\x00\x00\x00\x00\x00\x00\x00\x00\x00\x00\x00\x00\x00\x00\x00\x00\x00\x00\x00\x00\x00\x00\x00\x00\x00\x00\x00\x00\x00\x00\x00\x00\x00\x00\x00\x00\x00\x00\x00\x00\x00\x00\x00\x00\x00\x00\x00\x00\x00\x00\x00\x00\x00\x00\x00\x00\x00\x00\x00\x00\x00\x00\x00\x00\x00\x00\x00\x00\x00\x00\x00\x00\x00\x00\x00\x00\x00\x00\x00\x00\x00\x00\x00\x00\x00\x00\x00\x00\x00>',
  78:b'\x00\x00\x00\x00\x00\x00\x00\x00\x00\x00\x00\x00\x00\x00\x00\x00\x00\x00\x00\x00\x00\x00\x00\x00\x00\x00\x00\x00\x00\x00\x00\x00\x00\x00\x00\x00\x00\x00\x00\x00\x00\x00\x00\x00\x00\x00\x00\x00\x00\x00\x00\x00\x00\x00\x00\x00\x00\x00\x00\x00\x00\x00\x00\x00\x00\x00\x00\x00\x00\x00\x00\x00\x00\x00\x00\x00\x00\x00\x00\x00\x00\x00\x00\x00\x00\x00\x00\x00\x00\x00\x00\x01\xc0\x00\x00\x00\xfc\x00\x01\xe0\x00\x00\x00\xfc\x00\x01\xf0\x00\x00\x00\xfc\x00\x01\xf8\x00\x00\x00\xfc\x00\x01\xf8\x00\x00\x00\xfc\x00\x01\xfc\x00\x00\x00\xfc\x00\x01\xfe\x00\x00\x00\xfc\x00\x01\xff\x00\x00\x00\xfc\x00\x01\xff\x00\x00\x00\xfc\x00\x01\xff\x80\x00\x00\xfc\x00\x01\xff\xc0\x00\x00\xfc\x00\x01\xff\xc0\x00\x00\xfc\x00\x01\xf7\xe0\x00\x00\xfc\x00\x01\xf3\xf0\x00\x00\xfc\x00\x01\xf3\xf8\x00\x00\xfc\x00\x01\xf1\xf8\x00\x00\xfc\x00\x01\xf1\xfc\x00\x00\xfc\x00\x01\xf8\xfe\x00\x00\xfc\x00\x01\xf8\xff\x00\x00\xfc\x00\x01\xf8\x7f\x00\x00\xfc\x00\x01\xf8\x7f\x80\x00\xfc\x00\x01\xf8?\xc0\x00\xfc\x00\x01\xf8\x1f\xc0\x00\xfc\x00\x01\xf8\x0f\xe0\x00\xfc\x00\x01\xf8\x0f\xf0\x00\xfc\x00\x01\xf8\x07\xf8\x00\xfc\x00\x01\xf8\x03\xf8\x00\xfc\x00\x01\xf8\x03\xfc\x00\xfc\x00\x01\xf8\x01\xfe\x00\xfc\x00\x01\xf8\x00\xfe\x00\xfc\x00\x01\xf8\x00\xff\x00\xfc\x00\x01\xf8\x00\x7f\x80\xfc\x00\x01\xf8\x00?\xc0\xfc\x00\x01\xf8\x00\x1f\xc0\xfc\x00\x01\xf8\x00\x1f\xe0\xfc\x00\x01\xf8\x00\x0f\xf0\xfc\x00\x01\xf8\x00\x07\xf0\xfc\x00\x01\xf8\x00\x07\xf8\xfc\x00\x01\xf8\x00\x03\xfc\xfc\x00\x01\xf8\x00\x01\xfc\xfc\x00\x01\xf8\x00\x00\xfe\xfc\x00\x01\xf8\x00\x00\xfe\xfc\x00\x01\xf8\x00\x00\x7f|\x00\x01\xf8\x00\x00?\xfc\x00\x01\xf8\x00\x00?\xfc\x00\x01\xf8\x00\x00\x1f\xfc\x00\x01\xf8\x00\x00\x0f\xfc\x00\x01\xf8\x00\x00\x0f\xfc\x00\x01\xf8\x00\x00\x07\xfc\x00\x01\xf8\x00\x00\x03\xfc\x00\x01\xf8\x00\x00\x01\xfc\x00\x01\xf8\x00\x00\x01\xfc\x00\x01\xf8\x00\x00\x00\xfc\x00\x01\xf8\x00\x00\x00|\x00\x01\xf8\x00\x00\x00|\x00\x00\x00\x00\x00\x00<\x00\x00\x00\x00\x00\x00\x00\x00\x00\x00\x00\x00\x00\x00\x00\x00\x00\x00\x00\x00\x00\x00\x00\x00\x00\x00\x00\x00\x00\x00\x00\x00\x00\x00\x00\x00\x00\x00\x00\x00\x00\x00\x00\x00\x00\x00\x00\x00\x00\x00\x00\x00\x00\x00\x00\x00\x00\x00\x00\x00\x00\x00\x00\x00\x00\x00\x00\x00\x00\x00\x00\x00\x00\x00\x00\x00\x00\x00\x00\x00\x00\x00\x00\x00\x00\x00\x00\x00\x00\x00\x00\x00\x00\x00\x00\x00\x00\x00\x00\x00\x00\x00\x00\x00\x00\x00\x00\x00\x00\x00\x00\x00\x00\x00\x00\x00\x00\x00\x00\x005',
  79:b'\x00\x00\x00\x00\x00\x00\x00\x00\x00\x00\x00\x00\x00\x00\x00\x00\x00\x00\x00\x00\x00\x00\x00\x00\x00\x00\x00\x00\x00\x00\x00\x00\x00\x00\x00\x00\x00\x00\x00\x00\x00\x00\x00\x00\x00\x00\x00\x00\x00\x00\x00\x00\x00\x00\x00\x00\x00\x00\x00\x00\x00\x00\x00\x00\x00\x00\x00\x00\x00\x00\x00\x00\x00\x00\x00\x00\x00\x00\x00\x00\x00\x00\x00\x00\x00\x00\x07\xff\x00\x00\x00\x00\x00?\xff\xe0\x00\x00\x00\x00\xff\xff\xf8\x00\x00\x00\x03\xff\xff\xfe\x00\x00\x00\x07\xff\xff\xff\x00\x00\x00\x0f\xff\xff\xff\xc0\x00\x00\x1f\xfe\x03\xff\xc0\x00\x00?\xf0\x00\x7f\xe0\x00\x00\x7f\xc0\x00\x1f\xf0\x00\x00\x7f\x80\x00\x0f\xf8\x00\x00\xff\x00\x00\x07\xf8\x00\x00\xfe\x00\x00\x03\xfc\x00\x01\xfe\x00\x00\x03\xfc\x00\x01\xfc\x00\x00\x01\xfe\x00\x03\xfc\x00\x00\x01\xfe\x00\x03\xf8\x00\x00\x00\xfe\x00\x03\xf8\x00\x00\x00\xff\x00\x07\xf8\x00\x00\x00\x7f\x00\x07\xf0\x00\x00\x00\x7f\x00\x07\xf0\x00\x00\x00\x7f\x00\x07\xf0\x00\x00\x00\x7f\x00\x07\xf0\x00\x00\x00?\x80\x07\xf0\x00\x00\x00?\x80\x07\xe0\x00\x00\x00?\x80\x0f\xe0\x00\x00\x00?\x80\x0f\xe0\x00\x00\x00?\x80\x0f\xe0\x00\x00\x00?\x80\x0f\xe0\x00\x00\x00?\x80\x0f\xe0\x00\x00\x00?\x80\x0f\xe0\x00\x00\x00?\x80\x0f\xe0\x00\x00\x00?\x80\x0f\xe0\x00\x00\x00?\x80\x0f\xe0\x00\x00\x00?\x80\x07\xf0\x00\x00\x00?\x80\x07\xf0\x00\x00\x00?\x80\x07\xf0\x00\x00\x00?\x80\x07\xf0\x00\x00\x00\x7f\x00\x07\xf0\x00\x00\x00\x7f\x00\x07\xf0\x00\x00\x00\x7f\x00\x03\xf8\x00\x00\x00\x7f\x00\x03\xf8\x00\x00\x00\xff\x00\x03\xfc\x00\x00\x00\xfe\x00\x03\xfc\x00\x00\x00\xfe\x00\x01\xfc\x00\x00\x01\xfe\x00\x01\xfe\x00\x00\x01\xfc\x00\x00\xff\x00\x00\x03\xfc\x00\x00\xff\x80\x00\x07\xf8\x00\x00\x7f\xc0\x00\x0f\xf8\x00\x00\x7f\xe0\x00\x1f\xf0\x00\x00?\xf0\x00\x7f\xe0\x00\x00\x1f\xfe\x01\xff\xc0\x00\x00\x0f\xff\xff\xff\x80\x00\x00\x07\xff\xff\xff\x00\x00\x00\x03\xff\xff\xfe\x00\x00\x00\x00\xff\xff\xf8\x00\x00\x00\x00?\xff\xe0\x00\x00\x00\x00\x07\xff\x00\x00\x00\x00\x00\x00\x00\x00\x00\x00\x00\x00\x00\x00\x00\x00\x00\x00\x00\x00\x00\x00\x00\x00\x00\x00\x00\x00\x00\x00\x00\x00\x00\x00\x00\x00\x00\x00\x00\x00\x00\x00\x00\x00\x00\x00\x00\x00\x00\x00\x00\x00\x00\x00\x00\x00\x00\x00\x00\x00\x00\x00\x00\x00\x00\x00\x00\x00\x00\x00\x00\x00\x00\x00\x00\x00\x00\x00\x00\x00\x00\x00\x00\x00\x00\x00\x00\x00\x00\x00\x00\x00\x00\x00\x00\x00\x00\x00\x00\x00\x00\x00\x00\x00\x00\x00\x00\x00\x00\x00\x00\x00\x00\x00\x00\x00\x00\x00\x00\x00\x00\x005',
  80:b'\x00\x00\x00\x00\x00\x00\x00\x00\x00\x00\x00\x00\x00\x00\x00\x00\x00\x00\x00\x00\x00\x00\x00\x00\x00\x00\x00\x00\x00\x00\x00\x00\x00\x00\x00\x00\x00\x00\x00\x00\x00\x00\x00\x00\x00\x00\x00\x00\x00\x00\x00\x00\x00\x00\x00\x00\x00\x00\x00\x00\x00\x00\x00\x00\x00\x00\x00\x00\x00\x00\x00\x00\x00\x00\x00\x00\x00\x00\x00?\xff\xc0\x00\x00\x01\xff\xff\xfc\x00\x00\x01\xff\xff\xff\x00\x00\x01\xff\xff\xff\xc0\x00\x01\xff\xff\xff\xf0\x00\x01\xff\xff\xff\xf8\x00\x01\xf8\x00\x7f\xf8\x00\x01\xf8\x00\x0f\xfc\x00\x01\xf8\x00\x03\xfe\x00\x01\xf8\x00\x01\xfe\x00\x01\xf8\x00\x00\xff\x00\x01\xf8\x00\x00\xff\x00\x01\xf8\x00\x00\x7f\x00\x01\xf8\x00\x00\x7f\x00\x01\xf8\x00\x00?\x80\x01\xf8\x00\x00?\x80\x01\xf8\x00\x00?\x80\x01\xf8\x00\x00?\x80\x01\xf8\x00\x00?\x80\x01\xf8\x00\x00?\x80\x01\xf8\x00\x00\x7f\x00\x01\xf8\x00\x00\x7f\x00\x01\xf8\x00\x00\x7f\x00\x01\xf8\x00\x00\xff\x00\x01\xf8\x00\x00\xfe\x00\x01\xf8\x00\x01\xfe\x00\x01\xf8\x00\x07\xfc\x00\x01\xf8\x00\x0f\xfc\x00\x01\xf8\x00\xff\xf8\x00\x01\xff\xff\xff\xf0\x00\x01\xff\xff\xff\xe0\x00\x01\xff\xff\xff\x80\x00\x01\xff\xff\xff\x00\x00\x01\xff\xff\xf8\x00\x00\x01\xff\xff\x80\x00\x00\x01\xf8\x00\x00\x00\x00\x01\xf8\x00\x00\x00\x00\x01\xf8\x00\x00\x00\x00\x01\xf8\x00\x00\x00\x00\x01\xf8\x00\x00\x00\x00\x01\xf8\x00\x00\x00\x00\x01\xf8\x00\x00\x00\x00\x01\xf8\x00\x00\x00\x00\x01\xf8\x00\x00\x00\x00\x01\xf8\x00\x00\x00\x00\x01\xf8\x00\x00\x00\x00\x01\xf8\x00\x00\x00\x00\x01\xf8\x00\x00\x00\x00\x01\xf8\x00\x00\x00\x00\x01\xf8\x00\x00\x00\x00\x01\xf8\x00\x00\x00\x00\x01\xf8\x00\x00\x00\x00\x01\xf8\x00\x00\x00\x00\x01\xf8\x00\x00\x00\x00\x01\xf8\x00\x00\x00\x00\x00\x00\x00\x00\x00\x00\x00\x00\x00\x00\x00\x00\x00\x00\x00\x00\x00\x00\x00\x00\x00\x00\x00\x00\x00\x00\x00\x00\x00\x00\x00\x00\x00\x00\x00\x00\x00\x00\x00\x00\x00\x00\x00\x00\x00\x00\x00\x00\x00\x00\x00\x00\x00\x00\x00\x00\x00\x00\x00\x00\x00\x00\x00\x00\x00\x00\x00\x00\x00\x00\x00\x00\x00\x00\x00\x00\x00\x00\x00\x00\x00\x00\x00\x00\x00\x00\x00\x00\x00\x00\x00\x00\x00\x00\x00\x00\x00\x00\x00\x00\x00\x00\x00\x00\x00\x00\x00\x00,',
  81:b'\x00\x00\x00\x00\x00\x00\x00\x00\x00\x00\x00\x00\x00\x00\x00\x00\x00\x00\x00\x00\x00\x00\x00\x00\x00\x00\x00\x00\x00\x00\x00\x00\x00\x00\x00\x00\x00\x00\x00\x00\x00\x00\x00\x00\x00\x00\x00\x00\x00\x00\x00\x00\x00\x00\x00\x00\x00\x00\x00\x00\x00\x00\x00\x00\x00\x00\x00\x00\x00\x00\x00\x00\x00\x00\x00\x00\x00\x00\x00\x00\x00\x00\x00\x00\x00\x00\x07\xff\x00\x00\x00\x00\x00?\xff\xe0\x00\x00\x00\x00\xff\xff\xf8\x00\x00\x00\x03\xff\xff\xfe\x00\x00\x00\x07\xff\xff\xff\x00\x00\x00\x0f\xff\xff\xff\xc0\x00\x00\x1f\xfe\x03\xff\xc0\x00\x00?\xf0\x00\x7f\xe0\x00\x00\x7f\xc0\x00\x1f\xf0\x00\x00\x7f\x80\x00\x0f\xf8\x00\x00\xff\x00\x00\x07\xf8\x00\x00\xfe\x00\x00\x03\xfc\x00\x01\xfe\x00\x00\x03\xfc\x00\x01\xfc\x00\x00\x01\xfe\x00\x03\xfc\x00\x00\x01\xfe\x00\x03\xf8\x00\x00\x00\xfe\x00\x03\xf8\x00\x00\x00\xff\x00\x07\xf8\x00\x00\x00\x7f\x00\x07\xf0\x00\x00\x00\x7f\x00\x07\xf0\x00\x00\x00\x7f\x00\x07\xf0\x00\x00\x00\x7f\x00\x07\xf0\x00\x00\x00?\x80\x07\xf0\x00\x00\x00?\x80\x07\xe0\x00\x00\x00?\x80\x0f\xe0\x00\x00\x00?\x80\x0f\xe0\x00\x00\x00?\x80\x0f\xe0\x00\x00\x00?\x80\x0f\xe0\x00\x00\x00?\x80\x0f\xe0\x00\x00\x00?\x80\x0f\xe0\x00\x00\x00?\x80\x0f\xe0\x00\x00\x00?\x80\x0f\xe0\x00\x00\x00?\x80\x0f\xe0\x00\x00\x00?\x80\x07\xf0\x00\x00\x00?\x80\x07\xf0\x00\x00\x00?\x80\x07\xf0\x00\x00\x00?\x80\x07\xf0\x00\x00\x00\x7f\x00\x07\xf0\x00\x00\x00\x7f\x00\x07\xf0\x00\x00\x00\x7f\x00\x03\xf8\x00\x00\x00\x7f\x00\x03\xf8\x00\x00\x00\xff\x00\x03\xfc\x00\x00\x00\xfe\x00\x03\xfc\x00\x00\x00\xfe\x00\x01\xfc\x00\x00\x01\xfe\x00\x01\xfe\x00\x00\x01\xfc\x00\x00\xff\x00\x00\x03\xfc\x00\x00\xff\x80\x00\x07\xf8\x00\x00\x7f\xc0\x00\x0f\xf8\x00\x00\x7f\xe0\x00\x1f\xf0\x00\x00?\xf0\x00\x7f\xe0\x00\x00\x1f\xfe\x01\xff\xc0\x00\x00\x0f\xff\xff\xff\x80\x00\x00\x07\xff\xff\xff\x00\x00\x00\x03\xff\xff\xfe\x00\x00\x00\x00\xff\xff\xf8\x00\x00\x00\x00?\xff\xe0\x00\x00\x00\x00\x07\xff\x00\x00\x00\x00\x00\x00\x00\x00\x00\x00\x00\x00\x00\x00\x00\x00\x00\x00\x00\x7f\xc0\x00\x00\x00\x00\x00\x7f\xfc\x00\x00\x00\x00\x00\x7f\xff\xc0\x00\x00\x00\x00\x7f\xff\xfc\x00\x00\x00\x00\x7f\xff\xff\xc0\x02\x00\x00\x7f\xff\xff\xff\xfe\x00\x00\x00\x7f\xff\xff\xfe\x00\x00\x00\x07\xff\xff\xfe\x00\x00\x00\x00\x7f\xff\xfe\x00\x00\x00\x00\x07\xff\xfe\x00\x00\x00\x00\x00?\xf8\x00\x00\x00\x00\x00\x00\x00\x00\x00\x00\x00\x00\x00\x00\x00\x00\x00\x00\x00\x00\x00\x00\x00\x00\x00\x00\x00\x005',
  82:b'\x00\x00\x00\x00\x00\x00\x00\x00\x00\x00\x00\x00\x00\x00\x00\x00\x00\x00\x00\x00\x00\x00\x00\x00\x00\x00\x00\x00\x00\x00\x00\x00\x00\x00\x00\x00\x00\x00\x00\x00\x00\x00\x00\x00\x00\x00\x00\x00\x00\x00\x00\x00\x00\x00\x00\x00\x00\x00\x00\x00\x00\x00\x00\x00\x00\x00\x00\x00\x00\x00\x00\x00\x00\x00\x00\x00\x00\x00\x00\x1f\xff\xc0\x00\x00\x01\xff\xff\xfc\x00\x00\x01\xff\xff\xff\x00\x00\x01\xff\xff\xff\x80\x00\x01\xff\xff\xff\xc0\x00\x01\xff\xff\xff\xe0\x00\x01\xf8\x00\x7f\xf0\x00\x01\xf8\x00\x1f\xf8\x00\x01\xf8\x00\x07\xf8\x00\x01\xf8\x00\x07\xfc\x00\x01\xf8\x00\x03\xfc\x00\x01\xf8\x00\x01\xfc\x00\x01\xf8\x00\x01\xfc\x00\x01\xf8\x00\x01\xfc\x00\x01\xf8\x00\x00\xfc\x00\x01\xf8\x00\x00\xfc\x00\x01\xf8\x00\x00\xfc\x00\x01\xf8\x00\x01\xfc\x00\x01\xf8\x00\x01\xfc\x00\x01\xf8\x00\x01\xfc\x00\x01\xf8\x00\x01\xfc\x00\x01\xf8\x00\x03\xf8\x00\x01\xf8\x00\x07\xf8\x00\x01\xf8\x00\x0f\xf8\x00\x01\xf8\x00?\xf0\x00\x01\xf8\x01\xff\xe0\x00\x01\xff\xff\xff\xc0\x00\x01\xff\xff\xff\x80\x00\x01\xff\xff\xff\x00\x00\x01\xff\xff\xfc\x00\x00\x01\xff\xff\xf0\x00\x00\x01\xf8?\xe0\x00\x00\x01\xf8\x07\xf0\x00\x00\x01\xf8\x03\xf8\x00\x00\x01\xf8\x03\xfc\x00\x00\x01\xf8\x01\xfe\x00\x00\x01\xf8\x00\xfe\x00\x00\x01\xf8\x00\xff\x00\x00\x01\xf8\x00\x7f\x80\x00\x01\xf8\x00?\x80\x00\x01\xf8\x00?\xc0\x00\x01\xf8\x00\x1f\xe0\x00\x01\xf8\x00\x0f\xe0\x00\x01\xf8\x00\x0f\xf0\x00\x01\xf8\x00\x07\xf8\x00\x01\xf8\x00\x03\xf8\x00\x01\xf8\x00\x03\xfc\x00\x01\xf8\x00\x01\xfe\x00\x01\xf8\x00\x00\xfe\x00\x01\xf8\x00\x00\xff\x00\x01\xf8\x00\x00\x7f\x00\x01\xf8\x00\x00\x7f\x80\x01\xf8\x00\x00?\xc0\x01\xf8\x00\x00\x1f\xc0\x01\xf8\x00\x00\x1f\xe0\x00\x00\x00\x00\x00\x00\x00\x00\x00\x00\x00\x00\x00\x00\x00\x00\x00\x00\x00\x00\x00\x00\x00\x00\x00\x00\x00\x00\x00\x00\x00\x00\x00\x00\x00\x00\x00\x00\x00\x00\x00\x00\x00\x00\x00\x00\x00\x00\x00\x00\x00\x00\x00\x00\x00\x00\x00\x00\x00\x00\x00\x00\x00\x00\x00\x00\x00\x00\x00\x00\x00\x00\x00\x00\x00\x00\x00\x00\x00\x00\x00\x00\x00\x00\x00\x00\x00\x00\x00\x00\x00\x00\x00\x00\x00\x00\x00\x00\x00\x00\x00\x00\x00\x00\x00\x00\x00\x00.',
  83:b'\x00\x00\x00\x00\x00\x00\x00\x00\x00\x00\x00\x00\x00\x00\x00\x00\x00\x00\x00\x00\x00\x00\x00\x00\x00\x00\x00\x00\x00\x00\x00\x00\x00\x00\x00\x00\x00\x00\x00\x00\x00\x00\x00\x00\x00\x00\x00\x00\x00\x00\x00\x00\x00\x00\x00\x00\x00\x00\x00\x00\x00\x00\x00\x00\x00\x00\x00\x00\x00\x00\x00\x00\x00\x00\x7f\xfc\x00\x00\x00\x07\xff\xff\xe0\x00\x00\x1f\xff\xff\xf8\x00\x00?\xff\xff\xf0\x00\x00\x7f\xff\xff\xf0\x00\x00\xff\xff\xff\xf0\x00\x01\xff\xc0\x0f\xe0\x00\x03\xfe\x00\x00`\x00\x03\xfc\x00\x00\x00\x00\x03\xf8\x00\x00\x00\x00\x07\xf0\x00\x00\x00\x00\x07\xf0\x00\x00\x00\x00\x07\xe0\x00\x00\x00\x00\x07\xe0\x00\x00\x00\x00\x07\xe0\x00\x00\x00\x00\x07\xf0\x00\x00\x00\x00\x07\xf0\x00\x00\x00\x00\x07\xf0\x00\x00\x00\x00\x07\xf8\x00\x00\x00\x00\x03\xfc\x00\x00\x00\x00\x03\xfe\x00\x00\x00\x00\x01\xff\x80\x00\x00\x00\x00\xff\xc0\x00\x00\x00\x00\xff\xf0\x00\x00\x00\x00\x7f\xfc\x00\x00\x00\x00?\xff\x00\x00\x00\x00\x0f\xff\xc0\x00\x00\x00\x07\xff\xf0\x00\x00\x00\x01\xff\xfc\x00\x00\x00\x00\x7f\xfe\x00\x00\x00\x00\x1f\xff\x00\x00\x00\x00\x03\xff\xc0\x00\x00\x00\x00\xff\xc0\x00\x00\x00\x00\x7f\xe0\x00\x00\x00\x00\x1f\xf0\x00\x00\x00\x00\x0f\xf8\x00\x00\x00\x00\x07\xf8\x00\x00\x00\x00\x03\xf8\x00\x00\x00\x00\x01\xf8\x00\x00\x00\x00\x01\xfc\x00\x00\x00\x00\x01\xfc\x00\x00\x00\x00\x01\xfc\x00\x00\x00\x00\x01\xfc\x00\x00\x00\x00\x01\xfc\x00\x00\x00\x00\x01\xfc\x00\x00\x00\x00\x01\xf8\x00\x00\x00\x00\x03\xf8\x00\x00\x00\x00\x07\xf8\x00\x02\x00\x00\x0f\xf0\x00\x07\x80\x00\x1f\xf0\x00\x07\xf8\x00\xff\xe0\x00\x0f\xff\xff\xff\xc0\x00\x0f\xff\xff\xff\x80\x00\x0f\xff\xff\xff\x00\x00\x07\xff\xff\xfc\x00\x00\x01\xff\xff\xf0\x00\x00\x00\x1f\xff\x80\x00\x00\x00\x00\x00\x00\x00\x00\x00\x00\x00\x00\x00\x00\x00\x00\x00\x00\x00\x00\x00\x00\x00\x00\x00\x00\x00\x00\x00\x00\x00\x00\x00\x00\x00\x00\x00\x00\x00\x00\x00\x00\x00\x00\x00\x00\x00\x00\x00\x00\x00\x00\x00\x00\x00\x00\x00\x00\x00\x00\x00\x00\x00\x00\x00\x00\x00\x00\x00\x00\x00\x00\x00\x00\x00\x00\x00\x00\x00\x00\x00\x00\x00\x00\x00\x00\x00\x00\x00\x00\x00\x00\x00\x00\x00\x00\x00\x00\x00\x00\x00\x00\x00\x00)',
  84:b'\x00\x00\x00\x00\x00\x00\x00\x00\x00\x00\x00\x00\x00\x00\x00\x00\x00\x00\x00\x00\x00\x00\x00\x00\x00\x00\x00\x00\x00\x00\x00\x00\x00\x00\x00\x00\x00\x00\x00\x00\x00\x00\x00\x00\x00\x00\x00\x00\x00\x00\x00\x00\x00\x00\x00\x00\x00\x00\x00\x00\x00\x00\x00\x00\x00\x00\x00\x00\x00\x00\x00\x00\x00\x00\x00\x00\x00\x00\x7f\xff\xff\xff\xff\xc0\x7f\xff\xff\xff\xff\xc0\x7f\xff\xff\xff\xff\xc0\x7f\xff\xff\xff\xff\xc0\x7f\xff\xff\xff\xff\xc0\x7f\xff\xff\xff\xff\xc0\x00\x00?\x80\x00\x00\x00\x00?\x80\x00\x00\x00\x00?\x80\x00\x00\x00\x00?\x80\x00\x00\x00\x00?\x80\x00\x00\x00\x00?\x80\x00\x00\x00\x00?\x80\x00\x00\x00\x00?\x80\x00\x00\x00\x00?\x80\x00\x00\x00\x00?\x80\x00\x00\x00\x00?\x80\x00\x00\x00\x00?\x80\x00\x00\x00\x00?\x80\x00\x00\x00\x00?\x80\x00\x00\x00\x00?\x80\x00\x00\x00\x00?\x80\x00\x00\x00\x00?\x80\x00\x00\x00\x00?\x80\x00\x00\x00\x00?\x80\x00\x00\x00\x00?\x80\x00\x00\x00\x00?\x80\x00\x00\x00\x00?\x80\x00\x00\x00\x00?\x80\x00\x00\x00\x00?\x80\x00\x00\x00\x00?\x80\x00\x00\x00\x00?\x80\x00\x00\x00\x00?\x80\x00\x00\x00\x00?\x80\x00\x00\x00\x00?\x80\x00\x00\x00\x00?\x80\x00\x00\x00\x00?\x80\x00\x00\x00\x00?\x80\x00\x00\x00\x00?\x80\x00\x00\x00\x00?\x80\x00\x00\x00\x00?\x80\x00\x00\x00\x00?\x80\x00\x00\x00\x00?\x80\x00\x00\x00\x00?\x80\x00\x00\x00\x00?\x80\x00\x00\x00\x00?\x80\x00\x00\x00\x00?\x80\x00\x00\x00\x00?\x80\x00\x00\x00\x00?\x80\x00\x00\x00\x00?\x80\x00\x00\x00\x00?\x80\x00\x00\x00\x00?\x80\x00\x00\x00\x00?\x80\x00\x00\x00\x00?\x80\x00\x00\x00\x00?\x80\x00\x00\x00\x00\x00\x00\x00\x00\x00\x00\x00\x00\x00\x00\x00\x00\x00\x00\x00\x00\x00\x00\x00\x00\x00\x00\x00\x00\x00\x00\x00\x00\x00\x00\x00\x00\x00\x00\x00\x00\x00\x00\x00\x00\x00\x00\x00\x00\x00\x00\x00\x00\x00\x00\x00\x00\x00\x00\x00\x00\x00\x00\x00\x00\x00\x00\x00\x00\x00\x00\x00\x00\x00\x00\x00\x00\x00\x00\x00\x00\x00\x00\x00\x00\x00\x00\x00\x00\x00\x00\x00\x00\x00\x00\x00\x00\x00\x00\x00\x00\x00\x00\x00\x00\x00\x00\x00\x00\x00\x00+',
  85:b'\x00\x00\x00\x00\x00\x00\x00\x00\x00\x00\x00\x00\x00\x00\x00\x00\x00\x00\x00\x00\x00\x00\x00\x00\x00\x00\x00\x00\x00\x00\x00\x00\x00\x00\x00\x00\x00\x00\x00\x00\x00\x00\x00\x00\x00\x00\x00\x00\x00\x00\x00\x00\x00\x00\x00\x00\x00\x00\x00\x00\x00\x00\x00\x00\x00\x00\x00\x00\x00\x00\x00\x00\x00\x00\x00\x00\x00\x00\x00\x00\x00\x00\x00\x00\x00\x00\x00\x00\x00\x00\x00\x01\xf8\x00\x00\x03\xf0\x00\x01\xf8\x00\x00\x03\xf0\x00\x01\xf8\x00\x00\x03\xf0\x00\x01\xf8\x00\x00\x03\xf0\x00\x01\xf8\x00\x00\x03\xf0\x00\x01\xf8\x00\x00\x03\xf0\x00\x01\xf8\x00\x00\x03\xf0\x00\x01\xf8\x00\x00\x03\xf0\x00\x01\xf8\x00\x00\x03\xf0\x00\x01\xf8\x00\x00\x03\xf0\x00\x01\xf8\x00\x00\x03\xf0\x00\x01\xf8\x00\x00\x03\xf0\x00\x01\xf8\x00\x00\x03\xf0\x00\x01\xf8\x00\x00\x03\xf0\x00\x01\xf8\x00\x00\x03\xf0\x00\x01\xf8\x00\x00\x03\xf0\x00\x01\xf8\x00\x00\x03\xf0\x00\x01\xf8\x00\x00\x03\xf0\x00\x01\xf8\x00\x00\x03\xf0\x00\x01\xf8\x00\x00\x03\xf0\x00\x01\xf8\x00\x00\x03\xf0\x00\x01\xf8\x00\x00\x03\xf0\x00\x01\xf8\x00\x00\x03\xf0\x00\x01\xf8\x00\x00\x03\xf0\x00\x01\xf8\x00\x00\x03\xf0\x00\x01\xf8\x00\x00\x03\xf0\x00\x01\xf8\x00\x00\x03\xf0\x00\x01\xf8\x00\x00\x03\xf0\x00\x01\xf8\x00\x00\x03\xf0\x00\x01\xf8\x00\x00\x03\xf0\x00\x01\xf8\x00\x00\x03\xf0\x00\x01\xf8\x00\x00\x03\xf0\x00\x01\xf8\x00\x00\x03\xf0\x00\x01\xf8\x00\x00\x03\xf0\x00\x01\xf8\x00\x00\x03\xf0\x00\x01\xf8\x00\x00\x03\xf0\x00\x01\xf8\x00\x00\x03\xf0\x00\x01\xf8\x00\x00\x03\xf0\x00\x01\xf8\x00\x00\x03\xf0\x00\x01\xf8\x00\x00\x03\xf0\x00\x01\xfc\x00\x00\x03\xf0\x00\x01\xfc\x00\x00\x07\xf0\x00\x01\xfc\x00\x00\x07\xf0\x00\x01\xfc\x00\x00\x07\xf0\x00\x01\xfe\x00\x00\x0f\xe0\x00\x00\xfe\x00\x00\x0f\xe0\x00\x00\xff\x00\x00\x1f\xe0\x00\x00\xff\x80\x00?\xc0\x00\x00\x7f\xe0\x00\x7f\xc0\x00\x00?\xfc\x03\xff\x80\x00\x00?\xff\xff\xff\x00\x00\x00\x1f\xff\xff\xfe\x00\x00\x00\x07\xff\xff\xfc\x00\x00\x00\x03\xff\xff\xf8\x00\x00\x00\x00\xff\xff\xe0\x00\x00\x00\x00\x0f\xfe\x00\x00\x00\x00\x00\x00\x00\x00\x00\x00\x00\x00\x00\x00\x00\x00\x00\x00\x00\x00\x00\x00\x00\x00\x00\x00\x00\x00\x00\x00\x00\x00\x00\x00\x00\x00\x00\x00\x00\x00\x00\x00\x00\x00\x00\x00\x00\x00\x00\x00\x00\x00\x00\x00\x00\x00\x00\x00\x00\x00\x00\x00\x00\x00\x00\x00\x00\x00\x00\x00\x00\x00\x00\x00\x00\x00\x00\x00\x00\x00\x00\x00\x00\x00\x00\x00\x00\x00\x00\x00\x00\x00\x00\x00\x00\x00\x00\x00\x00\x00\x00\x00\x00\x00\x00\x00\x00\x00\x00\x00\x00\x00\x00\x00\x00\x00\x00\x00\x00\x00\x00\x003',
  86:b'\x00\x00\x00\x00\x00\x00\x00\x00\x00\x00\x00\x00\x00\x00\x00\x00\x00\x00\x00\x00\x00\x00\x00\x00\x00\x00\x00\x00\x00\x00\x00\x00\x00\x00\x00\x00\x00\x00\x00\x00\x00\x00\x00\x00\x00\x00\x00\x00\x00\x00\x00\x00\x00\x00\x00\x00\x00\x00\x00\x00\x00\x00\x00\x00\x00\x00\x00\x00\x00\x00\x00\x00\x00\x00\x00\x00\x00\x00\xfe\x00\x00\x00\x03\xf0\xfe\x00\x00\x00\x07\xf0\x7f\x00\x00\x00\x07\xf0\x7f\x00\x00\x00\x07\xe0?\x80\x00\x00\x0f\xe0?\x80\x00\x00\x0f\xc0?\x80\x00\x00\x0f\xc0\x1f\xc0\x00\x00\x1f\xc0\x1f\xc0\x00\x00\x1f\x80\x1f\xc0\x00\x00\x1f\x80\x0f\xe0\x00\x00?\x80\x0f\xe0\x00\x00?\x00\x07\xf0\x00\x00?\x00\x07\xf0\x00\x00~\x00\x07\xf0\x00\x00~\x00\x03\xf8\x00\x00~\x00\x03\xf8\x00\x00\xfc\x00\x03\xf8\x00\x00\xfc\x00\x01\xfc\x00\x01\xfc\x00\x01\xfc\x00\x01\xf8\x00\x00\xfc\x00\x01\xf8\x00\x00\xfe\x00\x03\xf8\x00\x00\xfe\x00\x03\xf0\x00\x00\x7f\x00\x03\xf0\x00\x00\x7f\x00\x07\xe0\x00\x00\x7f\x00\x07\xe0\x00\x00?\x80\x07\xe0\x00\x00?\x80\x0f\xc0\x00\x00\x1f\x80\x0f\xc0\x00\x00\x1f\xc0\x0f\xc0\x00\x00\x1f\xc0\x1f\x80\x00\x00\x0f\xc0\x1f\x80\x00\x00\x0f\xe0\x1f\x00\x00\x00\x0f\xe0?\x00\x00\x00\x07\xf0?\x00\x00\x00\x07\xf0>\x00\x00\x00\x03\xf0~\x00\x00\x00\x03\xf8~\x00\x00\x00\x03\xf8|\x00\x00\x00\x01\xf8\xfc\x00\x00\x00\x01\xf8\xfc\x00\x00\x00\x01\xfc\xf8\x00\x00\x00\x00\xfc\xf8\x00\x00\x00\x00\xfd\xf0\x00\x00\x00\x00}\xf0\x00\x00\x00\x00\x7f\xf0\x00\x00\x00\x00\x7f\xe0\x00\x00\x00\x00?\xe0\x00\x00\x00\x00?\xe0\x00\x00\x00\x00?\xc0\x00\x00\x00\x00\x1f\xc0\x00\x00\x00\x00\x1f\x80\x00\x00\x00\x00\x0f\x80\x00\x00\x00\x00\x0f\x80\x00\x00\x00\x00\x0f\x00\x00\x00\x00\x00\x07\x00\x00\x00\x00\x00\x00\x00\x00\x00\x00\x00\x00\x00\x00\x00\x00\x00\x00\x00\x00\x00\x00\x00\x00\x00\x00\x00\x00\x00\x00\x00\x00\x00\x00\x00\x00\x00\x00\x00\x00\x00\x00\x00\x00\x00\x00\x00\x00\x00\x00\x00\x00\x00\x00\x00\x00\x00\x00\x00\x00\x00\x00\x00\x00\x00\x00\x00\x00\x00\x00\x00\x00\x00\x00\x00\x00\x00\x00\x00\x00\x00\x00\x00\x00\x00\x00\x00\x00\x00\x00\x00\x00\x00\x00\x00\x00\x00\x00\x00\x00\x00\x00\x00\x00\x00,',
  87:b'\x00\x00\x00\x00\x00\x00\x00\x00\x00\x00\x00\x00\x00\x00\x00\x00\x00\x00\x00\x00\x00\x00\x00\x00\x00\x00\x00\x00\x00\x00\x00\x00\x00\x00\x00\x00\x00\x00\x00\x00\x00\x00\x00\x00\x00\x00\x00\x00\x00\x00\x00\x00\x00\x00\x00\x00\x00\x00\x00\x00\x00\x00\x00\x00\x00\x00\x00\x00\x00\x00\x00\x00\x00\x00\x00\x00\x00\x00\x00\x00\x00\x00\x00\x00\x00\x00\x00\x00\x00\x00\x00\x00\x00\x00\x00\x00\x00\x00\x00\x00\x00\x00\x00\x00\x00\x00\x00\x00\x00\x00\x00\x00\x00\x00\x00\x00\x00\x7f\x00\x00\x01\xc0\x00\x00?\x00\x7f\x00\x00\x01\xe0\x00\x00\x7f\x00\x7f\x00\x00\x03\xe0\x00\x00~\x00?\x00\x00\x03\xe0\x00\x00~\x00?\x80\x00\x03\xf0\x00\x00~\x00?\x80\x00\x07\xf0\x00\x00\xfc\x00?\x80\x00\x07\xf0\x00\x00\xfc\x00\x1f\x80\x00\x07\xf8\x00\x00\xfc\x00\x1f\xc0\x00\x07\xf8\x00\x00\xfc\x00\x1f\xc0\x00\x0f\xf8\x00\x01\xf8\x00\x0f\xc0\x00\x0f\xfc\x00\x01\xf8\x00\x0f\xe0\x00\x0f|\x00\x01\xf8\x00\x0f\xe0\x00\x1f|\x00\x01\xf8\x00\x0f\xe0\x00\x1f|\x00\x03\xf0\x00\x07\xe0\x00\x1f~\x00\x03\xf0\x00\x07\xf0\x00?~\x00\x03\xf0\x00\x07\xf0\x00>>\x00\x03\xe0\x00\x07\xf0\x00>?\x00\x07\xe0\x00\x03\xf0\x00>?\x00\x07\xe0\x00\x03\xf8\x00~?\x00\x07\xe0\x00\x03\xf8\x00|\x1f\x80\x07\xc0\x00\x01\xf8\x00|\x1f\x80\x0f\xc0\x00\x01\xf8\x00\xfc\x1f\x80\x0f\xc0\x00\x01\xfc\x00\xfc\x1f\xc0\x0f\xc0\x00\x01\xfc\x00\xf8\x0f\xc0\x0f\x80\x00\x00\xfc\x01\xf8\x0f\xc0\x1f\x80\x00\x00\xfe\x01\xf8\x0f\xc0\x1f\x80\x00\x00\xfe\x01\xf0\x07\xe0\x1f\x00\x00\x00~\x03\xf0\x07\xe0\x1f\x00\x00\x00~\x03\xf0\x07\xe0?\x00\x00\x00\x7f\x03\xe0\x03\xf0?\x00\x00\x00\x7f\x03\xe0\x03\xf0>\x00\x00\x00?\x07\xe0\x03\xf0>\x00\x00\x00?\x07\xe0\x03\xf8~\x00\x00\x00?\x87\xc0\x01\xf8~\x00\x00\x00\x1f\x8f\xc0\x01\xf8|\x00\x00\x00\x1f\x8f\xc0\x01\xf8|\x00\x00\x00\x1f\x8f\x80\x00\xfc\xfc\x00\x00\x00\x1f\xcf\x80\x00\xfc\xfc\x00\x00\x00\x0f\xcf\x80\x00\xfc\xf8\x00\x00\x00\x0f\xdf\x00\x00|\xf8\x00\x00\x00\x0f\xdf\x00\x00|\xf8\x00\x00\x00\x0f\xdf\x00\x00|\xf0\x00\x00\x00\x07\xdf\x00\x00\x7f\xf0\x00\x00\x00\x07\xde\x00\x00?\xf0\x00\x00\x00\x07\xde\x00\x00?\xf0\x00\x00\x00\x03\xfe\x00\x00?\xe0\x00\x00\x00\x03\xfc\x00\x00\x1f\xe0\x00\x00\x00\x03\xfc\x00\x00\x1f\xe0\x00\x00\x00\x03\xfc\x00\x00\x1f\xe0\x00\x00\x00\x01\xf8\x00\x00\x0f\xc0\x00\x00\x00\x01\xf8\x00\x00\x0f\xc0\x00\x00\x00\x01\xf8\x00\x00\x0f\xc0\x00\x00\x00\x00\xf8\x00\x00\x0f\x80\x00\x00\x00\x00\xf0\x00\x00\x07\x80\x00\x00\x00\x00\xf0\x00\x00\x07\x80\x00\x00\x00\x00\x00\x00\x00\x00\x00\x00\x00\x00\x00\x00\x00\x00\x00\x00\x00\x00\x00\x00\x00\x00\x00\x00\x00\x00\x00\x00\x00\x00\x00\x00\x00\x00\x00\x00\x00\x00\x00\x00\x00\x00\x00\x00\x00\x00\x00\x00\x00\x00\x00\x00\x00\x00\x00\x00\x00\x00\x00\x00\x00\x00\x00\x00\x00\x00\x00\x00\x00\x00\x00\x00\x00\x00\x00\x00\x00\x00\x00\x00\x00\x00\x00\x00\x00\x00\x00\x00\x00\x00\x00\x00\x00\x00\x00\x00\x00\x00\x00\x00\x00\x00\x00\x00\x00\x00\x00\x00\x00\x00\x00\x00\x00\x00\x00\x00\x00\x00\x00\x00\x00\x00\x00\x00\x00\x00\x00\x00\x00\x00\x00\x00\x00\x00\x00\x00\x00\x00\x00\x00\x00\x00\x00\x00\x00\x00\x00\x00\x00\x00\x00\x00\x00A',
  88:b'\x00\x00\x00\x00\x00\x00\x00\x00\x00\x00\x00\x00\x00\x00\x00\x00\x00\x00\x00\x00\x00\x00\x00\x00\x00\x00\x00\x00\x00\x00\x00\x00\x00\x00\x00\x00\x00\x00\x00\x00\x00\x00\x00\x00\x00\x00\x00\x00\x00\x00\x00\x00\x00\x00\x00\x00\x00\x00\x00\x00\x00\x00\x00\x00\x00\x00\x00\x00\x00\x00\x00\x00\x00\x00\x00\x00\x00\x00\x0f\xf0\x00\x00\x03\xf8\x07\xf0\x00\x00\x07\xf0\x07\xf8\x00\x00\x0f\xf0\x03\xf8\x00\x00\x0f\xe0\x03\xfc\x00\x00\x1f\xc0\x01\xfe\x00\x00\x1f\xc0\x00\xfe\x00\x00?\x80\x00\xff\x00\x00\x7f\x00\x00\x7f\x00\x00\x7f\x00\x00\x7f\x80\x00\xfe\x00\x00?\xc0\x01\xfc\x00\x00\x1f\xc0\x01\xfc\x00\x00\x1f\xe0\x03\xf8\x00\x00\x0f\xe0\x07\xf0\x00\x00\x0f\xf0\x07\xf0\x00\x00\x07\xf8\x0f\xe0\x00\x00\x03\xf8\x0f\xc0\x00\x00\x03\xfc\x1f\xc0\x00\x00\x01\xfc?\x80\x00\x00\x00\xfe?\x80\x00\x00\x00\xfe\x7f\x00\x00\x00\x00\x7f~\x00\x00\x00\x00\x7f~\x00\x00\x00\x00?\xfc\x00\x00\x00\x00\x1f\xf8\x00\x00\x00\x00\x1f\xf8\x00\x00\x00\x00\x0f\xf0\x00\x00\x00\x00\x0f\xf8\x00\x00\x00\x00\x1f\xf8\x00\x00\x00\x00\x1f\xfc\x00\x00\x00\x00?\xfe\x00\x00\x00\x00\x7f\xfe\x00\x00\x00\x00~\x7f\x00\x00\x00\x00\xfe\x7f\x00\x00\x00\x01\xfc?\x80\x00\x00\x01\xfc?\xc0\x00\x00\x03\xf8\x1f\xc0\x00\x00\x07\xf8\x1f\xe0\x00\x00\x07\xf0\x0f\xf0\x00\x00\x0f\xe0\x07\xf0\x00\x00\x1f\xe0\x07\xf8\x00\x00\x1f\xc0\x03\xf8\x00\x00?\x80\x01\xfc\x00\x00\x7f\x80\x01\xfe\x00\x00\x7f\x00\x00\xfe\x00\x00\xfe\x00\x00\xff\x00\x00\xfe\x00\x00\x7f\x80\x01\xfc\x00\x00?\x80\x03\xf8\x00\x00?\xc0\x03\xf8\x00\x00\x1f\xc0\x07\xf0\x00\x00\x0f\xe0\x0f\xf0\x00\x00\x0f\xf0\x0f\xe0\x00\x00\x07\xf0\x1f\xc0\x00\x00\x07\xf8?\xc0\x00\x00\x03\xfc\x00\x00\x00\x00\x00\x00\x00\x00\x00\x00\x00\x00\x00\x00\x00\x00\x00\x00\x00\x00\x00\x00\x00\x00\x00\x00\x00\x00\x00\x00\x00\x00\x00\x00\x00\x00\x00\x00\x00\x00\x00\x00\x00\x00\x00\x00\x00\x00\x00\x00\x00\x00\x00\x00\x00\x00\x00\x00\x00\x00\x00\x00\x00\x00\x00\x00\x00\x00\x00\x00\x00\x00\x00\x00\x00\x00\x00\x00\x00\x00\x00\x00\x00\x00\x00\x00\x00\x00\x00\x00\x00\x00\x00\x00\x00\x00\x00\x00\x00\x00\x00\x00\x00\x00\x00\x00\x00\x000',
  89:b'\x00\x00\x00\x00\x00\x00\x00\x00\x00\x00\x00\x00\x00\x00\x00\x00\x00\x00\x00\x00\x00\x00\x00\x00\x00\x00\x00\x00\x00\x00\x00\x00\x00\x00\x00\x00\x00\x00\x00\x00\x00\x00\x00\x00\x00\x00\x00\x00\x00\x00\x00\x00\x00\x00\x00\x00\x00\x00\x00\x00\x00\x00\x00\x00\x00\x00\x00\x00\x00\x00\x00\x00\x00\x00\x00\x00\x00\x00\x7f\x00\x00\x00\x0f\xe0\x7f\x80\x00\x00\x1f\xc0?\xc0\x00\x00\x1f\xc0\x1f\xc0\x00\x00?\x80\x1f\xe0\x00\x00?\x80\x0f\xe0\x00\x00\x7f\x00\x0f\xf0\x00\x00~\x00\x07\xf0\x00\x00\xfe\x00\x07\xf8\x00\x00\xfc\x00\x03\xf8\x00\x01\xfc\x00\x03\xfc\x00\x01\xf8\x00\x01\xfc\x00\x03\xf8\x00\x01\xfe\x00\x03\xf0\x00\x00\xfe\x00\x07\xf0\x00\x00\xff\x00\x07\xe0\x00\x00\x7f\x00\x0f\xe0\x00\x00?\x80\x0f\xc0\x00\x00?\xc0\x1f\xc0\x00\x00\x1f\xc0\x1f\x80\x00\x00\x1f\xe0?\x00\x00\x00\x0f\xe0?\x00\x00\x00\x0f\xf0~\x00\x00\x00\x07\xf0\xfe\x00\x00\x00\x07\xf8\xfc\x00\x00\x00\x03\xf8\xfc\x00\x00\x00\x03\xf9\xf8\x00\x00\x00\x01\xfd\xf8\x00\x00\x00\x00\xfd\xf0\x00\x00\x00\x00\xff\xf0\x00\x00\x00\x00\x7f\xe0\x00\x00\x00\x00\x7f\xe0\x00\x00\x00\x00?\xc0\x00\x00\x00\x00?\x80\x00\x00\x00\x00\x1f\x80\x00\x00\x00\x00\x1f\x80\x00\x00\x00\x00\x1f\x80\x00\x00\x00\x00\x1f\x80\x00\x00\x00\x00\x1f\x80\x00\x00\x00\x00\x1f\x80\x00\x00\x00\x00\x1f\x80\x00\x00\x00\x00\x1f\x80\x00\x00\x00\x00\x1f\x80\x00\x00\x00\x00\x1f\x80\x00\x00\x00\x00\x1f\x80\x00\x00\x00\x00\x1f\x80\x00\x00\x00\x00\x1f\x80\x00\x00\x00\x00\x1f\x80\x00\x00\x00\x00\x1f\x80\x00\x00\x00\x00\x1f\x80\x00\x00\x00\x00\x1f\x80\x00\x00\x00\x00\x1f\x80\x00\x00\x00\x00\x1f\x80\x00\x00\x00\x00\x1f\x80\x00\x00\x00\x00\x1f\x80\x00\x00\x00\x00\x1f\x80\x00\x00\x00\x00\x00\x00\x00\x00\x00\x00\x00\x00\x00\x00\x00\x00\x00\x00\x00\x00\x00\x00\x00\x00\x00\x00\x00\x00\x00\x00\x00\x00\x00\x00\x00\x00\x00\x00\x00\x00\x00\x00\x00\x00\x00\x00\x00\x00\x00\x00\x00\x00\x00\x00\x00\x00\x00\x00\x00\x00\x00\x00\x00\x00\x00\x00\x00\x00\x00\x00\x00\x00\x00\x00\x00\x00\x00\x00\x00\x00\x00\x00\x00\x00\x00\x00\x00\x00\x00\x00\x00\x00\x00\x00\x00\x00\x00\x00\x00\x00\x00\x00\x00\x00\x00\x00\x00\x00\x00\x00,',
  90:b'\x00\x00\x00\x00\x00\x00\x00\x00\x00\x00\x00\x00\x00\x00\x00\x00\x00\x00\x00\x00\x00\x00\x00\x00\x00\x00\x00\x00\x00\x00\x00\x00\x00\x00\x00\x00\x00\x00\x00\x00\x00\x00\x00\x00\x00\x00\x00\x00\x00\x00\x00\x00\x00\x00\x00\x00\x00\x00\x00\x00\x00\x00\x00\x00\x00\x00\x00\x00\x00\x00\x00\x00\x00\x00\x00\x00\x00\x00\x1f\xff\xff\xff\xff\x00\x1f\xff\xff\xff\xff\x00\x1f\xff\xff\xff\xff\x00\x1f\xff\xff\xff\xff\x00\x1f\xff\xff\xff\xff\x00\x1f\xff\xff\xff\xff\x00\x00\x00\x00\x00~\x00\x00\x00\x00\x00\xfe\x00\x00\x00\x00\x01\xfc\x00\x00\x00\x00\x03\xf8\x00\x00\x00\x00\x03\xf8\x00\x00\x00\x00\x07\xf0\x00\x00\x00\x00\x0f\xe0\x00\x00\x00\x00\x1f\xe0\x00\x00\x00\x00\x1f\xc0\x00\x00\x00\x00?\x80\x00\x00\x00\x00\x7f\x00\x00\x00\x00\x00\x7f\x00\x00\x00\x00\x00\xfe\x00\x00\x00\x00\x01\xfc\x00\x00\x00\x00\x01\xfc\x00\x00\x00\x00\x03\xf8\x00\x00\x00\x00\x07\xf0\x00\x00\x00\x00\x07\xf0\x00\x00\x00\x00\x0f\xe0\x00\x00\x00\x00\x1f\xc0\x00\x00\x00\x00?\xc0\x00\x00\x00\x00?\x80\x00\x00\x00\x00\x7f\x00\x00\x00\x00\x00\xfe\x00\x00\x00\x00\x00\xfe\x00\x00\x00\x00\x01\xfc\x00\x00\x00\x00\x03\xf8\x00\x00\x00\x00\x03\xf8\x00\x00\x00\x00\x07\xf0\x00\x00\x00\x00\x0f\xe0\x00\x00\x00\x00\x0f\xe0\x00\x00\x00\x00\x1f\xc0\x00\x00\x00\x00?\x80\x00\x00\x00\x00\x7f\x80\x00\x00\x00\x00\x7f\x00\x00\x00\x00\x00\xfe\x00\x00\x00\x00\x01\xfc\x00\x00\x00\x00\x01\xfc\x00\x00\x00\x00\x03\xf8\x00\x00\x00\x00\x07\xf0\x00\x00\x00\x00\x07\xf0\x00\x00\x00\x00\x0f\xc0\x00\x00\x00\x00\x1f\x80\x00\x00\x00\x00\x1f\xff\xff\xff\xff\x00\x1f\xff\xff\xff\xff\x00\x1f\xff\xff\xff\xff\x00\x1f\xff\xff\xff\xff\x00\x1f\xff\xff\xff\xff\x00\x1f\xff\xff\xff\xff\x00\x00\x00\x00\x00\x00\x00\x00\x00\x00\x00\x00\x00\x00\x00\x00\x00\x00\x00\x00\x00\x00\x00\x00\x00\x00\x00\x00\x00\x00\x00\x00\x00\x00\x00\x00\x00\x00\x00\x00\x00\x00\x00\x00\x00\x00\x00\x00\x00\x00\x00\x00\x00\x00\x00\x00\x00\x00\x00\x00\x00\x00\x00\x00\x00\x00\x00\x00\x00\x00\x00\x00\x00\x00\x00\x00\x00\x00\x00\x00\x00\x00\x00\x00\x00\x00\x00\x00\x00\x00\x00\x00\x00\x00\x00\x00\x00\x00\x00\x00\x00\x00\x00\x00\x00\x00\x00\x00\x00+',
  91:b'\x00\x00\x00\x00\x00\x00\x00\x00\x00\x00\x00\x00\x00\x00\x00\x00\x00\x00\x00\x00\x00\x00\x00\x00\x00\x00\x00\x00\x00\x00\x00\x00\x00\x00\x00\x00\x00\x00\x00\x01\xff\xf8\x01\xff\xf8\x01\xff\xf8\x01\xff\xf8\x01\xff\xf8\x01\xff\xf8\x01\xf8\x00\x01\xf8\x00\x01\xf8\x00\x01\xf8\x00\x01\xf8\x00\x01\xf8\x00\x01\xf8\x00\x01\xf8\x00\x01\xf8\x00\x01\xf8\x00\x01\xf8\x00\x01\xf8\x00\x01\xf8\x00\x01\xf8\x00\x01\xf8\x00\x01\xf8\x00\x01\xf8\x00\x01\xf8\x00\x01\xf8\x00\x01\xf8\x00\x01\xf8\x00\x01\xf8\x00\x01\xf8\x00\x01\xf8\x00\x01\xf8\x00\x01\xf8\x00\x01\xf8\x00\x01\xf8\x00\x01\xf8\x00\x01\xf8\x00\x01\xf8\x00\x01\xf8\x00\x01\xf8\x00\x01\xf8\x00\x01\xf8\x00\x01\xf8\x00\x01\xf8\x00\x01\xf8\x00\x01\xf8\x00\x01\xf8\x00\x01\xf8\x00\x01\xf8\x00\x01\xf8\x00\x01\xf8\x00\x01\xf8\x00\x01\xf8\x00\x01\xf8\x00\x01\xf8\x00\x01\xf8\x00\x01\xf8\x00\x01\xf8\x00\x01\xf8\x00\x01\xf8\x00\x01\xf8\x00\x01\xf8\x00\x01\xf8\x00\x01\xf8\x00\x01\xf8\x00\x01\xf8\x00\x01\xf8\x00\x01\xf8\x00\x01\xff\xf8\x01\xff\xf8\x01\xff\xf8\x01\xff\xf8\x01\xff\xf8\x01\xff\xf8\x18',
  92:b'\x00\x00\x00\x00\x00\x00\x00\x00\x00\x00\x00\x00\x00\x00\x00\x00\x00\x00\x00\x00\x00\x00\x00\x00\x00\x00\x00\x00\x00\x00\x00\x00\x00\x00\x00\x00\x00\x00\x00\x00\x00\x00\x00\x00\x00\x00\x00\x00\x00\x00\x00\x00\x00\x00\x00\x00\x00\x00\x00\x00\x0c\x00\x00\x00\x00<\x00\x00\x00\x00\xfc\x00\x00\x00\x00~\x00\x00\x00\x00~\x00\x00\x00\x00?\x00\x00\x00\x00?\x00\x00\x00\x00?\x80\x00\x00\x00\x1f\x80\x00\x00\x00\x1f\xc0\x00\x00\x00\x0f\xc0\x00\x00\x00\x0f\xc0\x00\x00\x00\x07\xe0\x00\x00\x00\x07\xe0\x00\x00\x00\x03\xf0\x00\x00\x00\x03\xf0\x00\x00\x00\x03\xf8\x00\x00\x00\x01\xf8\x00\x00\x00\x01\xfc\x00\x00\x00\x00\xfc\x00\x00\x00\x00\xfc\x00\x00\x00\x00~\x00\x00\x00\x00~\x00\x00\x00\x00?\x00\x00\x00\x00?\x00\x00\x00\x00?\x80\x00\x00\x00\x1f\x80\x00\x00\x00\x1f\xc0\x00\x00\x00\x0f\xc0\x00\x00\x00\x0f\xc0\x00\x00\x00\x07\xe0\x00\x00\x00\x07\xe0\x00\x00\x00\x03\xf0\x00\x00\x00\x03\xf0\x00\x00\x00\x03\xf8\x00\x00\x00\x01\xf8\x00\x00\x00\x01\xfc\x00\x00\x00\x00\xfc\x00\x00\x00\x00\xfc\x00\x00\x00\x00~\x00\x00\x00\x00~\x00\x00\x00\x00?\x00\x00\x00\x00?\x00\x00\x00\x00\x1f\x80\x00\x00\x00\x1f\x80\x00\x00\x00\x1f\xc0\x00\x00\x00\x0f\xc0\x00\x00\x00\x0f\xc0\x00\x00\x00\x07\xe0\x00\x00\x00\x07\xe0\x00\x00\x00\x03\xf0\x00\x00\x00\x03\xf0\x00\x00\x00\x01\xf8\x00\x00\x00\x01\xf8\x00\x00\x00\x01\xfc\x00\x00\x00\x00\xfc\x00\x00\x00\x00\xfc\x00\x00\x00\x00~\x00\x00\x00\x00~\x00\x00\x00\x00?\x00\x00\x00\x00?\x00\x00\x00\x00\x1f\x80\x00\x00\x00\x1f\x80\x00\x00\x00\x1f\xc0\x00\x00\x00\x0f\xc0\x00\x00\x00\x0f\x00\x00\x00\x00\x04\x00\x00\x00\x00\x00\x00\x00\x00\x00\x00\x00\x00\x00\x00\x00\x00\x00\x00\x00\x00\x00\x00\x00\x00\x00\x00\x00\x00\x00\x00\x00\x00\x00\x00\x00\x00"',
  93:b'\x00\x00\x00\x00\x00\x00\x00\x00\x00\x00\x00\x00\x00\x00\x00\x00\x00\x00\x00\x00\x00\x00\x00\x00\x00\x00\x00\x00\x00\x00\x00\x00\x00\x00\x00\x00\x00\x00\x00\x1f\xff\x80\x1f\xff\x80\x1f\xff\x80\x1f\xff\x80\x1f\xff\x80\x1f\xff\x80\x00\x1f\x80\x00\x1f\x80\x00\x1f\x80\x00\x1f\x80\x00\x1f\x80\x00\x1f\x80\x00\x1f\x80\x00\x1f\x80\x00\x1f\x80\x00\x1f\x80\x00\x1f\x80\x00\x1f\x80\x00\x1f\x80\x00\x1f\x80\x00\x1f\x80\x00\x1f\x80\x00\x1f\x80\x00\x1f\x80\x00\x1f\x80\x00\x1f\x80\x00\x1f\x80\x00\x1f\x80\x00\x1f\x80\x00\x1f\x80\x00\x1f\x80\x00\x1f\x80\x00\x1f\x80\x00\x1f\x80\x00\x1f\x80\x00\x1f\x80\x00\x1f\x80\x00\x1f\x80\x00\x1f\x80\x00\x1f\x80\x00\x1f\x80\x00\x1f\x80\x00\x1f\x80\x00\x1f\x80\x00\x1f\x80\x00\x1f\x80\x00\x1f\x80\x00\x1f\x80\x00\x1f\x80\x00\x1f\x80\x00\x1f\x80\x00\x1f\x80\x00\x1f\x80\x00\x1f\x80\x00\x1f\x80\x00\x1f\x80\x00\x1f\x80\x00\x1f\x80\x00\x1f\x80\x00\x1f\x80\x00\x1f\x80\x00\x1f\x80\x00\x1f\x80\x00\x1f\x80\x00\x1f\x80\x00\x1f\x80\x00\x1f\x80\x1f\xff\x80\x1f\xff\x80\x1f\xff\x80\x1f\xff\x80\x1f\xff\x80\x1f\xff\x80\x18',
  94:b"\x00\x00\x00\x00\x00\x00\x00\x00\x00\x00\x00\x00\x00\x00\x00\x00\x00\x00\x00\x00\x00\x00\x00\x00\x00\x00\x00\x00\x00\x00\x00\x00\x00\x00\x00\x00\x00\x00\x00\x00\x00\x00\x00\x00\x00\x00\x00\x00\x00\x00\x00\x00\x00\x00\x00\x00\x00\x00\x00\x00\x00\x00\x00\x00\x00\x00\x008\x00\x00\x00\x00x\x00\x00\x00\x00|\x00\x00\x00\x00\xfe\x00\x00\x00\x01\xfe\x00\x00\x00\x01\xff\x00\x00\x00\x03\xef\x00\x00\x00\x07\xef\x80\x00\x00\x07\xcf\xc0\x00\x00\x0f\xc7\xc0\x00\x00\x1f\x87\xe0\x00\x00\x1f\x87\xe0\x00\x00?\x03\xf0\x00\x00~\x03\xf8\x00\x00~\x01\xf8\x00\x00\xfc\x00\xfc\x00\x01\xf8\x00\xfc\x00\x01\xf8\x00~\x00\x03\xf0\x00\x7f\x00\x07\xe0\x00?\x00\x07\xe0\x00?\x80\x0f\xc0\x00\x1f\xc0\x00\x00\x00\x00\x00\x00\x00\x00\x00\x00\x00\x00\x00\x00\x00\x00\x00\x00\x00\x00\x00\x00\x00\x00\x00\x00\x00\x00\x00\x00\x00\x00\x00\x00\x00\x00\x00\x00\x00\x00\x00\x00\x00\x00\x00\x00\x00\x00\x00\x00\x00\x00\x00\x00\x00\x00\x00\x00\x00\x00\x00\x00\x00\x00\x00\x00\x00\x00\x00\x00\x00\x00\x00\x00\x00\x00\x00\x00\x00\x00\x00\x00\x00\x00\x00\x00\x00\x00\x00\x00\x00\x00\x00\x00\x00\x00\x00\x00\x00\x00\x00\x00\x00\x00\x00\x00\x00\x00\x00\x00\x00\x00\x00\x00\x00\x00\x00\x00\x00\x00\x00\x00\x00\x00\x00\x00\x00\x00\x00\x00\x00\x00\x00\x00\x00\x00\x00\x00\x00\x00\x00\x00\x00\x00\x00\x00\x00\x00\x00\x00\x00\x00\x00\x00\x00\x00\x00\x00\x00\x00\x00\x00\x00\x00\x00\x00\x00\x00\x00\x00\x00\x00\x00\x00\x00\x00\x00\x00\x00\x00\x00\x00\x00\x00\x00\x00\x00\x00\x00\x00\x00\x00\x00\x00\x00\x00\x00\x00\x00\x00\x00\x00\x00\x00\x00\x00\x00\x00\x00\x00\x00\x00\x00\x00\x00\x00\x00\x00\x00\x00\x00\x00\x00\x00\x00\x00\x00\x00\x00\x00\x00\x00\x00\x00\x00\x00\x00\x00\x00\x00\x00\x00\x00\x00\x00\x00\x00\x00\x00\x00\x00\x00\x00\x00\x00'",
  95:b'\x00\x00\x00\x00\x00\x00\x00\x00\x00\x00\x00\x00\x00\x00\x00\x00\x00\x00\x00\x00\x00\x00\x00\x00\x00\x00\x00\x00\x00\x00\x00\x00\x00\x00\x00\x00\x00\x00\x00\x00\x00\x00\x00\x00\x00\x00\x00\x00\x00\x00\x00\x00\x00\x00\x00\x00\x00\x00\x00\x00\x00\x00\x00\x00\x00\x00\x00\x00\x00\x00\x00\x00\x00\x00\x00\x00\x00\x00\x00\x00\x00\x00\x00\x00\x00\x00\x00\x00\x00\x00\x00\x00\x00\x00\x00\x00\x00\x00\x00\x00\x00\x00\x00\x00\x00\x00\x00\x00\x00\x00\x00\x00\x00\x00\x00\x00\x00\x00\x00\x00\x00\x00\x00\x00\x00\x00\x00\x00\x00\x00\x00\x00\x00\x00\x00\x00\x00\x00\x00\x00\x00\x00\x00\x00\x00\x00\x00\x00\x00\x00\x00\x00\x00\x00\x00\x00\x00\x00\x00\x00\x00\x00\x00\x00\x00\x00\x00\x00\x00\x00\x00\x00\x00\x00\x00\x00\x00\x00\x00\x00\x00\x00\x00\x00\x00\x00\x00\x00\x00\x00\x00\x00\x00\x00\x00\x00\x00\x00\x00\x00\x00\x00\x00\x00\x00\x00\x00\x00\x00\x00\x00\x00\x00\x00\x00\x00\x00\x00\x00\x00\x00\x00\x00\x00\x00\x00\x00\x00\x00\x00\x00\x00\x00\x00\x00\x00\x00\x00\x00\x00\x00\x00\x00\x00\x00\x00\x00\x00\x00\x00\x00\x00\x00\x00\x00\x00\x00\x00\x00\x00\x00\x00\x00\x00\x00\x00\x00\x00\x00\x00\x00\x00\x00\x00\x00\x00\x00\x00\x00\x00\x00\x00\x00\x00\x00\x00\x00\x00\x00\x00\x00\x00\x00\x00\x00\x00\x00\x00\x00\x00\x00\x00\x00\x00\x00\x00\x00\x00\x00\x00\x00\x00\xff\xff\xff\xff\xff\xff\xff\xff\xff\xff\xff\xff\xff\xff\xff\xff\xff\xff\xff\xff\xff\xff\xff\xff\x00\x00\x00\x00\x00\x00\x00\x00 ',
  96:b'\x00\x00\x00\x00\x00\x00\x00\x00\x00\x00\x00\x00\x00\x00\x00\x00\x00\x00\x00\x00\x00\x00\x00\x00\x00\x00\x00\x00\x00\x00\x00\x00\x00\x07\xf0\x00\x07\xf8\x00\x07\xf8\x00\x03\xfc\x00\x01\xfc\x00\x00\xfc\x00\x00~\x00\x00>\x00\x00\x1f\x00\x00\x1f\x00\x00\x0f\x80\x00\x07\x80\x00\x00\x00\x00\x00\x00\x00\x00\x00\x00\x00\x00\x00\x00\x00\x00\x00\x00\x00\x00\x00\x00\x00\x00\x00\x00\x00\x00\x00\x00\x00\x00\x00\x00\x00\x00\x00\x00\x00\x00\x00\x00\x00\x00\x00\x00\x00\x00\x00\x00\x00\x00\x00\x00\x00\x00\x00\x00\x00\x00\x00\x00\x00\x00\x00\x00\x00\x00\x00\x00\x00\x00\x00\x00\x00\x00\x00\x00\x00\x00\x00\x00\x00\x00\x00\x00\x00\x00\x00\x00\x00\x00\x00\x00\x00\x00\x00\x00\x00\x00\x00\x00\x00\x00\x00\x00\x00\x00\x00\x00\x00\x00\x00\x00\x00\x00\x00\x00\x00\x00\x00\x00\x00\x00\x00\x00\x00\x00\x00\x00\x00\x00\x00\x00\x00\x00\x00\x00\x00\x00\x00\x00\x00\x00\x00\x00\x00\x00\x00\x00\x00\x00\x00\x00\x00\x00\x00\x00\x00\x00\x00\x00\x00\x00\x00\x00\x00\x00\x00\x00\x00\x00\x00\x00\x00\x00\x00\x00\x00\x00\x00\x00\x00\x00\x00\x00\x00\x00\x00\x16',
  97:b"\x00\x00\x00\x00\x00\x00\x00\x00\x00\x00\x00\x00\x00\x00\x00\x00\x00\x00\x00\x00\x00\x00\x00\x00\x00\x00\x00\x00\x00\x00\x00\x00\x00\x00\x00\x00\x00\x00\x00\x00\x00\x00\x00\x00\x00\x00\x00\x00\x00\x00\x00\x00\x00\x00\x00\x00\x00\x00\x00\x00\x00\x00\x00\x00\x00\x00\x00\x00\x00\x00\x00\x00\x00\x00\x00\x00\x00\x00\x00\x00\x00\x00\x00\x00\x00\x00\x00\x00\x00\x00\x00\x00\x00\x00\x00\x00\x00\x00\x00\x00\x00\x00\x00\x00\x00\x00\x00\x00\x00\x00\x00\x00\x00\x00\x00\x00\x00\x00\x00\x00\x00\x00\x00\x00\x00\x00\x00\x00\x00\x00\x00\x00\x00\x00\x00\x00\x00\x00\x00\x00\x00\x01\xff\x80\x00\x00?\xff\xf0\x00\x00\xff\xff\xf8\x00\x03\xff\xff\xfc\x00\x07\xff\xff\xfe\x00\x03\xff\xff\xff\x00\x03\xfe\x01\xff\x00\x01\xf0\x00\x7f\x00\x01\xc0\x00?\x80\x01\x00\x00?\x80\x00\x00\x00?\x80\x00\x00\x00\x1f\x80\x00\x00\x00\x1f\x80\x00\x00\x00\x1f\x80\x00\x00\x00\x1f\x80\x00\x00\x00\x1f\x80\x00\x00\x00\x1f\x80\x00\x00\x00\x1f\x80\x00\x01\xff\xff\x80\x00\x1f\xff\xff\x80\x00\xff\xff\xff\x80\x01\xff\xff\xff\x80\x03\xff\xff\xff\x80\x07\xff\xff\xff\x80\x0f\xff\x00\x1f\x80\x0f\xf0\x00\x1f\x80\x1f\xe0\x00\x1f\x00\x1f\xc0\x00\x1f\x00\x1f\xc0\x00\x1f\x00\x1f\xc0\x00\x1f\x00\x1f\xc0\x00?\x00\x1f\xc0\x00\x7f\x00\x1f\xc0\x00\xff\x00\x0f\xe0\x01\xff\x80\x0f\xf8\x0f\xff\x80\x0f\xff\xff\xff\x80\x07\xff\xff\xcf\x80\x03\xff\xff\x8f\x80\x01\xff\xff\x0f\x80\x00\xff\xfc\x07\x80\x00\x1f\xe0\x00@\x00\x00\x00\x00\x00\x00\x00\x00\x00\x00\x00\x00\x00\x00\x00\x00\x00\x00\x00\x00\x00\x00\x00\x00\x00\x00\x00\x00\x00\x00\x00\x00\x00\x00\x00\x00\x00\x00\x00\x00\x00\x00\x00\x00\x00\x00\x00\x00\x00\x00\x00\x00\x00\x00\x00\x00\x00\x00\x00\x00\x00\x00\x00\x00\x00\x00\x00\x00\x00\x00\x00\x00\x00\x00\x00\x00\x00\x00\x00\x00\x00\x00\x00\x00\x00'",
  98:b'\x00\x00\x00\x00\x00\x00\x00\x00\x00\x00\x00\x00\x00\x00\x00\x00\x00\x00\x00\x00\x00\x00\x00\x00\x00\x00\x00\x00\x00\x00\x00\x00\x00\x00\x00\x00\x00\x00\x00\x00\x00\x00\x00\x00\x00\x00\x00\x00\x00\x00\x00\x00\x00\x00\x00\x00\x00\x00\x00\x00\x00\x00\x00\x00\x00\x00\x00\x00\x00\x00\x00\x00\x00\x00\x00\x00\x00\x00\x03\xf0\x00\x00\x00\x00\x03\xf0\x00\x00\x00\x00\x03\xf0\x00\x00\x00\x00\x03\xf0\x00\x00\x00\x00\x03\xf0\x00\x00\x00\x00\x03\xf0\x00\x00\x00\x00\x03\xf0\x00\x00\x00\x00\x03\xf0\x00\x00\x00\x00\x03\xf0\x00\x00\x00\x00\x03\xf0\x00\x00\x00\x00\x03\xf0\x00\x00\x00\x00\x03\xf0\x00\x00\x00\x00\x03\xf0\x00\x00\x00\x00\x03\xf0\x00\x00\x00\x00\x03\xf0\x00\x00\x00\x00\x03\xf0\x1f\xf0\x00\x00\x03\xf0\x7f\xfc\x00\x00\x03\xf1\xff\xff\x00\x00\x03\xf3\xff\xff\x80\x00\x03\xf7\xff\xff\xc0\x00\x03\xff\xff\xff\xe0\x00\x03\xff\xe0\x7f\xf0\x00\x03\xff\x80\x1f\xf0\x00\x03\xfe\x00\x0f\xf8\x00\x03\xfe\x00\x07\xf8\x00\x03\xfc\x00\x03\xf8\x00\x03\xf8\x00\x03\xf8\x00\x03\xf8\x00\x01\xfc\x00\x03\xf0\x00\x01\xfc\x00\x03\xf0\x00\x01\xfc\x00\x03\xf0\x00\x01\xfc\x00\x03\xf0\x00\x00\xfc\x00\x03\xf0\x00\x00\xfc\x00\x03\xf0\x00\x00\xfc\x00\x03\xf0\x00\x00\xfc\x00\x03\xf0\x00\x00\xfc\x00\x03\xf0\x00\x00\xfc\x00\x03\xf0\x00\x00\xfc\x00\x03\xf0\x00\x00\xfc\x00\x03\xf0\x00\x01\xfc\x00\x03\xf0\x00\x01\xfc\x00\x03\xf0\x00\x01\xfc\x00\x03\xf0\x00\x01\xf8\x00\x03\xf0\x00\x03\xf8\x00\x03\xf0\x00\x03\xf8\x00\x03\xf0\x00\x07\xf8\x00\x03\xf0\x00\x07\xf0\x00\x03\xf0\x00\x0f\xf0\x00\x03\xf8\x00?\xe0\x00\x03\xff\x00\xff\xc0\x00\x03\xff\xff\xff\x80\x00\x03\xff\xff\xff\x00\x00\x03\xff\xff\xfe\x00\x00\x01\xff\xff\xfc\x00\x00\x00\x7f\xff\xf0\x00\x00\x00\x07\xff\x80\x00\x00\x00\x00\x00\x00\x00\x00\x00\x00\x00\x00\x00\x00\x00\x00\x00\x00\x00\x00\x00\x00\x00\x00\x00\x00\x00\x00\x00\x00\x00\x00\x00\x00\x00\x00\x00\x00\x00\x00\x00\x00\x00\x00\x00\x00\x00\x00\x00\x00\x00\x00\x00\x00\x00\x00\x00\x00\x00\x00\x00\x00\x00\x00\x00\x00\x00\x00\x00\x00\x00\x00\x00\x00\x00\x00\x00\x00\x00\x00\x00\x00\x00\x00\x00\x00\x00\x00\x00\x00\x00\x00\x00\x00\x00\x00\x00\x00\x00\x00\x00\x00\x00\x00*',
  99:b'\x00\x00\x00\x00\x00\x00\x00\x00\x00\x00\x00\x00\x00\x00\x00\x00\x00\x00\x00\x00\x00\x00\x00\x00\x00\x00\x00\x00\x00\x00\x00\x00\x00\x00\x00\x00\x00\x00\x00\x00\x00\x00\x00\x00\x00\x00\x00\x00\x00\x00\x00\x00\x00\x00\x00\x00\x00\x00\x00\x00\x00\x00\x00\x00\x00\x00\x00\x00\x00\x00\x00\x00\x00\x00\x00\x00\x00\x00\x00\x00\x00\x00\x00\x00\x00\x00\x00\x00\x00\x00\x00\x00\x00\x00\x00\x00\x00\x00\x00\x00\x00\x00\x00\x00\x00\x00\x00\x00\x00\x00\x00\x00\x00\x00\x00\x00\x00\x00\x00\x00\x00\x00\x00\x00\x00\x00\x00\x00\x00\x00\x00\x00\x00\x00\x00\x00\x00\x00\x00\x00\x00\x00\xff\xe0\x00\x00\x07\xff\xfe\x00\x00\x1f\xff\xff\x00\x00?\xff\xfe\x00\x00\x7f\xff\xfe\x00\x00\xff\xff\xfe\x00\x01\xff\xc0<\x00\x01\xfe\x00\x04\x00\x03\xfc\x00\x00\x00\x03\xf8\x00\x00\x00\x07\xf0\x00\x00\x00\x07\xf0\x00\x00\x00\x07\xe0\x00\x00\x00\x0f\xe0\x00\x00\x00\x0f\xe0\x00\x00\x00\x0f\xe0\x00\x00\x00\x0f\xe0\x00\x00\x00\x0f\xc0\x00\x00\x00\x0f\xc0\x00\x00\x00\x0f\xc0\x00\x00\x00\x0f\xc0\x00\x00\x00\x0f\xc0\x00\x00\x00\x0f\xc0\x00\x00\x00\x0f\xc0\x00\x00\x00\x0f\xe0\x00\x00\x00\x0f\xe0\x00\x00\x00\x0f\xe0\x00\x00\x00\x0f\xe0\x00\x00\x00\x07\xf0\x00\x00\x00\x07\xf0\x00\x00\x00\x07\xf8\x00\x00\x00\x03\xfc\x00\x00\x00\x03\xfe\x00\x02\x00\x03\xff\x00\x0e\x00\x01\xff\xc0?\x00\x00\xff\xff\xff\x00\x00\xff\xff\xff\x00\x00\x7f\xff\xff\x80\x00\x1f\xff\xfc\x00\x00\x07\xff\xf0\x00\x00\x00\xff\x80\x00\x00\x00\x00\x00\x00\x00\x00\x00\x00\x00\x00\x00\x00\x00\x00\x00\x00\x00\x00\x00\x00\x00\x00\x00\x00\x00\x00\x00\x00\x00\x00\x00\x00\x00\x00\x00\x00\x00\x00\x00\x00\x00\x00\x00\x00\x00\x00\x00\x00\x00\x00\x00\x00\x00\x00\x00\x00\x00\x00\x00\x00\x00\x00\x00\x00\x00\x00\x00\x00\x00\x00\x00\x00\x00\x00\x00\x00\x00\x00\x00\x00\x00\x00\x00\x00#',
  100:b'\x00\x00\x00\x00\x00\x00\x00\x00\x00\x00\x00\x00\x00\x00\x00\x00\x00\x00\x00\x00\x00\x00\x00\x00\x00\x00\x00\x00\x00\x00\x00\x00\x00\x00\x00\x00\x00\x00\x00\x00\x00\x00\x00\x00\x00\x00\x00\x00\x00\x00\x00\x00\x00\x00\x00\x00\x00\x00\x00\x00\x00\x00\x00\x00\x00\x00\x00\x00\x00\x00\x00\x00\x00\x00\x00\x00\x00\x00\x00\x00\x00\x03\xf0\x00\x00\x00\x00\x03\xf0\x00\x00\x00\x00\x03\xf0\x00\x00\x00\x00\x03\xf0\x00\x00\x00\x00\x03\xf0\x00\x00\x00\x00\x03\xf0\x00\x00\x00\x00\x03\xf0\x00\x00\x00\x00\x03\xf0\x00\x00\x00\x00\x03\xf0\x00\x00\x00\x00\x03\xf0\x00\x00\x00\x00\x03\xf0\x00\x00\x00\x00\x03\xf0\x00\x00\x00\x00\x03\xf0\x00\x00\x00\x00\x03\xf0\x00\x00\x00\x00\x03\xf0\x00\x00\x00\x7f\xe3\xf0\x00\x00\x03\xff\xff\xf0\x00\x00\x0f\xff\xff\xf0\x00\x00?\xff\xff\xf0\x00\x00\x7f\xff\xff\xf0\x00\x00\xff\xff\xff\xf0\x00\x00\xff\xc0\x1f\xf0\x00\x01\xff\x00\x07\xf0\x00\x03\xfc\x00\x03\xf0\x00\x03\xf8\x00\x03\xf0\x00\x07\xf8\x00\x03\xf0\x00\x07\xf0\x00\x03\xf0\x00\x07\xf0\x00\x03\xf0\x00\x0f\xe0\x00\x03\xf0\x00\x0f\xe0\x00\x03\xf0\x00\x0f\xe0\x00\x03\xf0\x00\x0f\xe0\x00\x03\xf0\x00\x0f\xc0\x00\x03\xf0\x00\x0f\xc0\x00\x03\xf0\x00\x0f\xc0\x00\x03\xf0\x00\x0f\xc0\x00\x03\xf0\x00\x0f\xc0\x00\x03\xf0\x00\x0f\xc0\x00\x03\xf0\x00\x0f\xc0\x00\x03\xf0\x00\x0f\xe0\x00\x03\xf0\x00\x0f\xe0\x00\x03\xf0\x00\x0f\xe0\x00\x03\xf0\x00\x0f\xe0\x00\x03\xf0\x00\x0f\xe0\x00\x07\xf0\x00\x07\xf0\x00\x07\xf0\x00\x07\xf0\x00\x0f\xf0\x00\x07\xf8\x00\x0f\xf0\x00\x03\xfc\x00\x1f\xf0\x00\x03\xfe\x00?\xf0\x00\x01\xff\x80\xff\xf0\x00\x01\xff\xff\xfd\xf0\x00\x00\xff\xff\xf8\xf0\x00\x00\x7f\xff\xf0\xf0\x00\x00?\xff\xe0\xf0\x00\x00\x0f\xff\xc0\xf8\x00\x00\x01\xfe\x00\x00\x00\x00\x00\x00\x00\x00\x00\x00\x00\x00\x00\x00\x00\x00\x00\x00\x00\x00\x00\x00\x00\x00\x00\x00\x00\x00\x00\x00\x00\x00\x00\x00\x00\x00\x00\x00\x00\x00\x00\x00\x00\x00\x00\x00\x00\x00\x00\x00\x00\x00\x00\x00\x00\x00\x00\x00\x00\x00\x00\x00\x00\x00\x00\x00\x00\x00\x00\x00\x00\x00\x00\x00\x00\x00\x00\x00\x00\x00\x00\x00\x00\x00\x00\x00\x00\x00\x00\x00\x00\x00\x00\x00\x00\x00\x00\x00\x00\x00\x00\x00\x00\x00\x00*',
  101:b'\x00\x00\x00\x00\x00\x00\x00\x00\x00\x00\x00\x00\x00\x00\x00\x00\x00\x00\x00\x00\x00\x00\x00\x00\x00\x00\x00\x00\x00\x00\x00\x00\x00\x00\x00\x00\x00\x00\x00\x00\x00\x00\x00\x00\x00\x00\x00\x00\x00\x00\x00\x00\x00\x00\x00\x00\x00\x00\x00\x00\x00\x00\x00\x00\x00\x00\x00\x00\x00\x00\x00\x00\x00\x00\x00\x00\x00\x00\x00\x00\x00\x00\x00\x00\x00\x00\x00\x00\x00\x00\x00\x00\x00\x00\x00\x00\x00\x00\x00\x00\x00\x00\x00\x00\x00\x00\x00\x00\x00\x00\x00\x00\x00\x00\x00\x00\x00\x00\x00\x00\x00\x00\x00\x00\x00\x00\x00\x00\x00\x00\x00\x00\x00\x00\x00\x00\x00\x00\x00\x00\x00\x00\xff\xc0\x00\x00\x07\xff\xf8\x00\x00\x1f\xff\xfc\x00\x00?\xff\xff\x00\x00\x7f\xff\xff\x80\x00\xff\xff\xff\x80\x01\xff\x80\xff\xc0\x01\xfe\x00\x1f\xc0\x03\xf8\x00\x0f\xe0\x03\xf8\x00\x0f\xe0\x07\xf0\x00\x07\xe0\x07\xe0\x00\x07\xe0\x07\xe0\x00\x07\xf0\x0f\xe0\x00\x03\xf0\x0f\xe0\x00\x03\xf0\x0f\xc0\x00\x03\xf0\x0f\xff\xff\xff\xf0\x0f\xff\xff\xff\xf0\x0f\xff\xff\xff\xf0\x0f\xff\xff\xff\xf0\x0f\xff\xff\xff\xf0\x0f\xff\xff\xff\xe0\x0f\xc0\x00\x00\x00\x0f\xc0\x00\x00\x00\x0f\xc0\x00\x00\x00\x0f\xe0\x00\x00\x00\x0f\xe0\x00\x00\x00\x0f\xe0\x00\x00\x00\x07\xe0\x00\x00\x00\x07\xf0\x00\x00\x00\x07\xf0\x00\x00\x00\x03\xf8\x00\x01\x00\x03\xfc\x00\x03\x80\x01\xff\x00\x07\x80\x01\xff\xc0?\xc0\x00\xff\xff\xff\xc0\x00\x7f\xff\xff\xc0\x00?\xff\xff\xc0\x00\x1f\xff\xff\x00\x00\x07\xff\xfc\x00\x00\x00\xff\xc0\x00\x00\x00\x00\x00\x00\x00\x00\x00\x00\x00\x00\x00\x00\x00\x00\x00\x00\x00\x00\x00\x00\x00\x00\x00\x00\x00\x00\x00\x00\x00\x00\x00\x00\x00\x00\x00\x00\x00\x00\x00\x00\x00\x00\x00\x00\x00\x00\x00\x00\x00\x00\x00\x00\x00\x00\x00\x00\x00\x00\x00\x00\x00\x00\x00\x00\x00\x00\x00\x00\x00\x00\x00\x00\x00\x00\x00\x00\x00\x00\x00\x00\x00\x00\x00\x00(',
  102:b'\x00\x00\x00\x00\x00\x00\x00\x00\x00\x00\x00\x00\x00\x00\x00\x00\x00\x00\x00\x00\x00\x00\x00\x00\x00\x00\x00\x00\x00\x00\x00\x00\x00\x00\x00\x00\x00\x00\x00\x00\x00\x00\x00\x00\x00\x00\x00\x00\x00\x00\x00\x00\x00\x01\xff\x00\x00\x0f\xff\xe0\x00\x1f\xff\xe0\x00?\xff\xe0\x00\x7f\xff\xe0\x00\x7f\xff\xc0\x00\x7f\x80\xc0\x00\xfe\x00\x00\x00\xfe\x00\x00\x00\xfc\x00\x00\x00\xfc\x00\x00\x00\xfc\x00\x00\x00\xfc\x00\x00\x00\xfc\x00\x00\x00\xfc\x00\x00\x00\xfc\x00\x00?\xff\xff\x00?\xff\xff\x00?\xff\xff\x00?\xff\xff\x00?\xff\xff\x00?\xff\xff\x00\x00\xfc\x00\x00\x00\xfc\x00\x00\x00\xfc\x00\x00\x00\xfc\x00\x00\x00\xfc\x00\x00\x00\xfc\x00\x00\x00\xfc\x00\x00\x00\xfc\x00\x00\x00\xfc\x00\x00\x00\xfc\x00\x00\x00\xfc\x00\x00\x00\xfc\x00\x00\x00\xfc\x00\x00\x00\xfc\x00\x00\x00\xfc\x00\x00\x00\xfc\x00\x00\x00\xfc\x00\x00\x00\xfc\x00\x00\x00\xfc\x00\x00\x00\xfc\x00\x00\x00\xfc\x00\x00\x00\xfc\x00\x00\x00\xfc\x00\x00\x00\xfc\x00\x00\x00\xfc\x00\x00\x00\xfc\x00\x00\x00\xfc\x00\x00\x00\xfc\x00\x00\x00\xfc\x00\x00\x00\xfc\x00\x00\x00\xfc\x00\x00\x00\xfc\x00\x00\x00\xfc\x00\x00\x00\x00\x00\x00\x00\x00\x00\x00\x00\x00\x00\x00\x00\x00\x00\x00\x00\x00\x00\x00\x00\x00\x00\x00\x00\x00\x00\x00\x00\x00\x00\x00\x00\x00\x00\x00\x00\x00\x00\x00\x00\x00\x00\x00\x00\x00\x00\x00\x00\x00\x00\x00\x00\x00\x00\x00\x00\x00\x00\x00\x00\x00\x00\x00\x00\x00\x00\x00\x00\x00\x00\x00\x19',
  103:b'\x00\x00\x00\x00\x00\x00\x00\x00\x00\x00\x00\x00\x00\x00\x00\x00\x00\x00\x00\x00\x00\x00\x00\x00\x00\x00\x00\x00\x00\x00\x00\x00\x00\x00\x00\x00\x00\x00\x00\x00\x00\x00\x00\x00\x00\x00\x00\x00\x00\x00\x00\x00\x00\x00\x00\x00\x00\x00\x00\x00\x00\x00\x00\x00\x00\x00\x00\x00\x00\x00\x00\x00\x00\x00\x00\x00\x00\x00\x00\x00\x00\x00\x00\x00\x00\x00\x00\x00\x00\x00\x00\x00\x00\x00\x00\x00\x00\x00\x00\x00\x00\x00\x00\x00\x00\x00\x00\x00\x00\x00\x00\x00\x00\x00\x00\x00\x00\x00\x00\x00\x00\x00\x00\x00\x00\x00\x00\x00\x00\x00\x00\x00\x00\x00\x00\x00\x00\x00\x00\x00\x00\x00\x00\x00\x00\x00\x00\x00\x00\x00\x00\x00\x00\x00\x00\x00\x00\x00\x00\x00\x00\x00\x00\x00\x00\x00\x00\x00\x00\x00\x7f\xf8\x00\x00\x00\x03\xff\xff\x80\x00\x00\x0f\xff\xff\xf0\x00\x00?\xff\xff\xf0\x00\x00\x7f\xff\xff\xf0\x00\x00\xff\xff\xff\xf0\x00\x00\xff\xc0\x1f\xf0\x00\x01\xff\x00\x03\xf0\x00\x03\xfc\x00\x03\xf0\x00\x03\xf8\x00\x03\xf0\x00\x07\xf8\x00\x03\xf0\x00\x07\xf0\x00\x03\xf0\x00\x07\xf0\x00\x03\xf0\x00\x07\xe0\x00\x03\xf0\x00\x0f\xe0\x00\x03\xf0\x00\x0f\xe0\x00\x03\xf0\x00\x0f\xe0\x00\x03\xf0\x00\x0f\xc0\x00\x03\xf0\x00\x0f\xc0\x00\x03\xf0\x00\x0f\xc0\x00\x03\xf0\x00\x0f\xc0\x00\x03\xf0\x00\x0f\xc0\x00\x03\xf0\x00\x0f\xc0\x00\x03\xf0\x00\x0f\xc0\x00\x03\xf0\x00\x0f\xe0\x00\x03\xf0\x00\x0f\xe0\x00\x03\xf0\x00\x0f\xe0\x00\x03\xf0\x00\x0f\xe0\x00\x07\xf0\x00\x0f\xe0\x00\x07\xf0\x00\x07\xf0\x00\x07\xf0\x00\x07\xf0\x00\x0f\xf0\x00\x07\xf8\x00\x0f\xf0\x00\x03\xfc\x00\x1f\xf0\x00\x03\xfe\x00?\xf0\x00\x01\xff\x80\xff\xf0\x00\x01\xff\xff\xff\xf0\x00\x00\xff\xff\xfb\xf0\x00\x00\x7f\xff\xf3\xf0\x00\x00?\xff\xe3\xf0\x00\x00\x0f\xff\xc3\xf0\x00\x00\x01\xff\x03\xf0\x00\x00\x00\x00\x03\xf0\x00\x00\x00\x00\x03\xf0\x00\x00\x00\x00\x07\xf0\x00\x00\x00\x00\x07\xf0\x00\x00\x00\x00\x07\xf0\x00\x00\x00\x00\x07\xe0\x00\x00\x00\x00\x0f\xe0\x00\x00\x00\x00\x0f\xe0\x00\x00`\x00?\xe0\x00\x00|\x00\xff\xc0\x00\x00\x7f\xff\xff\x80\x00\x00\xff\xff\xff\x80\x00\x00\xff\xff\xff\x00\x00\x00\xff\xff\xfc\x00\x00\x00\x7f\xff\xf0\x00\x00\x00\x07\xff\x80\x00\x00\x00\x00\x00\x00\x00\x00*',
  104:b'\x00\x00\x00\x00\x00\x00\x00\x00\x00\x00\x00\x00\x00\x00\x00\x00\x00\x00\x00\x00\x00\x00\x00\x00\x00\x00\x00\x00\x00\x00\x00\x00\x00\x00\x00\x00\x00\x00\x00\x00\x00\x00\x00\x00\x00\x00\x00\x00\x00\x00\x00\x00\x00\x00\x00\x00\x00\x00\x00\x00\x00\x00\x00\x00\x00\x00\x00\x00\x00\x00\x00\x00\x00\x00\x00\x00\x00\x00\x03\xf0\x00\x00\x00\x00\x03\xf0\x00\x00\x00\x00\x03\xf0\x00\x00\x00\x00\x03\xf0\x00\x00\x00\x00\x03\xf0\x00\x00\x00\x00\x03\xf0\x00\x00\x00\x00\x03\xf0\x00\x00\x00\x00\x03\xf0\x00\x00\x00\x00\x03\xf0\x00\x00\x00\x00\x03\xf0\x00\x00\x00\x00\x03\xf0\x00\x00\x00\x00\x03\xf0\x00\x00\x00\x00\x03\xf0\x00\x00\x00\x00\x03\xf0\x00\x00\x00\x00\x03\xf0\x00\x00\x00\x00\x03\xf0\x0f\xf8\x00\x00\x03\xf0\x7f\xff\x00\x00\x03\xf0\xff\xff\x80\x00\x03\xf3\xff\xff\xc0\x00\x03\xf7\xff\xff\xe0\x00\x03\xff\xff\xff\xf0\x00\x03\xff\xf0?\xf0\x00\x03\xff\x80\x0f\xf0\x00\x03\xff\x00\x07\xf8\x00\x03\xfe\x00\x03\xf8\x00\x03\xfc\x00\x03\xf8\x00\x03\xf8\x00\x03\xf8\x00\x03\xf8\x00\x01\xf8\x00\x03\xf0\x00\x01\xf8\x00\x03\xf0\x00\x01\xf8\x00\x03\xf0\x00\x01\xf8\x00\x03\xf0\x00\x01\xf8\x00\x03\xf0\x00\x01\xf8\x00\x03\xf0\x00\x01\xf8\x00\x03\xf0\x00\x01\xf8\x00\x03\xf0\x00\x01\xf8\x00\x03\xf0\x00\x01\xf8\x00\x03\xf0\x00\x01\xf8\x00\x03\xf0\x00\x01\xf8\x00\x03\xf0\x00\x01\xf8\x00\x03\xf0\x00\x01\xf8\x00\x03\xf0\x00\x01\xf8\x00\x03\xf0\x00\x01\xf8\x00\x03\xf0\x00\x01\xf8\x00\x03\xf0\x00\x01\xf8\x00\x03\xf0\x00\x01\xf8\x00\x03\xf0\x00\x01\xf8\x00\x03\xf0\x00\x01\xf8\x00\x03\xf0\x00\x01\xf8\x00\x03\xf0\x00\x01\xf8\x00\x03\xf0\x00\x01\xf8\x00\x03\xf0\x00\x01\xf8\x00\x03\xf0\x00\x01\xf8\x00\x03\xf0\x00\x01\xf8\x00\x03\xf0\x00\x01\xf8\x00\x00\x00\x00\x00\x00\x00\x00\x00\x00\x00\x00\x00\x00\x00\x00\x00\x00\x00\x00\x00\x00\x00\x00\x00\x00\x00\x00\x00\x00\x00\x00\x00\x00\x00\x00\x00\x00\x00\x00\x00\x00\x00\x00\x00\x00\x00\x00\x00\x00\x00\x00\x00\x00\x00\x00\x00\x00\x00\x00\x00\x00\x00\x00\x00\x00\x00\x00\x00\x00\x00\x00\x00\x00\x00\x00\x00\x00\x00\x00\x00\x00\x00\x00\x00\x00\x00\x00\x00\x00\x00\x00\x00\x00\x00\x00\x00\x00\x00\x00\x00\x00\x00\x00\x00\x00\x00\x00\x00+',
  105:b'\x00\x00\x00\x00\x00\x00\x00\x00\x00\x00\x00\x00\x00\x00\x00\x00\x00\x00\x00\x00\x00\x00\x00\x00\x00\x00\x00\x00\x00\x00\x00\x00\x00\x00\x00\x00\x00\x00\x00\x00\xf0\x00\x01\xfc\x00\x03\xfc\x00\x03\xfe\x00\x03\xfe\x00\x03\xfe\x00\x03\xfc\x00\x01\xfc\x00\x00\xf0\x00\x00\x00\x00\x00\x00\x00\x00\x00\x00\x00\x00\x00\x00\x00\x00\x00\x00\x00\x00\x00\x00\x01\xfc\x00\x01\xfc\x00\x01\xfc\x00\x01\xfc\x00\x01\xfc\x00\x01\xfc\x00\x01\xfc\x00\x01\xfc\x00\x01\xfc\x00\x01\xfc\x00\x01\xfc\x00\x01\xfc\x00\x01\xfc\x00\x01\xfc\x00\x01\xfc\x00\x01\xfc\x00\x01\xfc\x00\x01\xfc\x00\x01\xfc\x00\x01\xfc\x00\x01\xfc\x00\x01\xfc\x00\x01\xfc\x00\x01\xfc\x00\x01\xfc\x00\x01\xfc\x00\x01\xfc\x00\x01\xfc\x00\x01\xfc\x00\x01\xfc\x00\x01\xfc\x00\x01\xfc\x00\x01\xfc\x00\x01\xfc\x00\x01\xfc\x00\x01\xfc\x00\x01\xfc\x00\x01\xfc\x00\x01\xfc\x00\x00\x00\x00\x00\x00\x00\x00\x00\x00\x00\x00\x00\x00\x00\x00\x00\x00\x00\x00\x00\x00\x00\x00\x00\x00\x00\x00\x00\x00\x00\x00\x00\x00\x00\x00\x00\x00\x00\x00\x00\x00\x00\x00\x00\x00\x00\x00\x00\x00\x00\x00\x00\x00\x00\x15',
  106:b'\x00\x00\x00\x00\x00\x00\x00\x00\x00\x00\x00\x00\x00\x00\x00\x00\x00\x00\x00\x00\x00\x00\x00\x00\x00\x00\x00\x00\x00\x00\x00\x00\x00\x00\x00\x00\x00\x00\x00\x00\xf0\x00\x01\xfc\x00\x03\xfc\x00\x03\xfe\x00\x03\xfe\x00\x03\xfe\x00\x03\xfc\x00\x01\xfc\x00\x00\xf0\x00\x00\x00\x00\x00\x00\x00\x00\x00\x00\x00\x00\x00\x00\x00\x00\x00\x00\x00\x00\x00\x00\x01\xfc\x00\x01\xfc\x00\x01\xfc\x00\x01\xfc\x00\x01\xfc\x00\x01\xfc\x00\x01\xfc\x00\x01\xfc\x00\x01\xfc\x00\x01\xfc\x00\x01\xfc\x00\x01\xfc\x00\x01\xfc\x00\x01\xfc\x00\x01\xfc\x00\x01\xfc\x00\x01\xfc\x00\x01\xfc\x00\x01\xfc\x00\x01\xfc\x00\x01\xfc\x00\x01\xfc\x00\x01\xfc\x00\x01\xfc\x00\x01\xfc\x00\x01\xfc\x00\x01\xfc\x00\x01\xfc\x00\x01\xfc\x00\x01\xfc\x00\x01\xfc\x00\x01\xfc\x00\x01\xfc\x00\x01\xfc\x00\x01\xfc\x00\x01\xfc\x00\x01\xfc\x00\x01\xfc\x00\x01\xfc\x00\x01\xfc\x00\x01\xfc\x00\x01\xfc\x00\x01\xf8\x00\x01\xf8\x00\x01\xf8\x00\x01\xf8\x00\x03\xf8\x00\x03\xf8\x00\x07\xf8\x00\x0f\xf0\x00\x7f\xf0\x00\x7f\xf0\x00\x7f\xe0\x00\x7f\xc0\x00\x7f\x80\x00~\x00\x00\x00\x00\x00\x15',
  107:b'\x00\x00\x00\x00\x00\x00\x00\x00\x00\x00\x00\x00\x00\x00\x00\x00\x00\x00\x00\x00\x00\x00\x00\x00\x00\x00\x00\x00\x00\x00\x00\x00\x00\x00\x00\x00\x00\x00\x00\x00\x00\x00\x00\x00\x00\x00\x00\x00\x00\x00\x00\x00\x00\x00\x00\x00\x00\x00\x00\x00\x00\x00\x00\x00\x00\x03\xf0\x00\x00\x00\x03\xf0\x00\x00\x00\x03\xf0\x00\x00\x00\x03\xf0\x00\x00\x00\x03\xf0\x00\x00\x00\x03\xf0\x00\x00\x00\x03\xf0\x00\x00\x00\x03\xf0\x00\x00\x00\x03\xf0\x00\x00\x00\x03\xf0\x00\x00\x00\x03\xf0\x00\x00\x00\x03\xf0\x00\x00\x00\x03\xf0\x00\x00\x00\x03\xf0\x00\x00\x00\x03\xf0\x00\x00\x00\x03\xf0\x00\x00\x00\x03\xf0\x00\x1f\xe0\x03\xf0\x00?\xc0\x03\xf0\x00?\x80\x03\xf0\x00\x7f\x00\x03\xf0\x00\xfe\x00\x03\xf0\x00\xfe\x00\x03\xf0\x01\xfc\x00\x03\xf0\x03\xf8\x00\x03\xf0\x07\xf0\x00\x03\xf0\x07\xf0\x00\x03\xf0\x0f\xe0\x00\x03\xf0\x1f\xc0\x00\x03\xf0\x1f\x80\x00\x03\xf0?\x80\x00\x03\xf0\x7f\x00\x00\x03\xf0\xfe\x00\x00\x03\xf0\xfc\x00\x00\x03\xf3\xf8\x00\x00\x03\xff\xf0\x00\x00\x03\xff\xf8\x00\x00\x03\xff\xfc\x00\x00\x03\xff\xfe\x00\x00\x03\xf0\xff\x00\x00\x03\xf0\x7f\x80\x00\x03\xf0?\xc0\x00\x03\xf0?\xc0\x00\x03\xf0\x1f\xe0\x00\x03\xf0\x0f\xf0\x00\x03\xf0\x07\xf8\x00\x03\xf0\x03\xf8\x00\x03\xf0\x03\xfc\x00\x03\xf0\x01\xfe\x00\x03\xf0\x00\xff\x00\x03\xf0\x00\x7f\x00\x03\xf0\x00\x7f\x80\x03\xf0\x00?\xc0\x03\xf0\x00\x1f\xe0\x03\xf0\x00\x0f\xe0\x03\xf0\x00\x0f\xf8\x00\x00\x00\x00\x00\x00\x00\x00\x00\x00\x00\x00\x00\x00\x00\x00\x00\x00\x00\x00\x00\x00\x00\x00\x00\x00\x00\x00\x00\x00\x00\x00\x00\x00\x00\x00\x00\x00\x00\x00\x00\x00\x00\x00\x00\x00\x00\x00\x00\x00\x00\x00\x00\x00\x00\x00\x00\x00\x00\x00\x00\x00\x00\x00\x00\x00\x00\x00\x00\x00\x00\x00\x00\x00\x00\x00\x00\x00\x00\x00\x00\x00\x00\x00\x00\x00\x00\x00\x00\x00%',
  108:b'\x00\x00\x00\x00\x00\x00\x00\x00\x00\x00\x00\x00\x00\x00\x00\x00\x00\x00\x00\x00\x00\x00\x00\x00\x00\x00\x00\x00\x00\x00\x00\x00\x00\x00\x00\x00\x00\x00\x00\x01\xf8\x00\x01\xf8\x00\x01\xf8\x00\x01\xf8\x00\x01\xf8\x00\x01\xf8\x00\x01\xf8\x00\x01\xf8\x00\x01\xf8\x00\x01\xf8\x00\x01\xf8\x00\x01\xf8\x00\x01\xf8\x00\x01\xf8\x00\x01\xf8\x00\x01\xf8\x00\x01\xf8\x00\x01\xf8\x00\x01\xf8\x00\x01\xf8\x00\x01\xf8\x00\x01\xf8\x00\x01\xf8\x00\x01\xf8\x00\x01\xf8\x00\x01\xf8\x00\x01\xf8\x00\x01\xf8\x00\x01\xf8\x00\x01\xf8\x00\x01\xf8\x00\x01\xf8\x00\x01\xf8\x00\x01\xf8\x00\x01\xf8\x00\x01\xf8\x00\x01\xf8\x00\x01\xf8\x00\x01\xf8\x00\x01\xf8\x00\x01\xf8\x00\x01\xf8\x00\x01\xf8\x00\x01\xf8\x00\x01\xf8\x00\x01\xf8\x00\x01\xf8\x00\x01\xf8\x00\x01\xfc\x00\x01\xfe\x08\x01\xff\xfc\x01\xff\xfc\x00\xff\xfc\x00\xff\xfc\x00?\xfc\x00\x0f\xe0\x00\x00\x00\x00\x00\x00\x00\x00\x00\x00\x00\x00\x00\x00\x00\x00\x00\x00\x00\x00\x00\x00\x00\x00\x00\x00\x00\x00\x00\x00\x00\x00\x00\x00\x00\x00\x00\x00\x00\x00\x00\x00\x00\x00\x00\x00\x00\x00\x00\x00\x00\x17',
  109:b'\x00\x00\x00\x00\x00\x00\x00\x00\x00\x00\x00\x00\x00\x00\x00\x00\x00\x00\x00\x00\x00\x00\x00\x00\x00\x00\x00\x00\x00\x00\x00\x00\x00\x00\x00\x00\x00\x00\x00\x00\x00\x00\x00\x00\x00\x00\x00\x00\x00\x00\x00\x00\x00\x00\x00\x00\x00\x00\x00\x00\x00\x00\x00\x00\x00\x00\x00\x00\x00\x00\x00\x00\x00\x00\x00\x00\x00\x00\x00\x00\x00\x00\x00\x00\x00\x00\x00\x00\x00\x00\x00\x00\x00\x00\x00\x00\x00\x00\x00\x00\x00\x00\x00\x00\x00\x00\x00\x00\x00\x00\x00\x00\x00\x00\x00\x00\x00\x00\x00\x00\x00\x00\x00\x00\x00\x00\x00\x00\x00\x00\x00\x00\x00\x00\x00\x00\x00\x00\x00\x00\x00\x00\x00\x00\x00\x00\x00\x00\x00\x00\x00\x00\x00\x00\x00\x00\x00\x00\x00\x00\x00\x00\x00\x00\x00\x00\x00\x00\x00\x00\x00\x00\x00\x00\x00\x00\x00\x00\x00\x00\x00\x00\x00\x00\x00\x00\x00\x00\x00\x00\x00\x00\x00\x00\x00\x00\x00\x00\x00\x00\x00\x00\x00\x00\x00\x00\x00\x00\x00\x00\x00\x00\x00\x00\x00\x00\x00\x00\x00\x00\x00\x00\x00\x00\x00\x00\x0f\xf0\x00?\xe0\x00\x03\xe0\x7f\xfc\x01\xff\xf8\x00\x03\xe1\xff\xfe\x07\xff\xfc\x00\x03\xe3\xff\xff\x0f\xff\xfe\x00\x03\xe7\xff\xff\x9f\xff\xff\x00\x03\xff\xff\xff\xbf\xff\xff\x00\x03\xff\xc0\x7f\xff\x80\xff\x80\x03\xff\x00?\xfe\x00\x7f\x80\x03\xfe\x00\x1f\xfc\x00?\x80\x03\xfc\x00\x0f\xf8\x00\x1f\x80\x03\xfc\x00\x0f\xf8\x00\x1f\xc0\x03\xf8\x00\x0f\xf0\x00\x1f\xc0\x03\xf8\x00\x07\xf0\x00\x1f\xc0\x03\xf0\x00\x07\xe0\x00\x0f\xc0\x03\xf0\x00\x07\xe0\x00\x0f\xc0\x03\xf0\x00\x07\xe0\x00\x0f\xc0\x03\xf0\x00\x07\xe0\x00\x0f\xc0\x03\xf0\x00\x07\xe0\x00\x0f\xc0\x03\xf0\x00\x07\xe0\x00\x0f\xc0\x03\xf0\x00\x07\xe0\x00\x0f\xc0\x03\xf0\x00\x07\xe0\x00\x0f\xc0\x03\xf0\x00\x07\xe0\x00\x0f\xc0\x03\xf0\x00\x07\xe0\x00\x0f\xc0\x03\xf0\x00\x07\xe0\x00\x0f\xc0\x03\xf0\x00\x07\xe0\x00\x0f\xc0\x03\xf0\x00\x07\xe0\x00\x0f\xc0\x03\xf0\x00\x07\xe0\x00\x0f\xc0\x03\xf0\x00\x07\xe0\x00\x0f\xc0\x03\xf0\x00\x07\xe0\x00\x0f\xc0\x03\xf0\x00\x07\xe0\x00\x0f\xc0\x03\xf0\x00\x07\xe0\x00\x0f\xc0\x03\xf0\x00\x07\xe0\x00\x0f\xc0\x03\xf0\x00\x07\xe0\x00\x0f\xc0\x03\xf0\x00\x07\xe0\x00\x0f\xc0\x03\xf0\x00\x07\xe0\x00\x0f\xc0\x03\xf0\x00\x07\xe0\x00\x0f\xc0\x03\xf0\x00\x07\xe0\x00\x0f\xc0\x03\xf0\x00\x07\xe0\x00\x0f\xc0\x03\xf0\x00\x07\xe0\x00\x0f\xc0\x03\xf0\x00\x07\xe0\x00\x0f\xc0\x00\x00\x00\x00\x00\x00\x00\x00\x00\x00\x00\x00\x00\x00\x00\x00\x00\x00\x00\x00\x00\x00\x00\x00\x00\x00\x00\x00\x00\x00\x00\x00\x00\x00\x00\x00\x00\x00\x00\x00\x00\x00\x00\x00\x00\x00\x00\x00\x00\x00\x00\x00\x00\x00\x00\x00\x00\x00\x00\x00\x00\x00\x00\x00\x00\x00\x00\x00\x00\x00\x00\x00\x00\x00\x00\x00\x00\x00\x00\x00\x00\x00\x00\x00\x00\x00\x00\x00\x00\x00\x00\x00\x00\x00\x00\x00\x00\x00\x00\x00\x00\x00\x00\x00\x00\x00\x00\x00\x00\x00\x00\x00\x00\x00\x00\x00\x00\x00\x00\x00\x00\x00\x00\x00\x00\x00\x00\x00\x00\x00\x00\x00\x00\x00\x00\x00\x00\x00\x00\x00\x00\x00\x00\x00?',
  110:b'\x00\x00\x00\x00\x00\x00\x00\x00\x00\x00\x00\x00\x00\x00\x00\x00\x00\x00\x00\x00\x00\x00\x00\x00\x00\x00\x00\x00\x00\x00\x00\x00\x00\x00\x00\x00\x00\x00\x00\x00\x00\x00\x00\x00\x00\x00\x00\x00\x00\x00\x00\x00\x00\x00\x00\x00\x00\x00\x00\x00\x00\x00\x00\x00\x00\x00\x00\x00\x00\x00\x00\x00\x00\x00\x00\x00\x00\x00\x00\x00\x00\x00\x00\x00\x00\x00\x00\x00\x00\x00\x00\x00\x00\x00\x00\x00\x00\x00\x00\x00\x00\x00\x00\x00\x00\x00\x00\x00\x00\x00\x00\x00\x00\x00\x00\x00\x00\x00\x00\x00\x00\x00\x00\x00\x00\x00\x00\x00\x00\x00\x00\x00\x00\x00\x00\x00\x00\x00\x00\x00\x00\x00\x00\x00\x00\x00\x00\x00\x00\x00\x00\x00\x00\x00\x00\x00\x00\x00\x00\x00\x00\x00\x00\x00\x00\x00\x00\x00\x00\x00\x0f\xf8\x00\x00\x03\xe0\x7f\xff\x00\x00\x03\xe1\xff\xff\x80\x00\x03\xe3\xff\xff\xc0\x00\x03\xe7\xff\xff\xe0\x00\x03\xff\xff\xff\xe0\x00\x03\xff\xe0?\xf0\x00\x03\xff\x80\x0f\xf0\x00\x03\xff\x00\x07\xf0\x00\x03\xfe\x00\x03\xf8\x00\x03\xfc\x00\x03\xf8\x00\x03\xf8\x00\x03\xf8\x00\x03\xf8\x00\x01\xf8\x00\x03\xf0\x00\x01\xf8\x00\x03\xf0\x00\x01\xf8\x00\x03\xf0\x00\x01\xf8\x00\x03\xf0\x00\x01\xf8\x00\x03\xf0\x00\x01\xf8\x00\x03\xf0\x00\x01\xf8\x00\x03\xf0\x00\x01\xf8\x00\x03\xf0\x00\x01\xf8\x00\x03\xf0\x00\x01\xf8\x00\x03\xf0\x00\x01\xf8\x00\x03\xf0\x00\x01\xf8\x00\x03\xf0\x00\x01\xf8\x00\x03\xf0\x00\x01\xf8\x00\x03\xf0\x00\x01\xf8\x00\x03\xf0\x00\x01\xf8\x00\x03\xf0\x00\x01\xf8\x00\x03\xf0\x00\x01\xf8\x00\x03\xf0\x00\x01\xf8\x00\x03\xf0\x00\x01\xf8\x00\x03\xf0\x00\x01\xf8\x00\x03\xf0\x00\x01\xf8\x00\x03\xf0\x00\x01\xf8\x00\x03\xf0\x00\x01\xf8\x00\x03\xf0\x00\x01\xf8\x00\x03\xf0\x00\x01\xf8\x00\x03\xf0\x00\x01\xf8\x00\x03\xf0\x00\x01\xf8\x00\x00\x00\x00\x00\x00\x00\x00\x00\x00\x00\x00\x00\x00\x00\x00\x00\x00\x00\x00\x00\x00\x00\x00\x00\x00\x00\x00\x00\x00\x00\x00\x00\x00\x00\x00\x00\x00\x00\x00\x00\x00\x00\x00\x00\x00\x00\x00\x00\x00\x00\x00\x00\x00\x00\x00\x00\x00\x00\x00\x00\x00\x00\x00\x00\x00\x00\x00\x00\x00\x00\x00\x00\x00\x00\x00\x00\x00\x00\x00\x00\x00\x00\x00\x00\x00\x00\x00\x00\x00\x00\x00\x00\x00\x00\x00\x00\x00\x00\x00\x00\x00\x00\x00\x00\x00\x00\x00\x00+',
  111:b'\x00\x00\x00\x00\x00\x00\x00\x00\x00\x00\x00\x00\x00\x00\x00\x00\x00\x00\x00\x00\x00\x00\x00\x00\x00\x00\x00\x00\x00\x00\x00\x00\x00\x00\x00\x00\x00\x00\x00\x00\x00\x00\x00\x00\x00\x00\x00\x00\x00\x00\x00\x00\x00\x00\x00\x00\x00\x00\x00\x00\x00\x00\x00\x00\x00\x00\x00\x00\x00\x00\x00\x00\x00\x00\x00\x00\x00\x00\x00\x00\x00\x00\x00\x00\x00\x00\x00\x00\x00\x00\x00\x00\x00\x00\x00\x00\x00\x00\x00\x00\x00\x00\x00\x00\x00\x00\x00\x00\x00\x00\x00\x00\x00\x00\x00\x00\x00\x00\x00\x00\x00\x00\x00\x00\x00\x00\x00\x00\x00\x00\x00\x00\x00\x00\x00\x00\x00\x00\x00\x00\x00\x00\x00\x00\x00\x00\x00\x00\x00\x00\x00\x00\x00\x00\x00\x00\x00\x00\x00\x00\x00\x00\x00\x00\x00\x00\x00\x00\x00\x00\xff\xc0\x00\x00\x00\x07\xff\xf8\x00\x00\x00\x1f\xff\xfc\x00\x00\x00?\xff\xff\x00\x00\x00\x7f\xff\xff\x80\x00\x00\xff\xff\xff\xc0\x00\x01\xff\x80\xff\xc0\x00\x01\xfe\x00?\xe0\x00\x03\xfc\x00\x0f\xf0\x00\x03\xf8\x00\x0f\xf0\x00\x07\xf0\x00\x07\xf0\x00\x07\xf0\x00\x03\xf8\x00\x07\xe0\x00\x03\xf8\x00\x0f\xe0\x00\x01\xf8\x00\x0f\xe0\x00\x01\xf8\x00\x0f\xe0\x00\x01\xfc\x00\x0f\xe0\x00\x01\xfc\x00\x0f\xc0\x00\x01\xfc\x00\x0f\xc0\x00\x01\xfc\x00\x0f\xc0\x00\x01\xfc\x00\x0f\xc0\x00\x00\xfc\x00\x0f\xc0\x00\x01\xfc\x00\x0f\xc0\x00\x01\xfc\x00\x0f\xc0\x00\x01\xfc\x00\x0f\xe0\x00\x01\xfc\x00\x0f\xe0\x00\x01\xfc\x00\x0f\xe0\x00\x01\xf8\x00\x0f\xe0\x00\x01\xf8\x00\x07\xf0\x00\x03\xf8\x00\x07\xf0\x00\x03\xf8\x00\x07\xf8\x00\x07\xf0\x00\x03\xf8\x00\x07\xf0\x00\x03\xfc\x00\x0f\xf0\x00\x01\xff\x00\x1f\xe0\x00\x01\xff\xc0\x7f\xc0\x00\x00\xff\xff\xff\xc0\x00\x00\x7f\xff\xff\x80\x00\x00?\xff\xff\x00\x00\x00\x1f\xff\xfc\x00\x00\x00\x07\xff\xf8\x00\x00\x00\x00\xff\x80\x00\x00\x00\x00\x00\x00\x00\x00\x00\x00\x00\x00\x00\x00\x00\x00\x00\x00\x00\x00\x00\x00\x00\x00\x00\x00\x00\x00\x00\x00\x00\x00\x00\x00\x00\x00\x00\x00\x00\x00\x00\x00\x00\x00\x00\x00\x00\x00\x00\x00\x00\x00\x00\x00\x00\x00\x00\x00\x00\x00\x00\x00\x00\x00\x00\x00\x00\x00\x00\x00\x00\x00\x00\x00\x00\x00\x00\x00\x00\x00\x00\x00\x00\x00\x00\x00\x00\x00\x00\x00\x00\x00\x00\x00\x00\x00\x00\x00\x00\x00\x00\x00\x00\x00*',
  112:b'\x00\x00\x00\x00\x00\x00\x00\x00\x00\x00\x00\x00\x00\x00\x00\x00\x00\x00\x00\x00\x00\x00\x00\x00\x00\x00\x00\x00\x00\x00\x00\x00\x00\x00\x00\x00\x00\x00\x00\x00\x00\x00\x00\x00\x00\x00\x00\x00\x00\x00\x00\x00\x00\x00\x00\x00\x00\x00\x00\x00\x00\x00\x00\x00\x00\x00\x00\x00\x00\x00\x00\x00\x00\x00\x00\x00\x00\x00\x00\x00\x00\x00\x00\x00\x00\x00\x00\x00\x00\x00\x00\x00\x00\x00\x00\x00\x00\x00\x00\x00\x00\x00\x00\x00\x00\x00\x00\x00\x00\x00\x00\x00\x00\x00\x00\x00\x00\x00\x00\x00\x00\x00\x00\x00\x00\x00\x00\x00\x00\x00\x00\x00\x00\x00\x00\x00\x00\x00\x00\x00\x00\x00\x00\x00\x00\x00\x00\x00\x00\x00\x00\x00\x00\x00\x00\x00\x00\x00\x00\x00\x00\x00\x00\x00\x00\x00\x00\x00\x00\x00\x1f\xf0\x00\x00\x03\xc0\xff\xfe\x00\x00\x03\xe1\xff\xff\x00\x00\x03\xe3\xff\xff\x80\x00\x03\xe7\xff\xff\xc0\x00\x03\xef\xff\xff\xe0\x00\x03\xff\xc0\x7f\xf0\x00\x03\xff\x00\x1f\xf0\x00\x03\xfe\x00\x07\xf8\x00\x03\xfc\x00\x07\xf8\x00\x03\xfc\x00\x03\xf8\x00\x03\xf8\x00\x01\xfc\x00\x03\xf8\x00\x01\xfc\x00\x03\xf0\x00\x01\xfc\x00\x03\xf0\x00\x01\xfc\x00\x03\xf0\x00\x00\xfc\x00\x03\xf0\x00\x00\xfc\x00\x03\xf0\x00\x00\xfc\x00\x03\xf0\x00\x00\xfc\x00\x03\xf0\x00\x00\xfc\x00\x03\xf0\x00\x00\xfc\x00\x03\xf0\x00\x00\xfc\x00\x03\xf0\x00\x00\xfc\x00\x03\xf0\x00\x00\xfc\x00\x03\xf0\x00\x01\xfc\x00\x03\xf0\x00\x01\xfc\x00\x03\xf0\x00\x01\xfc\x00\x03\xf0\x00\x01\xf8\x00\x03\xf0\x00\x03\xf8\x00\x03\xf0\x00\x03\xf8\x00\x03\xf0\x00\x07\xf0\x00\x03\xf0\x00\x0f\xf0\x00\x03\xf0\x00\x1f\xe0\x00\x03\xf8\x00?\xe0\x00\x03\xff\x00\xff\xc0\x00\x03\xff\xff\xff\x80\x00\x03\xff\xff\xff\x00\x00\x03\xff\xff\xfe\x00\x00\x03\xff\xff\xfc\x00\x00\x03\xff\xff\xf0\x00\x00\x03\xf1\xff\x80\x00\x00\x03\xf0\x00\x00\x00\x00\x03\xf0\x00\x00\x00\x00\x03\xf0\x00\x00\x00\x00\x03\xf0\x00\x00\x00\x00\x03\xf0\x00\x00\x00\x00\x03\xf0\x00\x00\x00\x00\x03\xf0\x00\x00\x00\x00\x03\xf0\x00\x00\x00\x00\x03\xf0\x00\x00\x00\x00\x03\xf0\x00\x00\x00\x00\x03\xf0\x00\x00\x00\x00\x03\xf0\x00\x00\x00\x00\x03\xf0\x00\x00\x00\x00\x03\xf0\x00\x00\x00\x00\x03\xf0\x00\x00\x00\x00\x00\x00\x00\x00\x00\x00\x00\x00\x00\x00\x00\x00*',
  113:b'\x00\x00\x00\x00\x00\x00\x00\x00\x00\x00\x00\x00\x00\x00\x00\x00\x00\x00\x00\x00\x00\x00\x00\x00\x00\x00\x00\x00\x00\x00\x00\x00\x00\x00\x00\x00\x00\x00\x00\x00\x00\x00\x00\x00\x00\x00\x00\x00\x00\x00\x00\x00\x00\x00\x00\x00\x00\x00\x00\x00\x00\x00\x00\x00\x00\x00\x00\x00\x00\x00\x00\x00\x00\x00\x00\x00\x00\x00\x00\x00\x00\x00\x00\x00\x00\x00\x00\x00\x00\x00\x00\x00\x00\x00\x00\x00\x00\x00\x00\x00\x00\x00\x00\x00\x00\x00\x00\x00\x00\x00\x00\x00\x00\x00\x00\x00\x00\x00\x00\x00\x00\x00\x00\x00\x00\x00\x00\x00\x00\x00\x00\x00\x00\x00\x00\x00\x00\x00\x00\x00\x00\x00\x00\x00\x00\x00\x00\x00\x00\x00\x00\x00\x00\x00\x00\x00\x00\x00\x00\x00\x00\x00\x00\x00\x00\x00\x00\x00\x00\x00?\xf8\x00\x00\x00\x03\xff\xff\x80\x00\x00\x0f\xff\xff\xf0\x00\x00\x1f\xff\xff\xf0\x00\x00\x7f\xff\xff\xf0\x00\x00\xff\xff\xff\xf0\x00\x00\xff\xc0\x1f\xf0\x00\x01\xff\x00\x03\xf0\x00\x03\xfc\x00\x03\xf0\x00\x03\xf8\x00\x03\xf0\x00\x07\xf8\x00\x03\xf0\x00\x07\xf0\x00\x03\xf0\x00\x07\xf0\x00\x03\xf0\x00\x07\xe0\x00\x03\xf0\x00\x0f\xe0\x00\x03\xf0\x00\x0f\xe0\x00\x03\xf0\x00\x0f\xe0\x00\x03\xf0\x00\x0f\xc0\x00\x03\xf0\x00\x0f\xc0\x00\x03\xf0\x00\x0f\xc0\x00\x03\xf0\x00\x0f\xc0\x00\x03\xf0\x00\x0f\xc0\x00\x03\xf0\x00\x0f\xc0\x00\x03\xf0\x00\x0f\xc0\x00\x03\xf0\x00\x0f\xe0\x00\x03\xf0\x00\x0f\xe0\x00\x03\xf0\x00\x0f\xe0\x00\x03\xf0\x00\x0f\xe0\x00\x07\xf0\x00\x0f\xe0\x00\x07\xf0\x00\x07\xf0\x00\x07\xf0\x00\x07\xf0\x00\x0f\xf0\x00\x07\xf8\x00\x0f\xf0\x00\x03\xfc\x00\x1f\xf0\x00\x03\xfe\x00?\xf0\x00\x01\xff\x80\xff\xf0\x00\x01\xff\xff\xff\xf0\x00\x00\xff\xff\xfb\xf0\x00\x00\x7f\xff\xf3\xf0\x00\x00?\xff\xe3\xf0\x00\x00\x0f\xff\xc3\xf0\x00\x00\x01\xfe\x03\xf0\x00\x00\x00\x00\x03\xf0\x00\x00\x00\x00\x03\xf0\x00\x00\x00\x00\x03\xf0\x00\x00\x00\x00\x03\xf0\x00\x00\x00\x00\x03\xf0\x00\x00\x00\x00\x03\xf0\x00\x00\x00\x00\x03\xf0\x00\x00\x00\x00\x03\xf0\x00\x00\x00\x00\x03\xf0\x00\x00\x00\x00\x03\xf0\x00\x00\x00\x00\x03\xf0\x00\x00\x00\x00\x03\xf0\x00\x00\x00\x00\x03\xf0\x00\x00\x00\x00\x03\xf0\x00\x00\x00\x00\x03\xf0\x00\x00\x00\x00\x00\x00\x00\x00\x00\x00\x00\x00\x00*',
  114:b'\x00\x00\x00\x00\x00\x00\x00\x00\x00\x00\x00\x00\x00\x00\x00\x00\x00\x00\x00\x00\x00\x00\x00\x00\x00\x00\x00\x00\x00\x00\x00\x00\x00\x00\x00\x00\x00\x00\x00\x00\x00\x00\x00\x00\x00\x00\x00\x00\x00\x00\x00\x00\x00\x00\x00\x00\x00\x00\x00\x00\x00\x00\x00\x00\x00\x00\x00\x00\x00\x00\x00\x00\x00\x00\x00\x00\x00\x00\x00\x00\x00\x00\x00\x00\x00\x00\x00\x00\x00\x00\x00\x00\x00\x00\x00\x00\x00\x00\x00\x00\x00\x00\x00\x00\x00\x00\x00\x00\x00\x00\x00\x00\x00\x00\x7f\x80\x03\xe1\xff\xc0\x03\xe3\xff\x80\x03\xe7\xff\x80\x03\xef\xff\x80\x03\xff\xff\x80\x03\xff\x81\x00\x03\xfe\x00\x00\x03\xfc\x00\x00\x03\xf8\x00\x00\x03\xf8\x00\x00\x03\xf0\x00\x00\x03\xf0\x00\x00\x03\xf0\x00\x00\x03\xf0\x00\x00\x03\xf0\x00\x00\x03\xf0\x00\x00\x03\xf0\x00\x00\x03\xf0\x00\x00\x03\xf0\x00\x00\x03\xf0\x00\x00\x03\xf0\x00\x00\x03\xf0\x00\x00\x03\xf0\x00\x00\x03\xf0\x00\x00\x03\xf0\x00\x00\x03\xf0\x00\x00\x03\xf0\x00\x00\x03\xf0\x00\x00\x03\xf0\x00\x00\x03\xf0\x00\x00\x03\xf0\x00\x00\x03\xf0\x00\x00\x03\xf0\x00\x00\x03\xf0\x00\x00\x03\xf0\x00\x00\x03\xf0\x00\x00\x03\xf0\x00\x00\x03\xf0\x00\x00\x03\xf0\x00\x00\x00\x00\x00\x00\x00\x00\x00\x00\x00\x00\x00\x00\x00\x00\x00\x00\x00\x00\x00\x00\x00\x00\x00\x00\x00\x00\x00\x00\x00\x00\x00\x00\x00\x00\x00\x00\x00\x00\x00\x00\x00\x00\x00\x00\x00\x00\x00\x00\x00\x00\x00\x00\x00\x00\x00\x00\x00\x00\x00\x00\x00\x00\x00\x00\x00\x00\x00\x00\x00\x00\x00\x00\x1b',
  115:b'\x00\x00\x00\x00\x00\x00\x00\x00\x00\x00\x00\x00\x00\x00\x00\x00\x00\x00\x00\x00\x00\x00\x00\x00\x00\x00\x00\x00\x00\x00\x00\x00\x00\x00\x00\x00\x00\x00\x00\x00\x00\x00\x00\x00\x00\x00\x00\x00\x00\x00\x00\x00\x00\x00\x00\x00\x00\x00\x00\x00\x00\x00\x00\x00\x00\x00\x00\x00\x00\x00\x00\x00\x00\x00\x00\x00\x00\x00\x00\x00\x00\x00\x00\x00\x00\x00\x00\x00\x00\x00\x00\x00\x00\x00\x00\x00\x00\x00\x00\x00\x00\x00\x00\x00\x00\x00\x00\x00\x00\x00\x00\x00\x00\x00\x00\x00\x00\x00\x00\x00\x00\x00\x00\x00\x00\x00\x00\x00\x00\x00\x00\x00\x00\x00\x00\x00\x00\x00\x00\x00\x00\x0f\xfe\x00\x00\x00\x7f\xff\xe0\x00\x00\xff\xff\xf0\x00\x01\xff\xff\xf0\x00\x03\xff\xff\xf0\x00\x07\xff\xff\xf0\x00\x07\xfc\x03\xe0\x00\x07\xf0\x00 \x00\x07\xe0\x00\x00\x00\x0f\xe0\x00\x00\x00\x0f\xe0\x00\x00\x00\x0f\xe0\x00\x00\x00\x0f\xe0\x00\x00\x00\x07\xe0\x00\x00\x00\x07\xf8\x00\x00\x00\x07\xfc\x00\x00\x00\x03\xff\x80\x00\x00\x01\xff\xe0\x00\x00\x01\xff\xfc\x00\x00\x00\x7f\xff\x00\x00\x00?\xff\x80\x00\x00\x0f\xff\xc0\x00\x00\x01\xff\xe0\x00\x00\x00?\xf0\x00\x00\x00\x0f\xf8\x00\x00\x00\x07\xf8\x00\x00\x00\x03\xf8\x00\x00\x00\x01\xf8\x00\x00\x00\x01\xf8\x00\x00\x00\x01\xf8\x00\x00\x00\x01\xf8\x00\x00\x00\x01\xf8\x00\x04\x00\x03\xf8\x00\x0f\x00\x07\xf8\x00\x0f\xe0\x1f\xf0\x00\x0f\xff\xff\xf0\x00\x0f\xff\xff\xe0\x00\x1f\xff\xff\xc0\x00\x0f\xff\xff\x80\x00\x03\xff\xfe\x00\x00\x00?\xf8\x00\x00\x00\x00\x00\x00\x00\x00\x00\x00\x00\x00\x00\x00\x00\x00\x00\x00\x00\x00\x00\x00\x00\x00\x00\x00\x00\x00\x00\x00\x00\x00\x00\x00\x00\x00\x00\x00\x00\x00\x00\x00\x00\x00\x00\x00\x00\x00\x00\x00\x00\x00\x00\x00\x00\x00\x00\x00\x00\x00\x00\x00\x00\x00\x00\x00\x00\x00\x00\x00\x00\x00\x00\x00\x00\x00\x00\x00\x00\x00\x00\x00\x00\x00\x00\x00\x00!',
  116:b'\x00\x00\x00\x00\x00\x00\x00\x00\x00\x00\x00\x00\x00\x00\x00\x00\x00\x00\x00\x00\x00\x00\x00\x00\x00\x00\x00\x00\x00\x00\x00\x00\x00\x00\x00\x00\x00\x00\x00\x00\x00\x00\x00\x00\x00\x00\x00\x00\x00\x00\x00\x00\x00\x00\x00\x00\x00\x00\x00\x00\x00\x00\x00\x00\x00\x00\x00\x00\x00\x00\x00\x00\x00\x00\x00\x00\x00\x08\x00\x00\x00\xf8\x00\x00\x01\xf8\x00\x00\x01\xf8\x00\x00\x01\xf8\x00\x00\x01\xf8\x00\x00\x01\xf8\x00\x00\x01\xf8\x00\x00\x01\xf8\x00\x00\x01\xf8\x00\x00\x7f\xff\xff\x00\x7f\xff\xff\x00\x7f\xff\xff\x00\x7f\xff\xff\x00\x7f\xff\xff\x00\x7f\xff\xff\x00\x01\xf8\x00\x00\x01\xf8\x00\x00\x01\xf8\x00\x00\x01\xf8\x00\x00\x01\xf8\x00\x00\x01\xf8\x00\x00\x01\xf8\x00\x00\x01\xf8\x00\x00\x01\xf8\x00\x00\x01\xf8\x00\x00\x01\xf8\x00\x00\x01\xf8\x00\x00\x01\xf8\x00\x00\x01\xf8\x00\x00\x01\xf8\x00\x00\x01\xf8\x00\x00\x01\xf8\x00\x00\x01\xf8\x00\x00\x01\xf8\x00\x00\x01\xf8\x00\x00\x01\xf8\x00\x00\x01\xf8\x00\x00\x01\xf8\x00\x00\x01\xf8\x00\x00\x01\xf8\x00\x00\x01\xfc\x00\x00\x01\xfc\x00\x00\x01\xfe\x03\x00\x00\xff\xff\x80\x00\xff\xff\x80\x00\xff\xff\x80\x00\x7f\xff\x80\x00?\xff@\x00\x0f\xf8\x00\x00\x00\x00\x00\x00\x00\x00\x00\x00\x00\x00\x00\x00\x00\x00\x00\x00\x00\x00\x00\x00\x00\x00\x00\x00\x00\x00\x00\x00\x00\x00\x00\x00\x00\x00\x00\x00\x00\x00\x00\x00\x00\x00\x00\x00\x00\x00\x00\x00\x00\x00\x00\x00\x00\x00\x00\x00\x00\x00\x00\x00\x00\x00\x00\x00\x00\x00\x00\x1a',
  117:b'\x00\x00\x00\x00\x00\x00\x00\x00\x00\x00\x00\x00\x00\x00\x00\x00\x00\x00\x00\x00\x00\x00\x00\x00\x00\x00\x00\x00\x00\x00\x00\x00\x00\x00\x00\x00\x00\x00\x00\x00\x00\x00\x00\x00\x00\x00\x00\x00\x00\x00\x00\x00\x00\x00\x00\x00\x00\x00\x00\x00\x00\x00\x00\x00\x00\x00\x00\x00\x00\x00\x00\x00\x00\x00\x00\x00\x00\x00\x00\x00\x00\x00\x00\x00\x00\x00\x00\x00\x00\x00\x00\x00\x00\x00\x00\x00\x00\x00\x00\x00\x00\x00\x00\x00\x00\x00\x00\x00\x00\x00\x00\x00\x00\x00\x00\x00\x00\x00\x00\x00\x00\x00\x00\x00\x00\x00\x00\x00\x00\x00\x00\x00\x00\x00\x00\x00\x00\x00\x00\x00\x00\x00\x00\x00\x00\x00\x00\x00\x00\x00\x00\x00\x00\x00\x00\x00\x00\x00\x00\x00\x00\x00\x00\x00\x00\x00\x00\x00\x00\x00\x00\x00\x00\x00\x07\xf0\x00\x03\xf0\x00\x07\xf0\x00\x03\xf0\x00\x07\xf0\x00\x03\xf0\x00\x07\xf0\x00\x03\xf0\x00\x07\xf0\x00\x03\xf0\x00\x07\xf0\x00\x03\xf0\x00\x07\xf0\x00\x03\xf0\x00\x07\xf0\x00\x03\xf0\x00\x07\xf0\x00\x03\xf0\x00\x07\xf0\x00\x03\xf0\x00\x07\xf0\x00\x03\xf0\x00\x07\xf0\x00\x03\xf0\x00\x07\xf0\x00\x03\xf0\x00\x07\xf0\x00\x03\xf0\x00\x07\xf0\x00\x03\xf0\x00\x07\xf0\x00\x03\xf0\x00\x07\xf0\x00\x03\xf0\x00\x07\xf0\x00\x03\xf0\x00\x07\xf0\x00\x03\xf0\x00\x07\xf0\x00\x03\xf0\x00\x07\xf0\x00\x03\xf0\x00\x07\xf0\x00\x03\xf0\x00\x07\xf0\x00\x03\xf0\x00\x07\xf0\x00\x03\xf0\x00\x07\xf0\x00\x03\xf0\x00\x07\xf0\x00\x03\xf0\x00\x07\xf0\x00\x07\xf0\x00\x03\xf0\x00\x07\xf0\x00\x03\xf0\x00\x0f\xf0\x00\x03\xf8\x00\x0f\xf0\x00\x03\xf8\x00\x1f\xf0\x00\x03\xfc\x00?\xf0\x00\x03\xfc\x00\x7f\xf0\x00\x01\xff\x01\xfd\xf0\x00\x01\xff\xff\xfd\xf0\x00\x00\xff\xff\xf8\xf0\x00\x00\xff\xff\xf0\xf0\x00\x00\x7f\xff\xc0\xf8\x00\x00\x1f\xff\x80\xf8\x00\x00\x07\xfc\x00\x00\x00\x00\x00\x00\x00\x00\x00\x00\x00\x00\x00\x00\x00\x00\x00\x00\x00\x00\x00\x00\x00\x00\x00\x00\x00\x00\x00\x00\x00\x00\x00\x00\x00\x00\x00\x00\x00\x00\x00\x00\x00\x00\x00\x00\x00\x00\x00\x00\x00\x00\x00\x00\x00\x00\x00\x00\x00\x00\x00\x00\x00\x00\x00\x00\x00\x00\x00\x00\x00\x00\x00\x00\x00\x00\x00\x00\x00\x00\x00\x00\x00\x00\x00\x00\x00\x00\x00\x00\x00\x00\x00\x00\x00\x00\x00\x00\x00\x00\x00\x00\x00\x00\x00*',
  118:b'\x00\x00\x00\x00\x00\x00\x00\x00\x00\x00\x00\x00\x00\x00\x00\x00\x00\x00\x00\x00\x00\x00\x00\x00\x00\x00\x00\x00\x00\x00\x00\x00\x00\x00\x00\x00\x00\x00\x00\x00\x00\x00\x00\x00\x00\x00\x00\x00\x00\x00\x00\x00\x00\x00\x00\x00\x00\x00\x00\x00\x00\x00\x00\x00\x00\x00\x00\x00\x00\x00\x00\x00\x00\x00\x00\x00\x00\x00\x00\x00\x00\x00\x00\x00\x00\x00\x00\x00\x00\x00\x00\x00\x00\x00\x00\x00\x00\x00\x00\x00\x00\x00\x00\x00\x00\x00\x00\x00\x00\x00\x00\x00\x00\x00\x00\x00\x00\x00\x00\x00\x00\x00\x00\x00\x00\x00\x00\x00\x00\x00\x00\x00\x00\x00\x00\x00\x00\x00\x00\x00\x00\x00\x00\x00\x00\x7f\x00\x00\x03\xf8\x7f\x00\x00\x03\xf0?\x80\x00\x07\xf0?\x80\x00\x07\xe0\x1f\xc0\x00\x0f\xe0\x1f\xc0\x00\x0f\xe0\x1f\xe0\x00\x0f\xc0\x0f\xe0\x00\x1f\xc0\x0f\xe0\x00\x1f\x80\x07\xf0\x00\x1f\x80\x07\xf0\x00?\x80\x03\xf8\x00?\x00\x03\xf8\x00\x7f\x00\x03\xf8\x00~\x00\x01\xfc\x00~\x00\x01\xfc\x00\xfc\x00\x00\xfe\x00\xfc\x00\x00\xfe\x01\xfc\x00\x00~\x01\xf8\x00\x00\x7f\x01\xf8\x00\x00\x7f\x03\xf0\x00\x00?\x83\xf0\x00\x00?\x83\xf0\x00\x00\x1f\x87\xe0\x00\x00\x1f\xc7\xe0\x00\x00\x1f\xc7\xc0\x00\x00\x0f\xcf\xc0\x00\x00\x0f\xef\x80\x00\x00\x07\xef\x80\x00\x00\x07\xef\x80\x00\x00\x03\xff\x00\x00\x00\x03\xff\x00\x00\x00\x03\xfe\x00\x00\x00\x01\xfe\x00\x00\x00\x01\xfe\x00\x00\x00\x00\xfc\x00\x00\x00\x00\xfc\x00\x00\x00\x00x\x00\x00\x00\x00x\x00\x00\x00\x00x\x00\x00\x00\x00\x00\x00\x00\x00\x00\x00\x00\x00\x00\x00\x00\x00\x00\x00\x00\x00\x00\x00\x00\x00\x00\x00\x00\x00\x00\x00\x00\x00\x00\x00\x00\x00\x00\x00\x00\x00\x00\x00\x00\x00\x00\x00\x00\x00\x00\x00\x00\x00\x00\x00\x00\x00\x00\x00\x00\x00\x00\x00\x00\x00\x00\x00\x00\x00\x00\x00\x00\x00\x00\x00\x00\x00\x00\x00\x00\x00\x00\x00\x00\x00\x00\x00\x00&',
  119:b'\x00\x00\x00\x00\x00\x00\x00\x00\x00\x00\x00\x00\x00\x00\x00\x00\x00\x00\x00\x00\x00\x00\x00\x00\x00\x00\x00\x00\x00\x00\x00\x00\x00\x00\x00\x00\x00\x00\x00\x00\x00\x00\x00\x00\x00\x00\x00\x00\x00\x00\x00\x00\x00\x00\x00\x00\x00\x00\x00\x00\x00\x00\x00\x00\x00\x00\x00\x00\x00\x00\x00\x00\x00\x00\x00\x00\x00\x00\x00\x00\x00\x00\x00\x00\x00\x00\x00\x00\x00\x00\x00\x00\x00\x00\x00\x00\x00\x00\x00\x00\x00\x00\x00\x00\x00\x00\x00\x00\x00\x00\x00\x00\x00\x00\x00\x00\x00\x00\x00\x00\x00\x00\x00\x00\x00\x00\x00\x00\x00\x00\x00\x00\x00\x00\x00\x00\x00\x00\x00\x00\x00\x00\x00\x00\x00\x00\x00\x00\x00\x00\x00\x00\x00\x00\x00\x00\x00\x00\x00\x00\x00\x00\x00\x00\x00\x00\x00\x00\x00\x00\x00\x00\x00\x00\x00\x00\x00\x00\x00\x00\x00\x00\x00\x00\x00\x00\x00\x00\x00\x00\x00\x00\x00\x00\x00\x00\x00\x00\x00\x00\x00\x00\x00\x00\x00\x00\x00\x00\x00\x00\x00\x00\x00\x00\x00\x00\x00\x00\x00\x00\x00\x00\x00\x00\x00\x00\x00\x00\x00\x00\x00\x00\x7f\x00\x00\x1e\x00\x00\x1f\x80\x7f\x00\x00?\x00\x00?\x00\x7f\x00\x00?\x00\x00?\x00?\x80\x00\x7f\x80\x00?\x00?\x80\x00\x7f\x80\x00~\x00?\x80\x00\x7f\x80\x00~\x00\x1f\xc0\x00\xff\xc0\x00~\x00\x1f\xc0\x00\xff\xc0\x00\xfc\x00\x0f\xc0\x00\xf7\xe0\x00\xfc\x00\x0f\xe0\x01\xf7\xe0\x00\xfc\x00\x0f\xe0\x01\xf7\xe0\x00\xf8\x00\x07\xe0\x03\xf3\xf0\x01\xf8\x00\x07\xf0\x03\xe3\xf0\x01\xf8\x00\x07\xf0\x03\xe3\xf8\x01\xf0\x00\x03\xf0\x07\xe3\xf8\x03\xf0\x00\x03\xf8\x07\xe1\xf8\x03\xf0\x00\x03\xf8\x07\xc1\xfc\x03\xe0\x00\x01\xf8\x0f\xc0\xfc\x07\xe0\x00\x01\xfc\x0f\x80\xfe\x07\xe0\x00\x01\xfc\x0f\x80\xfe\x07\xc0\x00\x00\xfc\x1f\x80~\x07\xc0\x00\x00\xfe\x1f\x00\x7f\x0f\xc0\x00\x00\xfe?\x00?\x0f\x80\x00\x00~?\x00?\x0f\x80\x00\x00~>\x00?\x9f\x80\x00\x00\x7f>\x00\x1f\x9f\x00\x00\x00?|\x00\x1f\x9f\x00\x00\x00?|\x00\x0f\x9f\x00\x00\x00?|\x00\x0f\xde\x00\x00\x00\x1fx\x00\x0f\xde\x00\x00\x00\x1f\xf8\x00\x07\xfe\x00\x00\x00\x1f\xf0\x00\x07\xfc\x00\x00\x00\x0f\xf0\x00\x03\xfc\x00\x00\x00\x0f\xf0\x00\x03\xfc\x00\x00\x00\x0f\xe0\x00\x03\xf8\x00\x00\x00\x07\xe0\x00\x01\xf8\x00\x00\x00\x07\xe0\x00\x01\xf8\x00\x00\x00\x07\xc0\x00\x00\xf0\x00\x00\x00\x03\xc0\x00\x00\xf0\x00\x00\x00\x03\x80\x00\x00\xf0\x00\x00\x00\x00\x00\x00\x00\x00\x00\x00\x00\x00\x00\x00\x00\x00\x00\x00\x00\x00\x00\x00\x00\x00\x00\x00\x00\x00\x00\x00\x00\x00\x00\x00\x00\x00\x00\x00\x00\x00\x00\x00\x00\x00\x00\x00\x00\x00\x00\x00\x00\x00\x00\x00\x00\x00\x00\x00\x00\x00\x00\x00\x00\x00\x00\x00\x00\x00\x00\x00\x00\x00\x00\x00\x00\x00\x00\x00\x00\x00\x00\x00\x00\x00\x00\x00\x00\x00\x00\x00\x00\x00\x00\x00\x00\x00\x00\x00\x00\x00\x00\x00\x00\x00\x00\x00\x00\x00\x00\x00\x00\x00\x00\x00\x00\x00\x00\x00\x00\x00\x00\x00\x00\x00\x00\x00\x00\x00\x00\x00\x00\x00\x00\x00\x00\x00\x00\x009',
  120:b'\x00\x00\x00\x00\x00\x00\x00\x00\x00\x00\x00\x00\x00\x00\x00\x00\x00\x00\x00\x00\x00\x00\x00\x00\x00\x00\x00\x00\x00\x00\x00\x00\x00\x00\x00\x00\x00\x00\x00\x00\x00\x00\x00\x00\x00\x00\x00\x00\x00\x00\x00\x00\x00\x00\x00\x00\x00\x00\x00\x00\x00\x00\x00\x00\x00\x00\x00\x00\x00\x00\x00\x00\x00\x00\x00\x00\x00\x00\x00\x00\x00\x00\x00\x00\x00\x00\x00\x00\x00\x00\x00\x00\x00\x00\x00\x00\x00\x00\x00\x00\x00\x00\x00\x00\x00\x00\x00\x00\x00\x00\x00\x00\x00\x00\x00\x00\x00\x00\x00\x00\x00\x00\x00\x00\x00\x00\x00\x00\x00\x00\x00\x00\x00\x00\x00\x00\x00\x00\x00\x00\x00\x00\x00\x00\x00\x1f\xe0\x00\x03\xf8\x0f\xf0\x00\x07\xf0\x07\xf0\x00\x0f\xe0\x03\xf8\x00\x0f\xe0\x03\xfc\x00\x1f\xc0\x01\xfe\x00?\x80\x00\xfe\x00?\x80\x00\xff\x00\x7f\x00\x00\x7f\x80\xfe\x00\x00?\x81\xfe\x00\x00?\xc1\xfc\x00\x00\x1f\xe3\xf8\x00\x00\x0f\xe3\xf0\x00\x00\x0f\xf7\xf0\x00\x00\x07\xf7\xe0\x00\x00\x03\xff\xc0\x00\x00\x03\xff\xc0\x00\x00\x01\xff\x80\x00\x00\x00\xff\x00\x00\x00\x00\xff\x80\x00\x00\x01\xff\x80\x00\x00\x03\xff\xc0\x00\x00\x03\xff\xe0\x00\x00\x07\xef\xe0\x00\x00\x0f\xe7\xf0\x00\x00\x0f\xc7\xf8\x00\x00\x1f\xc3\xf8\x00\x00?\x81\xfc\x00\x00?\x81\xfe\x00\x00\x7f\x00\xfe\x00\x00\xfe\x00\x7f\x00\x01\xfc\x00\x7f\x80\x01\xfc\x00?\xc0\x03\xf8\x00\x1f\xc0\x07\xf0\x00\x1f\xe0\x07\xf0\x00\x0f\xf0\x0f\xe0\x00\x07\xf0\x1f\xc0\x00\x03\xf8?\xc0\x00\x03\xfc\x00\x00\x00\x00\x00\x00\x00\x00\x00\x00\x00\x00\x00\x00\x00\x00\x00\x00\x00\x00\x00\x00\x00\x00\x00\x00\x00\x00\x00\x00\x00\x00\x00\x00\x00\x00\x00\x00\x00\x00\x00\x00\x00\x00\x00\x00\x00\x00\x00\x00\x00\x00\x00\x00\x00\x00\x00\x00\x00\x00\x00\x00\x00\x00\x00\x00\x00\x00\x00\x00\x00\x00\x00\x00\x00\x00\x00\x00\x00\x00\x00\x00\x00\x00\x00\x00\x00\x00\x00\x00(',
  121:b'\x00\x00\x00\x00\x00\x00\x00\x00\x00\x00\x00\x00\x00\x00\x00\x00\x00\x00\x00\x00\x00\x00\x00\x00\x00\x00\x00\x00\x00\x00\x00\x00\x00\x00\x00\x00\x00\x00\x00\x00\x00\x00\x00\x00\x00\x00\x00\x00\x00\x00\x00\x00\x00\x00\x00\x00\x00\x00\x00\x00\x00\x00\x00\x00\x00\x00\x00\x00\x00\x00\x00\x00\x00\x00\x00\x00\x00\x00\x00\x00\x00\x00\x00\x00\x00\x00\x00\x00\x00\x00\x00\x00\x00\x00\x00\x00\x00\x00\x00\x00\x00\x00\x00\x00\x00\x00\x00\x00\x00\x00\x00\x00\x00\x00\x00\x00\x00\x00\x00\x00\x00\x00\x00\x00\x00\x00\x00\x00\x00\x00\x00\x00\x00\x00\x00\x00\x00\x00\x00\x00\x00\x00\x00\x00\x00\x7f\x00\x00\x07\xf0?\x80\x00\x07\xe0?\x80\x00\x07\xe0?\x80\x00\x0f\xc0\x1f\xc0\x00\x0f\xc0\x1f\xc0\x00\x0f\xc0\x0f\xe0\x00\x1f\xc0\x0f\xe0\x00\x1f\x80\x0f\xe0\x00\x1f\x80\x07\xf0\x00?\x80\x07\xf0\x00?\x00\x03\xf0\x00?\x00\x03\xf8\x00?\x00\x03\xf8\x00~\x00\x01\xf8\x00~\x00\x01\xfc\x00~\x00\x00\xfc\x00\xfc\x00\x00\xfe\x00\xfc\x00\x00\xfe\x00\xfc\x00\x00~\x01\xf8\x00\x00\x7f\x01\xf8\x00\x00?\x01\xf8\x00\x00?\x01\xf0\x00\x00?\x83\xf0\x00\x00\x1f\x83\xf0\x00\x00\x1f\xc3\xe0\x00\x00\x0f\xc7\xe0\x00\x00\x0f\xc7\xe0\x00\x00\x0f\xc7\xc0\x00\x00\x07\xe7\xc0\x00\x00\x07\xe7\xc0\x00\x00\x03\xef\x80\x00\x00\x03\xff\x80\x00\x00\x03\xff\x80\x00\x00\x01\xff\x00\x00\x00\x01\xff\x00\x00\x00\x00\xff\x00\x00\x00\x00\xfe\x00\x00\x00\x00\xfe\x00\x00\x00\x00\xfe\x00\x00\x00\x00\xfc\x00\x00\x00\x00\xfc\x00\x00\x00\x00\xf8\x00\x00\x00\x01\xf8\x00\x00\x00\x01\xf8\x00\x00\x00\x03\xf0\x00\x00\x00\x07\xf0\x00\x00\x00\x0f\xe0\x00\x00\x00\x1f\xe0\x00\x00\x01\xff\xc0\x00\x00\x01\xff\xc0\x00\x00\x01\xff\x80\x00\x00\x03\xff\x00\x00\x00\x03\xfe\x00\x00\x00\x01\xf8\x00\x00\x00\x00\x00\x00\x00\x00\x00\x00\x00\x00\x00$',
  122:b'\x00\x00\x00\x00\x00\x00\x00\x00\x00\x00\x00\x00\x00\x00\x00\x00\x00\x00\x00\x00\x00\x00\x00\x00\x00\x00\x00\x00\x00\x00\x00\x00\x00\x00\x00\x00\x00\x00\x00\x00\x00\x00\x00\x00\x00\x00\x00\x00\x00\x00\x00\x00\x00\x00\x00\x00\x00\x00\x00\x00\x00\x00\x00\x00\x00\x00\x00\x00\x00\x00\x00\x00\x00\x00\x00\x00\x00\x00\x00\x00\x00\x00\x00\x00\x00\x00\x00\x00\x00\x00\x00\x00\x00\x00\x00\x00\x00\x00\x00\x00\x00\x00\x00\x00\x00\x00\x00\x00\x00\x00\x00\x00\x00\x00\x00\x00\x00\x00\x00\x00\x00\x00\x00\x00\x00\x00\x00\x00\x00\x00\x00\x00\x00\x00\x00\x00\x00\x00\x00\x00\x00\x00\x00\x00\x00\x1f\xff\xff\xfe\x00\x1f\xff\xff\xfe\x00\x1f\xff\xff\xfe\x00\x1f\xff\xff\xfe\x00\x1f\xff\xff\xfe\x00\x1f\xff\xff\xfe\x00\x00\x00\x00\xfe\x00\x00\x00\x01\xfc\x00\x00\x00\x03\xf8\x00\x00\x00\x07\xf0\x00\x00\x00\x0f\xf0\x00\x00\x00\x1f\xe0\x00\x00\x00\x1f\xc0\x00\x00\x00?\x80\x00\x00\x00\x7f\x80\x00\x00\x00\xff\x00\x00\x00\x00\xfe\x00\x00\x00\x01\xfc\x00\x00\x00\x03\xfc\x00\x00\x00\x07\xf8\x00\x00\x00\x07\xf0\x00\x00\x00\x0f\xe0\x00\x00\x00\x1f\xe0\x00\x00\x00?\xc0\x00\x00\x00?\x80\x00\x00\x00\x7f\x00\x00\x00\x00\xff\x00\x00\x00\x01\xfe\x00\x00\x00\x01\xfc\x00\x00\x00\x03\xf8\x00\x00\x00\x07\xf0\x00\x00\x00\x0f\xe0\x00\x00\x00\x0f\xc0\x00\x00\x00\x1f\xff\xff\xfe\x00\x1f\xff\xff\xfe\x00\x1f\xff\xff\xfe\x00\x1f\xff\xff\xfe\x00\x1f\xff\xff\xfe\x00\x1f\xff\xff\xfe\x00\x00\x00\x00\x00\x00\x00\x00\x00\x00\x00\x00\x00\x00\x00\x00\x00\x00\x00\x00\x00\x00\x00\x00\x00\x00\x00\x00\x00\x00\x00\x00\x00\x00\x00\x00\x00\x00\x00\x00\x00\x00\x00\x00\x00\x00\x00\x00\x00\x00\x00\x00\x00\x00\x00\x00\x00\x00\x00\x00\x00\x00\x00\x00\x00\x00\x00\x00\x00\x00\x00\x00\x00\x00\x00\x00\x00\x00\x00\x00\x00\x00\x00\x00\x00\x00\x00\x00\x00\x00\x00#',
  123:b'\x00\x00\x00\x00\x00\x00\x00\x00\x00\x00\x00\x00\x00\x00\x00\x00\x00\x00\x00\x00\x00\x00\x00\x00\x00\x00\x00\x00\x00\x00\x00\x00\x00\x00\x00\x00\x00\x00\x00\x00\x00\x00\x00\x00\x00\x00\x00\x00\x00\x00\x00\x00\x00\x01\xff\x80\x00\x07\xff\x80\x00\x0f\xff\x80\x00\x0f\xff\x80\x00\x1f\xff\x80\x00\x1f\xff\x80\x00\x1f\xe0\x00\x00\x1f\x80\x00\x00\x1f\x80\x00\x00\x1f\x80\x00\x00\x1f\x80\x00\x00\x1f\x80\x00\x00\x1f\x80\x00\x00\x1f\x80\x00\x00\x1f\x80\x00\x00\x1f\x80\x00\x00\x1f\x80\x00\x00\x1f\x80\x00\x00\x1f\x80\x00\x00\x1f\x80\x00\x00\x1f\x80\x00\x00\x1f\x80\x00\x00\x1f\x80\x00\x00\x1f\x80\x00\x00\x1f\x80\x00\x00\x1f\x80\x00\x00\x1f\x80\x00\x00\x1f\x80\x00\x00\x1f\x80\x00\x00?\x80\x00\x00?\x80\x00\x00?\x80\x00\x00\x7f\x00\x00\x01\xff\x00\x00\x0f\xfe\x00\x00\x0f\xfc\x00\x00\x0f\xf0\x00\x00\x0f\xf8\x00\x00\x0f\xfc\x00\x00\x0f\xfe\x00\x00\x01\xff\x00\x00\x00\x7f\x00\x00\x00?\x80\x00\x00?\x80\x00\x00?\x80\x00\x00\x1f\x80\x00\x00\x1f\x80\x00\x00\x1f\x80\x00\x00\x1f\x80\x00\x00\x1f\x80\x00\x00\x1f\x80\x00\x00\x1f\x80\x00\x00\x1f\x80\x00\x00\x1f\x80\x00\x00\x1f\x80\x00\x00\x1f\x80\x00\x00\x1f\x80\x00\x00\x1f\x80\x00\x00\x1f\x80\x00\x00\x1f\x80\x00\x00\x1f\x80\x00\x00\x1f\x80\x00\x00\x1f\x80\x00\x00\x1f\x80\x00\x00\x1f\x80\x00\x00\x1f\x80\x00\x00\x1f\xc0\x00\x00\x1f\xff\x80\x00\x1f\xff\x80\x00\x0f\xff\x80\x00\x0f\xff\x80\x00\x07\xff\x80\x00\x01\xff\x80\x1b',
  124:b'\x00\x00\x00\x00\x00\x00\x00\x00\x00\x00\x00\x00\x00\x00\x00\x00\x00\x00\x00\x00\x00\x00\x00\x00\x00\x00\x00\x00\x00\x00\x00\x00\x00\x00\x00\x00\x00\x00\x00\x01\xf0\x00\x01\xf0\x00\x01\xf0\x00\x01\xf0\x00\x01\xf0\x00\x01\xf0\x00\x01\xf0\x00\x01\xf0\x00\x01\xf0\x00\x01\xf0\x00\x01\xf0\x00\x01\xf0\x00\x01\xf0\x00\x01\xf0\x00\x01\xf0\x00\x01\xf0\x00\x01\xf0\x00\x01\xf0\x00\x01\xf0\x00\x01\xf0\x00\x01\xf0\x00\x01\xf0\x00\x01\xf0\x00\x01\xf0\x00\x01\xf0\x00\x01\xf0\x00\x01\xf0\x00\x01\xf0\x00\x01\xf0\x00\x01\xf0\x00\x01\xf0\x00\x01\xf0\x00\x01\xf0\x00\x01\xf0\x00\x01\xf0\x00\x01\xf0\x00\x01\xf0\x00\x01\xf0\x00\x01\xf0\x00\x01\xf0\x00\x01\xf0\x00\x01\xf0\x00\x01\xf0\x00\x01\xf0\x00\x01\xf0\x00\x01\xf0\x00\x01\xf0\x00\x01\xf0\x00\x01\xf0\x00\x01\xf0\x00\x01\xf0\x00\x01\xf0\x00\x01\xf0\x00\x01\xf0\x00\x01\xf0\x00\x01\xf0\x00\x01\xf0\x00\x01\xf0\x00\x01\xf0\x00\x01\xf0\x00\x01\xf0\x00\x01\xf0\x00\x01\xf0\x00\x01\xf0\x00\x01\xf0\x00\x00\x00\x00\x00\x00\x00\x00\x00\x00\x00\x00\x00\x00\x00\x00\x00\x00\x00\x00\x00\x00\x00\x00\x00\x13',
  125:b'\x00\x00\x00\x00\x00\x00\x00\x00\x00\x00\x00\x00\x00\x00\x00\x00\x00\x00\x00\x00\x00\x00\x00\x00\x00\x00\x00\x00\x00\x00\x00\x00\x00\x00\x00\x00\x00\x00\x00\x00\x00\x00\x00\x00\x00\x00\x00\x00\x00\x00\x00\x00\x0f\xfc\x00\x00\x0f\xff\x00\x00\x0f\xff\x80\x00\x0f\xff\x80\x00\x0f\xff\xc0\x00\x0f\xff\xc0\x00\x00?\xc0\x00\x00\x0f\xc0\x00\x00\x0f\xc0\x00\x00\x0f\xc0\x00\x00\x0f\xc0\x00\x00\x0f\xc0\x00\x00\x0f\xc0\x00\x00\x0f\xc0\x00\x00\x0f\xc0\x00\x00\x0f\xc0\x00\x00\x0f\xc0\x00\x00\x0f\xc0\x00\x00\x0f\xc0\x00\x00\x0f\xc0\x00\x00\x0f\xc0\x00\x00\x0f\xc0\x00\x00\x0f\xc0\x00\x00\x0f\xc0\x00\x00\x0f\xc0\x00\x00\x0f\xc0\x00\x00\x0f\xc0\x00\x00\x0f\xc0\x00\x00\x0f\xc0\x00\x00\x0f\xe0\x00\x00\x0f\xe0\x00\x00\x0f\xe0\x00\x00\x07\xf0\x00\x00\x07\xfc\x00\x00\x03\xff\x80\x00\x01\xff\x80\x00\x00\xff\x80\x00\x00\x7f\x80\x00\x01\xff\x80\x00\x03\xff\x80\x00\x07\xfc\x00\x00\x07\xf0\x00\x00\x0f\xe0\x00\x00\x0f\xe0\x00\x00\x0f\xc0\x00\x00\x0f\xc0\x00\x00\x0f\xc0\x00\x00\x0f\xc0\x00\x00\x0f\xc0\x00\x00\x0f\xc0\x00\x00\x0f\xc0\x00\x00\x0f\xc0\x00\x00\x0f\xc0\x00\x00\x0f\xc0\x00\x00\x0f\xc0\x00\x00\x0f\xc0\x00\x00\x0f\xc0\x00\x00\x0f\xc0\x00\x00\x0f\xc0\x00\x00\x0f\xc0\x00\x00\x0f\xc0\x00\x00\x0f\xc0\x00\x00\x0f\xc0\x00\x00\x0f\xc0\x00\x00\x0f\xc0\x00\x00\x0f\xc0\x00\x00\x1f\xc0\x00\x0f\xff\xc0\x00\x0f\xff\xc0\x00\x0f\xff\x80\x00\x0f\xff\x80\x00\x0f\xff\x00\x00\x0f\xfc\x00\x00\x1b',
  126:b"\x00\x00\x00\x00\x00\x00\x00\x00\x00\x00\x00\x00\x00\x00\x00\x00\x00\x00\x00\x00\x00\x00\x00\x00\x00\x00\x00\x00\x00\x00\x00\x00\x00\x00\x00\x00\x00\x00\x00\x00\x00\x00\x00\x00\x00\x00\x00\x00\x00\x00\x00\x00\x00\x00\x00\x00\x00\x00\x00\x00\x00\x00\x00\x00\x00\x00\x00\x00\x00\x00\x00\x00\x00\x00\x00\x00\x00\x00\x00\x00\x00\x00\x00\x00\x00\x00\x00\x00\x00\x00\x00\x00\x00\x00\x00\x00\x00\x00\x00\x00\x00\x00\x00\x00\x00\x00\x00\x00\x00\x00\x00\x00\x00\x00\x00\x00\x00\x00\x00\x00\x00\x00\x00\x00\x00\x00\x00\x00\x00\x00\x00\x00\x00\x00\x00\x00\x00\x00\x00\x00\x00\x00\x00\x00\x00\x00\x00\x00\x00\x00\x00\x00\x00\x00\x00\x00\x00\x00\x00\x00\x00\x00\x00\x00\x00\x00\x00\x00\x00\x00\x00\x00\x00\x00\x00\x00?\x80\x00\x00\x01\xff\xf0\x00 \x07\xff\xfc\x00\xe0\x0f\xff\xff\x81\xf0?\xff\xff\xff\xf0\x1f\xff\xff\xff\xf8\x0f\xc0\xff\xff\xf0\x0f\x00\x1f\xff\xe0\x04\x00\x07\xff\x80\x00\x00\x00\xfe\x00\x00\x00\x00\x00\x00\x00\x00\x00\x00\x00\x00\x00\x00\x00\x00\x00\x00\x00\x00\x00\x00\x00\x00\x00\x00\x00\x00\x00\x00\x00\x00\x00\x00\x00\x00\x00\x00\x00\x00\x00\x00\x00\x00\x00\x00\x00\x00\x00\x00\x00\x00\x00\x00\x00\x00\x00\x00\x00\x00\x00\x00\x00\x00\x00\x00\x00\x00\x00\x00\x00\x00\x00\x00\x00\x00\x00\x00\x00\x00\x00\x00\x00\x00\x00\x00\x00\x00\x00\x00\x00\x00\x00\x00\x00\x00\x00\x00\x00\x00\x00\x00\x00\x00\x00\x00\x00\x00\x00\x00\x00\x00\x00\x00\x00\x00\x00\x00\x00\x00\x00\x00\x00\x00\x00\x00\x00\x00\x00\x00\x00\x00\x00\x00\x00\x00\x00\x00\x00\x00\x00\x00\x00\x00\x00\x00\x00\x00\x00\x00\x00\x00\x00\x00\x00\x00\x00\x00\x00\x00\x00\x00\x00\x00\x00\x00\x00\x00\x00\x00\x00\x00\x00\x00\x00\x00\x00\x00\x00\x00\x00\x00\x00\x00\x00\x00\x00\x00\x00\x00\x00\x00\x00\x00\x00\x00\x00\x00\x00\x00\x00\x00\x00\x00\x00\x00'",
  161:b'\x00\x00\x00\x00\x00\x00\x00\x00\x00\x00\x00\x00\x00\x00\x00\x00\x00\x00\x00\x00\x00\x00\x00\x00\x00\x00\x00\x00\x00\x00\x00\x00\x00\x00\x00\x00\x00\x00\x00\x00\x00\x00\x00\x00\x00\x00\x00\x00\x00\x00\x00\x00\x00\x00\x00\x00\x00\x00\x00\x00\x00\x00\x00\x00\x00\x00\x00\x00\x00\x00\x00\x00\x00\x00\x00\x00\x00\x00\x00\x00\x00\x00\x00\x00\x00\xf8\x00\x01\xfc\x00\x03\xfe\x00\x03\xfe\x00\x03\xfe\x00\x03\xfe\x00\x03\xfe\x00\x01\xfc\x00\x00\xf8\x00\x00\x00\x00\x00\x00\x00\x00\x00\x00\x00\x00\x00\x00\x00\x00\x00\x00\x00\x00p\x00\x00\xf8\x00\x00\xf8\x00\x00\xf8\x00\x00\xf8\x00\x00\xf8\x00\x00\xf8\x00\x00\xf8\x00\x00\xf8\x00\x00\xf8\x00\x00\xf8\x00\x01\xfc\x00\x01\xfc\x00\x01\xfc\x00\x01\xfc\x00\x01\xfc\x00\x01\xfc\x00\x01\xfc\x00\x01\xfc\x00\x01\xfc\x00\x01\xfc\x00\x01\xfc\x00\x01\xfc\x00\x01\xfc\x00\x01\xfc\x00\x01\xfc\x00\x01\xfc\x00\x01\xfc\x00\x01\xfc\x00\x01\xfc\x00\x01\xfc\x00\x01\xfc\x00\x01\xfc\x00\x01\xfc\x00\x01\xfc\x00\x01\xfc\x00\x01\xfc\x00\x01\xfc\x00\x01\xfc\x00\x01\xfc\x00\x01\xfc\x00\x00\x00\x00\x00\x00\x00\x18',
  162:b'\x00\x00\x00\x00\x00\x00\x00\x00\x00\x00\x00\x00\x00\x00\x00\x00\x00\x00\x00\x00\x00\x00\x00\x00\x00\x00\x00\x00\x00\x00\x00\x00\x00\x00\x00\x00\x00\x00\x00\x00\x00\x00\x00\x00\x00\x00\x00\x00\x00\x00\x00\x00\x00\x00\x00\x00\x00\x00\x00\x00\x00\x00\x00\x00\x00\x00\x00\x00\x00\x00\x00\x00\x00\x00\x00\x00\x00\x00\x00\x00\x00\x00\x00\x00\x00\x00\x00\x00\x00\x00\x00\x00\x00\x00\x00\x00\x00\x00\x00\x00\x00\x00\x00\x00\x00\x00\x00\x00\x00\x00\x00\x00\x00\x00\x00\x00\x00\x00\x00\x00\x00\x00\x00\x00\x00\x00\x00\x00\x07\xe0\x00\x00\x00\x00\x07\xe0\x00\x00\x00\x00\x07\xe0\x00\x00\x00\x00\x07\xe0\x00\x00\x00\x00\x07\xe0\x00\x00\x00\x00\x07\xe0\x00\x00\x00\x00\x07\xe0\x00\x00\x00\x00\x1f\xfc\x00\x00\x00\x00\xff\xff\xc0\x00\x00\x03\xff\xff\xe0\x00\x00\x07\xff\xff\xe0\x00\x00\x0f\xff\xff\xe0\x00\x00\x1f\xff\xff\xc0\x00\x00?\xfb\xc7\xc0\x00\x00?\xc3\xc0\xc0\x00\x00\x7f\x83\xc0\x00\x00\x00\x7f\x03\xc0\x00\x00\x00\xfe\x03\xc0\x00\x00\x00\xfe\x03\xc0\x00\x00\x00\xfc\x03\xc0\x00\x00\x01\xfc\x03\xc0\x00\x00\x01\xfc\x03\xc0\x00\x00\x01\xfc\x03\xc0\x00\x00\x01\xfc\x03\xc0\x00\x00\x01\xf8\x03\xc0\x00\x00\x01\xf8\x03\xc0\x00\x00\x01\xf8\x03\xc0\x00\x00\x01\xf8\x03\xc0\x00\x00\x01\xf8\x03\xc0\x00\x00\x01\xf8\x03\xc0\x00\x00\x01\xf8\x03\xc0\x00\x00\x01\xfc\x03\xc0\x00\x00\x01\xfc\x03\xc0\x00\x00\x01\xfc\x03\xc0\x00\x00\x01\xfc\x03\xc0\x00\x00\x00\xfe\x03\xc0\x00\x00\x00\xfe\x03\xc0\x00\x00\x00\xff\x03\xc0\x00\x00\x00\xff\x03\xc0\x00\x00\x00\x7f\x83\xc0@\x00\x00\x7f\xe3\xc0\xc0\x00\x00?\xfb\xc7\xe0\x00\x00\x1f\xff\xff\xe0\x00\x00\x1f\xff\xff\xe0\x00\x00\x0f\xff\xff\xf0\x00\x00\x03\xff\xff\xe0\x00\x00\x01\xff\xff\x80\x00\x00\x00?\xf8\x00\x00\x00\x00\x07\xe0\x00\x00\x00\x00\x07\xe0\x00\x00\x00\x00\x07\xe0\x00\x00\x00\x00\x07\xe0\x00\x00\x00\x00\x07\xe0\x00\x00\x00\x00\x07\xe0\x00\x00\x00\x00\x07\xe0\x00\x00\x00\x00\x00\x00\x00\x00\x00\x00\x00\x00\x00\x00\x00\x00\x00\x00\x00\x00\x00\x00\x00\x00\x00\x00\x00\x00\x00\x00\x00\x00\x00\x00\x00\x00\x00\x00\x00\x00\x00\x00\x00\x00\x00\x00\x00\x00\x00\x00\x00\x00\x00\x00\x00\x00\x00\x00\x00\x00\x00\x00+',
  163:b'\x00\x00\x00\x00\x00\x00\x00\x00\x00\x00\x00\x00\x00\x00\x00\x00\x00\x00\x00\x00\x00\x00\x00\x00\x00\x00\x00\x00\x00\x00\x00\x00\x00\x00\x00\x00\x00\x00\x00\x00\x00\x00\x00\x00\x00\x00\x00\x00\x00\x00\x00\x00\x00\x00\x00\x00\x00\x00\x00\x00\x00\x00\x00\x00\x00\x00\x00\x00\x00\x00\x00\x00\x00\x00?\xfe\x00\x00\x00\x01\xff\xff\xf0\x00\x00\x07\xff\xff\xf8\x00\x00\x0f\xff\xff\xf8\x00\x00\x1f\xff\xff\xf0\x00\x00?\xff\xff\xf0\x00\x00\x7f\xe0\x07\xf0\x00\x00\x7f\x80\x00 \x00\x00\xff\x00\x00\x00\x00\x00\xfe\x00\x00\x00\x00\x01\xfc\x00\x00\x00\x00\x01\xfc\x00\x00\x00\x00\x01\xfc\x00\x00\x00\x00\x01\xf8\x00\x00\x00\x00\x01\xf8\x00\x00\x00\x00\x01\xf8\x00\x00\x00\x00\x01\xf8\x00\x00\x00\x00\x01\xf8\x00\x00\x00\x00\x01\xfc\x00\x00\x00\x00\x01\xfc\x00\x00\x00\x00\x01\xfc\x00\x00\x00\x00\x01\xfc\x00\x00\x00\x00\x00\xfe\x00\x00\x00\x00\x00\xfe\x00\x00\x00\x00\x00\xfe\x00\x00\x00\x00\x00\x7f\x00\x00\x00\x00\x0f\xff\xff\xf8\x00\x00\x0f\xff\xff\xf8\x00\x00\x0f\xff\xff\xf8\x00\x00\x0f\xff\xff\xf8\x00\x00\x0f\xff\xff\xf8\x00\x00\x00\x0f\xc0\x00\x00\x00\x00\x0f\xe0\x00\x00\x00\x00\x0f\xe0\x00\x00\x00\x00\x07\xe0\x00\x00\x00\x00\x07\xe0\x00\x00\x00\x00\x07\xf0\x00\x00\x00\x00\x07\xf0\x00\x00\x00\x00\x07\xf0\x00\x00\x00\x00\x07\xf0\x00\x00\x00\x00\x07\xf0\x00\x00\x00\x00\x07\xf0\x00\x00\x00\x00\x07\xe0\x00\x00\x00\x00\x07\xe0\x00\x00\x00\x00\x0f\xe0\x00\x00\x00\x00\x0f\xe0\x00\x00\x00\x00\x1f\xc0\x00\x00\x00\x00?\x80\x00\x00\x00\x00\x7f\x80\x00\x00\x00\x00\xfe\x00\x00\x00\x00\x0f\xfc\x7f\xff\xfe\x00\x0f\xff\xff\xff\xfe\x00\x0f\xff\xff\xff\xfe\x00\x0f\xff\xff\xff\xfe\x00\x0f\xff\xff\xff\xfe\x00\x0f\xff\xff\xff\xfe\x00\x00\x00\x00\x00\x00\x00\x00\x00\x00\x00\x00\x00\x00\x00\x00\x00\x00\x00\x00\x00\x00\x00\x00\x00\x00\x00\x00\x00\x00\x00\x00\x00\x00\x00\x00\x00\x00\x00\x00\x00\x00\x00\x00\x00\x00\x00\x00\x00\x00\x00\x00\x00\x00\x00\x00\x00\x00\x00\x00\x00\x00\x00\x00\x00\x00\x00\x00\x00\x00\x00\x00\x00\x00\x00\x00\x00\x00\x00\x00\x00\x00\x00\x00\x00\x00\x00\x00\x00\x00\x00\x00\x00\x00\x00\x00\x00\x00\x00\x00\x00\x00\x00\x00\x00\x00\x00\x00\x00+',
  164:b'\x00\x00\x00\x00\x00\x00\x00\x00\x00\x00\x00\x00\x00\x00\x00\x00\x00\x00\x00\x00\x00\x00\x00\x00\x00\x00\x00\x00\x00\x00\x00\x00\x00\x00\x00\x00\x00\x00\x00\x00\x00\x00\x00\x00\x00\x00\x00\x00\x00\x00\x00\x00\x00\x00\x00\x00\x00\x00\x00\x00\x00\x00\x00\x00\x00\x00\x00\x00\x00\x00\x00\x00\x00\x00\x00\x00\x00\x00\x00\x00\x00\x00\x00\x00\x00\x00\x00\x00\x00\x00\x00\x00\x00\x00\x00\x00\x00\x00\x00\x00\x00\x00\x00\x00\x00\x00\x00\x00\x00\x00\x00\x00\x00\x00\x00\x00\x00\x00\x00\x00\x00\x00\x00\x00\x00\x00\x04\x00\x00\x00\x04\x00\x0e\x00\x00\x00\x1e\x00\x1f\x00\x00\x00?\x00?\x80\x00\x00\x7f\x80?\xc0\x00\x00\xff\x00\x1f\xe0\x00\x01\xfe\x00\x0f\xf0\x7f\x81\xfc\x00\x07\xf9\xff\xf3\xf8\x00\x03\xff\xff\xff\xf0\x00\x01\xff\xff\xff\xe0\x00\x00\x7f\xff\xff\xc0\x00\x00?\xff\xff\x00\x00\x00?\xc0\xff\x80\x00\x00\x7f\x00?\x80\x00\x00~\x00\x1f\xc0\x00\x00\xfc\x00\x0f\xc0\x00\x00\xfc\x00\x07\xc0\x00\x00\xfc\x00\x07\xc0\x00\x00\xf8\x00\x07\xe0\x00\x00\xf8\x00\x07\xe0\x00\x00\xf8\x00\x07\xe0\x00\x00\xf8\x00\x07\xe0\x00\x00\xfc\x00\x07\xc0\x00\x00\xfc\x00\x0f\xc0\x00\x00~\x00\x1f\xc0\x00\x00\x7f\x00?\x80\x00\x00?\xc0\xff\x80\x00\x00?\xff\xff\x00\x00\x00\x7f\xff\xff\xc0\x00\x01\xff\xff\xff\xe0\x00\x03\xff\xff\xff\xf0\x00\x07\xf9\xff\xf3\xf8\x00\x0f\xf0\x7f\x81\xfc\x00\x1f\xe0\x00\x01\xfe\x00?\xc0\x00\x00\xff\x00?\x80\x00\x00\x7f\x80\x1f\x00\x00\x00?\x00\x0e\x00\x00\x00\x1e\x00\x04\x00\x00\x00\x04\x00\x00\x00\x00\x00\x00\x00\x00\x00\x00\x00\x00\x00\x00\x00\x00\x00\x00\x00\x00\x00\x00\x00\x00\x00\x00\x00\x00\x00\x00\x00\x00\x00\x00\x00\x00\x00\x00\x00\x00\x00\x00\x00\x00\x00\x00\x00\x00\x00\x00\x00\x00\x00\x00\x00\x00\x00\x00\x00\x00\x00\x00\x00\x00\x00\x00\x00\x00\x00\x00\x00\x00\x00\x00\x00\x00\x00\x00\x00\x00\x00\x00\x00\x00\x00\x00\x00\x00\x00\x00\x00\x00\x00\x00\x00\x00\x00\x00\x00\x00\x00\x00\x00\x00\x00\x00\x00\x00\x00\x00\x00\x00\x00\x00\x00\x00\x00\x00\x00\x00\x00\x00\x00\x00\x00\x00\x00\x00\x00\x00\x00\x00\x00\x00\x00\x00\x00\x00\x00\x00\x00\x00\x00\x00\x00\x00\x00\x00\x00\x00\x00\x00\x00\x00\x00\x00\x00+',
  165:b'\x00\x00\x00\x00\x00\x00\x00\x00\x00\x00\x00\x00\x00\x00\x00\x00\x00\x00\x00\x00\x00\x00\x00\x00\x00\x00\x00\x00\x00\x00\x00\x00\x00\x00\x00\x00\x00\x00\x00\x00\x00\x00\x00\x00\x00\x00\x00\x00\x00\x00\x00\x00\x00\x00\x00\x00\x00\x00\x00\x00\x00\x00\x00\x00\x00\x00\x00\x00\x00\x00\x00\x00\x00\x00\x00\x00\x00\x00\xff\x00\x00\x00\x1f\xe0\x7f\x80\x00\x00\x1f\xc0?\x80\x00\x00?\x80?\xc0\x00\x00?\x80\x1f\xc0\x00\x00\x7f\x00\x1f\xe0\x00\x00\x7f\x00\x0f\xe0\x00\x00\xfe\x00\x0f\xf0\x00\x00\xfc\x00\x07\xf0\x00\x01\xfc\x00\x07\xf8\x00\x01\xf8\x00\x03\xf8\x00\x03\xf8\x00\x03\xfc\x00\x03\xf0\x00\x01\xfc\x00\x07\xf0\x00\x00\xfe\x00\x07\xe0\x00\x00\xff\x00\x0f\xe0\x00\x00\x7f\x00\x0f\xc0\x00\x00\x7f\x80\x1f\xc0\x00\x00?\x80\x1f\x80\x00\x00?\xc0?\x00\x00\x00\x1f\xc0\x7f\x00\x00\x00\x1f\xe0~\x00\x00\x00\x0f\xe0\xfe\x00\x00\x00\x0f\xf0\xfc\x00\x00\x00\x07\xf1\xfc\x00\x00\x00\x03\xf9\xf8\x00\x00\x00\x03\xf9\xf8\x00\x00\x00\x01\xf9\xf0\x00\x00\x00\x01\xff\xf0\x00\x00\x00\x00\xff\xe0\x00\x00\x00\x7f\xff\xff\xc0\x00\x00\x7f\xff\xff\xc0\x00\x00\x7f\xff\xff\xc0\x00\x00\x7f\xff\xff\xc0\x00\x00\x7f\xff\xff\xc0\x00\x00\x00?\x80\x00\x00\x00\x00?\x80\x00\x00\x00\x00?\x80\x00\x00\x00\x00?\x80\x00\x00\x00\x00?\x80\x00\x00\x00\x7f\xff\xff\xc0\x00\x00\x7f\xff\xff\xc0\x00\x00\x7f\xff\xff\xc0\x00\x00\x7f\xff\xff\xc0\x00\x00\x7f\xff\xff\xc0\x00\x00\x00?\x80\x00\x00\x00\x00?\x80\x00\x00\x00\x00?\x80\x00\x00\x00\x00?\x80\x00\x00\x00\x00?\x80\x00\x00\x00\x00?\x80\x00\x00\x00\x00?\x80\x00\x00\x00\x00?\x80\x00\x00\x00\x00?\x80\x00\x00\x00\x00?\x80\x00\x00\x00\x00?\x80\x00\x00\x00\x00\x00\x00\x00\x00\x00\x00\x00\x00\x00\x00\x00\x00\x00\x00\x00\x00\x00\x00\x00\x00\x00\x00\x00\x00\x00\x00\x00\x00\x00\x00\x00\x00\x00\x00\x00\x00\x00\x00\x00\x00\x00\x00\x00\x00\x00\x00\x00\x00\x00\x00\x00\x00\x00\x00\x00\x00\x00\x00\x00\x00\x00\x00\x00\x00\x00\x00\x00\x00\x00\x00\x00\x00\x00\x00\x00\x00\x00\x00\x00\x00\x00\x00\x00\x00\x00\x00\x00\x00\x00\x00\x00\x00\x00\x00\x00\x00\x00\x00\x00\x00\x00\x00\x00\x00\x00\x00+',
  166:b'\x00\x00\x00\x00\x00\x00\x00\x00\x00\x00\x00\x00\x00\x00\x00\x00\x00\x00\x00\x00\x00\x00\x00\x00\x00\x00\x00\x00\x00\x00\x00\x00\x00\x00\x00\x00\x00\x00\x00\x01\xf0\x00\x01\xf0\x00\x01\xf0\x00\x01\xf0\x00\x01\xf0\x00\x01\xf0\x00\x01\xf0\x00\x01\xf0\x00\x01\xf0\x00\x01\xf0\x00\x01\xf0\x00\x01\xf0\x00\x01\xf0\x00\x01\xf0\x00\x01\xf0\x00\x01\xf0\x00\x01\xf0\x00\x01\xf0\x00\x01\xf0\x00\x01\xf0\x00\x01\xf0\x00\x01\xf0\x00\x01\xf0\x00\x01\xf0\x00\x01\xf0\x00\x01\xf0\x00\x00\x00\x00\x00\x00\x00\x00\x00\x00\x00\x00\x00\x00\x00\x00\x00\x00\x00\x00\x00\x00\x00\x00\x00\x00\x00\x00\x00\x00\x00\x00\x00\x00\x00\x00\x00\x00\x00\x00\x01\xf0\x00\x01\xf0\x00\x01\xf0\x00\x01\xf0\x00\x01\xf0\x00\x01\xf0\x00\x01\xf0\x00\x01\xf0\x00\x01\xf0\x00\x01\xf0\x00\x01\xf0\x00\x01\xf0\x00\x01\xf0\x00\x01\xf0\x00\x01\xf0\x00\x01\xf0\x00\x01\xf0\x00\x01\xf0\x00\x01\xf0\x00\x01\xf0\x00\x01\xf0\x00\x01\xf0\x00\x01\xf0\x00\x01\xf0\x00\x01\xf0\x00\x01\xf0\x00\x00\x00\x00\x00\x00\x00\x00\x00\x00\x00\x00\x00\x00\x00\x00\x00\x00\x00\x00\x00\x00\x00\x00\x00\x13',
  167:b"\x00\x00\x00\x00\x00\x00\x00\x00\x00\x00\x00\x00\x00\x00\x00\x00\x00\x00\x00\x00\x00\x00\x00\x00\x00\x00\x00\x00\x00\x00\x00\x00\x00\x00\x00\x00\x00\x00\x00\x00\x00\x00\x00\x00\x00\x00\x00\x00\x00\x00\x00\x00\x00\x00\x00\x00\x00\x00\x00\x00\x00\x01\xff\xc0\x00\x00\x0f\xff\xfc\x00\x00\x1f\xff\xff\x00\x00?\xff\xfe\x00\x00\x7f\xff\xfe\x00\x00\xff\xff\xfe\x00\x00\xff\x80~\x00\x00\xfe\x00\x04\x00\x01\xfc\x00\x00\x00\x01\xfc\x00\x00\x00\x01\xfc\x00\x00\x00\x01\xfc\x00\x00\x00\x00\xfe\x00\x00\x00\x00\xff\x00\x00\x00\x00\xff\xe0\x00\x00\x00\x7f\xfc\x00\x00\x00?\xff\x80\x00\x00\x1f\xff\xe0\x00\x00\x1f\xff\xf8\x00\x00\x7f\xff\xfc\x00\x00\xff\xff\xfe\x00\x01\xfe\x1f\xff\x00\x03\xf8\x03\xff\x80\x03\xf0\x00\xff\x80\x07\xf0\x00?\xc0\x07\xe0\x00\x1f\xc0\x07\xe0\x00\x0f\xc0\x0f\xe0\x00\x0f\xc0\x0f\xe0\x00\x0f\xc0\x0f\xe0\x00\x0f\xc0\x07\xe0\x00\x0f\xc0\x07\xf0\x00\x1f\xc0\x07\xf8\x00\x1f\x80\x07\xfc\x00?\x80\x03\xff\x00\x7f\x00\x01\xff\xe0\xff\x00\x01\xff\xff\xfe\x00\x00\xff\xff\xfc\x00\x00?\xff\xe0\x00\x00\x0f\xff\xf0\x00\x00\x03\xff\xf8\x00\x00\x00\x7f\xfc\x00\x00\x00\x0f\xfc\x00\x00\x00\x03\xfe\x00\x00\x00\x00\xfe\x00\x00\x00\x00~\x00\x00\x00\x00~\x00\x00\x00\x00~\x00\x00\x80\x00~\x00\x00\xe0\x00\xfe\x00\x00\xfc\x03\xfe\x00\x00\xff\xff\xfc\x00\x01\xff\xff\xfc\x00\x01\xff\xff\xf8\x00\x00\xff\xff\xf0\x00\x00?\xff\xc0\x00\x00\x07\xfe\x00\x00\x00\x00\x00\x00\x00\x00\x00\x00\x00\x00\x00\x00\x00\x00\x00\x00\x00\x00\x00\x00\x00\x00\x00\x00\x00\x00\x00\x00\x00\x00\x00\x00\x00\x00\x00\x00\x00\x00\x00\x00\x00\x00\x00\x00\x00\x00\x00\x00\x00\x00\x00\x00\x00\x00\x00\x00\x00\x00\x00\x00\x00\x00\x00\x00\x00\x00\x00\x00\x00\x00\x00\x00\x00\x00\x00\x00\x00\x00\x00\x00\x00\x00\x00\x00\x00'",
  168:b'\x00\x00\x00\x00\x00\x00\x00\x00\x00\x00\x00\x00\x00\x00\x00\x00\x00\x00\x00\x00\x00\x00\x00\x00\x00\x00\x00\x00\x00\x00\x00\x00\x00\x00\x00\x00\x00\x00\x00\x00\x00\x00\x00\x00\x00\x00\x00\x00\x00\x00\x00\x00\x01\xc0\x07\xc0\x07\xf0\x0f\xe0\x07\xf0\x0f\xe0\x07\xf0\x0f\xe0\x07\xf0\x0f\xe0\x07\xf0\x0f\xe0\x07\xf0\x0f\xe0\x03\xc0\x07\x80\x00\x00\x00\x00\x00\x00\x00\x00\x00\x00\x00\x00\x00\x00\x00\x00\x00\x00\x00\x00\x00\x00\x00\x00\x00\x00\x00\x00\x00\x00\x00\x00\x00\x00\x00\x00\x00\x00\x00\x00\x00\x00\x00\x00\x00\x00\x00\x00\x00\x00\x00\x00\x00\x00\x00\x00\x00\x00\x00\x00\x00\x00\x00\x00\x00\x00\x00\x00\x00\x00\x00\x00\x00\x00\x00\x00\x00\x00\x00\x00\x00\x00\x00\x00\x00\x00\x00\x00\x00\x00\x00\x00\x00\x00\x00\x00\x00\x00\x00\x00\x00\x00\x00\x00\x00\x00\x00\x00\x00\x00\x00\x00\x00\x00\x00\x00\x00\x00\x00\x00\x00\x00\x00\x00\x00\x00\x00\x00\x00\x00\x00\x00\x00\x00\x00\x00\x00\x00\x00\x00\x00\x00\x00\x00\x00\x00\x00\x00\x00\x00\x00\x00\x00\x00\x00\x00\x00\x00\x00\x00\x00\x00\x00\x00\x00\x00\x00\x00\x00\x00\x00\x00\x00\x00\x00\x00\x00\x00\x00\x00\x00\x00\x00\x00\x00\x00\x00\x00\x00\x00\x00\x00\x00\x00\x00\x00\x00\x00\x00\x00\x00\x00\x00\x00\x00\x00\x00\x00\x00\x00\x00\x00\x00\x00\x00\x00\x00\x00\x00\x00\x00\x00\x00\x00\x00\x00\x00\x00\x00\x00\x00\x00\x00\x00\x00\x00\x00\x00\x00\x00\x00\x00\x00\x00\x00\x00\x00\x00\x00\x00\x00\x00\x00\x00\x00\x00\x00\x00\x00\x00 ',
  169:b'\x00\x00\x00\x00\x00\x00\x00\x00\x00\x00\x00\x00\x00\x00\x00\x00\x00\x00\x00\x00\x00\x00\x00\x00\x00\x00\x00\x00\x00\x00\x00\x00\x00\x00\x00\x00\x00\x00\x00\x00\x00\x00\x00\x00\x00\x00\x00\x00\x00\x00\x00\x00\x00\x00\x00\x00\x00\x00\x00\x00\x00\x00\x00\x00\x00\x00\x00\x00\x00\x00\x00\x00\x00\x00\x00\x00\x00\x00\x00\x00\x00\x00\x00\x00\x00\x00\x00\x00\x00\x00\x00\x00\x00\x00\x00\x00\x00\x00\x00\x00\x00\x00\x00\x00\x00\x00\x00\x00\x00\x00\x00\x00\x00\x00\x00\x00\x00\x00\x00\x00\x00\x00\x00\x00\x00\x00\x00\x00\x00\x00\x00\x00\x00\x00\x00\x00\x00\x00\x00?\xf8\x00\x00\x00\x00\x00\x03\xff\xff\x80\x00\x00\x00\x00\x1f\xff\xff\xf0\x00\x00\x00\x00\x7f\xff\xff\xfc\x00\x00\x00\x00\xff\xff\xff\xfe\x00\x00\x00\x03\xff\xff\xff\xff\x80\x00\x00\x07\xff\xc0\x07\xff\xc0\x00\x00\x0f\xfe\x00\x00\xff\xe0\x00\x00\x1f\xf0\x00\x00\x1f\xf0\x00\x00?\xe0\x00\x00\x0f\xf8\x00\x00\x7f\x80\x00\x00\x03\xfc\x00\x00\x7f\x00\x00\x00\x01\xfc\x00\x00\xfe\x00\x00\x00\x00\xfe\x00\x01\xfc\x00\x1f\xf0\x00\x7f\x00\x01\xf8\x00\x7f\xfe\x00?\x00\x03\xf8\x01\xff\xff\x00?\x80\x03\xf0\x03\xff\xfe\x00\x1f\x80\x03\xf0\x07\xff\xfe\x00\x1f\x80\x07\xe0\x07\xff\xfe\x00\x0f\xc0\x07\xe0\x0f\xf8\x1c\x00\x0f\xc0\x07\xc0\x1f\xe0\x04\x00\x0f\xc0\x0f\xc0\x1f\xc0\x00\x00\x07\xc0\x0f\xc0\x1f\x80\x00\x00\x07\xe0\x0f\xc0\x1f\x80\x00\x00\x07\xe0\x0f\xc0?\x80\x00\x00\x07\xe0\x0f\xc0?\x80\x00\x00\x07\xe0\x0f\x80?\x80\x00\x00\x07\xe0\x0f\x80?\x80\x00\x00\x07\xe0\x0f\x80?\x80\x00\x00\x07\xe0\x0f\x80?\x80\x00\x00\x07\xe0\x0f\xc0?\x80\x00\x00\x07\xe0\x0f\xc0\x1f\x80\x00\x00\x07\xe0\x0f\xc0\x1f\xc0\x00\x00\x07\xe0\x0f\xc0\x1f\xc0\x00\x00\x07\xc0\x07\xc0\x1f\xe0\x02\x00\x0f\xc0\x07\xe0\x0f\xfc\x0e\x00\x0f\xc0\x07\xe0\x0f\xff\xff\x00\x0f\xc0\x07\xf0\x07\xff\xff\x00\x1f\x80\x03\xf0\x03\xff\xff\x00\x1f\x80\x03\xf8\x01\xff\xff\x00?\x80\x03\xf8\x00\x7f\xff\x00?\x00\x01\xfc\x00\x1f\xf0\x00\x7f\x00\x01\xfe\x00\x00\x00\x00\xfe\x00\x00\xff\x00\x00\x00\x01\xfc\x00\x00\x7f\x80\x00\x00\x03\xfc\x00\x00\x7f\xe0\x00\x00\x0f\xf8\x00\x00?\xf0\x00\x00\x1f\xf0\x00\x00\x1f\xfe\x00\x00\xff\xe0\x00\x00\x0f\xff\xc0\x07\xff\xc0\x00\x00\x07\xff\xff\xff\xff\x80\x00\x00\x01\xff\xff\xff\xfe\x00\x00\x00\x00\x7f\xff\xff\xfc\x00\x00\x00\x00\x1f\xff\xff\xf0\x00\x00\x00\x00\x07\xff\xff\x80\x00\x00\x00\x00\x00\x7f\xf8\x00\x00\x00\x00\x00\x00\x00\x00\x00\x00\x00\x00\x00\x00\x00\x00\x00\x00\x00\x00\x00\x00\x00\x00\x00\x00\x00\x00\x00\x00\x00\x00\x00\x00\x00\x00\x00\x00\x00\x00\x00\x00\x00\x00\x00\x00\x00\x00\x00\x00\x00\x00\x00\x00\x00\x00\x00\x00\x00\x00\x00\x00\x00\x00\x00\x00\x00\x00\x00\x00\x00\x00\x00\x00\x00\x00\x00\x00\x00\x00\x00\x00\x00\x00\x00\x00\x00\x00\x00\x00\x00\x00\x00\x00\x00\x00\x00\x00\x00\x00\x00\x00\x00\x00\x00\x00\x00\x00\x00\x00\x00\x00\x00\x00\x00?',
  170:b'\x00\x00\x00\x00\x00\x00\x00\x00\x00\x00\x00\x00\x00\x00\x00\x00\x00\x00\x00\x00\x00\x00\x00\x00\x00\x00\x00\x00\x00\x00\x00\x00\x00\x00\x00\x00\x00\x00\x00\x00\x00\x00\x00\x00\x00\x00\x00\x00\x00\x00\x00\x00\x00\x1f\xfc\x00\x01\xff\xff\x00\x07\xff\xff\x80\x03\xff\xff\x80\x03\xff\xff\xc0\x03\x80\x1f\xc0\x00\x00\x0f\xc0\x00\x00\x07\xc0\x00\x00\x07\xc0\x00\x00\x07\xc0\x00\x07\xff\xc0\x00\x7f\xff\xc0\x01\xff\xff\xc0\x03\xff\xff\xc0\x07\xf0\x07\xc0\x0f\xc0\x07\xc0\x0f\x80\x07\xc0\x0f\x80\x0f\xc0\x0f\x80\x0f\xc0\x0f\xc0\x1f\xc0\x0f\xe0\x7f\xc0\x0f\xff\xff\xc0\x07\xff\xf7\xc0\x03\xff\xe3\xc0\x01\xff\xc3\xc0\x00\x7f\x00\x00\x00\x00\x00\x00\x00\x00\x00\x00\x00\x00\x00\x00\x00\x00\x00\x00\x00\x00\x00\x00\x00\x00\x00\x00\x00\x00\x00\x00\x00\x00\x00\x00\x00\x00\x00\x00\x00\x00\x00\x00\x00\x00\x00\x00\x00\x00\x00\x00\x00\x00\x00\x00\x00\x00\x00\x00\x00\x00\x00\x00\x00\x00\x00\x00\x00\x00\x00\x00\x00\x00\x00\x00\x00\x00\x00\x00\x00\x00\x00\x00\x00\x00\x00\x00\x00\x00\x00\x00\x00\x00\x00\x00\x00\x00\x00\x00\x00\x00\x00\x00\x00\x00\x00\x00\x00\x00\x00\x00\x00\x00\x00\x00\x00\x00\x00\x00\x00\x00\x00\x00\x00\x00\x00\x00\x00\x00\x00\x00\x00\x00\x00\x00\x00\x00\x00\x00\x00\x00\x00\x00\x00\x00\x00\x00\x00\x00\x00\x00\x00\x00\x00\x00\x00\x00\x00\x00\x00\x00\x00\x00\x00\x00\x00\x00\x00\x00\x00\x00\x00\x00\x00\x00\x00\x00\x00\x00\x00\x00\x00\x00\x00\x00\x00\x00\x00\x00\x00\x00\x1e',
  171:b'\x00\x00\x00\x00\x00\x00\x00\x00\x00\x00\x00\x00\x00\x00\x00\x00\x00\x00\x00\x00\x00\x00\x00\x00\x00\x00\x00\x00\x00\x00\x00\x00\x00\x00\x00\x00\x00\x00\x00\x00\x00\x00\x00\x00\x00\x00\x00\x00\x00\x00\x00\x00\x00\x00\x00\x00\x00\x00\x00\x00\x00\x00\x00\x00\x00\x00\x00\x00\x00\x00\x00\x00\x00\x00\x00\x00\x00\x00\x00\x00\x00\x00\x00\x00\x00\x00\x00\x00\x00\x00\x00\x00\x00\x00\x00\x00\x00\x00\x00\x00\x00\x00\x00\x00\x00\x00\x00\x00\x00\x00\x00\x00\x00\x00\x00\x00\x00\x00\x00\x00\x00\x00\x00\x00\x00\x00\x00\x00\x00\x00\x00\x00\x00\x00\x00\x00\x00\x00\x00\x00\x00\x00\x00\x00\x00\x00\x00\x00\x00\x00\x00\x01\x00\x04\x00\x00\x03\x80\x06\x00\x00\x03\xe0\x0f\x80\x00\x07\xf0\x1f\xc0\x00\x0f\xe0\x1f\x80\x00\x0f\xc0?\x00\x00\x1f\xc0\x7f\x00\x00?\x80\xfe\x00\x00\x7f\x00\xfc\x00\x00~\x01\xfc\x00\x00\xfe\x03\xf8\x00\x01\xfc\x03\xf0\x00\x01\xf8\x07\xe0\x00\x03\xf8\x0f\xe0\x00\x07\xf0\x1f\xc0\x00\x0f\xe0\x1f\x80\x00\x0f\x80?\x00\x00\x1f\x00~\x00\x00\x0f\xc0?\x00\x00\x07\xe0\x1f\x80\x00\x07\xf0\x0f\xc0\x00\x03\xf8\x0f\xe0\x00\x01\xfc\x07\xf0\x00\x01\xfc\x03\xf8\x00\x00\xfe\x03\xf8\x00\x00\x7f\x01\xfc\x00\x00?\x80\xfe\x00\x00?\x80~\x00\x00\x1f\xc0\x7f\x00\x00\x0f\xe0?\x80\x00\x07\xe0\x1f\xc0\x00\x07\xf0\x0f\xc0\x00\x03\xe0\x0f\x80\x00\x01\xc0\x07\x00\x00\x00\x80\x02\x00\x00\x00\x00\x00\x00\x00\x00\x00\x00\x00\x00\x00\x00\x00\x00\x00\x00\x00\x00\x00\x00\x00\x00\x00\x00\x00\x00\x00\x00\x00\x00\x00\x00\x00\x00\x00\x00\x00\x00\x00\x00\x00\x00\x00\x00\x00\x00\x00\x00\x00\x00\x00\x00\x00\x00\x00\x00\x00\x00\x00\x00\x00\x00\x00\x00\x00\x00\x00\x00\x00\x00\x00\x00\x00\x00\x00\x00\x00\x00\x00\x00\x00\x00\x00\x00\x00\x00\x00\x00\x00\x00\x00\x00\x00\x00\x00\x00\x00\x00\x00\x00\x00\x00\x00\x00%',
  172:b"\x00\x00\x00\x00\x00\x00\x00\x00\x00\x00\x00\x00\x00\x00\x00\x00\x00\x00\x00\x00\x00\x00\x00\x00\x00\x00\x00\x00\x00\x00\x00\x00\x00\x00\x00\x00\x00\x00\x00\x00\x00\x00\x00\x00\x00\x00\x00\x00\x00\x00\x00\x00\x00\x00\x00\x00\x00\x00\x00\x00\x00\x00\x00\x00\x00\x00\x00\x00\x00\x00\x00\x00\x00\x00\x00\x00\x00\x00\x00\x00\x00\x00\x00\x00\x00\x00\x00\x00\x00\x00\x00\x00\x00\x00\x00\x00\x00\x00\x00\x00\x00\x00\x00\x00\x00\x00\x00\x00\x00\x00\x00\x00\x00\x00\x00\x00\x00\x00\x00\x00\x00\x00\x00\x00\x00\x00\x00\x00\x00\x00\x00\x00\x00\x00\x00\x00\x00\x00\x00\x00\x00\x00\x00\x00\x00\x00\x00\x00\x00\x00\x00\x00\x00\x00\x00\x00\x00\x00\x00\x00\x00\x00\x00\x00\x00\x00\x00\x00\x00\x00\x00\x00\x00\x00\x00\x00\x00\x00\x00\x00\x00\x00\x00\x00\x00\x1f\xff\xff\xff\xf0\x1f\xff\xff\xff\xf0\x1f\xff\xff\xff\xf0\x1f\xff\xff\xff\xf0\x1f\xff\xff\xff\xf0\x1f\xff\xff\xff\xf0\x00\x00\x00\x01\xf0\x00\x00\x00\x01\xf0\x00\x00\x00\x01\xf0\x00\x00\x00\x01\xf0\x00\x00\x00\x01\xf0\x00\x00\x00\x01\xf0\x00\x00\x00\x01\xf0\x00\x00\x00\x01\xf0\x00\x00\x00\x01\xf0\x00\x00\x00\x00\x00\x00\x00\x00\x00\x00\x00\x00\x00\x00\x00\x00\x00\x00\x00\x00\x00\x00\x00\x00\x00\x00\x00\x00\x00\x00\x00\x00\x00\x00\x00\x00\x00\x00\x00\x00\x00\x00\x00\x00\x00\x00\x00\x00\x00\x00\x00\x00\x00\x00\x00\x00\x00\x00\x00\x00\x00\x00\x00\x00\x00\x00\x00\x00\x00\x00\x00\x00\x00\x00\x00\x00\x00\x00\x00\x00\x00\x00\x00\x00\x00\x00\x00\x00\x00\x00\x00\x00\x00\x00\x00\x00\x00\x00\x00\x00\x00\x00\x00\x00\x00\x00\x00\x00\x00\x00\x00\x00\x00\x00\x00\x00\x00\x00\x00\x00\x00\x00\x00\x00\x00\x00\x00\x00\x00\x00\x00\x00\x00\x00\x00\x00\x00\x00\x00\x00\x00\x00\x00\x00\x00\x00\x00\x00\x00\x00\x00\x00\x00\x00\x00\x00\x00\x00\x00\x00\x00\x00\x00\x00\x00\x00\x00\x00\x00\x00'",
  173:b'\x00\x00\x00\x00\x00\x00\x00\x00\x00\x00\x00\x00\x00\x00\x00\x00\x00\x00\x00\x00\x00\x00\x00\x00\x00\x00\x00\x00\x00\x00\x00\x00\x00\x00\x00\x00\x00\x00\x00\x00\x00\x00\x00\x00\x00\x00\x00\x00\x00\x00\x00\x00\x00\x00\x00\x00\x00\x00\x00\x00\x00\x00\x00\x00\x00\x00\x00\x00\x00\x00\x00\x00\x00\x00\x00\x00\x00\x00\x00\x00\x00\x00\x00\x00\x00\x00\x00\x00\x00\x00\x00\x00\x00\x00\x00\x00\x00\x00\x00\x00\x00\x00\x00\x00\x00\x00\x00\x00\x00\x00\x00\x00\x00\x00\x00\x00\x00\x00\x00\x00\x00\x00\x00\x00\x00\x00\x00\x00\x00\x00\x00\x00\x00\x00\x00\x00\x00\x00\x00\x00\x00\x00\x00\x00\x00\x00\x00\x00\x00\x00\x00\x00\x00\x00\x00\x00\x00\x00\x00\x00\x00\x00\x00\x00\x00\x00\x00\x00\x07\xff\xff\x00\x07\xff\xff\x00\x07\xff\xff\x00\x07\xff\xff\x00\x07\xff\xff\x00\x07\xff\xff\x00\x00\x00\x00\x00\x00\x00\x00\x00\x00\x00\x00\x00\x00\x00\x00\x00\x00\x00\x00\x00\x00\x00\x00\x00\x00\x00\x00\x00\x00\x00\x00\x00\x00\x00\x00\x00\x00\x00\x00\x00\x00\x00\x00\x00\x00\x00\x00\x00\x00\x00\x00\x00\x00\x00\x00\x00\x00\x00\x00\x00\x00\x00\x00\x00\x00\x00\x00\x00\x00\x00\x00\x00\x00\x00\x00\x00\x00\x00\x00\x00\x00\x00\x00\x00\x00\x00\x00\x00\x00\x00\x00\x00\x00\x00\x00\x00\x00\x00\x00\x00\x00\x00\x00\x00\x00\x00\x00\x00\x00\x00\x00\x00\x00\x00\x00\x00\x00\x00\x00\x00\x00\x00\x00\x00\x00\x00\x00\x00\x00\x00\x00\x00\x00\x00\x00\x00\x00\x00\x00\x00\x00\x00\x00\x00\x00\x00\x00\x00\x00\x00\x00\x00\x1c',
  174:b'\x00\x00\x00\x00\x00\x00\x00\x00\x00\x00\x00\x00\x00\x00\x00\x00\x00\x00\x00\x00\x00\x00\x00\x00\x00\x00\x00\x00\x00\x00\x00\x00\x00\x00\x00\x00\x00\x00\x00\x00\x00\x00\x00\x00\x00\x00\x00\x00\x00\x00\x00\x00\x00\x00\x00\x00\x00\x00\x00\x00\x00\x00\x00\x00\x00\x00\x00\x00\x00\x00\x00\x00\x00\x00\x00\x00\x00\x00\x00\x00\x00\x00\x00\x00\x00\x00\x03\xff\x00\x00\x00\x00\x00\x1f\xff\xf0\x00\x00\x00\x00\x7f\xff\xfc\x00\x00\x00\x01\xff\xff\xff\x00\x00\x00\x03\xff\xff\xff\x80\x00\x00\x07\xfe\x00\xff\xc0\x00\x00\x0f\xf0\x00\x1f\xe0\x00\x00\x1f\xc0\x00\x07\xf0\x00\x00?\x00\x00\x03\xf8\x00\x00~\x00\x00\x01\xf8\x00\x00|\x0f\xfe\x00\xfc\x00\x00\xfc\x1f\xff\x80|\x00\x00\xf8\x1f\xff\xc0~\x00\x00\xf8\x1f\xff\xe0>\x00\x01\xf0\x1e\x07\xe0>\x00\x01\xf0\x1e\x03\xe0>\x00\x01\xf0\x1e\x01\xe0\x1f\x00\x01\xf0\x1e\x03\xe0\x1f\x00\x01\xf0\x1e\x07\xc0\x1f\x00\x01\xf0\x1f\xff\x80\x1f\x00\x01\xf0\x1f\xfc\x00\x1f\x00\x01\xf0\x1e~\x00\x1f\x00\x01\xf0\x1e\x1f\x00\x1f\x00\x01\xf0\x1e\x0f\x80\x1f\x00\x01\xf0\x1e\x07\xc0\x1f\x00\x01\xf0\x1e\x07\xc0>\x00\x01\xf0\x1e\x03\xe0>\x00\x00\xf8\x1e\x01\xf0>\x00\x00\xf8\x1e\x00\xf0~\x00\x00\xfc\x1e\x00\xf8|\x00\x00~\x00\x00\x00\xfc\x00\x00\x7f\x00\x00\x01\xf8\x00\x00?\x80\x00\x03\xf8\x00\x00\x1f\xc0\x00\x07\xf0\x00\x00\x1f\xf0\x00\x1f\xe0\x00\x00\x0f\xfe\x00\xff\xc0\x00\x00\x03\xff\xff\xff\x80\x00\x00\x01\xff\xff\xff\x00\x00\x00\x00\x7f\xff\xfc\x00\x00\x00\x00\x1f\xff\xf0\x00\x00\x00\x00\x03\xff\x00\x00\x00\x00\x00\x00\x00\x00\x00\x00\x00\x00\x00\x00\x00\x00\x00\x00\x00\x00\x00\x00\x00\x00\x00\x00\x00\x00\x00\x00\x00\x00\x00\x00\x00\x00\x00\x00\x00\x00\x00\x00\x00\x00\x00\x00\x00\x00\x00\x00\x00\x00\x00\x00\x00\x00\x00\x00\x00\x00\x00\x00\x00\x00\x00\x00\x00\x00\x00\x00\x00\x00\x00\x00\x00\x00\x00\x00\x00\x00\x00\x00\x00\x00\x00\x00\x00\x00\x00\x00\x00\x00\x00\x00\x00\x00\x00\x00\x00\x00\x00\x00\x00\x00\x00\x00\x00\x00\x00\x00\x00\x00\x00\x00\x00\x00\x00\x00\x00\x00\x00\x00\x00\x00\x00\x00\x00\x00\x00\x00\x00\x00\x00\x00\x00\x00\x00\x00\x00\x00\x00\x00\x00\x00\x00\x00\x00\x00\x00\x00\x00\x00\x00\x00\x00\x00\x00\x00\x00\x00\x00\x00\x00\x00\x00\x00\x00\x00\x00\x00\x00\x00\x00\x00\x00\x00\x00\x00\x00\x00\x00\x00\x00\x00\x00\x00\x00\x00\x00\x00\x00\x00\x00\x00\x00\x00\x00\x00\x00\x00\x00\x00\x00\x00\x00\x00\x00\x00\x00\x00\x00\x00\x00\x00\x00\x00\x00\x00\x00\x00\x00\x00\x00\x00\x00\x00\x00\x00\x00\x00\x00\x00\x00\x007',
  175:b'\x00\x00\x00\x00\x00\x00\x00\x00\x00\x00\x00\x00\x00\x00\x00\x00\x00\x00\x00\x00\x00\x00\x00\x00\x00\x00\x00\x00\x00\x00\x00\x00\x00\x00\x00\x00\x00\x00\x00\x00\x00\x00\x00\x00\x00\x00\x00\x00\x00\x00\x00\x00\x00\x00\x00\x00\x00\x00\x00\x00\x00\x00\x00\x00\x00\x00\x00\x00\x07\xff\xff\xf0\x07\xff\xff\xf0\x07\xff\xff\xf0\x07\xff\xff\xf0\x07\xff\xff\xf0\x07\xff\xff\xf0\x00\x00\x00\x00\x00\x00\x00\x00\x00\x00\x00\x00\x00\x00\x00\x00\x00\x00\x00\x00\x00\x00\x00\x00\x00\x00\x00\x00\x00\x00\x00\x00\x00\x00\x00\x00\x00\x00\x00\x00\x00\x00\x00\x00\x00\x00\x00\x00\x00\x00\x00\x00\x00\x00\x00\x00\x00\x00\x00\x00\x00\x00\x00\x00\x00\x00\x00\x00\x00\x00\x00\x00\x00\x00\x00\x00\x00\x00\x00\x00\x00\x00\x00\x00\x00\x00\x00\x00\x00\x00\x00\x00\x00\x00\x00\x00\x00\x00\x00\x00\x00\x00\x00\x00\x00\x00\x00\x00\x00\x00\x00\x00\x00\x00\x00\x00\x00\x00\x00\x00\x00\x00\x00\x00\x00\x00\x00\x00\x00\x00\x00\x00\x00\x00\x00\x00\x00\x00\x00\x00\x00\x00\x00\x00\x00\x00\x00\x00\x00\x00\x00\x00\x00\x00\x00\x00\x00\x00\x00\x00\x00\x00\x00\x00\x00\x00\x00\x00\x00\x00\x00\x00\x00\x00\x00\x00\x00\x00\x00\x00\x00\x00\x00\x00\x00\x00\x00\x00\x00\x00\x00\x00\x00\x00\x00\x00\x00\x00\x00\x00\x00\x00\x00\x00\x00\x00\x00\x00\x00\x00\x00\x00\x00\x00\x00\x00\x00\x00\x00\x00\x00\x00\x00\x00\x00\x00\x00\x00\x00\x00\x00\x00\x00\x00\x00\x00\x00\x00\x00\x00\x00\x00\x00\x00\x00\x00\x00\x00\x00\x00\x00\x00 ',
  176:b'\x00\x00\x00\x00\x00\x00\x00\x00\x00\x00\x00\x00\x00\x00\x00\x00\x00\x00\x00\x00\x00\x00\x00\x00\x00\x00\x00\x00\x00\x00\x00\x00\x00\x00\x00\x00\x00\x00\x00\x00\x00\x00\x00\x00\x00\x00\x00\x00\x00\x00\x00\x00\x00\x00\x00\x00\x00\x00\x00\x00\x00\x03\xf8\x00\x00\x00\x0f\xff\x00\x00\x00?\xff\x80\x00\x00\x7f\xff\xc0\x00\x00\x7f\xff\xe0\x00\x00\xfe\x0f\xe0\x00\x01\xfc\x03\xf0\x00\x01\xf8\x01\xf0\x00\x01\xf0\x01\xf0\x00\x01\xf0\x00\xf8\x00\x01\xf0\x00\xf8\x00\x01\xf0\x00\xf8\x00\x01\xf0\x00\xf8\x00\x01\xf0\x01\xf0\x00\x01\xf8\x01\xf0\x00\x01\xfc\x03\xf0\x00\x00\xfe\x0f\xe0\x00\x00\x7f\xff\xe0\x00\x00\x7f\xff\xc0\x00\x00?\xff\x80\x00\x00\x0f\xff\x00\x00\x00\x03\xf8\x00\x00\x00\x00\x00\x00\x00\x00\x00\x00\x00\x00\x00\x00\x00\x00\x00\x00\x00\x00\x00\x00\x00\x00\x00\x00\x00\x00\x00\x00\x00\x00\x00\x00\x00\x00\x00\x00\x00\x00\x00\x00\x00\x00\x00\x00\x00\x00\x00\x00\x00\x00\x00\x00\x00\x00\x00\x00\x00\x00\x00\x00\x00\x00\x00\x00\x00\x00\x00\x00\x00\x00\x00\x00\x00\x00\x00\x00\x00\x00\x00\x00\x00\x00\x00\x00\x00\x00\x00\x00\x00\x00\x00\x00\x00\x00\x00\x00\x00\x00\x00\x00\x00\x00\x00\x00\x00\x00\x00\x00\x00\x00\x00\x00\x00\x00\x00\x00\x00\x00\x00\x00\x00\x00\x00\x00\x00\x00\x00\x00\x00\x00\x00\x00\x00\x00\x00\x00\x00\x00\x00\x00\x00\x00\x00\x00\x00\x00\x00\x00\x00\x00\x00\x00\x00\x00\x00\x00\x00\x00\x00\x00\x00\x00\x00\x00\x00\x00\x00\x00\x00\x00\x00\x00\x00\x00\x00\x00\x00\x00\x00\x00\x00\x00\x00\x00\x00\x00\x00\x00\x00\x00\x00\x00\x00\x00\x00\x00\x00\x00\x00\x00\x00\x00\x00\x00\x00\x00\x00\x00\x00\x00\x00\x00\x00\x00\x00\x00\x00\x00\x00\x00\x00\x00\x00\x00\x00\x00\x00\x00\x00\x00\x00\x00\x00\x00\x00\x00\x00\x00\x00\x00\x00\x00\x00\x00\x00\x00\x00\x00\x00\x00\x00\x00\x00\x00\x00\x00\x00\x00\x00\x00!',
  177:b"\x00\x00\x00\x00\x00\x00\x00\x00\x00\x00\x00\x00\x00\x00\x00\x00\x00\x00\x00\x00\x00\x00\x00\x00\x00\x00\x00\x00\x00\x00\x00\x00\x00\x00\x00\x00\x00\x00\x00\x00\x00\x00\x00\x00\x00\x00\x00\x00\x00\x00\x00\x00\x00\x00\x00\x00\x00\x00\x00\x00\x00\x00\x00\x00\x00\x00\x00\x00\x00\x00\x00\x00\x00\x00\x00\x00\x00|\x00\x00\x00\x00|\x00\x00\x00\x00|\x00\x00\x00\x00|\x00\x00\x00\x00|\x00\x00\x00\x00|\x00\x00\x00\x00|\x00\x00\x00\x00|\x00\x00\x00\x00|\x00\x00\x00\x00|\x00\x00\x00\x00|\x00\x00\x00\x00|\x00\x00\x00\x00|\x00\x00\x00\x00|\x00\x00\x1f\xff\xff\xff\xf0\x1f\xff\xff\xff\xf0\x1f\xff\xff\xff\xf0\x1f\xff\xff\xff\xf0\x1f\xff\xff\xff\xf0\x1f\xff\xff\xff\xf0\x00\x00|\x00\x00\x00\x00|\x00\x00\x00\x00|\x00\x00\x00\x00|\x00\x00\x00\x00|\x00\x00\x00\x00|\x00\x00\x00\x00|\x00\x00\x00\x00|\x00\x00\x00\x00|\x00\x00\x00\x00\x00\x00\x00\x00\x00\x00\x00\x00\x00\x00\x00\x00\x00\x00\x00\x00\x00\x00\x1f\xff\xff\xff\xf0\x1f\xff\xff\xff\xf0\x1f\xff\xff\xff\xf0\x1f\xff\xff\xff\xf0\x1f\xff\xff\xff\xf0\x1f\xff\xff\xff\xf0\x00\x00\x00\x00\x00\x00\x00\x00\x00\x00\x00\x00\x00\x00\x00\x00\x00\x00\x00\x00\x00\x00\x00\x00\x00\x00\x00\x00\x00\x00\x00\x00\x00\x00\x00\x00\x00\x00\x00\x00\x00\x00\x00\x00\x00\x00\x00\x00\x00\x00\x00\x00\x00\x00\x00\x00\x00\x00\x00\x00\x00\x00\x00\x00\x00\x00\x00\x00\x00\x00\x00\x00\x00\x00\x00\x00\x00\x00\x00\x00\x00\x00\x00\x00\x00\x00\x00\x00\x00\x00\x00\x00\x00\x00\x00\x00\x00\x00\x00\x00\x00\x00\x00\x00\x00\x00\x00\x00\x00\x00\x00\x00\x00\x00\x00\x00\x00\x00\x00\x00\x00\x00\x00\x00\x00\x00\x00\x00\x00\x00\x00\x00\x00\x00\x00\x00\x00\x00\x00\x00\x00\x00\x00\x00\x00\x00\x00\x00\x00\x00\x00\x00\x00\x00\x00\x00\x00\x00\x00\x00'",
  178:b'\x00\x00\x00\x00\x00\x00\x00\x00\x00\x00\x00\x00\x00\x00\x00\x00\x00\x00\x00\x00\x00\x1f\xe0\x00\x01\xff\xf8\x00\x03\xff\xfe\x00\x07\xff\xfe\x00\x07\xff\xff\x00\x07\xff\xff\x00\x03\xe0\x7f\x80\x03\x80?\x80\x02\x00\x1f\x80\x00\x00\x1f\x80\x00\x00\x1f\x80\x00\x00\x1f\x80\x00\x00\x1f\x00\x00\x00\x1f\x00\x00\x00>\x00\x00\x00>\x00\x00\x00|\x00\x00\x00\xfc\x00\x00\x01\xf8\x00\x00\x01\xf0\x00\x00\x03\xf0\x00\x00\x07\xe0\x00\x00\x0f\xc0\x00\x00\x1f\x80\x00\x00?\x00\x00\x00\xfe\x00\x00\x01\xf8\x00\x00\x03\xf3\xff\xc0\x07\xff\xff\xc0\x0f\xff\xff\xc0\x0f\xff\xff\xc0\x0f\xff\xff\xc0\x0f\xff\xff\xc0\x00\x00\x00\x00\x00\x00\x00\x00\x00\x00\x00\x00\x00\x00\x00\x00\x00\x00\x00\x00\x00\x00\x00\x00\x00\x00\x00\x00\x00\x00\x00\x00\x00\x00\x00\x00\x00\x00\x00\x00\x00\x00\x00\x00\x00\x00\x00\x00\x00\x00\x00\x00\x00\x00\x00\x00\x00\x00\x00\x00\x00\x00\x00\x00\x00\x00\x00\x00\x00\x00\x00\x00\x00\x00\x00\x00\x00\x00\x00\x00\x00\x00\x00\x00\x00\x00\x00\x00\x00\x00\x00\x00\x00\x00\x00\x00\x00\x00\x00\x00\x00\x00\x00\x00\x00\x00\x00\x00\x00\x00\x00\x00\x00\x00\x00\x00\x00\x00\x00\x00\x00\x00\x00\x00\x00\x00\x00\x00\x00\x00\x00\x00\x00\x00\x00\x00\x00\x00\x00\x00\x00\x00\x00\x00\x00\x00\x00\x00\x00\x00\x00\x00\x00\x00\x00\x00\x00\x00\x00\x00\x00\x00\x00\x00\x00\x00\x00\x00\x00\x00\x00\x00\x00\x00\x00\x00\x00\x00\x00\x00\x00\x00\x00\x00\x00\x00\x00\x00\x00\x00\x00\x00\x1f',
  179:b'\x00\x00\x00\x00\x00\x00\x00\x00\x00\x00\x00\x00\x00\x00\x00\x00\x00\x00\x00\x00\x00\x00\x00\x00\x07\xff\xff\x80\x07\xff\xff\x80\x07\xff\xff\x80\x07\xff\xff\x80\x07\xff\xff\x80\x07\xff\xff\x00\x00\x00>\x00\x00\x00\xfc\x00\x00\x01\xf8\x00\x00\x03\xf0\x00\x00\x07\xe0\x00\x00\x0f\xc0\x00\x00\x1f\x00\x00\x00?\xf0\x00\x00\x7f\xfe\x00\x00\x7f\xff\x00\x00\x7f\xff\x80\x00\x00\x7f\x80\x00\x00\x1f\xc0\x00\x00\x0f\xc0\x00\x00\x07\xc0\x00\x00\x07\xc0\x00\x00\x07\xc0\x00\x00\x07\xc0\x00\x00\x0f\xc0\x00\x00\x1f\xc0\x03\x00\x7f\xc0\x03\xff\xff\x80\x03\xff\xff\x00\x03\xff\xff\x00\x07\xff\xfc\x00\x07\xff\xf8\x00\x00\xff\xc0\x00\x00\x00\x00\x00\x00\x00\x00\x00\x00\x00\x00\x00\x00\x00\x00\x00\x00\x00\x00\x00\x00\x00\x00\x00\x00\x00\x00\x00\x00\x00\x00\x00\x00\x00\x00\x00\x00\x00\x00\x00\x00\x00\x00\x00\x00\x00\x00\x00\x00\x00\x00\x00\x00\x00\x00\x00\x00\x00\x00\x00\x00\x00\x00\x00\x00\x00\x00\x00\x00\x00\x00\x00\x00\x00\x00\x00\x00\x00\x00\x00\x00\x00\x00\x00\x00\x00\x00\x00\x00\x00\x00\x00\x00\x00\x00\x00\x00\x00\x00\x00\x00\x00\x00\x00\x00\x00\x00\x00\x00\x00\x00\x00\x00\x00\x00\x00\x00\x00\x00\x00\x00\x00\x00\x00\x00\x00\x00\x00\x00\x00\x00\x00\x00\x00\x00\x00\x00\x00\x00\x00\x00\x00\x00\x00\x00\x00\x00\x00\x00\x00\x00\x00\x00\x00\x00\x00\x00\x00\x00\x00\x00\x00\x00\x00\x00\x00\x00\x00\x00\x00\x00\x00\x00\x00\x00\x00\x00\x00\x00\x00\x00\x00\x00\x00\x00\x00\x00\x00\x1f',
  180:b'\x00\x00\x00\x00\x00\x00\x00\x00\x00\x00\x00\x00\x00\x00\x00\x00\x00\x00\x00\x00\x00\x00\x00\x00\x00\x00\x00\x00\x00\x00\x00\x00\x00\x00\x7f\x00\x00\x7f\x00\x00\xff\x00\x00\xfe\x00\x00\xfc\x00\x01\xf8\x00\x01\xf8\x00\x03\xf0\x00\x03\xe0\x00\x03\xc0\x00\x07\xc0\x00\x07\x80\x00\x00\x00\x00\x00\x00\x00\x00\x00\x00\x00\x00\x00\x00\x00\x00\x00\x00\x00\x00\x00\x00\x00\x00\x00\x00\x00\x00\x00\x00\x00\x00\x00\x00\x00\x00\x00\x00\x00\x00\x00\x00\x00\x00\x00\x00\x00\x00\x00\x00\x00\x00\x00\x00\x00\x00\x00\x00\x00\x00\x00\x00\x00\x00\x00\x00\x00\x00\x00\x00\x00\x00\x00\x00\x00\x00\x00\x00\x00\x00\x00\x00\x00\x00\x00\x00\x00\x00\x00\x00\x00\x00\x00\x00\x00\x00\x00\x00\x00\x00\x00\x00\x00\x00\x00\x00\x00\x00\x00\x00\x00\x00\x00\x00\x00\x00\x00\x00\x00\x00\x00\x00\x00\x00\x00\x00\x00\x00\x00\x00\x00\x00\x00\x00\x00\x00\x00\x00\x00\x00\x00\x00\x00\x00\x00\x00\x00\x00\x00\x00\x00\x00\x00\x00\x00\x00\x00\x00\x00\x00\x00\x00\x00\x00\x00\x00\x00\x00\x00\x00\x00\x00\x00\x00\x00\x00\x00\x00\x00\x00\x00\x00\x00\x00\x00\x00\x00\x00\x00\x00\x15',
  181:b'\x00\x00\x00\x00\x00\x00\x00\x00\x00\x00\x00\x00\x00\x00\x00\x00\x00\x00\x00\x00\x00\x00\x00\x00\x00\x00\x00\x00\x00\x00\x00\x00\x00\x00\x00\x00\x00\x00\x00\x00\x00\x00\x00\x00\x00\x00\x00\x00\x00\x00\x00\x00\x00\x00\x00\x00\x00\x00\x00\x00\x00\x00\x00\x00\x00\x00\x00\x00\x00\x00\x00\x00\x00\x00\x00\x00\x00\x00\x00\x00\x00\x00\x00\x00\x00\x00\x00\x00\x00\x00\x00\x00\x00\x00\x00\x00\x00\x00\x00\x00\x00\x00\x00\x00\x00\x00\x00\x00\x00\x00\x00\x00\x00\x00\x00\x00\x00\x00\x00\x00\x00\x00\x00\x00\x00\x00\x00\x00\x00\x00\x00\x00\x00\x00\x00\x00\x00\x00\x00\x00\x00\x00\x00\x00\x00\x00\x00\x00\x00\x00\x00\x00\x00\x00\x00\x00\x00\x00\x00\x00\x00\x00\x00\x00\x00\x00\x00\x00\x00\x00\x00\x00\x00\x00\x07\xf0\x00\x00\xfc\x00\x07\xf0\x00\x00\xfc\x00\x07\xf0\x00\x00\xfc\x00\x07\xf0\x00\x00\xfc\x00\x07\xf0\x00\x00\xfc\x00\x07\xf0\x00\x00\xfc\x00\x07\xf0\x00\x00\xfc\x00\x07\xf0\x00\x00\xfc\x00\x07\xf0\x00\x00\xfc\x00\x07\xf0\x00\x00\xfc\x00\x07\xf0\x00\x00\xfc\x00\x07\xf0\x00\x00\xfc\x00\x07\xf0\x00\x00\xfc\x00\x07\xf0\x00\x00\xfc\x00\x07\xf0\x00\x00\xfc\x00\x07\xf0\x00\x00\xfc\x00\x07\xf0\x00\x00\xfc\x00\x07\xf0\x00\x00\xfc\x00\x07\xf0\x00\x00\xfc\x00\x07\xf0\x00\x00\xfc\x00\x07\xf0\x00\x00\xfc\x00\x07\xf0\x00\x00\xfc\x00\x07\xf0\x00\x00\xfc\x00\x07\xf0\x00\x00\xfc\x00\x07\xf0\x00\x00\xfc\x00\x07\xf0\x00\x01\xfc\x00\x07\xf0\x00\x01\xfc\x00\x07\xf0\x00\x01\xfc\x00\x07\xf0\x00\x03\xfc\x00\x07\xf8\x00\x07\xfc\x00\x07\xf8\x00\x0f\xfc\x00\x07\xfc\x00\x1f\xfc\x00\x07\xfe\x00?\xfc\x00\x07\xff\x80\xff|\x00\x07\xff\xff\xfe|\x00\x07\xff\xff\xfe|\x00\x07\xdf\xff\xf8<\x00\x07\xcf\xff\xf0>\x00\x07\xc7\xff\xe0>\x00\x07\xe1\xff\x00\x00\x00\x07\xe0\x00\x00\x00\x00\x07\xe0\x00\x00\x00\x00\x07\xe0\x00\x00\x00\x00\x07\xe0\x00\x00\x00\x00\x07\xf0\x00\x00\x00\x00\x07\xf0\x00\x00\x00\x00\x07\xf0\x00\x00\x00\x00\x07\xf0\x00\x00\x00\x00\x07\xf0\x00\x00\x00\x00\x07\xf0\x00\x00\x00\x00\x07\xf0\x00\x00\x00\x00\x07\xf0\x00\x00\x00\x00\x07\xf0\x00\x00\x00\x00\x07\xf0\x00\x00\x00\x00\x07\xf0\x00\x00\x00\x00\x00\x00\x00\x00\x00\x00\x00\x00\x00\x00\x00\x00+',
  182:b"\x00\x00\x00\x00\x00\x00\x00\x00\x00\x00\x00\x00\x00\x00\x00\x00\x00\x00\x00\x00\x00\x00\x00\x00\x00\x00\x00\x00\x00\x00\x00\x00\x00\x00\x00\x00\x00\x00\x00\x00\x00\x00\x00\x00\x00\x00\x00\x00\x00\x00\x00\x00\x00\x00\x00\x00\x00\x00\x00\x00\x00\x00\x00\x00\x00\x00\x07\xf0\x1f\x00\x00?\xf0\x1f\x00\x00\x7f\xf0\x1f\x00\x01\xff\xf0\x1f\x00\x03\xff\xf0\x1f\x00\x03\xff\xf0\x1f\x00\x07\xff\xf0\x1f\x00\x07\xff\xf0\x1f\x00\x0f\xff\xf0\x1f\x00\x0f\xff\xf0\x1f\x00\x1f\xff\xf0\x1f\x00\x1f\xff\xf0\x1f\x00\x1f\xff\xf0\x1f\x00\x1f\xff\xf0\x1f\x00\x1f\xff\xf0\x1f\x00\x1f\xff\xf0\x1f\x00\x1f\xff\xf0\x1f\x00\x1f\xff\xf0\x1f\x00\x1f\xff\xf0\x1f\x00\x1f\xff\xf0\x1f\x00\x0f\xff\xf0\x1f\x00\x0f\xff\xf0\x1f\x00\x07\xff\xf0\x1f\x00\x07\xff\xf0\x1f\x00\x03\xff\xf0\x1f\x00\x03\xff\xf0\x1f\x00\x01\xff\xf0\x1f\x00\x00\xff\xf0\x1f\x00\x00\x7f\xf0\x1f\x00\x00\x1f\xf0\x1f\x00\x00\x03\xf0\x1f\x00\x00\x03\xf0\x1f\x00\x00\x03\xf0\x1f\x00\x00\x03\xf0\x1f\x00\x00\x03\xf0\x1f\x00\x00\x03\xf0\x1f\x00\x00\x03\xf0\x1f\x00\x00\x03\xf0\x1f\x00\x00\x03\xf0\x1f\x00\x00\x03\xf0\x1f\x00\x00\x03\xf0\x1f\x00\x00\x03\xf0\x1f\x00\x00\x03\xf0\x1f\x00\x00\x03\xf0\x1f\x00\x00\x03\xf0\x1f\x00\x00\x03\xf0\x1f\x00\x00\x03\xf0\x1f\x00\x00\x03\xf0\x1f\x00\x00\x03\xf0\x1f\x00\x00\x03\xf0\x1f\x00\x00\x03\xf0\x1f\x00\x00\x03\xf0\x1f\x00\x00\x03\xf0\x1f\x00\x00\x03\xf0\x1f\x00\x00\x03\xf0\x1f\x00\x00\x03\xf0\x1f\x00\x00\x03\xf0\x1f\x00\x00\x03\xf0\x1f\x00\x00\x03\xf0\x1f\x00\x00\x03\xf0\x1f\x00\x00\x03\xf0\x1f\x00\x00\x03\xf0\x1f\x00\x00\x03\xf0\x1f\x00\x00\x03\xf0\x1f\x00\x00\x03\xf0\x1f\x00\x00\x00\x00\x00\x00\x00\x00\x00\x00\x00\x00\x00\x00\x00\x00\x00\x00\x00\x00\x00\x00\x00\x00\x00\x00\x00\x00\x00\x00\x00\x00\x00\x00\x00\x00\x00\x00\x00\x00\x00'",
  183:b'\x00\x00\x00\x00\x00\x00\x00\x00\x00\x00\x00\x00\x00\x00\x00\x00\x00\x00\x00\x00\x00\x00\x00\x00\x00\x00\x00\x00\x00\x00\x00\x00\x00\x00\x00\x00\x00\x00\x00\x00\x00\x00\x00\x00\x00\x00\x00\x00\x00\x00\x00\x00\x00\x00\x00\x00\x00\x00\x00\x00\x00\x00\x00\x00\x00\x00\x00\x00\x00\x00\x00\x00\x00\x00\x00\x00\x00\x00\x00\x00\x00\x00\x00\x00\x00\x00\x00\x00\x00\x00\x00\x00\x00\x00\x00\x00\x00\x00\x00\x00\x00\x00\x00\x00\x00\x00\x00\x00\x00\x00\x00\x00\x00\x00\x00\x00\x00\x00\x00\x00\x00\xf8\x00\x01\xfc\x00\x03\xfe\x00\x03\xfe\x00\x03\xfe\x00\x03\xfe\x00\x03\xfe\x00\x01\xfc\x00\x00\xf8\x00\x00\x00\x00\x00\x00\x00\x00\x00\x00\x00\x00\x00\x00\x00\x00\x00\x00\x00\x00\x00\x00\x00\x00\x00\x00\x00\x00\x00\x00\x00\x00\x00\x00\x00\x00\x00\x00\x00\x00\x00\x00\x00\x00\x00\x00\x00\x00\x00\x00\x00\x00\x00\x00\x00\x00\x00\x00\x00\x00\x00\x00\x00\x00\x00\x00\x00\x00\x00\x00\x00\x00\x00\x00\x00\x00\x00\x00\x00\x00\x00\x00\x00\x00\x00\x00\x00\x00\x00\x00\x00\x00\x00\x00\x00\x00\x00\x00\x00\x00\x00\x00\x00\x00\x00\x00\x00\x00\x00\x00\x00\x00\x15',
  184:b'\x00\x00\x00\x00\x00\x00\x00\x00\x00\x00\x00\x00\x00\x00\x00\x00\x00\x00\x00\x00\x00\x00\x00\x00\x00\x00\x00\x00\x00\x00\x00\x00\x00\x00\x00\x00\x00\x00\x00\x00\x00\x00\x00\x00\x00\x00\x00\x00\x00\x00\x00\x00\x00\x00\x00\x00\x00\x00\x00\x00\x00\x00\x00\x00\x00\x00\x00\x00\x00\x00\x00\x00\x00\x00\x00\x00\x00\x00\x00\x00\x00\x00\x00\x00\x00\x00\x00\x00\x00\x00\x00\x00\x00\x00\x00\x00\x00\x00\x00\x00\x00\x00\x00\x00\x00\x00\x00\x00\x00\x00\x00\x00\x00\x00\x00\x00\x00\x00\x00\x00\x00\x00\x00\x00\x00\x00\x00\x00\x00\x00\x00\x00\x00\x00\x00\x00\x00\x00\x00\x00\x00\x00\x00\x00\x00\x00\x00\x00\x00\x00\x00\x00\x00\x00\x00\x00\x00\x00\x00\x00\x00\x00\x00\x00\x00\x00\x00\x00\x00\x00\x00\x00\x00\x00\x00\x00\x00\x00\x00\x00\x00\x00\x00\x00\x00\x00\x00\x00\x00\x00\x00\x00\x00\x00\x00\x00\x00\x00\x00\x00\x00\x00\x00\x00\x00x\x00\x00\xf0\x00\x00\xf0\x00\x01\xf8\x00\x01\xff\x00\x03\xff\x80\x07\xff\x80\x00\xff\xc0\x00\x1f\xc0\x00\x0f\xc0\x00\x0f\xc0\x00\x0f\x80\x00?\x80\x07\xff\x00\x07\xfe\x00\x07\xf0\x00\x00\x00\x00\x00\x00\x00\x16',
  185:b'\x00\x00\x00\x00\x00\x00\x00\x00\x00\x00\x00\x00\x00\x00\x00\x00\x00\x00\x00\x00\x00\x01\xe0\x00\x00\x03\xe0\x00\x00\x0f\xe0\x00\x00\x1f\xe0\x00\x00\x7f\xe0\x00\x00\xff\xe0\x00\x03\xff\xe0\x00\x07\xfb\xe0\x00\x0f\xf3\xe0\x00\x07\xc3\xe0\x00\x07\x83\xe0\x00\x02\x03\xe0\x00\x00\x03\xe0\x00\x00\x03\xe0\x00\x00\x03\xe0\x00\x00\x03\xe0\x00\x00\x03\xe0\x00\x00\x03\xe0\x00\x00\x03\xe0\x00\x00\x03\xe0\x00\x00\x03\xe0\x00\x00\x03\xe0\x00\x00\x03\xe0\x00\x00\x03\xe0\x00\x00\x03\xe0\x00\x00\x03\xe0\x00\x00\x03\xe0\x00\x03\xff\xff\xe0\x03\xff\xff\xe0\x03\xff\xff\xe0\x03\xff\xff\xe0\x03\xff\xff\xe0\x03\xff\xff\xe0\x00\x00\x00\x00\x00\x00\x00\x00\x00\x00\x00\x00\x00\x00\x00\x00\x00\x00\x00\x00\x00\x00\x00\x00\x00\x00\x00\x00\x00\x00\x00\x00\x00\x00\x00\x00\x00\x00\x00\x00\x00\x00\x00\x00\x00\x00\x00\x00\x00\x00\x00\x00\x00\x00\x00\x00\x00\x00\x00\x00\x00\x00\x00\x00\x00\x00\x00\x00\x00\x00\x00\x00\x00\x00\x00\x00\x00\x00\x00\x00\x00\x00\x00\x00\x00\x00\x00\x00\x00\x00\x00\x00\x00\x00\x00\x00\x00\x00\x00\x00\x00\x00\x00\x00\x00\x00\x00\x00\x00\x00\x00\x00\x00\x00\x00\x00\x00\x00\x00\x00\x00\x00\x00\x00\x00\x00\x00\x00\x00\x00\x00\x00\x00\x00\x00\x00\x00\x00\x00\x00\x00\x00\x00\x00\x00\x00\x00\x00\x00\x00\x00\x00\x00\x00\x00\x00\x00\x00\x00\x00\x00\x00\x00\x00\x00\x00\x00\x00\x00\x00\x00\x00\x00\x00\x00\x00\x00\x00\x00\x00\x00\x00\x00\x00\x00\x00\x00\x00\x00\x00\x00\x00\x1f',
  186:b'\x00\x00\x00\x00\x00\x00\x00\x00\x00\x00\x00\x00\x00\x00\x00\x00\x00\x00\x00\x00\x00\x00\x00\x00\x00\x00\x00\x00\x00\x00\x00\x00\x00\x00\x00\x00\x00\x00\x00\x00\x00\x00\x00\x00\x00\x00\x00\x00\x00\x0f\xf0\x00\x00\x7f\xfc\x00\x00\xff\xff\x00\x01\xff\xff\x80\x03\xff\xff\x80\x07\xf8?\xc0\x07\xe0\x0f\xc0\x0f\xc0\x07\xe0\x0f\xc0\x07\xe0\x0f\xc0\x07\xe0\x0f\x80\x03\xe0\x1f\x80\x03\xf0\x1f\x80\x03\xf0\x1f\x80\x03\xf0\x1f\x80\x03\xf0\x1f\x80\x03\xf0\x0f\x80\x03\xe0\x0f\xc0\x07\xe0\x0f\xc0\x07\xe0\x0f\xc0\x07\xe0\x07\xe0\x0f\xc0\x07\xf8?\xc0\x03\xff\xff\x80\x03\xff\xff\x80\x01\xff\xff\x00\x00\x7f\xfc\x00\x00\x1f\xf0\x00\x00\x00\x00\x00\x00\x00\x00\x00\x00\x00\x00\x00\x00\x00\x00\x00\x00\x00\x00\x00\x00\x00\x00\x00\x00\x00\x00\x00\x00\x00\x00\x00\x00\x00\x00\x00\x00\x00\x00\x00\x00\x00\x00\x00\x00\x00\x00\x00\x00\x00\x00\x00\x00\x00\x00\x00\x00\x00\x00\x00\x00\x00\x00\x00\x00\x00\x00\x00\x00\x00\x00\x00\x00\x00\x00\x00\x00\x00\x00\x00\x00\x00\x00\x00\x00\x00\x00\x00\x00\x00\x00\x00\x00\x00\x00\x00\x00\x00\x00\x00\x00\x00\x00\x00\x00\x00\x00\x00\x00\x00\x00\x00\x00\x00\x00\x00\x00\x00\x00\x00\x00\x00\x00\x00\x00\x00\x00\x00\x00\x00\x00\x00\x00\x00\x00\x00\x00\x00\x00\x00\x00\x00\x00\x00\x00\x00\x00\x00\x00\x00\x00\x00\x00\x00\x00\x00\x00\x00\x00\x00\x00\x00\x00\x00\x00\x00\x00\x00\x00\x00\x00\x00\x00\x00\x00\x00\x00\x00\x00\x00\x00\x00\x00\x00\x00\x00\x00\x00\x1f',
  187:b'\x00\x00\x00\x00\x00\x00\x00\x00\x00\x00\x00\x00\x00\x00\x00\x00\x00\x00\x00\x00\x00\x00\x00\x00\x00\x00\x00\x00\x00\x00\x00\x00\x00\x00\x00\x00\x00\x00\x00\x00\x00\x00\x00\x00\x00\x00\x00\x00\x00\x00\x00\x00\x00\x00\x00\x00\x00\x00\x00\x00\x00\x00\x00\x00\x00\x00\x00\x00\x00\x00\x00\x00\x00\x00\x00\x00\x00\x00\x00\x00\x00\x00\x00\x00\x00\x00\x00\x00\x00\x00\x00\x00\x00\x00\x00\x00\x00\x00\x00\x00\x00\x00\x00\x00\x00\x00\x00\x00\x00\x00\x00\x00\x00\x00\x00\x00\x00\x00\x00\x00\x00\x00\x00\x00\x00\x00\x00\x00\x00\x00\x00\x00\x00\x00\x00\x00\x00\x00\x00\x00\x00\x00\x00\x00\x00\x00\x00\x00\x00\x00\x02\x00\x04\x00\x00\x07\x00\x1c\x00\x00\x0f\x80>\x00\x00\x1f\xc0\x7f\x00\x00\x0f\xc0?\x80\x00\x07\xe0\x1f\x80\x00\x07\xf0\x1f\xc0\x00\x03\xf8\x0f\xe0\x00\x01\xf8\x07\xf0\x00\x01\xfc\x07\xf0\x00\x00\xfe\x03\xf8\x00\x00\x7f\x01\xfc\x00\x00\x7f\x00\xfe\x00\x00?\x80\xfe\x00\x00\x1f\xc0\x7f\x00\x00\x0f\xe0?\x80\x00\x07\xe0\x1f\xc0\x00\x01\xf0\x07\xc0\x00\x03\xe0\x0f\xc0\x00\x0f\xe0\x1f\x80\x00\x1f\xc0\x7f\x00\x00?\x80~\x00\x00?\x00\xfe\x00\x00\x7f\x01\xfc\x00\x00\xfe\x01\xf8\x00\x00\xfc\x03\xf8\x00\x01\xfc\x07\xf0\x00\x03\xf8\x0f\xe0\x00\x03\xf0\x0f\xc0\x00\x07\xf0\x1f\xc0\x00\x0f\xe0?\x80\x00\x0f\xc0?\x00\x00\x0f\x80\x1f\x00\x00\x03\x80\x0e\x00\x00\x01\x00\x04\x00\x00\x00\x00\x00\x00\x00\x00\x00\x00\x00\x00\x00\x00\x00\x00\x00\x00\x00\x00\x00\x00\x00\x00\x00\x00\x00\x00\x00\x00\x00\x00\x00\x00\x00\x00\x00\x00\x00\x00\x00\x00\x00\x00\x00\x00\x00\x00\x00\x00\x00\x00\x00\x00\x00\x00\x00\x00\x00\x00\x00\x00\x00\x00\x00\x00\x00\x00\x00\x00\x00\x00\x00\x00\x00\x00\x00\x00\x00\x00\x00\x00\x00\x00\x00\x00\x00\x00\x00\x00\x00\x00\x00\x00\x00\x00\x00\x00\x00\x00\x00\x00\x00\x00\x00\x00\x00%',
  188:b'\x00\x00\x00\x00\x00\x00\x00\x00\x00\x00\x00\x00\x00\x00\x00\x00\x00\x00\x00\x00\x00\x00\x00\x00\x00\x00\x00\x00\x00\x00\x00\x00\x00\x00\x00\x00\x00\x00\x00\x00\x00\x00\x00\x00\x00\x00\x00\x00\x00\x00\x00\x00\x00\x00\x00\x00\x00\x00\x00\x00\x00\x00\x00\x00\x00\x00\x00\x00\x00\x00\x00\x00\x00\x00\x00\x00\x00\x00\x00\x00\x00\x00\x00\x00\x00\x00\x00\x00\x00\x00\x00\x00\x00\x00\x00\x00\x00\x00\x00\x00\x00\x00\x00\x00\x00\x00\x00\x00\x00\x00\x00\x00\x00\x00@\x00\x00\x00\x01\xe0\x00\x00\x00\xe0\x00\x00\x00\x03\xe0\x00\x00\x01\xf8\x00\x00\x00\x0f\xe0\x00\x00\x01\xf8\x00\x00\x00\x1f\xe0\x00\x00\x03\xf0\x00\x00\x00\x7f\xe0\x00\x00\x07\xe0\x00\x00\x00\xff\xe0\x00\x00\x0f\xc0\x00\x00\x03\xff\xe0\x00\x00\x0f\xc0\x00\x00\x07\xfb\xe0\x00\x00\x1f\x80\x00\x00\x0f\xf3\xe0\x00\x00?\x00\x00\x00\x07\xc3\xe0\x00\x00?\x00\x00\x00\x07\x83\xe0\x00\x00~\x00\x00\x00\x02\x03\xe0\x00\x00\xfc\x00\x00\x00\x00\x03\xe0\x00\x01\xfc\x00\x00\x00\x00\x03\xe0\x00\x01\xf8\x00\x00\x00\x00\x03\xe0\x00\x03\xf0\x00\x00\x00\x00\x03\xe0\x00\x07\xe0\x00\x00\x00\x00\x03\xe0\x00\x07\xe0\x00\x00\x00\x00\x03\xe0\x00\x0f\xc0\x00\x00\x00\x00\x03\xe0\x00\x1f\x80\x00\x00\x00\x00\x03\xe0\x00\x1f\x80\x00\x00\x00\x00\x03\xe0\x00?\x00\x00\x00\x00\x00\x03\xe0\x00~\x00\x0f\x00\x00\x00\x03\xe0\x00\xfe\x00\x1f\x00\x00\x00\x03\xe0\x00\xfc\x00?\x00\x00\x00\x03\xe0\x01\xf8\x00?\x00\x00\x00\x03\xe0\x03\xf0\x00\x7f\x00\x00\x00\x03\xe0\x03\xf0\x00\xff\x00\x00\x00\x03\xe0\x07\xe0\x01\xff\x00\x00\x00\x03\xe0\x0f\xc0\x01\xff\x00\x00\x00\x03\xe0\x0f\xc0\x03\xff\x00\x00\x00\x03\xe0\x1f\x80\x07\xdf\x00\x00\x00\x03\xe0?\x00\x0f\xdf\x00\x00\x00\x03\xe0\x7f\x00\x0f\x9f\x00\x00\x00\x00\x00~\x00\x1f?\x00\x00\x00\x00\x00\xfc\x00??\x00\x00\x00\x00\x01\xf8\x00~?\x00\x00\x00\x00\x01\xf8\x00|?\x00\x00\x00\x00\x03\xf0\x00\xfc?\x00\x00\x00\x00\x07\xe0\x01\xf8?\x00\x00\x00\x00\x07\xe0\x03\xf0?\x00\x00\x00\x00\x0f\xc0\x03\xe0?\x00\x00\x00\x00\x1f\x80\x07\xc0?\x00\x00\x00\x00?\x80\x0f\x80?\x00\x00\x00\x00?\x00\x1f\xff\xff\xfc\x00\x00\x00~\x00\x1f\xff\xff\xfc\x00\x00\x00\xfc\x00\x1f\xff\xff\xfc\x00\x00\x00\xfc\x00\x1f\xff\xff\xfc\x00\x00\x01\xf8\x00\x1f\xff\xff\xfc\x00\x00\x03\xf0\x00\x00\x00?\x00\x00\x00\x03\xf0\x00\x00\x00?\x00\x00\x00\x07\xe0\x00\x00\x00?\x00\x00\x00\x0f\xc0\x00\x00\x00?\x00\x00\x00\x1f\xc0\x00\x00\x00?\x00\x00\x00\x1f\x80\x00\x00\x00?\x00\x00\x00\x07\x00\x00\x00\x00?\x00\x00\x00\x02\x00\x00\x00\x00\x00\x00\x00\x00\x00\x00\x00\x00\x00\x00\x00\x00\x00\x00\x00\x00\x00\x00\x00\x00\x00\x00\x00\x00\x00\x00\x00\x00\x00\x00\x00\x00\x00\x00\x00\x00\x00\x00\x00\x00\x00\x00\x00\x00\x00\x00\x00\x00\x00\x00\x00\x00\x00\x00\x00\x00\x00\x00\x00\x00\x00\x00\x00\x00\x00\x00\x00\x00\x00\x00\x00\x00\x00\x00\x00\x00\x00\x00\x00\x00\x00\x00\x00\x00\x00\x00\x00\x00\x00\x00\x00\x00\x00\x00\x00\x00\x00\x00\x00\x00\x00\x00\x00\x00\x00\x00\x00\x00\x00\x00\x00\x00\x00\x00\x00\x00\x00\x00\x00\x00\x00\x00\x00\x00\x00\x00\x00\x00\x00\x00\x00\x00\x00\x00\x00\x00\x00\x00\x00\x00\x00\x00\x00\x00\x00\x00\x00\x00\x00\x00\x00\x00\x00\x00\x00\x00A',
  189:b'\x00\x00\x00\x00\x00\x00\x00\x00\x00\x00\x00\x00\x00\x00\x00\x00\x00\x00\x00\x00\x00\x00\x00\x00\x00\x00\x00\x00\x00\x00\x00\x00\x00\x00\x00\x00\x00\x00\x00\x00\x00\x00\x00\x00\x00\x00\x00\x00\x00\x00\x00\x00\x00\x00\x00\x00\x00\x00\x00\x00\x00\x00\x00\x00\x00\x00\x00\x00\x00\x00\x00\x00\x00\x00\x00\x00\x00\x00\x00\x00\x00\x00\x00\x00\x00\x00\x00\x00\x00\x00\x00\x00\x00\x00\x00\x00\x00\x00\x00\x00\x00\x00\x00\x00\x00\x00\x00\x00\x00\x00\x00\x00\x00\x00@\x00\x00\x00\x01\xe0\x00\x00\x00\xe0\x00\x00\x00\x03\xe0\x00\x00\x01\xf8\x00\x00\x00\x0f\xe0\x00\x00\x01\xf8\x00\x00\x00\x1f\xe0\x00\x00\x03\xf0\x00\x00\x00\x7f\xe0\x00\x00\x07\xe0\x00\x00\x00\xff\xe0\x00\x00\x0f\xc0\x00\x00\x03\xff\xe0\x00\x00\x0f\xc0\x00\x00\x07\xfb\xe0\x00\x00\x1f\x80\x00\x00\x0f\xf3\xe0\x00\x00?\x00\x00\x00\x07\xc3\xe0\x00\x00?\x00\x00\x00\x07\x83\xe0\x00\x00~\x00\x00\x00\x02\x03\xe0\x00\x00\xfc\x00\x00\x00\x00\x03\xe0\x00\x01\xfc\x00\x00\x00\x00\x03\xe0\x00\x01\xf8\x00\x00\x00\x00\x03\xe0\x00\x03\xf0\x00\x00\x00\x00\x03\xe0\x00\x07\xe0\x00\x00\x00\x00\x03\xe0\x00\x07\xe0\x00\x00\x00\x00\x03\xe0\x00\x0f\xc0\x00\x00\x00\x00\x03\xe0\x00\x1f\x80\x00\x00\x00\x00\x03\xe0\x00\x1f\x80\x00\x00\x00\x00\x03\xe0\x00?\x00\x00\x00\x00\x00\x03\xe0\x00~\x01\xff\x00\x00\x00\x03\xe0\x00\xfe\x0f\xff\xc0\x00\x00\x03\xe0\x00\xfc?\xff\xe0\x00\x00\x03\xe0\x01\xf8\x7f\xff\xf0\x00\x00\x03\xe0\x03\xf0?\xff\xf8\x00\x00\x03\xe0\x03\xf0?\xff\xf8\x00\x00\x03\xe0\x07\xe0\x1f\x07\xf8\x00\x00\x03\xe0\x0f\xc0\x1c\x01\xfc\x00\x00\x03\xe0\x0f\xc0\x10\x00\xfc\x00\x00\x03\xe0\x1f\x80\x00\x00\xfc\x00\x00\x03\xe0?\x00\x00\x00\xf8\x00\x00\x03\xe0\x7f\x00\x00\x00\xf8\x00\x00\x00\x00~\x00\x00\x00\xf8\x00\x00\x00\x00\xfc\x00\x00\x01\xf8\x00\x00\x00\x01\xf8\x00\x00\x01\xf0\x00\x00\x00\x01\xf8\x00\x00\x03\xf0\x00\x00\x00\x03\xf0\x00\x00\x03\xe0\x00\x00\x00\x07\xe0\x00\x00\x07\xe0\x00\x00\x00\x07\xe0\x00\x00\x0f\xc0\x00\x00\x00\x0f\xc0\x00\x00\x1f\x80\x00\x00\x00\x1f\x80\x00\x00?\x00\x00\x00\x00?\x80\x00\x00~\x00\x00\x00\x00?\x00\x00\x00|\x00\x00\x00\x00~\x00\x00\x01\xf8\x00\x00\x00\x00\xfc\x00\x00\x03\xf8\x00\x00\x00\x00\xfc\x00\x00\x07\xe0\x00\x00\x00\x01\xf8\x00\x00\x0f\xc0\x00\x00\x00\x03\xf0\x00\x00\x1f\xbf\xfe\x00\x00\x03\xf0\x00\x00?\xff\xfe\x00\x00\x07\xe0\x00\x00\xff\xff\xfe\x00\x00\x0f\xc0\x00\x00\xff\xff\xfe\x00\x00\x1f\xc0\x00\x00\xff\xff\xfe\x00\x00\x1f\x80\x00\x00\xff\xff\xfe\x00\x00\x07\x00\x00\x00\x00\x00\x00\x00\x00\x02\x00\x00\x00\x00\x00\x00\x00\x00\x00\x00\x00\x00\x00\x00\x00\x00\x00\x00\x00\x00\x00\x00\x00\x00\x00\x00\x00\x00\x00\x00\x00\x00\x00\x00\x00\x00\x00\x00\x00\x00\x00\x00\x00\x00\x00\x00\x00\x00\x00\x00\x00\x00\x00\x00\x00\x00\x00\x00\x00\x00\x00\x00\x00\x00\x00\x00\x00\x00\x00\x00\x00\x00\x00\x00\x00\x00\x00\x00\x00\x00\x00\x00\x00\x00\x00\x00\x00\x00\x00\x00\x00\x00\x00\x00\x00\x00\x00\x00\x00\x00\x00\x00\x00\x00\x00\x00\x00\x00\x00\x00\x00\x00\x00\x00\x00\x00\x00\x00\x00\x00\x00\x00\x00\x00\x00\x00\x00\x00\x00\x00\x00\x00\x00\x00\x00\x00\x00\x00\x00\x00\x00\x00\x00\x00\x00\x00\x00\x00\x00\x00\x00\x00\x00\x00\x00\x00\x00\x00\x00\x00B',
  190:b'\x00\x00\x00\x00\x00\x00\x00\x00\x00\x00\x00\x00\x00\x00\x00\x00\x00\x00\x00\x00\x00\x00\x00\x00\x00\x00\x00\x00\x00\x00\x00\x00\x00\x00\x00\x00\x00\x00\x00\x00\x00\x00\x00\x00\x00\x00\x00\x00\x00\x00\x00\x00\x00\x00\x00\x00\x00\x00\x00\x00\x00\x00\x00\x00\x00\x00\x00\x00\x00\x00\x00\x00\x00\x00\x00\x00\x00\x00\x00\x00\x00\x00\x00\x00\x00\x00\x00\x00\x00\x00\x00\x00\x00\x00\x00\x00\x00\x00\x00\x00\x00\x00\x00\x00\x00\x00\x00\x00\x00\x00\x00\x00\x00\x00\x08\x00\x00\x03\xff\xff\xc0\x00\x00\x1c\x00\x00\x03\xff\xff\xc0\x00\x00?\x00\x00\x03\xff\xff\xc0\x00\x00?\x00\x00\x03\xff\xff\xc0\x00\x00~\x00\x00\x03\xff\xff\x80\x00\x00\xfc\x00\x00\x03\xff\xff\x00\x00\x01\xf8\x00\x00\x00\x00\x1e\x00\x00\x01\xf8\x00\x00\x00\x00|\x00\x00\x03\xf0\x00\x00\x00\x00\xf8\x00\x00\x07\xe0\x00\x00\x00\x01\xf0\x00\x00\x07\xe0\x00\x00\x00\x03\xe0\x00\x00\x0f\xc0\x00\x00\x00\x07\xc0\x00\x00\x1f\x80\x00\x00\x00\x0f\x80\x00\x00\x1f\x80\x00\x00\x00\x1f\xf8\x00\x00?\x00\x00\x00\x00?\xfe\x00\x00~\x00\x00\x00\x00?\xff\x00\x00\xfc\x00\x00\x00\x00?\xff\x80\x00\xfc\x00\x00\x00\x00\x00?\xc0\x01\xf8\x00\x00\x00\x00\x00\x0f\xc0\x03\xf0\x00\x00\x00\x00\x00\x07\xe0\x03\xf0\x00\x00\x00\x00\x00\x07\xe0\x07\xe0\x00\x00\x00\x00\x00\x03\xe0\x0f\xc0\x01\xe0\x00\x00\x00\x03\xe0\x0f\xc0\x03\xe0\x00\x00\x00\x07\xe0\x1f\x80\x07\xe0\x00\x00\x00\x07\xe0?\x00\x07\xe0\x00\x00\x00\x0f\xe0~\x00\x0f\xe0\x00\x01\x80?\xc0~\x00\x1f\xe0\x00\x01\xff\xff\xc0\xfc\x00?\xe0\x00\x01\xff\xff\x81\xf8\x00?\xe0\x00\x03\xff\xff\x01\xf8\x00\x7f\xe0\x00\x03\xff\xfe\x03\xf0\x00\xfb\xe0\x00\x03\xff\xf8\x07\xe0\x01\xfb\xe0\x00\x00\xff\xe0\x07\xe0\x01\xf3\xe0\x00\x00\x00\x00\x0f\xc0\x03\xe7\xe0\x00\x00\x00\x00\x1f\x80\x07\xe7\xe0\x00\x00\x00\x00?\x00\x0f\xc7\xe0\x00\x00\x00\x00?\x00\x0f\x87\xe0\x00\x00\x00\x00~\x00\x1f\x87\xe0\x00\x00\x00\x00\xfc\x00?\x07\xe0\x00\x00\x00\x00\xfc\x00~\x07\xe0\x00\x00\x00\x01\xf8\x00|\x07\xe0\x00\x00\x00\x03\xf0\x00\xf8\x07\xe0\x00\x00\x00\x07\xf0\x01\xf0\x07\xe0\x00\x00\x00\x07\xe0\x03\xff\xff\xff\x80\x00\x00\x0f\xc0\x03\xff\xff\xff\x80\x00\x00\x1f\x80\x03\xff\xff\xff\x80\x00\x00\x1f\x80\x03\xff\xff\xff\x80\x00\x00?\x00\x03\xff\xff\xff\x80\x00\x00~\x00\x00\x00\x07\xe0\x00\x00\x00~\x00\x00\x00\x07\xe0\x00\x00\x00\xfc\x00\x00\x00\x07\xe0\x00\x00\x01\xf8\x00\x00\x00\x07\xe0\x00\x00\x03\xf8\x00\x00\x00\x07\xe0\x00\x00\x01\xf0\x00\x00\x00\x07\xe0\x00\x00\x00\xe0\x00\x00\x00\x07\xe0\x00\x00\x00@\x00\x00\x00\x00\x00\x00\x00\x00\x00\x00\x00\x00\x00\x00\x00\x00\x00\x00\x00\x00\x00\x00\x00\x00\x00\x00\x00\x00\x00\x00\x00\x00\x00\x00\x00\x00\x00\x00\x00\x00\x00\x00\x00\x00\x00\x00\x00\x00\x00\x00\x00\x00\x00\x00\x00\x00\x00\x00\x00\x00\x00\x00\x00\x00\x00\x00\x00\x00\x00\x00\x00\x00\x00\x00\x00\x00\x00\x00\x00\x00\x00\x00\x00\x00\x00\x00\x00\x00\x00\x00\x00\x00\x00\x00\x00\x00\x00\x00\x00\x00\x00\x00\x00\x00\x00\x00\x00\x00\x00\x00\x00\x00\x00\x00\x00\x00\x00\x00\x00\x00\x00\x00\x00\x00\x00\x00\x00\x00\x00\x00\x00\x00\x00\x00\x00\x00\x00\x00\x00\x00\x00\x00\x00\x00\x00\x00\x00\x00\x00\x00\x00\x00\x00\x00\x00\x00\x00\x00\x00D',
  191:b'\x00\x00\x00\x00\x00\x00\x00\x00\x00\x00\x00\x00\x00\x00\x00\x00\x00\x00\x00\x00\x00\x00\x00\x00\x00\x00\x00\x00\x00\x00\x00\x00\x00\x00\x00\x00\x00\x00\x00\x00\x00\x00\x00\x00\x00\x00\x00\x00\x00\x00\x00\x00\x00\x00\x00\x00\x00\x00\x00\x00\x00\x00\x00\x00\x00\x00\x00\x00\x00\x00\x00\x00\x00\x00\x00\x00\x00\x00\x00\x00\x00\x00\x00\x00\x00\x00\x00\x00\x00\x00\x00\x00\x00\x00\x00\x00\x00\x00\x00\x00\x00\x00\x00\x00\x00\x00\x00\x00\x00\x00\x00\x00\x00\x00\x00\x00\x00\x00\x00\x00\x00\x00\x00\x00\x00\x00\x00\x00\x00\x00\x00\x00\x00\x00\x00\x00\x00\x00\x00\x00\x00\x00|\x00\x00\x00\x00\xfe\x00\x00\x00\x01\xff\x00\x00\x00\x01\xff\x00\x00\x00\x01\xff\x00\x00\x00\x01\xff\x00\x00\x00\x01\xff\x00\x00\x00\x00\xfe\x00\x00\x00\x00|\x00\x00\x00\x00\x00\x00\x00\x00\x00\x00\x00\x00\x00\x00\x00\x00\x00\x00\x00\x00\x00\x00\x00\x00\x00\x00\x00\x00\x00\x00\x00\x00\x00\x00|\x00\x00\x00\x00|\x00\x00\x00\x00|\x00\x00\x00\x00|\x00\x00\x00\x00|\x00\x00\x00\x00\xfc\x00\x00\x00\x00\xfc\x00\x00\x00\x01\xf8\x00\x00\x00\x01\xf8\x00\x00\x00\x03\xf8\x00\x00\x00\x07\xf0\x00\x00\x00\x0f\xe0\x00\x00\x00\x0f\xe0\x00\x00\x00\x1f\xc0\x00\x00\x00?\x80\x00\x00\x00\x7f\x00\x00\x00\x00\xfe\x00\x00\x00\x01\xfe\x00\x00\x00\x03\xfc\x00\x00\x00\x03\xf8\x00\x00\x00\x07\xf0\x00\x00\x00\x07\xe0\x00\x00\x00\x0f\xe0\x00\x00\x00\x0f\xc0\x00\x00\x00\x1f\xc0\x00\x00\x00\x1f\xc0\x00\x00\x00\x1f\x80\x00\x00\x00\x1f\x80\x00\x00\x00\x1f\x80\x00\x00\x00\x1f\x80\x00\x00\x00\x1f\xc0\x00\x00\x00\x1f\xc0\x00\x00\x00\x1f\xc0\x00\x08\x00\x1f\xe0\x00\x1c\x00\x0f\xf0\x00|\x00\x0f\xfc\x03\xfc\x00\x07\xff\xff\xfe\x00\x03\xff\xff\xfe\x00\x01\xff\xff\xfc\x00\x00\xff\xff\xf0\x00\x00\x7f\xff\xc0\x00\x00\x0f\xfc\x00\x00\x00\x00\x00\x00\x00"',
  192:b'\x00\x1f\xf0\x00\x00\x00\x00\x1f\xf8\x00\x00\x00\x00\x0f\xfc\x00\x00\x00\x00\x03\xfe\x00\x00\x00\x00\x01\xff\x00\x00\x00\x00\x00\x7f\x80\x00\x00\x00\x00\x1f\xc0\x00\x00\x00\x00\x0f\xe0\x00\x00\x00\x00\x03\xf0\x00\x00\x00\x00\x00\x08\x00\x00\x00\x00\x00\x00\x00\x00\x00\x00\x00\x00\x00\x00\x00\x00\x00\x00\x00\x00\x00\x00\x07\x00\x00\x00\x00\x00\x07\x80\x00\x00\x00\x00\x0f\x80\x00\x00\x00\x00\x0f\xc0\x00\x00\x00\x00\x0f\xc0\x00\x00\x00\x00\x1f\xc0\x00\x00\x00\x00\x1f\xe0\x00\x00\x00\x00?\xe0\x00\x00\x00\x00?\xe0\x00\x00\x00\x00?\xf0\x00\x00\x00\x00}\xf0\x00\x00\x00\x00}\xf8\x00\x00\x00\x00}\xf8\x00\x00\x00\x00\xfc\xf8\x00\x00\x00\x00\xf8\xfc\x00\x00\x00\x01\xf8\xfc\x00\x00\x00\x01\xf8\xfc\x00\x00\x00\x01\xf8\xfe\x00\x00\x00\x03\xf0~\x00\x00\x00\x03\xf0\x7f\x00\x00\x00\x03\xf0?\x00\x00\x00\x07\xe0?\x00\x00\x00\x07\xe0?\x80\x00\x00\x0f\xe0\x1f\x80\x00\x00\x0f\xc0\x1f\xc0\x00\x00\x0f\xc0\x1f\xc0\x00\x00\x1f\x80\x0f\xc0\x00\x00\x1f\x80\x0f\xe0\x00\x00\x1f\x80\x07\xe0\x00\x00?\x00\x07\xe0\x00\x00?\x00\x07\xf0\x00\x00\x7f\x00\x03\xf0\x00\x00~\x00\x03\xf8\x00\x00~\x00\x03\xf8\x00\x00\xff\xff\xff\xf8\x00\x00\xff\xff\xff\xfc\x00\x00\xff\xff\xff\xfc\x00\x01\xff\xff\xff\xfc\x00\x01\xff\xff\xff\xfe\x00\x03\xff\xff\xff\xfe\x00\x03\xf0\x00\x00\x7f\x00\x03\xf0\x00\x00\x7f\x00\x07\xf0\x00\x00?\x00\x07\xe0\x00\x00?\x80\x07\xe0\x00\x00?\x80\x0f\xc0\x00\x00\x1f\x80\x0f\xc0\x00\x00\x1f\xc0\x1f\xc0\x00\x00\x1f\xc0\x1f\x80\x00\x00\x0f\xe0\x1f\x80\x00\x00\x0f\xe0?\x80\x00\x00\x07\xe0?\x00\x00\x00\x07\xf0?\x00\x00\x00\x07\xf0\x7f\x00\x00\x00\x03\xf0~\x00\x00\x00\x03\xf8\x00\x00\x00\x00\x00\x00\x00\x00\x00\x00\x00\x00\x00\x00\x00\x00\x00\x00\x00\x00\x00\x00\x00\x00\x00\x00\x00\x00\x00\x00\x00\x00\x00\x00\x00\x00\x00\x00\x00\x00\x00\x00\x00\x00\x00\x00\x00\x00\x00\x00\x00\x00\x00\x00\x00\x00\x00\x00\x00\x00\x00\x00\x00\x00\x00\x00\x00\x00\x00\x00\x00\x00\x00\x00\x00\x00\x00\x00\x00\x00\x00\x00\x00\x00\x00\x00\x00\x00\x00\x00\x00\x00\x00\x00\x00\x00\x00\x00\x00\x00\x00\x00\x00\x00\x00\x00\x00\x00.',
  193:b'\x00\x00\x00\x7f\xe0\x00\x00\x00\x00\xff\xe0\x00\x00\x00\x01\xff\x80\x00\x00\x00\x03\xfe\x00\x00\x00\x00\x07\xfc\x00\x00\x00\x00\x0f\xf0\x00\x00\x00\x00\x1f\xc0\x00\x00\x00\x00?\x80\x00\x00\x00\x00~\x00\x00\x00\x00\x00\x00\x00\x00\x00\x00\x00\x00\x00\x00\x00\x00\x00\x00\x00\x00\x00\x00\x00\x00\x00\x00\x00\x00\x00\x07\x00\x00\x00\x00\x00\x07\x80\x00\x00\x00\x00\x0f\x80\x00\x00\x00\x00\x0f\xc0\x00\x00\x00\x00\x0f\xc0\x00\x00\x00\x00\x1f\xc0\x00\x00\x00\x00\x1f\xe0\x00\x00\x00\x00?\xe0\x00\x00\x00\x00?\xe0\x00\x00\x00\x00?\xf0\x00\x00\x00\x00}\xf0\x00\x00\x00\x00}\xf8\x00\x00\x00\x00}\xf8\x00\x00\x00\x00\xfc\xf8\x00\x00\x00\x00\xf8\xfc\x00\x00\x00\x01\xf8\xfc\x00\x00\x00\x01\xf8\xfc\x00\x00\x00\x01\xf8\xfe\x00\x00\x00\x03\xf0~\x00\x00\x00\x03\xf0\x7f\x00\x00\x00\x03\xf0?\x00\x00\x00\x07\xe0?\x00\x00\x00\x07\xe0?\x80\x00\x00\x0f\xe0\x1f\x80\x00\x00\x0f\xc0\x1f\xc0\x00\x00\x0f\xc0\x1f\xc0\x00\x00\x1f\x80\x0f\xc0\x00\x00\x1f\x80\x0f\xe0\x00\x00\x1f\x80\x07\xe0\x00\x00?\x00\x07\xe0\x00\x00?\x00\x07\xf0\x00\x00\x7f\x00\x03\xf0\x00\x00~\x00\x03\xf8\x00\x00~\x00\x03\xf8\x00\x00\xff\xff\xff\xf8\x00\x00\xff\xff\xff\xfc\x00\x00\xff\xff\xff\xfc\x00\x01\xff\xff\xff\xfc\x00\x01\xff\xff\xff\xfe\x00\x03\xff\xff\xff\xfe\x00\x03\xf0\x00\x00\x7f\x00\x03\xf0\x00\x00\x7f\x00\x07\xf0\x00\x00?\x00\x07\xe0\x00\x00?\x80\x07\xe0\x00\x00?\x80\x0f\xc0\x00\x00\x1f\x80\x0f\xc0\x00\x00\x1f\xc0\x1f\xc0\x00\x00\x1f\xc0\x1f\x80\x00\x00\x0f\xe0\x1f\x80\x00\x00\x0f\xe0?\x80\x00\x00\x07\xe0?\x00\x00\x00\x07\xf0?\x00\x00\x00\x07\xf0\x7f\x00\x00\x00\x03\xf0~\x00\x00\x00\x03\xf8\x00\x00\x00\x00\x00\x00\x00\x00\x00\x00\x00\x00\x00\x00\x00\x00\x00\x00\x00\x00\x00\x00\x00\x00\x00\x00\x00\x00\x00\x00\x00\x00\x00\x00\x00\x00\x00\x00\x00\x00\x00\x00\x00\x00\x00\x00\x00\x00\x00\x00\x00\x00\x00\x00\x00\x00\x00\x00\x00\x00\x00\x00\x00\x00\x00\x00\x00\x00\x00\x00\x00\x00\x00\x00\x00\x00\x00\x00\x00\x00\x00\x00\x00\x00\x00\x00\x00\x00\x00\x00\x00\x00\x00\x00\x00\x00\x00\x00\x00\x00\x00\x00\x00\x00\x00\x00\x00\x00.',
  194:b'\x00\x00\x0f\xc0\x00\x00\x00\x00\x1f\xe0\x00\x00\x00\x00\x7f\xf0\x00\x00\x00\x00\xff\xfc\x00\x00\x00\x01\xfc\xfe\x00\x00\x00\x03\xfc\xff\x00\x00\x00\x0f\xf8\x7f\x80\x00\x00\x1f\xf0?\xc0\x00\x00?\xc0\x1f\xe0\x00\x00?\x80\x0f\xe0\x00\x00\x00\x00\x00\x00\x00\x00\x00\x00\x00\x00\x00\x00\x00\x00\x00\x00\x00\x00\x00\x07\x00\x00\x00\x00\x00\x07\x80\x00\x00\x00\x00\x0f\x80\x00\x00\x00\x00\x0f\xc0\x00\x00\x00\x00\x0f\xc0\x00\x00\x00\x00\x1f\xc0\x00\x00\x00\x00\x1f\xe0\x00\x00\x00\x00?\xe0\x00\x00\x00\x00?\xe0\x00\x00\x00\x00?\xf0\x00\x00\x00\x00}\xf0\x00\x00\x00\x00}\xf8\x00\x00\x00\x00}\xf8\x00\x00\x00\x00\xfc\xf8\x00\x00\x00\x00\xf8\xfc\x00\x00\x00\x01\xf8\xfc\x00\x00\x00\x01\xf8\xfc\x00\x00\x00\x01\xf8\xfe\x00\x00\x00\x03\xf0~\x00\x00\x00\x03\xf0\x7f\x00\x00\x00\x03\xf0?\x00\x00\x00\x07\xe0?\x00\x00\x00\x07\xe0?\x80\x00\x00\x0f\xe0\x1f\x80\x00\x00\x0f\xc0\x1f\xc0\x00\x00\x0f\xc0\x1f\xc0\x00\x00\x1f\x80\x0f\xc0\x00\x00\x1f\x80\x0f\xe0\x00\x00\x1f\x80\x07\xe0\x00\x00?\x00\x07\xe0\x00\x00?\x00\x07\xf0\x00\x00\x7f\x00\x03\xf0\x00\x00~\x00\x03\xf8\x00\x00~\x00\x03\xf8\x00\x00\xff\xff\xff\xf8\x00\x00\xff\xff\xff\xfc\x00\x00\xff\xff\xff\xfc\x00\x01\xff\xff\xff\xfc\x00\x01\xff\xff\xff\xfe\x00\x03\xff\xff\xff\xfe\x00\x03\xf0\x00\x00\x7f\x00\x03\xf0\x00\x00\x7f\x00\x07\xf0\x00\x00?\x00\x07\xe0\x00\x00?\x80\x07\xe0\x00\x00?\x80\x0f\xc0\x00\x00\x1f\x80\x0f\xc0\x00\x00\x1f\xc0\x1f\xc0\x00\x00\x1f\xc0\x1f\x80\x00\x00\x0f\xe0\x1f\x80\x00\x00\x0f\xe0?\x80\x00\x00\x07\xe0?\x00\x00\x00\x07\xf0?\x00\x00\x00\x07\xf0\x7f\x00\x00\x00\x03\xf0~\x00\x00\x00\x03\xf8\x00\x00\x00\x00\x00\x00\x00\x00\x00\x00\x00\x00\x00\x00\x00\x00\x00\x00\x00\x00\x00\x00\x00\x00\x00\x00\x00\x00\x00\x00\x00\x00\x00\x00\x00\x00\x00\x00\x00\x00\x00\x00\x00\x00\x00\x00\x00\x00\x00\x00\x00\x00\x00\x00\x00\x00\x00\x00\x00\x00\x00\x00\x00\x00\x00\x00\x00\x00\x00\x00\x00\x00\x00\x00\x00\x00\x00\x00\x00\x00\x00\x00\x00\x00\x00\x00\x00\x00\x00\x00\x00\x00\x00\x00\x00\x00\x00\x00\x00\x00\x00\x00\x00\x00\x00\x00\x00\x00.',
  195:b'\x00\x00\x00\x00\x00\x00\x00\x00\xfc\x00\x00\x00\x00\x03\xff\x80@\x00\x00\x07\xff\xe1\xc0\x00\x00\x0f\xff\xff\xe0\x00\x00\x1f\xff\xff\xe0\x00\x00\x1f\xff\xff\xe0\x00\x00\x1e\x0f\xff\xc0\x00\x00\x0c\x03\xff\x00\x00\x00\x08\x00|\x00\x00\x00\x00\x00\x00\x00\x00\x00\x00\x00\x00\x00\x00\x00\x00\x00\x00\x00\x00\x00\x00\x07\x00\x00\x00\x00\x00\x07\x80\x00\x00\x00\x00\x0f\x80\x00\x00\x00\x00\x0f\xc0\x00\x00\x00\x00\x0f\xc0\x00\x00\x00\x00\x1f\xc0\x00\x00\x00\x00\x1f\xe0\x00\x00\x00\x00?\xe0\x00\x00\x00\x00?\xe0\x00\x00\x00\x00?\xf0\x00\x00\x00\x00}\xf0\x00\x00\x00\x00}\xf8\x00\x00\x00\x00}\xf8\x00\x00\x00\x00\xfc\xf8\x00\x00\x00\x00\xf8\xfc\x00\x00\x00\x01\xf8\xfc\x00\x00\x00\x01\xf8\xfc\x00\x00\x00\x01\xf8\xfe\x00\x00\x00\x03\xf0~\x00\x00\x00\x03\xf0\x7f\x00\x00\x00\x03\xf0?\x00\x00\x00\x07\xe0?\x00\x00\x00\x07\xe0?\x80\x00\x00\x0f\xe0\x1f\x80\x00\x00\x0f\xc0\x1f\xc0\x00\x00\x0f\xc0\x1f\xc0\x00\x00\x1f\x80\x0f\xc0\x00\x00\x1f\x80\x0f\xe0\x00\x00\x1f\x80\x07\xe0\x00\x00?\x00\x07\xe0\x00\x00?\x00\x07\xf0\x00\x00\x7f\x00\x03\xf0\x00\x00~\x00\x03\xf8\x00\x00~\x00\x03\xf8\x00\x00\xff\xff\xff\xf8\x00\x00\xff\xff\xff\xfc\x00\x00\xff\xff\xff\xfc\x00\x01\xff\xff\xff\xfc\x00\x01\xff\xff\xff\xfe\x00\x03\xff\xff\xff\xfe\x00\x03\xf0\x00\x00\x7f\x00\x03\xf0\x00\x00\x7f\x00\x07\xf0\x00\x00?\x00\x07\xe0\x00\x00?\x80\x07\xe0\x00\x00?\x80\x0f\xc0\x00\x00\x1f\x80\x0f\xc0\x00\x00\x1f\xc0\x1f\xc0\x00\x00\x1f\xc0\x1f\x80\x00\x00\x0f\xe0\x1f\x80\x00\x00\x0f\xe0?\x80\x00\x00\x07\xe0?\x00\x00\x00\x07\xf0?\x00\x00\x00\x07\xf0\x7f\x00\x00\x00\x03\xf0~\x00\x00\x00\x03\xf8\x00\x00\x00\x00\x00\x00\x00\x00\x00\x00\x00\x00\x00\x00\x00\x00\x00\x00\x00\x00\x00\x00\x00\x00\x00\x00\x00\x00\x00\x00\x00\x00\x00\x00\x00\x00\x00\x00\x00\x00\x00\x00\x00\x00\x00\x00\x00\x00\x00\x00\x00\x00\x00\x00\x00\x00\x00\x00\x00\x00\x00\x00\x00\x00\x00\x00\x00\x00\x00\x00\x00\x00\x00\x00\x00\x00\x00\x00\x00\x00\x00\x00\x00\x00\x00\x00\x00\x00\x00\x00\x00\x00\x00\x00\x00\x00\x00\x00\x00\x00\x00\x00\x00\x00\x00\x00\x00\x00.',
  196:b'\x00\x00\x00\x00\x00\x00\x00\x00\x00\x00\x00\x00\x00\x00\x00\x00\x00\x00\x00\x07\xc0\x0f\x80\x00\x00\x0f\xe0\x1f\xc0\x00\x00\x1f\xe0?\xc0\x00\x00\x1f\xe0?\xc0\x00\x00\x1f\xf0?\xc0\x00\x00\x0f\xe0\x1f\xc0\x00\x00\x07\xc0\x0f\x80\x00\x00\x00\x00\x00\x00\x00\x00\x00\x00\x00\x00\x00\x00\x00\x00\x00\x00\x00\x00\x00\x07\x00\x00\x00\x00\x00\x07\x80\x00\x00\x00\x00\x0f\x80\x00\x00\x00\x00\x0f\xc0\x00\x00\x00\x00\x0f\xc0\x00\x00\x00\x00\x1f\xc0\x00\x00\x00\x00\x1f\xe0\x00\x00\x00\x00?\xe0\x00\x00\x00\x00?\xe0\x00\x00\x00\x00?\xf0\x00\x00\x00\x00}\xf0\x00\x00\x00\x00}\xf8\x00\x00\x00\x00}\xf8\x00\x00\x00\x00\xfc\xf8\x00\x00\x00\x00\xf8\xfc\x00\x00\x00\x01\xf8\xfc\x00\x00\x00\x01\xf8\xfc\x00\x00\x00\x01\xf8\xfe\x00\x00\x00\x03\xf0~\x00\x00\x00\x03\xf0\x7f\x00\x00\x00\x03\xf0?\x00\x00\x00\x07\xe0?\x00\x00\x00\x07\xe0?\x80\x00\x00\x0f\xe0\x1f\x80\x00\x00\x0f\xc0\x1f\xc0\x00\x00\x0f\xc0\x1f\xc0\x00\x00\x1f\x80\x0f\xc0\x00\x00\x1f\x80\x0f\xe0\x00\x00\x1f\x80\x07\xe0\x00\x00?\x00\x07\xe0\x00\x00?\x00\x07\xf0\x00\x00\x7f\x00\x03\xf0\x00\x00~\x00\x03\xf8\x00\x00~\x00\x03\xf8\x00\x00\xff\xff\xff\xf8\x00\x00\xff\xff\xff\xfc\x00\x00\xff\xff\xff\xfc\x00\x01\xff\xff\xff\xfc\x00\x01\xff\xff\xff\xfe\x00\x03\xff\xff\xff\xfe\x00\x03\xf0\x00\x00\x7f\x00\x03\xf0\x00\x00\x7f\x00\x07\xf0\x00\x00?\x00\x07\xe0\x00\x00?\x80\x07\xe0\x00\x00?\x80\x0f\xc0\x00\x00\x1f\x80\x0f\xc0\x00\x00\x1f\xc0\x1f\xc0\x00\x00\x1f\xc0\x1f\x80\x00\x00\x0f\xe0\x1f\x80\x00\x00\x0f\xe0?\x80\x00\x00\x07\xe0?\x00\x00\x00\x07\xf0?\x00\x00\x00\x07\xf0\x7f\x00\x00\x00\x03\xf0~\x00\x00\x00\x03\xf8\x00\x00\x00\x00\x00\x00\x00\x00\x00\x00\x00\x00\x00\x00\x00\x00\x00\x00\x00\x00\x00\x00\x00\x00\x00\x00\x00\x00\x00\x00\x00\x00\x00\x00\x00\x00\x00\x00\x00\x00\x00\x00\x00\x00\x00\x00\x00\x00\x00\x00\x00\x00\x00\x00\x00\x00\x00\x00\x00\x00\x00\x00\x00\x00\x00\x00\x00\x00\x00\x00\x00\x00\x00\x00\x00\x00\x00\x00\x00\x00\x00\x00\x00\x00\x00\x00\x00\x00\x00\x00\x00\x00\x00\x00\x00\x00\x00\x00\x00\x00\x00\x00\x00\x00\x00\x00\x00\x00.',
  197:b'\x00\x00\x00\x00\x00\x00\x00\x00\x1f\xe0\x00\x00\x00\x00\x7f\xf8\x00\x00\x00\x00\xff\xfc\x00\x00\x00\x01\xf8|\x00\x00\x00\x01\xf0>\x00\x00\x00\x01\xf0>\x00\x00\x00\x01\xe0>\x00\x00\x00\x01\xf0>\x00\x00\x00\x01\xf0>\x00\x00\x00\x01\xf8|\x00\x00\x00\x00\xff\xfc\x00\x00\x00\x00\x7f\xf8\x00\x00\x00\x00\x1f\xe0\x00\x00\x00\x00\x0f\x80\x00\x00\x00\x00\x0f\xc0\x00\x00\x00\x00\x0f\xc0\x00\x00\x00\x00\x1f\xc0\x00\x00\x00\x00\x1f\xe0\x00\x00\x00\x00\x1f\xe0\x00\x00\x00\x00?\xe0\x00\x00\x00\x00?\xf0\x00\x00\x00\x00}\xf0\x00\x00\x00\x00}\xf0\x00\x00\x00\x00}\xf8\x00\x00\x00\x00\xfd\xf8\x00\x00\x00\x00\xfc\xfc\x00\x00\x00\x00\xf8\xfc\x00\x00\x00\x01\xf8\xfc\x00\x00\x00\x01\xf8\xfe\x00\x00\x00\x03\xf8~\x00\x00\x00\x03\xf0~\x00\x00\x00\x03\xf0\x7f\x00\x00\x00\x07\xf0?\x00\x00\x00\x07\xe0?\x80\x00\x00\x07\xe0?\x80\x00\x00\x0f\xc0\x1f\x80\x00\x00\x0f\xc0\x1f\xc0\x00\x00\x0f\xc0\x0f\xc0\x00\x00\x1f\x80\x0f\xc0\x00\x00\x1f\x80\x0f\xe0\x00\x00?\x80\x07\xe0\x00\x00?\x00\x07\xf0\x00\x00?\x00\x07\xf0\x00\x00\x7f\x00\x03\xf0\x00\x00~\x00\x03\xf8\x00\x00~\x00\x03\xf8\x00\x00\xff\xff\xff\xf8\x00\x00\xff\xff\xff\xfc\x00\x01\xff\xff\xff\xfc\x00\x01\xff\xff\xff\xfe\x00\x01\xff\xff\xff\xfe\x00\x03\xff\xff\xff\xfe\x00\x03\xf0\x00\x00\x7f\x00\x03\xf0\x00\x00\x7f\x00\x07\xf0\x00\x00?\x00\x07\xe0\x00\x00?\x80\x0f\xe0\x00\x00?\x80\x0f\xc0\x00\x00\x1f\x80\x0f\xc0\x00\x00\x1f\xc0\x1f\xc0\x00\x00\x1f\xc0\x1f\x80\x00\x00\x0f\xe0\x1f\x80\x00\x00\x0f\xe0?\x80\x00\x00\x07\xe0?\x00\x00\x00\x07\xf0?\x00\x00\x00\x07\xf0\x7f\x00\x00\x00\x03\xf0~\x00\x00\x00\x03\xf8\x00\x00\x00\x00\x00\x00\x00\x00\x00\x00\x00\x00\x00\x00\x00\x00\x00\x00\x00\x00\x00\x00\x00\x00\x00\x00\x00\x00\x00\x00\x00\x00\x00\x00\x00\x00\x00\x00\x00\x00\x00\x00\x00\x00\x00\x00\x00\x00\x00\x00\x00\x00\x00\x00\x00\x00\x00\x00\x00\x00\x00\x00\x00\x00\x00\x00\x00\x00\x00\x00\x00\x00\x00\x00\x00\x00\x00\x00\x00\x00\x00\x00\x00\x00\x00\x00\x00\x00\x00\x00\x00\x00\x00\x00\x00\x00\x00\x00\x00\x00\x00\x00\x00\x00\x00\x00\x00\x00.',
  198:b'\x00\x00\x00\x00\x00\x00\x00\x00\x00\x00\x00\x00\x00\x00\x00\x00\x00\x00\x00\x00\x00\x00\x00\x00\x00\x00\x00\x00\x00\x00\x00\x00\x00\x00\x00\x00\x00\x00\x00\x00\x00\x00\x00\x00\x00\x00\x00\x00\x00\x00\x00\x00\x00\x00\x00\x00\x00\x00\x00\x00\x00\x00\x00\x00\x00\x00\x00\x00\x00\x00\x00\x00\x00\x00\x00\x00\x00\x00\x00\x00\x00\x00\x00\x00\x00\x00\x00\x00\x00\x00\x00\x00\x00\x00\x00\x00\x00\x00\x00\x00\x00\x00\x00\x00\x00\x00\x00\x00\x00\x00\x00\x00\x00\x00\x00\x00\x00\x00\x00\x00\x00\xff\xff\xff\xfe\x00\x00\x00\x00\x00\xff\xff\xff\xfe\x00\x00\x00\x00\x01\xff\xff\xff\xfe\x00\x00\x00\x00\x01\xff\xff\xff\xfe\x00\x00\x00\x00\x03\xff\xff\xff\xfe\x00\x00\x00\x00\x07\xff\xff\xff\xfe\x00\x00\x00\x00\x07\xfe\x00\x00\x00\x00\x00\x00\x00\x0f\xfe\x00\x00\x00\x00\x00\x00\x00\x0f~\x00\x00\x00\x00\x00\x00\x00\x1f~\x00\x00\x00\x00\x00\x00\x00?~\x00\x00\x00\x00\x00\x00\x00>~\x00\x00\x00\x00\x00\x00\x00~~\x00\x00\x00\x00\x00\x00\x00~~\x00\x00\x00\x00\x00\x00\x00\xfc~\x00\x00\x00\x00\x00\x00\x00\xfc~\x00\x00\x00\x00\x00\x00\x01\xfc~\x00\x00\x00\x00\x00\x00\x03\xf8~\x00\x00\x00\x00\x00\x00\x03\xf0~\x00\x00\x00\x00\x00\x00\x07\xf0~\x00\x00\x00\x00\x00\x00\x07\xe0~\x00\x00\x00\x00\x00\x00\x0f\xe0~\x00\x00\x00\x00\x00\x00\x1f\xc0~\x00\x00\x00\x00\x00\x00\x1f\xc0~\x00\x00\x00\x00\x00\x00?\x80\x7f\xff\xff\xf8\x00\x00\x00?\x00\x7f\xff\xff\xf8\x00\x00\x00\x7f\x00\x7f\xff\xff\xf8\x00\x00\x00\xfe\x00\x7f\xff\xff\xf8\x00\x00\x00\xfe\x00\x7f\xff\xff\xf8\x00\x00\x01\xfc\x00\x7f\xff\xff\xf8\x00\x00\x01\xfc\x00~\x00\x00\x00\x00\x00\x03\xf8\x00~\x00\x00\x00\x00\x00\x03\xf0\x00~\x00\x00\x00\x00\x00\x07\xf0\x00~\x00\x00\x00\x00\x00\x0f\xff\xff\xfe\x00\x00\x00\x00\x00\x0f\xff\xff\xfe\x00\x00\x00\x00\x00\x1f\xff\xff\xfe\x00\x00\x00\x00\x00\x1f\xff\xff\xfe\x00\x00\x00\x00\x00?\xff\xff\xfe\x00\x00\x00\x00\x00\x7f\xff\xff\xfe\x00\x00\x00\x00\x00\x7f\x00\x00~\x00\x00\x00\x00\x00\xfe\x00\x00~\x00\x00\x00\x00\x00\xfe\x00\x00~\x00\x00\x00\x00\x01\xfc\x00\x00~\x00\x00\x00\x00\x03\xfc\x00\x00~\x00\x00\x00\x00\x03\xf8\x00\x00~\x00\x00\x00\x00\x07\xf0\x00\x00~\x00\x00\x00\x00\x07\xf0\x00\x00~\x00\x00\x00\x00\x0f\xe0\x00\x00~\x00\x00\x00\x00\x0f\xe0\x00\x00\x7f\xff\xff\xfe\x00\x1f\xc0\x00\x00\x7f\xff\xff\xfe\x00?\x80\x00\x00\x7f\xff\xff\xfe\x00?\x80\x00\x00\x7f\xff\xff\xfe\x00\x7f\x00\x00\x00\x7f\xff\xff\xfe\x00\xff\x00\x00\x00\x7f\xff\xff\xfe\x00\x00\x00\x00\x00\x00\x00\x00\x00\x00\x00\x00\x00\x00\x00\x00\x00\x00\x00\x00\x00\x00\x00\x00\x00\x00\x00\x00\x00\x00\x00\x00\x00\x00\x00\x00\x00\x00\x00\x00\x00\x00\x00\x00\x00\x00\x00\x00\x00\x00\x00\x00\x00\x00\x00\x00\x00\x00\x00\x00\x00\x00\x00\x00\x00\x00\x00\x00\x00\x00\x00\x00\x00\x00\x00\x00\x00\x00\x00\x00\x00\x00\x00\x00\x00\x00\x00\x00\x00\x00\x00\x00\x00\x00\x00\x00\x00\x00\x00\x00\x00\x00\x00\x00\x00\x00\x00\x00\x00\x00\x00\x00\x00\x00\x00\x00\x00\x00\x00\x00\x00\x00\x00\x00\x00\x00\x00\x00\x00\x00\x00\x00\x00\x00\x00\x00\x00\x00\x00\x00\x00\x00\x00\x00\x00\x00\x00\x00\x00\x00\x00\x00\x00\x00\x00\x00\x00\x00\x00\x00\x00\x00\x00B',
  199:b'\x00\x00\x00\x00\x00\x00\x00\x00\x00\x00\x00\x00\x00\x00\x00\x00\x00\x00\x00\x00\x00\x00\x00\x00\x00\x00\x00\x00\x00\x00\x00\x00\x00\x00\x00\x00\x00\x00\x00\x00\x00\x00\x00\x00\x00\x00\x00\x00\x00\x00\x00\x00\x00\x00\x00\x00\x00\x00\x00\x00\x00\x00\x00\x00\x00\x00\x00\x00\x00\x00\x00\x00\x00\x00\x01\xff\xe0\x00\x00\x00\x0f\xff\xff\x00\x00\x00\x7f\xff\xff\x80\x00\x00\xff\xff\xff\x00\x00\x03\xff\xff\xff\x00\x00\x07\xff\xff\xff\x00\x00\x0f\xff\x00\x1f\x00\x00\x1f\xf8\x00\x02\x00\x00?\xf0\x00\x00\x00\x00\x7f\xc0\x00\x00\x00\x00\x7f\x80\x00\x00\x00\x00\xff\x00\x00\x00\x00\x00\xfe\x00\x00\x00\x00\x01\xfe\x00\x00\x00\x00\x01\xfc\x00\x00\x00\x00\x03\xfc\x00\x00\x00\x00\x03\xf8\x00\x00\x00\x00\x03\xf8\x00\x00\x00\x00\x07\xf8\x00\x00\x00\x00\x07\xf0\x00\x00\x00\x00\x07\xf0\x00\x00\x00\x00\x07\xf0\x00\x00\x00\x00\x07\xf0\x00\x00\x00\x00\x07\xf0\x00\x00\x00\x00\x07\xe0\x00\x00\x00\x00\x0f\xe0\x00\x00\x00\x00\x0f\xe0\x00\x00\x00\x00\x0f\xe0\x00\x00\x00\x00\x0f\xe0\x00\x00\x00\x00\x0f\xe0\x00\x00\x00\x00\x0f\xe0\x00\x00\x00\x00\x0f\xe0\x00\x00\x00\x00\x0f\xe0\x00\x00\x00\x00\x07\xf0\x00\x00\x00\x00\x07\xf0\x00\x00\x00\x00\x07\xf0\x00\x00\x00\x00\x07\xf0\x00\x00\x00\x00\x07\xf0\x00\x00\x00\x00\x07\xf8\x00\x00\x00\x00\x03\xf8\x00\x00\x00\x00\x03\xf8\x00\x00\x00\x00\x03\xfc\x00\x00\x00\x00\x01\xfc\x00\x00\x00\x00\x01\xfe\x00\x00\x00\x00\x01\xff\x00\x00\x00\x00\x00\xff\x80\x00\x00\x00\x00\xff\xc0\x00\x00\x00\x00\x7f\xe0\x00\x00\x00\x00?\xf0\x00\x01\x00\x00\x1f\xfc\x00\x07\x00\x00\x1f\xff\x80?\x80\x00\x0f\xff\xff\xff\x80\x00\x03\xff\xff\xff\x80\x00\x01\xff\xff\xff\x80\x00\x00\x7f\xff\xff\xc0\x00\x00\x1f\xff\xfe\x00\x00\x00\x03\xff\xe0\x00\x00\x00\x00|\x00\x00\x00\x00\x00x\x00\x00\x00\x00\x00\xfe\x00\x00\x00\x00\x00\xff\x80\x00\x00\x00\x01\xff\xc0\x00\x00\x00\x01\xff\xc0\x00\x00\x00\x02?\xe0\x00\x00\x00\x00\x0f\xe0\x00\x00\x00\x00\x07\xe0\x00\x00\x00\x00\x07\xe0\x00\x00\x00\x00\x07\xc0\x00\x00\x00\x00\x1f\xc0\x00\x00\x00\x03\xff\x80\x00\x00\x00\x03\xff\x00\x00\x00\x00\x03\xf8\x00\x00\x00\x00\x00\x00\x00\x00\x00\x00\x00\x00\x00\x00-',
  200:b'\x01\xff\x80\x00\x00\x00\x01\xff\xc0\x00\x00\x00\x00\x7f\xe0\x00\x00\x00\x00?\xf0\x00\x00\x00\x00\x0f\xf8\x00\x00\x00\x00\x03\xfc\x00\x00\x00\x00\x01\xfe\x00\x00\x00\x00\x00\x7f\x00\x00\x00\x00\x00\x1f\x80\x00\x00\x00\x00\x00\x00\x00\x00\x00\x00\x00\x00\x00\x00\x00\x00\x00\x00\x00\x00\x00\x00\x00\x00\x00\x00\x01\xff\xff\xff\xf0\x00\x01\xff\xff\xff\xf0\x00\x01\xff\xff\xff\xf0\x00\x01\xff\xff\xff\xf0\x00\x01\xff\xff\xff\xf0\x00\x01\xff\xff\xff\xf0\x00\x01\xf8\x00\x00\x00\x00\x01\xf8\x00\x00\x00\x00\x01\xf8\x00\x00\x00\x00\x01\xf8\x00\x00\x00\x00\x01\xf8\x00\x00\x00\x00\x01\xf8\x00\x00\x00\x00\x01\xf8\x00\x00\x00\x00\x01\xf8\x00\x00\x00\x00\x01\xf8\x00\x00\x00\x00\x01\xf8\x00\x00\x00\x00\x01\xf8\x00\x00\x00\x00\x01\xf8\x00\x00\x00\x00\x01\xf8\x00\x00\x00\x00\x01\xf8\x00\x00\x00\x00\x01\xf8\x00\x00\x00\x00\x01\xf8\x00\x00\x00\x00\x01\xf8\x00\x00\x00\x00\x01\xf8\x00\x00\x00\x00\x01\xff\xff\xff\xc0\x00\x01\xff\xff\xff\xc0\x00\x01\xff\xff\xff\xc0\x00\x01\xff\xff\xff\xc0\x00\x01\xff\xff\xff\xc0\x00\x01\xff\xff\xff\xc0\x00\x01\xf8\x00\x00\x00\x00\x01\xf8\x00\x00\x00\x00\x01\xf8\x00\x00\x00\x00\x01\xf8\x00\x00\x00\x00\x01\xf8\x00\x00\x00\x00\x01\xf8\x00\x00\x00\x00\x01\xf8\x00\x00\x00\x00\x01\xf8\x00\x00\x00\x00\x01\xf8\x00\x00\x00\x00\x01\xf8\x00\x00\x00\x00\x01\xf8\x00\x00\x00\x00\x01\xf8\x00\x00\x00\x00\x01\xf8\x00\x00\x00\x00\x01\xf8\x00\x00\x00\x00\x01\xf8\x00\x00\x00\x00\x01\xf8\x00\x00\x00\x00\x01\xf8\x00\x00\x00\x00\x01\xf8\x00\x00\x00\x00\x01\xf8\x00\x00\x00\x00\x01\xff\xff\xff\xf8\x00\x01\xff\xff\xff\xf8\x00\x01\xff\xff\xff\xf8\x00\x01\xff\xff\xff\xf8\x00\x01\xff\xff\xff\xf8\x00\x01\xff\xff\xff\xf8\x00\x00\x00\x00\x00\x00\x00\x00\x00\x00\x00\x00\x00\x00\x00\x00\x00\x00\x00\x00\x00\x00\x00\x00\x00\x00\x00\x00\x00\x00\x00\x00\x00\x00\x00\x00\x00\x00\x00\x00\x00\x00\x00\x00\x00\x00\x00\x00\x00\x00\x00\x00\x00\x00\x00\x00\x00\x00\x00\x00\x00\x00\x00\x00\x00\x00\x00\x00\x00\x00\x00\x00\x00\x00\x00\x00\x00\x00\x00\x00\x00\x00\x00\x00\x00\x00\x00\x00\x00\x00\x00\x00\x00\x00\x00\x00\x00\x00\x00\x00\x00\x00\x00\x00\x00\x00\x00\x00\x00*',
  201:b'\x00\x00\x00\x7f\xe0\x00\x00\x00\x00\xff\xe0\x00\x00\x00\x01\xff\x80\x00\x00\x00\x03\xfe\x00\x00\x00\x00\x07\xfc\x00\x00\x00\x00\x0f\xf0\x00\x00\x00\x00\x1f\xc0\x00\x00\x00\x00?\x80\x00\x00\x00\x00~\x00\x00\x00\x00\x00\x00\x00\x00\x00\x00\x00\x00\x00\x00\x00\x00\x00\x00\x00\x00\x00\x00\x00\x00\x00\x00\x00\x01\xff\xff\xff\xf0\x00\x01\xff\xff\xff\xf0\x00\x01\xff\xff\xff\xf0\x00\x01\xff\xff\xff\xf0\x00\x01\xff\xff\xff\xf0\x00\x01\xff\xff\xff\xf0\x00\x01\xf8\x00\x00\x00\x00\x01\xf8\x00\x00\x00\x00\x01\xf8\x00\x00\x00\x00\x01\xf8\x00\x00\x00\x00\x01\xf8\x00\x00\x00\x00\x01\xf8\x00\x00\x00\x00\x01\xf8\x00\x00\x00\x00\x01\xf8\x00\x00\x00\x00\x01\xf8\x00\x00\x00\x00\x01\xf8\x00\x00\x00\x00\x01\xf8\x00\x00\x00\x00\x01\xf8\x00\x00\x00\x00\x01\xf8\x00\x00\x00\x00\x01\xf8\x00\x00\x00\x00\x01\xf8\x00\x00\x00\x00\x01\xf8\x00\x00\x00\x00\x01\xf8\x00\x00\x00\x00\x01\xf8\x00\x00\x00\x00\x01\xff\xff\xff\xc0\x00\x01\xff\xff\xff\xc0\x00\x01\xff\xff\xff\xc0\x00\x01\xff\xff\xff\xc0\x00\x01\xff\xff\xff\xc0\x00\x01\xff\xff\xff\xc0\x00\x01\xf8\x00\x00\x00\x00\x01\xf8\x00\x00\x00\x00\x01\xf8\x00\x00\x00\x00\x01\xf8\x00\x00\x00\x00\x01\xf8\x00\x00\x00\x00\x01\xf8\x00\x00\x00\x00\x01\xf8\x00\x00\x00\x00\x01\xf8\x00\x00\x00\x00\x01\xf8\x00\x00\x00\x00\x01\xf8\x00\x00\x00\x00\x01\xf8\x00\x00\x00\x00\x01\xf8\x00\x00\x00\x00\x01\xf8\x00\x00\x00\x00\x01\xf8\x00\x00\x00\x00\x01\xf8\x00\x00\x00\x00\x01\xf8\x00\x00\x00\x00\x01\xf8\x00\x00\x00\x00\x01\xf8\x00\x00\x00\x00\x01\xf8\x00\x00\x00\x00\x01\xff\xff\xff\xf8\x00\x01\xff\xff\xff\xf8\x00\x01\xff\xff\xff\xf8\x00\x01\xff\xff\xff\xf8\x00\x01\xff\xff\xff\xf8\x00\x01\xff\xff\xff\xf8\x00\x00\x00\x00\x00\x00\x00\x00\x00\x00\x00\x00\x00\x00\x00\x00\x00\x00\x00\x00\x00\x00\x00\x00\x00\x00\x00\x00\x00\x00\x00\x00\x00\x00\x00\x00\x00\x00\x00\x00\x00\x00\x00\x00\x00\x00\x00\x00\x00\x00\x00\x00\x00\x00\x00\x00\x00\x00\x00\x00\x00\x00\x00\x00\x00\x00\x00\x00\x00\x00\x00\x00\x00\x00\x00\x00\x00\x00\x00\x00\x00\x00\x00\x00\x00\x00\x00\x00\x00\x00\x00\x00\x00\x00\x00\x00\x00\x00\x00\x00\x00\x00\x00\x00\x00\x00\x00\x00\x00*',
  202:b'\x00\x00?\x00\x00\x00\x00\x00\x7f\x80\x00\x00\x00\x00\xff\xe0\x00\x00\x00\x03\xff\xf0\x00\x00\x00\x07\xf3\xf8\x00\x00\x00\x0f\xf3\xfc\x00\x00\x00\x1f\xe1\xfe\x00\x00\x00\x7f\xc0\xff\x80\x00\x00\x7f\x80\x7f\x80\x00\x00~\x00\x1f\x80\x00\x00\x00\x00\x00\x00\x00\x00\x00\x00\x00\x00\x00\x00\x00\x00\x00\x00\x00\x01\xff\xff\xff\xf0\x00\x01\xff\xff\xff\xf0\x00\x01\xff\xff\xff\xf0\x00\x01\xff\xff\xff\xf0\x00\x01\xff\xff\xff\xf0\x00\x01\xff\xff\xff\xf0\x00\x01\xf8\x00\x00\x00\x00\x01\xf8\x00\x00\x00\x00\x01\xf8\x00\x00\x00\x00\x01\xf8\x00\x00\x00\x00\x01\xf8\x00\x00\x00\x00\x01\xf8\x00\x00\x00\x00\x01\xf8\x00\x00\x00\x00\x01\xf8\x00\x00\x00\x00\x01\xf8\x00\x00\x00\x00\x01\xf8\x00\x00\x00\x00\x01\xf8\x00\x00\x00\x00\x01\xf8\x00\x00\x00\x00\x01\xf8\x00\x00\x00\x00\x01\xf8\x00\x00\x00\x00\x01\xf8\x00\x00\x00\x00\x01\xf8\x00\x00\x00\x00\x01\xf8\x00\x00\x00\x00\x01\xf8\x00\x00\x00\x00\x01\xff\xff\xff\xc0\x00\x01\xff\xff\xff\xc0\x00\x01\xff\xff\xff\xc0\x00\x01\xff\xff\xff\xc0\x00\x01\xff\xff\xff\xc0\x00\x01\xff\xff\xff\xc0\x00\x01\xf8\x00\x00\x00\x00\x01\xf8\x00\x00\x00\x00\x01\xf8\x00\x00\x00\x00\x01\xf8\x00\x00\x00\x00\x01\xf8\x00\x00\x00\x00\x01\xf8\x00\x00\x00\x00\x01\xf8\x00\x00\x00\x00\x01\xf8\x00\x00\x00\x00\x01\xf8\x00\x00\x00\x00\x01\xf8\x00\x00\x00\x00\x01\xf8\x00\x00\x00\x00\x01\xf8\x00\x00\x00\x00\x01\xf8\x00\x00\x00\x00\x01\xf8\x00\x00\x00\x00\x01\xf8\x00\x00\x00\x00\x01\xf8\x00\x00\x00\x00\x01\xf8\x00\x00\x00\x00\x01\xf8\x00\x00\x00\x00\x01\xf8\x00\x00\x00\x00\x01\xff\xff\xff\xf8\x00\x01\xff\xff\xff\xf8\x00\x01\xff\xff\xff\xf8\x00\x01\xff\xff\xff\xf8\x00\x01\xff\xff\xff\xf8\x00\x01\xff\xff\xff\xf8\x00\x00\x00\x00\x00\x00\x00\x00\x00\x00\x00\x00\x00\x00\x00\x00\x00\x00\x00\x00\x00\x00\x00\x00\x00\x00\x00\x00\x00\x00\x00\x00\x00\x00\x00\x00\x00\x00\x00\x00\x00\x00\x00\x00\x00\x00\x00\x00\x00\x00\x00\x00\x00\x00\x00\x00\x00\x00\x00\x00\x00\x00\x00\x00\x00\x00\x00\x00\x00\x00\x00\x00\x00\x00\x00\x00\x00\x00\x00\x00\x00\x00\x00\x00\x00\x00\x00\x00\x00\x00\x00\x00\x00\x00\x00\x00\x00\x00\x00\x00\x00\x00\x00\x00\x00\x00\x00\x00\x00*',
  203:b'\x00\x00\x00\x00\x00\x00\x00\x00\x00\x00\x00\x00\x00\x00\x00\x00\x00\x00\x00\x1f\x00>\x00\x00\x00?\x80\x7f\x00\x00\x00?\x80\xff\x00\x00\x00\x7f\xc0\xff\x80\x00\x00?\xc0\xff\x00\x00\x00?\x80\x7f\x00\x00\x00\x1f\x00>\x00\x00\x00\x00\x00\x00\x00\x00\x00\x00\x00\x00\x00\x00\x00\x00\x00\x00\x00\x00\x01\xff\xff\xff\xf0\x00\x01\xff\xff\xff\xf0\x00\x01\xff\xff\xff\xf0\x00\x01\xff\xff\xff\xf0\x00\x01\xff\xff\xff\xf0\x00\x01\xff\xff\xff\xf0\x00\x01\xf8\x00\x00\x00\x00\x01\xf8\x00\x00\x00\x00\x01\xf8\x00\x00\x00\x00\x01\xf8\x00\x00\x00\x00\x01\xf8\x00\x00\x00\x00\x01\xf8\x00\x00\x00\x00\x01\xf8\x00\x00\x00\x00\x01\xf8\x00\x00\x00\x00\x01\xf8\x00\x00\x00\x00\x01\xf8\x00\x00\x00\x00\x01\xf8\x00\x00\x00\x00\x01\xf8\x00\x00\x00\x00\x01\xf8\x00\x00\x00\x00\x01\xf8\x00\x00\x00\x00\x01\xf8\x00\x00\x00\x00\x01\xf8\x00\x00\x00\x00\x01\xf8\x00\x00\x00\x00\x01\xf8\x00\x00\x00\x00\x01\xff\xff\xff\xc0\x00\x01\xff\xff\xff\xc0\x00\x01\xff\xff\xff\xc0\x00\x01\xff\xff\xff\xc0\x00\x01\xff\xff\xff\xc0\x00\x01\xff\xff\xff\xc0\x00\x01\xf8\x00\x00\x00\x00\x01\xf8\x00\x00\x00\x00\x01\xf8\x00\x00\x00\x00\x01\xf8\x00\x00\x00\x00\x01\xf8\x00\x00\x00\x00\x01\xf8\x00\x00\x00\x00\x01\xf8\x00\x00\x00\x00\x01\xf8\x00\x00\x00\x00\x01\xf8\x00\x00\x00\x00\x01\xf8\x00\x00\x00\x00\x01\xf8\x00\x00\x00\x00\x01\xf8\x00\x00\x00\x00\x01\xf8\x00\x00\x00\x00\x01\xf8\x00\x00\x00\x00\x01\xf8\x00\x00\x00\x00\x01\xf8\x00\x00\x00\x00\x01\xf8\x00\x00\x00\x00\x01\xf8\x00\x00\x00\x00\x01\xf8\x00\x00\x00\x00\x01\xff\xff\xff\xf8\x00\x01\xff\xff\xff\xf8\x00\x01\xff\xff\xff\xf8\x00\x01\xff\xff\xff\xf8\x00\x01\xff\xff\xff\xf8\x00\x01\xff\xff\xff\xf8\x00\x00\x00\x00\x00\x00\x00\x00\x00\x00\x00\x00\x00\x00\x00\x00\x00\x00\x00\x00\x00\x00\x00\x00\x00\x00\x00\x00\x00\x00\x00\x00\x00\x00\x00\x00\x00\x00\x00\x00\x00\x00\x00\x00\x00\x00\x00\x00\x00\x00\x00\x00\x00\x00\x00\x00\x00\x00\x00\x00\x00\x00\x00\x00\x00\x00\x00\x00\x00\x00\x00\x00\x00\x00\x00\x00\x00\x00\x00\x00\x00\x00\x00\x00\x00\x00\x00\x00\x00\x00\x00\x00\x00\x00\x00\x00\x00\x00\x00\x00\x00\x00\x00\x00\x00\x00\x00\x00\x00*',
  204:b'\xff\x80\x00\xff\xe0\x00?\xf0\x00\x1f\xf8\x00\x07\xfc\x00\x01\xfe\x00\x00\xff\x00\x00?\x80\x00\x0f\xc0\x00\x00\x00\x00\x00\x00\x00\x00\x00\x00\x00\x00\x00\xfe\x00\x00\xfe\x00\x00\xfe\x00\x00\xfe\x00\x00\xfe\x00\x00\xfe\x00\x00\xfe\x00\x00\xfe\x00\x00\xfe\x00\x00\xfe\x00\x00\xfe\x00\x00\xfe\x00\x00\xfe\x00\x00\xfe\x00\x00\xfe\x00\x00\xfe\x00\x00\xfe\x00\x00\xfe\x00\x00\xfe\x00\x00\xfe\x00\x00\xfe\x00\x00\xfe\x00\x00\xfe\x00\x00\xfe\x00\x00\xfe\x00\x00\xfe\x00\x00\xfe\x00\x00\xfe\x00\x00\xfe\x00\x00\xfe\x00\x00\xfe\x00\x00\xfe\x00\x00\xfe\x00\x00\xfe\x00\x00\xfe\x00\x00\xfe\x00\x00\xfe\x00\x00\xfe\x00\x00\xfe\x00\x00\xfe\x00\x00\xfe\x00\x00\xfe\x00\x00\xfe\x00\x00\xfe\x00\x00\xfe\x00\x00\xfe\x00\x00\xfe\x00\x00\xfe\x00\x00\xfe\x00\x00\xfe\x00\x00\xfe\x00\x00\xfe\x00\x00\xfe\x00\x00\xfe\x00\x00\xfe\x00\x00\x00\x00\x00\x00\x00\x00\x00\x00\x00\x00\x00\x00\x00\x00\x00\x00\x00\x00\x00\x00\x00\x00\x00\x00\x00\x00\x00\x00\x00\x00\x00\x00\x00\x00\x00\x00\x00\x00\x00\x00\x00\x00\x00\x00\x00\x00\x00\x00\x00\x00\x00\x00\x00\x17',
  205:b'\x00\x03\xfe\x00\x07\xfe\x00\x1f\xf8\x00?\xf0\x00\x7f\xc0\x00\xff\x00\x01\xfe\x00\x03\xf8\x00\x07\xe0\x00\x00\x00\x00\x00\x00\x00\x00\x00\x00\x00\x00\x00\x00\xfe\x00\x00\xfe\x00\x00\xfe\x00\x00\xfe\x00\x00\xfe\x00\x00\xfe\x00\x00\xfe\x00\x00\xfe\x00\x00\xfe\x00\x00\xfe\x00\x00\xfe\x00\x00\xfe\x00\x00\xfe\x00\x00\xfe\x00\x00\xfe\x00\x00\xfe\x00\x00\xfe\x00\x00\xfe\x00\x00\xfe\x00\x00\xfe\x00\x00\xfe\x00\x00\xfe\x00\x00\xfe\x00\x00\xfe\x00\x00\xfe\x00\x00\xfe\x00\x00\xfe\x00\x00\xfe\x00\x00\xfe\x00\x00\xfe\x00\x00\xfe\x00\x00\xfe\x00\x00\xfe\x00\x00\xfe\x00\x00\xfe\x00\x00\xfe\x00\x00\xfe\x00\x00\xfe\x00\x00\xfe\x00\x00\xfe\x00\x00\xfe\x00\x00\xfe\x00\x00\xfe\x00\x00\xfe\x00\x00\xfe\x00\x00\xfe\x00\x00\xfe\x00\x00\xfe\x00\x00\xfe\x00\x00\xfe\x00\x00\xfe\x00\x00\xfe\x00\x00\xfe\x00\x00\xfe\x00\x00\xfe\x00\x00\x00\x00\x00\x00\x00\x00\x00\x00\x00\x00\x00\x00\x00\x00\x00\x00\x00\x00\x00\x00\x00\x00\x00\x00\x00\x00\x00\x00\x00\x00\x00\x00\x00\x00\x00\x00\x00\x00\x00\x00\x00\x00\x00\x00\x00\x00\x00\x00\x00\x00\x00\x00\x00\x17',
  206:b'\x00>\x00\x00\x00\xff\x80\x00\x01\xff\xc0\x00\x03\xf7\xe0\x00\x07\xf7\xf0\x00\x1f\xe3\xf8\x00?\xc3\xfe\x00\x7f\x80\xff\x00\xff\x00\x7f\x80\xfe\x00?\x80\x00\x00\x00\x00\x00\x00\x00\x00\x00\x00\x00\x00\x00\x7f\x00\x00\x00\x7f\x00\x00\x00\x7f\x00\x00\x00\x7f\x00\x00\x00\x7f\x00\x00\x00\x7f\x00\x00\x00\x7f\x00\x00\x00\x7f\x00\x00\x00\x7f\x00\x00\x00\x7f\x00\x00\x00\x7f\x00\x00\x00\x7f\x00\x00\x00\x7f\x00\x00\x00\x7f\x00\x00\x00\x7f\x00\x00\x00\x7f\x00\x00\x00\x7f\x00\x00\x00\x7f\x00\x00\x00\x7f\x00\x00\x00\x7f\x00\x00\x00\x7f\x00\x00\x00\x7f\x00\x00\x00\x7f\x00\x00\x00\x7f\x00\x00\x00\x7f\x00\x00\x00\x7f\x00\x00\x00\x7f\x00\x00\x00\x7f\x00\x00\x00\x7f\x00\x00\x00\x7f\x00\x00\x00\x7f\x00\x00\x00\x7f\x00\x00\x00\x7f\x00\x00\x00\x7f\x00\x00\x00\x7f\x00\x00\x00\x7f\x00\x00\x00\x7f\x00\x00\x00\x7f\x00\x00\x00\x7f\x00\x00\x00\x7f\x00\x00\x00\x7f\x00\x00\x00\x7f\x00\x00\x00\x7f\x00\x00\x00\x7f\x00\x00\x00\x7f\x00\x00\x00\x7f\x00\x00\x00\x7f\x00\x00\x00\x7f\x00\x00\x00\x7f\x00\x00\x00\x7f\x00\x00\x00\x7f\x00\x00\x00\x7f\x00\x00\x00\x7f\x00\x00\x00\x7f\x00\x00\x00\x7f\x00\x00\x00\x00\x00\x00\x00\x00\x00\x00\x00\x00\x00\x00\x00\x00\x00\x00\x00\x00\x00\x00\x00\x00\x00\x00\x00\x00\x00\x00\x00\x00\x00\x00\x00\x00\x00\x00\x00\x00\x00\x00\x00\x00\x00\x00\x00\x00\x00\x00\x00\x00\x00\x00\x00\x00\x00\x00\x00\x00\x00\x00\x00\x00\x00\x00\x00\x00\x00\x00\x00\x00\x00\x00\x19',
  207:b'\x00\x00\x00\x00\x00\x00\x00\x00\x00<\x00x\xfe\x01\xfc\xff\x01\xfe\xff\x01\xfe\xff\x01\xfe\xfe\x01\xfc<\x00x\x00\x00\x00\x00\x00\x00\x00\x00\x00\x00\xfe\x00\x00\xfe\x00\x00\xfe\x00\x00\xfe\x00\x00\xfe\x00\x00\xfe\x00\x00\xfe\x00\x00\xfe\x00\x00\xfe\x00\x00\xfe\x00\x00\xfe\x00\x00\xfe\x00\x00\xfe\x00\x00\xfe\x00\x00\xfe\x00\x00\xfe\x00\x00\xfe\x00\x00\xfe\x00\x00\xfe\x00\x00\xfe\x00\x00\xfe\x00\x00\xfe\x00\x00\xfe\x00\x00\xfe\x00\x00\xfe\x00\x00\xfe\x00\x00\xfe\x00\x00\xfe\x00\x00\xfe\x00\x00\xfe\x00\x00\xfe\x00\x00\xfe\x00\x00\xfe\x00\x00\xfe\x00\x00\xfe\x00\x00\xfe\x00\x00\xfe\x00\x00\xfe\x00\x00\xfe\x00\x00\xfe\x00\x00\xfe\x00\x00\xfe\x00\x00\xfe\x00\x00\xfe\x00\x00\xfe\x00\x00\xfe\x00\x00\xfe\x00\x00\xfe\x00\x00\xfe\x00\x00\xfe\x00\x00\xfe\x00\x00\xfe\x00\x00\xfe\x00\x00\xfe\x00\x00\xfe\x00\x00\x00\x00\x00\x00\x00\x00\x00\x00\x00\x00\x00\x00\x00\x00\x00\x00\x00\x00\x00\x00\x00\x00\x00\x00\x00\x00\x00\x00\x00\x00\x00\x00\x00\x00\x00\x00\x00\x00\x00\x00\x00\x00\x00\x00\x00\x00\x00\x00\x00\x00\x00\x00\x00\x17',
  208:b'\x00\x00\x00\x00\x00\x00\x00\x00\x00\x00\x00\x00\x00\x00\x00\x00\x00\x00\x00\x00\x00\x00\x00\x00\x00\x00\x00\x00\x00\x00\x00\x00\x00\x00\x00\x00\x00\x00\x00\x00\x00\x00\x00\x00\x00\x00\x00\x00\x00\x00\x00\x00\x00\x00\x00\x00\x00\x00\x00\x00\x00\x00\x00\x00\x00\x00\x00\x00\x00\x00\x00\x00\x00\x00\x00\x00\x00\x00\x00\x00\x00\x00\x00\x00\x00\x00\x00\x00\x00\x00\x00\x00\xff\xff\xf0\x00\x00\x00\x01\xff\xff\xfe\x00\x00\x00\x01\xff\xff\xff\xc0\x00\x00\x01\xff\xff\xff\xf0\x00\x00\x01\xff\xff\xff\xf8\x00\x00\x01\xff\xff\xff\xfe\x00\x00\x01\xf8\x00\x1f\xff\x00\x00\x01\xf8\x00\x03\xff\x80\x00\x01\xf8\x00\x01\xff\x80\x00\x01\xf8\x00\x00\x7f\xc0\x00\x01\xf8\x00\x00?\xe0\x00\x01\xf8\x00\x00\x1f\xe0\x00\x01\xf8\x00\x00\x0f\xf0\x00\x01\xf8\x00\x00\x07\xf0\x00\x01\xf8\x00\x00\x07\xf8\x00\x01\xf8\x00\x00\x03\xf8\x00\x01\xf8\x00\x00\x03\xf8\x00\x01\xf8\x00\x00\x01\xfc\x00\x01\xf8\x00\x00\x01\xfc\x00\x01\xf8\x00\x00\x01\xfc\x00\x01\xf8\x00\x00\x01\xfc\x00\x01\xf8\x00\x00\x00\xfe\x00\x01\xf8\x00\x00\x00\xfe\x00\x01\xf8\x00\x00\x00\xfe\x00\x01\xf8\x00\x00\x00\xfe\x00\xff\xff\xff\x80\x00\xfe\x00\xff\xff\xff\x80\x00\xfe\x00\xff\xff\xff\x80\x00\xfe\x00\xff\xff\xff\x80\x00\xfe\x00\xff\xff\xff\x80\x00\xfe\x00\xff\xff\xff\x80\x00\xfe\x00\x01\xf8\x00\x00\x00\xfe\x00\x01\xf8\x00\x00\x00\xfe\x00\x01\xf8\x00\x00\x00\xfe\x00\x01\xf8\x00\x00\x01\xfc\x00\x01\xf8\x00\x00\x01\xfc\x00\x01\xf8\x00\x00\x01\xfc\x00\x01\xf8\x00\x00\x01\xfc\x00\x01\xf8\x00\x00\x03\xf8\x00\x01\xf8\x00\x00\x03\xf8\x00\x01\xf8\x00\x00\x03\xf8\x00\x01\xf8\x00\x00\x07\xf0\x00\x01\xf8\x00\x00\x0f\xf0\x00\x01\xf8\x00\x00\x0f\xe0\x00\x01\xf8\x00\x00\x1f\xe0\x00\x01\xf8\x00\x00?\xc0\x00\x01\xf8\x00\x00\x7f\xc0\x00\x01\xf8\x00\x01\xff\x80\x00\x01\xf8\x00\x07\xff\x00\x00\x01\xf8\x00?\xfe\x00\x00\x01\xff\xff\xff\xfc\x00\x00\x01\xff\xff\xff\xf0\x00\x00\x01\xff\xff\xff\xe0\x00\x00\x01\xff\xff\xff\x80\x00\x00\x01\xff\xff\xfe\x00\x00\x00\x01\xff\xff\xe0\x00\x00\x00\x00\x00\x00\x00\x00\x00\x00\x00\x00\x00\x00\x00\x00\x00\x00\x00\x00\x00\x00\x00\x00\x00\x00\x00\x00\x00\x00\x00\x00\x00\x00\x00\x00\x00\x00\x00\x00\x00\x00\x00\x00\x00\x00\x00\x00\x00\x00\x00\x00\x00\x00\x00\x00\x00\x00\x00\x00\x00\x00\x00\x00\x00\x00\x00\x00\x00\x00\x00\x00\x00\x00\x00\x00\x00\x00\x00\x00\x00\x00\x00\x00\x00\x00\x00\x00\x00\x00\x00\x00\x00\x00\x00\x00\x00\x00\x00\x00\x00\x00\x00\x00\x00\x00\x00\x00\x00\x00\x00\x00\x00\x00\x00\x00\x00\x00\x00\x00\x00\x003',
  209:b'\x00\x00\x00\x00\x00\x00\x00\x00\x00\x0f\x80\x00\x00\x00\x00\x00?\xf0\x08\x00\x00\x00\x00\xff\xfc\x1c\x00\x00\x00\x01\xff\xff\xfc\x00\x00\x00\x03\xff\xff\xfe\x00\x00\x00\x03\xff\xff\xfc\x00\x00\x00\x01\xe1\xff\xf8\x00\x00\x00\x01\x80?\xf0\x00\x00\x00\x01\x00\x0f\xc0\x00\x00\x00\x00\x00\x00\x00\x00\x00\x00\x00\x00\x00\x00\x00\x00\x00\x00\x00\x00\x00\x00\x00\x01\xc0\x00\x00\x00\xfc\x00\x01\xe0\x00\x00\x00\xfc\x00\x01\xf0\x00\x00\x00\xfc\x00\x01\xf8\x00\x00\x00\xfc\x00\x01\xf8\x00\x00\x00\xfc\x00\x01\xfc\x00\x00\x00\xfc\x00\x01\xfe\x00\x00\x00\xfc\x00\x01\xff\x00\x00\x00\xfc\x00\x01\xff\x00\x00\x00\xfc\x00\x01\xff\x80\x00\x00\xfc\x00\x01\xff\xc0\x00\x00\xfc\x00\x01\xff\xc0\x00\x00\xfc\x00\x01\xf7\xe0\x00\x00\xfc\x00\x01\xf3\xf0\x00\x00\xfc\x00\x01\xf3\xf8\x00\x00\xfc\x00\x01\xf1\xf8\x00\x00\xfc\x00\x01\xf1\xfc\x00\x00\xfc\x00\x01\xf8\xfe\x00\x00\xfc\x00\x01\xf8\xff\x00\x00\xfc\x00\x01\xf8\x7f\x00\x00\xfc\x00\x01\xf8\x7f\x80\x00\xfc\x00\x01\xf8?\xc0\x00\xfc\x00\x01\xf8\x1f\xc0\x00\xfc\x00\x01\xf8\x0f\xe0\x00\xfc\x00\x01\xf8\x0f\xf0\x00\xfc\x00\x01\xf8\x07\xf8\x00\xfc\x00\x01\xf8\x03\xf8\x00\xfc\x00\x01\xf8\x03\xfc\x00\xfc\x00\x01\xf8\x01\xfe\x00\xfc\x00\x01\xf8\x00\xfe\x00\xfc\x00\x01\xf8\x00\xff\x00\xfc\x00\x01\xf8\x00\x7f\x80\xfc\x00\x01\xf8\x00?\xc0\xfc\x00\x01\xf8\x00\x1f\xc0\xfc\x00\x01\xf8\x00\x1f\xe0\xfc\x00\x01\xf8\x00\x0f\xf0\xfc\x00\x01\xf8\x00\x07\xf0\xfc\x00\x01\xf8\x00\x07\xf8\xfc\x00\x01\xf8\x00\x03\xfc\xfc\x00\x01\xf8\x00\x01\xfc\xfc\x00\x01\xf8\x00\x00\xfe\xfc\x00\x01\xf8\x00\x00\xfe\xfc\x00\x01\xf8\x00\x00\x7f|\x00\x01\xf8\x00\x00?\xfc\x00\x01\xf8\x00\x00?\xfc\x00\x01\xf8\x00\x00\x1f\xfc\x00\x01\xf8\x00\x00\x0f\xfc\x00\x01\xf8\x00\x00\x0f\xfc\x00\x01\xf8\x00\x00\x07\xfc\x00\x01\xf8\x00\x00\x03\xfc\x00\x01\xf8\x00\x00\x01\xfc\x00\x01\xf8\x00\x00\x01\xfc\x00\x01\xf8\x00\x00\x00\xfc\x00\x01\xf8\x00\x00\x00|\x00\x01\xf8\x00\x00\x00|\x00\x00\x00\x00\x00\x00<\x00\x00\x00\x00\x00\x00\x00\x00\x00\x00\x00\x00\x00\x00\x00\x00\x00\x00\x00\x00\x00\x00\x00\x00\x00\x00\x00\x00\x00\x00\x00\x00\x00\x00\x00\x00\x00\x00\x00\x00\x00\x00\x00\x00\x00\x00\x00\x00\x00\x00\x00\x00\x00\x00\x00\x00\x00\x00\x00\x00\x00\x00\x00\x00\x00\x00\x00\x00\x00\x00\x00\x00\x00\x00\x00\x00\x00\x00\x00\x00\x00\x00\x00\x00\x00\x00\x00\x00\x00\x00\x00\x00\x00\x00\x00\x00\x00\x00\x00\x00\x00\x00\x00\x00\x00\x00\x00\x00\x00\x00\x00\x00\x00\x00\x00\x00\x00\x00\x00\x005',
  210:b'\x00\x03\xfe\x00\x00\x00\x00\x00\x03\xff\x00\x00\x00\x00\x00\x01\xff\x80\x00\x00\x00\x00\x00\x7f\xc0\x00\x00\x00\x00\x00\x1f\xe0\x00\x00\x00\x00\x00\x0f\xf0\x00\x00\x00\x00\x00\x03\xf8\x00\x00\x00\x00\x00\x00\xfc\x00\x00\x00\x00\x00\x00~\x00\x00\x00\x00\x00\x00\x01\x00\x00\x00\x00\x00\x00\x00\x00\x00\x00\x00\x00\x00\x00\x00\x00\x00\x00\x00\x07\xff\x00\x00\x00\x00\x00?\xff\xe0\x00\x00\x00\x00\xff\xff\xf8\x00\x00\x00\x03\xff\xff\xfe\x00\x00\x00\x07\xff\xff\xff\x00\x00\x00\x0f\xff\xff\xff\xc0\x00\x00\x1f\xfe\x03\xff\xc0\x00\x00?\xf0\x00\x7f\xe0\x00\x00\x7f\xc0\x00\x1f\xf0\x00\x00\x7f\x80\x00\x0f\xf8\x00\x00\xff\x00\x00\x07\xf8\x00\x00\xfe\x00\x00\x03\xfc\x00\x01\xfe\x00\x00\x03\xfc\x00\x01\xfc\x00\x00\x01\xfe\x00\x03\xfc\x00\x00\x01\xfe\x00\x03\xf8\x00\x00\x00\xfe\x00\x03\xf8\x00\x00\x00\xff\x00\x07\xf8\x00\x00\x00\x7f\x00\x07\xf0\x00\x00\x00\x7f\x00\x07\xf0\x00\x00\x00\x7f\x00\x07\xf0\x00\x00\x00\x7f\x00\x07\xf0\x00\x00\x00?\x80\x07\xf0\x00\x00\x00?\x80\x07\xe0\x00\x00\x00?\x80\x0f\xe0\x00\x00\x00?\x80\x0f\xe0\x00\x00\x00?\x80\x0f\xe0\x00\x00\x00?\x80\x0f\xe0\x00\x00\x00?\x80\x0f\xe0\x00\x00\x00?\x80\x0f\xe0\x00\x00\x00?\x80\x0f\xe0\x00\x00\x00?\x80\x0f\xe0\x00\x00\x00?\x80\x0f\xe0\x00\x00\x00?\x80\x07\xf0\x00\x00\x00?\x80\x07\xf0\x00\x00\x00?\x80\x07\xf0\x00\x00\x00?\x80\x07\xf0\x00\x00\x00\x7f\x00\x07\xf0\x00\x00\x00\x7f\x00\x07\xf0\x00\x00\x00\x7f\x00\x03\xf8\x00\x00\x00\x7f\x00\x03\xf8\x00\x00\x00\xff\x00\x03\xfc\x00\x00\x00\xfe\x00\x03\xfc\x00\x00\x00\xfe\x00\x01\xfc\x00\x00\x01\xfe\x00\x01\xfe\x00\x00\x01\xfc\x00\x00\xff\x00\x00\x03\xfc\x00\x00\xff\x80\x00\x07\xf8\x00\x00\x7f\xc0\x00\x0f\xf8\x00\x00\x7f\xe0\x00\x1f\xf0\x00\x00?\xf0\x00\x7f\xe0\x00\x00\x1f\xfe\x01\xff\xc0\x00\x00\x0f\xff\xff\xff\x80\x00\x00\x07\xff\xff\xff\x00\x00\x00\x03\xff\xff\xfe\x00\x00\x00\x00\xff\xff\xf8\x00\x00\x00\x00?\xff\xe0\x00\x00\x00\x00\x07\xff\x00\x00\x00\x00\x00\x00\x00\x00\x00\x00\x00\x00\x00\x00\x00\x00\x00\x00\x00\x00\x00\x00\x00\x00\x00\x00\x00\x00\x00\x00\x00\x00\x00\x00\x00\x00\x00\x00\x00\x00\x00\x00\x00\x00\x00\x00\x00\x00\x00\x00\x00\x00\x00\x00\x00\x00\x00\x00\x00\x00\x00\x00\x00\x00\x00\x00\x00\x00\x00\x00\x00\x00\x00\x00\x00\x00\x00\x00\x00\x00\x00\x00\x00\x00\x00\x00\x00\x00\x00\x00\x00\x00\x00\x00\x00\x00\x00\x00\x00\x00\x00\x00\x00\x00\x00\x00\x00\x00\x00\x00\x00\x00\x00\x00\x00\x00\x00\x00\x00\x00\x00\x005',
  211:b'\x00\x00\x00\x00\xff\x80\x00\x00\x00\x00\x01\xff\x80\x00\x00\x00\x00\x03\xff\x00\x00\x00\x00\x00\x07\xfc\x00\x00\x00\x00\x00\x0f\xf0\x00\x00\x00\x00\x00\x1f\xe0\x00\x00\x00\x00\x00?\x80\x00\x00\x00\x00\x00~\x00\x00\x00\x00\x00\x00\xf8\x00\x00\x00\x00\x00\x01\x00\x00\x00\x00\x00\x00\x00\x00\x00\x00\x00\x00\x00\x00\x00\x00\x00\x00\x00\x00\x07\xff\x00\x00\x00\x00\x00?\xff\xe0\x00\x00\x00\x00\xff\xff\xf8\x00\x00\x00\x03\xff\xff\xfe\x00\x00\x00\x07\xff\xff\xff\x00\x00\x00\x0f\xff\xff\xff\xc0\x00\x00\x1f\xfe\x03\xff\xc0\x00\x00?\xf0\x00\x7f\xe0\x00\x00\x7f\xc0\x00\x1f\xf0\x00\x00\x7f\x80\x00\x0f\xf8\x00\x00\xff\x00\x00\x07\xf8\x00\x00\xfe\x00\x00\x03\xfc\x00\x01\xfe\x00\x00\x03\xfc\x00\x01\xfc\x00\x00\x01\xfe\x00\x03\xfc\x00\x00\x01\xfe\x00\x03\xf8\x00\x00\x00\xfe\x00\x03\xf8\x00\x00\x00\xff\x00\x07\xf8\x00\x00\x00\x7f\x00\x07\xf0\x00\x00\x00\x7f\x00\x07\xf0\x00\x00\x00\x7f\x00\x07\xf0\x00\x00\x00\x7f\x00\x07\xf0\x00\x00\x00?\x80\x07\xf0\x00\x00\x00?\x80\x07\xe0\x00\x00\x00?\x80\x0f\xe0\x00\x00\x00?\x80\x0f\xe0\x00\x00\x00?\x80\x0f\xe0\x00\x00\x00?\x80\x0f\xe0\x00\x00\x00?\x80\x0f\xe0\x00\x00\x00?\x80\x0f\xe0\x00\x00\x00?\x80\x0f\xe0\x00\x00\x00?\x80\x0f\xe0\x00\x00\x00?\x80\x0f\xe0\x00\x00\x00?\x80\x07\xf0\x00\x00\x00?\x80\x07\xf0\x00\x00\x00?\x80\x07\xf0\x00\x00\x00?\x80\x07\xf0\x00\x00\x00\x7f\x00\x07\xf0\x00\x00\x00\x7f\x00\x07\xf0\x00\x00\x00\x7f\x00\x03\xf8\x00\x00\x00\x7f\x00\x03\xf8\x00\x00\x00\xff\x00\x03\xfc\x00\x00\x00\xfe\x00\x03\xfc\x00\x00\x00\xfe\x00\x01\xfc\x00\x00\x01\xfe\x00\x01\xfe\x00\x00\x01\xfc\x00\x00\xff\x00\x00\x03\xfc\x00\x00\xff\x80\x00\x07\xf8\x00\x00\x7f\xc0\x00\x0f\xf8\x00\x00\x7f\xe0\x00\x1f\xf0\x00\x00?\xf0\x00\x7f\xe0\x00\x00\x1f\xfe\x01\xff\xc0\x00\x00\x0f\xff\xff\xff\x80\x00\x00\x07\xff\xff\xff\x00\x00\x00\x03\xff\xff\xfe\x00\x00\x00\x00\xff\xff\xf8\x00\x00\x00\x00?\xff\xe0\x00\x00\x00\x00\x07\xff\x00\x00\x00\x00\x00\x00\x00\x00\x00\x00\x00\x00\x00\x00\x00\x00\x00\x00\x00\x00\x00\x00\x00\x00\x00\x00\x00\x00\x00\x00\x00\x00\x00\x00\x00\x00\x00\x00\x00\x00\x00\x00\x00\x00\x00\x00\x00\x00\x00\x00\x00\x00\x00\x00\x00\x00\x00\x00\x00\x00\x00\x00\x00\x00\x00\x00\x00\x00\x00\x00\x00\x00\x00\x00\x00\x00\x00\x00\x00\x00\x00\x00\x00\x00\x00\x00\x00\x00\x00\x00\x00\x00\x00\x00\x00\x00\x00\x00\x00\x00\x00\x00\x00\x00\x00\x00\x00\x00\x00\x00\x00\x00\x00\x00\x00\x00\x00\x00\x00\x00\x00\x005',
  212:b'\x00\x00\x00\xfc\x00\x00\x00\x00\x00\x03\xfe\x00\x00\x00\x00\x00\x07\xff\x00\x00\x00\x00\x00\x0f\xdf\x80\x00\x00\x00\x00\x1f\xdf\xc0\x00\x00\x00\x00\x7f\x8f\xf0\x00\x00\x00\x00\xff\x0f\xf8\x00\x00\x00\x01\xfe\x03\xfc\x00\x00\x00\x03\xfc\x01\xfe\x00\x00\x00\x03\xf8\x00\xfe\x00\x00\x00\x00\x00\x00\x00\x00\x00\x00\x00\x00\x00\x00\x00\x00\x00\x00\x07\xff\x00\x00\x00\x00\x00?\xff\xe0\x00\x00\x00\x00\xff\xff\xf8\x00\x00\x00\x03\xff\xff\xfe\x00\x00\x00\x07\xff\xff\xff\x00\x00\x00\x0f\xff\xff\xff\xc0\x00\x00\x1f\xfe\x03\xff\xc0\x00\x00?\xf0\x00\x7f\xe0\x00\x00\x7f\xc0\x00\x1f\xf0\x00\x00\x7f\x80\x00\x0f\xf8\x00\x00\xff\x00\x00\x07\xf8\x00\x00\xfe\x00\x00\x03\xfc\x00\x01\xfe\x00\x00\x03\xfc\x00\x01\xfc\x00\x00\x01\xfe\x00\x03\xfc\x00\x00\x01\xfe\x00\x03\xf8\x00\x00\x00\xfe\x00\x03\xf8\x00\x00\x00\xff\x00\x07\xf8\x00\x00\x00\x7f\x00\x07\xf0\x00\x00\x00\x7f\x00\x07\xf0\x00\x00\x00\x7f\x00\x07\xf0\x00\x00\x00\x7f\x00\x07\xf0\x00\x00\x00?\x80\x07\xf0\x00\x00\x00?\x80\x07\xe0\x00\x00\x00?\x80\x0f\xe0\x00\x00\x00?\x80\x0f\xe0\x00\x00\x00?\x80\x0f\xe0\x00\x00\x00?\x80\x0f\xe0\x00\x00\x00?\x80\x0f\xe0\x00\x00\x00?\x80\x0f\xe0\x00\x00\x00?\x80\x0f\xe0\x00\x00\x00?\x80\x0f\xe0\x00\x00\x00?\x80\x0f\xe0\x00\x00\x00?\x80\x07\xf0\x00\x00\x00?\x80\x07\xf0\x00\x00\x00?\x80\x07\xf0\x00\x00\x00?\x80\x07\xf0\x00\x00\x00\x7f\x00\x07\xf0\x00\x00\x00\x7f\x00\x07\xf0\x00\x00\x00\x7f\x00\x03\xf8\x00\x00\x00\x7f\x00\x03\xf8\x00\x00\x00\xff\x00\x03\xfc\x00\x00\x00\xfe\x00\x03\xfc\x00\x00\x00\xfe\x00\x01\xfc\x00\x00\x01\xfe\x00\x01\xfe\x00\x00\x01\xfc\x00\x00\xff\x00\x00\x03\xfc\x00\x00\xff\x80\x00\x07\xf8\x00\x00\x7f\xc0\x00\x0f\xf8\x00\x00\x7f\xe0\x00\x1f\xf0\x00\x00?\xf0\x00\x7f\xe0\x00\x00\x1f\xfe\x01\xff\xc0\x00\x00\x0f\xff\xff\xff\x80\x00\x00\x07\xff\xff\xff\x00\x00\x00\x03\xff\xff\xfe\x00\x00\x00\x00\xff\xff\xf8\x00\x00\x00\x00?\xff\xe0\x00\x00\x00\x00\x07\xff\x00\x00\x00\x00\x00\x00\x00\x00\x00\x00\x00\x00\x00\x00\x00\x00\x00\x00\x00\x00\x00\x00\x00\x00\x00\x00\x00\x00\x00\x00\x00\x00\x00\x00\x00\x00\x00\x00\x00\x00\x00\x00\x00\x00\x00\x00\x00\x00\x00\x00\x00\x00\x00\x00\x00\x00\x00\x00\x00\x00\x00\x00\x00\x00\x00\x00\x00\x00\x00\x00\x00\x00\x00\x00\x00\x00\x00\x00\x00\x00\x00\x00\x00\x00\x00\x00\x00\x00\x00\x00\x00\x00\x00\x00\x00\x00\x00\x00\x00\x00\x00\x00\x00\x00\x00\x00\x00\x00\x00\x00\x00\x00\x00\x00\x00\x00\x00\x00\x00\x00\x00\x005',
  213:b'\x00\x00\x00\x00\x00\x00\x00\x00\x00\x0f\xc0\x00\x00\x00\x00\x00?\xf0\x08\x00\x00\x00\x00\x7f\xfe\x1c\x00\x00\x00\x00\xff\xff\xfc\x00\x00\x00\x01\xff\xff\xfe\x00\x00\x00\x03\xff\xff\xfe\x00\x00\x00\x01\xe0\xff\xf8\x00\x00\x00\x01\x80?\xf0\x00\x00\x00\x01\x80\x07\xc0\x00\x00\x00\x00\x00\x00\x00\x00\x00\x00\x00\x00\x00\x00\x00\x00\x00\x00\x07\xff\x00\x00\x00\x00\x00?\xff\xe0\x00\x00\x00\x00\xff\xff\xf8\x00\x00\x00\x03\xff\xff\xfe\x00\x00\x00\x07\xff\xff\xff\x00\x00\x00\x0f\xff\xff\xff\xc0\x00\x00\x1f\xfe\x03\xff\xc0\x00\x00?\xf0\x00\x7f\xe0\x00\x00\x7f\xc0\x00\x1f\xf0\x00\x00\x7f\x80\x00\x0f\xf8\x00\x00\xff\x00\x00\x07\xf8\x00\x00\xfe\x00\x00\x03\xfc\x00\x01\xfe\x00\x00\x03\xfc\x00\x01\xfc\x00\x00\x01\xfe\x00\x03\xfc\x00\x00\x01\xfe\x00\x03\xf8\x00\x00\x00\xfe\x00\x03\xf8\x00\x00\x00\xff\x00\x07\xf8\x00\x00\x00\x7f\x00\x07\xf0\x00\x00\x00\x7f\x00\x07\xf0\x00\x00\x00\x7f\x00\x07\xf0\x00\x00\x00\x7f\x00\x07\xf0\x00\x00\x00?\x80\x07\xf0\x00\x00\x00?\x80\x07\xe0\x00\x00\x00?\x80\x0f\xe0\x00\x00\x00?\x80\x0f\xe0\x00\x00\x00?\x80\x0f\xe0\x00\x00\x00?\x80\x0f\xe0\x00\x00\x00?\x80\x0f\xe0\x00\x00\x00?\x80\x0f\xe0\x00\x00\x00?\x80\x0f\xe0\x00\x00\x00?\x80\x0f\xe0\x00\x00\x00?\x80\x0f\xe0\x00\x00\x00?\x80\x07\xf0\x00\x00\x00?\x80\x07\xf0\x00\x00\x00?\x80\x07\xf0\x00\x00\x00?\x80\x07\xf0\x00\x00\x00\x7f\x00\x07\xf0\x00\x00\x00\x7f\x00\x07\xf0\x00\x00\x00\x7f\x00\x03\xf8\x00\x00\x00\x7f\x00\x03\xf8\x00\x00\x00\xff\x00\x03\xfc\x00\x00\x00\xfe\x00\x03\xfc\x00\x00\x00\xfe\x00\x01\xfc\x00\x00\x01\xfe\x00\x01\xfe\x00\x00\x01\xfc\x00\x00\xff\x00\x00\x03\xfc\x00\x00\xff\x80\x00\x07\xf8\x00\x00\x7f\xc0\x00\x0f\xf8\x00\x00\x7f\xe0\x00\x1f\xf0\x00\x00?\xf0\x00\x7f\xe0\x00\x00\x1f\xfe\x01\xff\xc0\x00\x00\x0f\xff\xff\xff\x80\x00\x00\x07\xff\xff\xff\x00\x00\x00\x03\xff\xff\xfe\x00\x00\x00\x00\xff\xff\xf8\x00\x00\x00\x00?\xff\xe0\x00\x00\x00\x00\x07\xff\x00\x00\x00\x00\x00\x00\x00\x00\x00\x00\x00\x00\x00\x00\x00\x00\x00\x00\x00\x00\x00\x00\x00\x00\x00\x00\x00\x00\x00\x00\x00\x00\x00\x00\x00\x00\x00\x00\x00\x00\x00\x00\x00\x00\x00\x00\x00\x00\x00\x00\x00\x00\x00\x00\x00\x00\x00\x00\x00\x00\x00\x00\x00\x00\x00\x00\x00\x00\x00\x00\x00\x00\x00\x00\x00\x00\x00\x00\x00\x00\x00\x00\x00\x00\x00\x00\x00\x00\x00\x00\x00\x00\x00\x00\x00\x00\x00\x00\x00\x00\x00\x00\x00\x00\x00\x00\x00\x00\x00\x00\x00\x00\x00\x00\x00\x00\x00\x00\x00\x00\x00\x005',
  214:b'\x00\x00\x00\x00\x00\x00\x00\x00\x00\x00\x00\x00\x00\x00\x00\x00\x00\x00\x00\x00\x00\x00\x00x\x00\xf0\x00\x00\x00\x01\xfc\x03\xf8\x00\x00\x00\x01\xfe\x03\xfc\x00\x00\x00\x01\xfe\x03\xfc\x00\x00\x00\x01\xfe\x03\xfc\x00\x00\x00\x01\xfc\x03\xf8\x00\x00\x00\x00x\x00\xf0\x00\x00\x00\x00\x00\x00\x00\x00\x00\x00\x00\x00\x00\x00\x00\x00\x00\x00\x07\xff\x00\x00\x00\x00\x00?\xff\xe0\x00\x00\x00\x00\xff\xff\xf8\x00\x00\x00\x03\xff\xff\xfe\x00\x00\x00\x07\xff\xff\xff\x00\x00\x00\x0f\xff\xff\xff\xc0\x00\x00\x1f\xfe\x03\xff\xc0\x00\x00?\xf0\x00\x7f\xe0\x00\x00\x7f\xc0\x00\x1f\xf0\x00\x00\x7f\x80\x00\x0f\xf8\x00\x00\xff\x00\x00\x07\xf8\x00\x00\xfe\x00\x00\x03\xfc\x00\x01\xfe\x00\x00\x03\xfc\x00\x01\xfc\x00\x00\x01\xfe\x00\x03\xfc\x00\x00\x01\xfe\x00\x03\xf8\x00\x00\x00\xfe\x00\x03\xf8\x00\x00\x00\xff\x00\x07\xf8\x00\x00\x00\x7f\x00\x07\xf0\x00\x00\x00\x7f\x00\x07\xf0\x00\x00\x00\x7f\x00\x07\xf0\x00\x00\x00\x7f\x00\x07\xf0\x00\x00\x00?\x80\x07\xf0\x00\x00\x00?\x80\x07\xe0\x00\x00\x00?\x80\x0f\xe0\x00\x00\x00?\x80\x0f\xe0\x00\x00\x00?\x80\x0f\xe0\x00\x00\x00?\x80\x0f\xe0\x00\x00\x00?\x80\x0f\xe0\x00\x00\x00?\x80\x0f\xe0\x00\x00\x00?\x80\x0f\xe0\x00\x00\x00?\x80\x0f\xe0\x00\x00\x00?\x80\x0f\xe0\x00\x00\x00?\x80\x07\xf0\x00\x00\x00?\x80\x07\xf0\x00\x00\x00?\x80\x07\xf0\x00\x00\x00?\x80\x07\xf0\x00\x00\x00\x7f\x00\x07\xf0\x00\x00\x00\x7f\x00\x07\xf0\x00\x00\x00\x7f\x00\x03\xf8\x00\x00\x00\x7f\x00\x03\xf8\x00\x00\x00\xff\x00\x03\xfc\x00\x00\x00\xfe\x00\x03\xfc\x00\x00\x00\xfe\x00\x01\xfc\x00\x00\x01\xfe\x00\x01\xfe\x00\x00\x01\xfc\x00\x00\xff\x00\x00\x03\xfc\x00\x00\xff\x80\x00\x07\xf8\x00\x00\x7f\xc0\x00\x0f\xf8\x00\x00\x7f\xe0\x00\x1f\xf0\x00\x00?\xf0\x00\x7f\xe0\x00\x00\x1f\xfe\x01\xff\xc0\x00\x00\x0f\xff\xff\xff\x80\x00\x00\x07\xff\xff\xff\x00\x00\x00\x03\xff\xff\xfe\x00\x00\x00\x00\xff\xff\xf8\x00\x00\x00\x00?\xff\xe0\x00\x00\x00\x00\x07\xff\x00\x00\x00\x00\x00\x00\x00\x00\x00\x00\x00\x00\x00\x00\x00\x00\x00\x00\x00\x00\x00\x00\x00\x00\x00\x00\x00\x00\x00\x00\x00\x00\x00\x00\x00\x00\x00\x00\x00\x00\x00\x00\x00\x00\x00\x00\x00\x00\x00\x00\x00\x00\x00\x00\x00\x00\x00\x00\x00\x00\x00\x00\x00\x00\x00\x00\x00\x00\x00\x00\x00\x00\x00\x00\x00\x00\x00\x00\x00\x00\x00\x00\x00\x00\x00\x00\x00\x00\x00\x00\x00\x00\x00\x00\x00\x00\x00\x00\x00\x00\x00\x00\x00\x00\x00\x00\x00\x00\x00\x00\x00\x00\x00\x00\x00\x00\x00\x00\x00\x00\x00\x005',
  215:b"\x00\x00\x00\x00\x00\x00\x00\x00\x00\x00\x00\x00\x00\x00\x00\x00\x00\x00\x00\x00\x00\x00\x00\x00\x00\x00\x00\x00\x00\x00\x00\x00\x00\x00\x00\x00\x00\x00\x00\x00\x00\x00\x00\x00\x00\x00\x00\x00\x00\x00\x00\x00\x00\x00\x00\x00\x00\x00\x00\x00\x00\x00\x00\x00\x00\x00\x00\x00\x00\x00\x00\x00\x00\x00\x00\x00\x00\x00\x00\x00\x00\x00\x00\x00\x00\x00\x00\x00\x00\x00\x00\x00\x00\x00\x00\x00\x00\x00\x00\x00\x00\x00\x00\x00\x00\x00\x00\x00\x00\x00\x00\x00\x00\x00\x00\x00\x00\x00\x00\x00\x00\x00\x00\x00\x00\x00\x00\x00\x00\x00\x00\x00\x00\x00\x00\x00\x00\x00\x00\x00\x00@\x00\x04\x00\x00\xe0\x00\x0e\x00\x01\xf0\x00\x1f\x00\x01\xf8\x00?\x80\x03\xfc\x00\x7f\xc0\x01\xfe\x00\xff\x00\x00\xff\x01\xfe\x00\x00\x7f\x83\xfc\x00\x00?\xc7\xf8\x00\x00\x1f\xef\xf0\x00\x00\x0f\xff\xe0\x00\x00\x07\xff\xc0\x00\x00\x03\xff\x80\x00\x00\x01\xff\x00\x00\x00\x01\xff\x00\x00\x00\x03\xff\x80\x00\x00\x07\xff\xc0\x00\x00\x0f\xff\xe0\x00\x00\x1f\xef\xf0\x00\x00?\xc7\xf8\x00\x00\x7f\x83\xfc\x00\x00\xff\x01\xfe\x00\x01\xfe\x00\xff\x00\x03\xfc\x00\x7f\x80\x03\xf8\x00?\xc0\x01\xf0\x00\x1f\x00\x00\xe0\x00\x0e\x00\x00@\x00\x04\x00\x00\x00\x00\x00\x00\x00\x00\x00\x00\x00\x00\x00\x00\x00\x00\x00\x00\x00\x00\x00\x00\x00\x00\x00\x00\x00\x00\x00\x00\x00\x00\x00\x00\x00\x00\x00\x00\x00\x00\x00\x00\x00\x00\x00\x00\x00\x00\x00\x00\x00\x00\x00\x00\x00\x00\x00\x00\x00\x00\x00\x00\x00\x00\x00\x00\x00\x00\x00\x00\x00\x00\x00\x00\x00\x00\x00\x00\x00\x00\x00\x00\x00\x00\x00\x00\x00\x00\x00\x00\x00\x00\x00\x00\x00\x00\x00\x00\x00\x00\x00\x00\x00\x00\x00\x00\x00\x00\x00\x00\x00\x00\x00\x00\x00\x00\x00\x00\x00\x00\x00\x00\x00\x00\x00\x00\x00\x00\x00\x00\x00\x00\x00\x00\x00\x00\x00\x00\x00\x00\x00\x00\x00\x00\x00\x00\x00\x00\x00\x00\x00'",
  216:b'\x00\x00\x00\x00\x00\x00\x00\x00\x00\x00\x00\x00\x00\x00\x00\x00\x00\x00\x00\x00\x00\x00\x00\x00\x00\x00\x00\x00\x00\x00\x00\x00\x00\x00\x00\x00\x00\x00\x00\x00\x00\x00\x00\x00\x00\x00\x00\x00\x00\x00\x00\x00\x00\x00\x00\x00\x00\x00\x00\x00\x00\x00\x00\x00\x00\x00\x00\x00\x00\x00\x00\x00\x00\x00\x00\x00\x00\x00\x00\x00\x00\x00\x00\x00\x00\x00\x07\xff\x00\x18\x00\x00\x00?\xff\xe0\x1c\x00\x00\x00\xff\xff\xf8?\x00\x00\x03\xff\xff\xfe~\x00\x00\x07\xff\xff\xff~\x00\x00\x0f\xff\xff\xff\xfc\x00\x00\x1f\xfe\x03\xff\xf8\x00\x00?\xf0\x00\x7f\xf8\x00\x00\x7f\xc0\x00\x1f\xf0\x00\x00\x7f\x80\x00\x0f\xf8\x00\x00\xff\x00\x00\x0f\xf8\x00\x00\xfe\x00\x00\x0f\xfc\x00\x01\xfe\x00\x00\x1f\xfc\x00\x01\xfc\x00\x00?\xfe\x00\x03\xfc\x00\x00?\xfe\x00\x03\xf8\x00\x00~\xfe\x00\x03\xf8\x00\x00\xfc\xff\x00\x07\xf8\x00\x00\xfc\xff\x00\x07\xf0\x00\x01\xf8\x7f\x00\x07\xf0\x00\x03\xf0\x7f\x00\x07\xf0\x00\x07\xe0\x7f\x00\x07\xf0\x00\x07\xe0\x7f\x80\x07\xf0\x00\x0f\xc0?\x80\x07\xe0\x00\x1f\x80?\x80\x0f\xe0\x00\x1f\x80?\x80\x0f\xe0\x00?\x00?\x80\x0f\xe0\x00~\x00?\x80\x0f\xe0\x00\xfe\x00?\x80\x0f\xe0\x00\xfc\x00?\x80\x0f\xe0\x01\xf8\x00?\x80\x0f\xe0\x03\xf0\x00?\x80\x0f\xe0\x03\xf0\x00?\x80\x0f\xe0\x07\xe0\x00?\x80\x07\xe0\x0f\xc0\x00?\x80\x07\xf0\x0f\xc0\x00?\x80\x07\xf0\x1f\x80\x00?\x80\x07\xf0?\x00\x00\x7f\x00\x07\xf0\x7f\x00\x00\x7f\x00\x07\xf0~\x00\x00\x7f\x00\x03\xf8\xfc\x00\x00\x7f\x00\x03\xf9\xf8\x00\x00\xff\x00\x03\xfd\xf8\x00\x00\xfe\x00\x03\xff\xf0\x00\x00\xfe\x00\x01\xff\xe0\x00\x01\xfe\x00\x01\xff\xe0\x00\x01\xfc\x00\x00\xff\xc0\x00\x03\xfc\x00\x00\xff\x80\x00\x07\xf8\x00\x00\x7f\x80\x00\x0f\xf8\x00\x00\x7f\xe0\x00\x1f\xf0\x00\x00\x7f\xf0\x00\x7f\xe0\x00\x00\xff\xfe\x01\xff\xc0\x00\x00\xff\xff\xff\xff\x80\x00\x01\xff\xff\xff\xff\x00\x00\x03\xf3\xff\xff\xfe\x00\x00\x03\xf0\xff\xff\xf8\x00\x00\x00\xe0?\xff\xe0\x00\x00\x00@\x07\xff\x00\x00\x00\x00\x00\x00\x00\x00\x00\x00\x00\x00\x00\x00\x00\x00\x00\x00\x00\x00\x00\x00\x00\x00\x00\x00\x00\x00\x00\x00\x00\x00\x00\x00\x00\x00\x00\x00\x00\x00\x00\x00\x00\x00\x00\x00\x00\x00\x00\x00\x00\x00\x00\x00\x00\x00\x00\x00\x00\x00\x00\x00\x00\x00\x00\x00\x00\x00\x00\x00\x00\x00\x00\x00\x00\x00\x00\x00\x00\x00\x00\x00\x00\x00\x00\x00\x00\x00\x00\x00\x00\x00\x00\x00\x00\x00\x00\x00\x00\x00\x00\x00\x00\x00\x00\x00\x00\x00\x00\x00\x00\x00\x00\x00\x00\x00\x00\x00\x00\x00\x00\x005',
  217:b'\x00\x03\xfe\x00\x00\x00\x00\x00\x03\xff\x00\x00\x00\x00\x00\x01\xff\x80\x00\x00\x00\x00\x00\x7f\xc0\x00\x00\x00\x00\x00?\xe0\x00\x00\x00\x00\x00\x0f\xf0\x00\x00\x00\x00\x00\x03\xf8\x00\x00\x00\x00\x00\x01\xfc\x00\x00\x00\x00\x00\x00~\x00\x00\x00\x00\x00\x00\x01\x00\x00\x00\x00\x00\x00\x00\x00\x00\x00\x00\x00\x00\x00\x00\x00\x00\x00\x00\x00\x00\x00\x00\x00\x01\xf8\x00\x00\x03\xf0\x00\x01\xf8\x00\x00\x03\xf0\x00\x01\xf8\x00\x00\x03\xf0\x00\x01\xf8\x00\x00\x03\xf0\x00\x01\xf8\x00\x00\x03\xf0\x00\x01\xf8\x00\x00\x03\xf0\x00\x01\xf8\x00\x00\x03\xf0\x00\x01\xf8\x00\x00\x03\xf0\x00\x01\xf8\x00\x00\x03\xf0\x00\x01\xf8\x00\x00\x03\xf0\x00\x01\xf8\x00\x00\x03\xf0\x00\x01\xf8\x00\x00\x03\xf0\x00\x01\xf8\x00\x00\x03\xf0\x00\x01\xf8\x00\x00\x03\xf0\x00\x01\xf8\x00\x00\x03\xf0\x00\x01\xf8\x00\x00\x03\xf0\x00\x01\xf8\x00\x00\x03\xf0\x00\x01\xf8\x00\x00\x03\xf0\x00\x01\xf8\x00\x00\x03\xf0\x00\x01\xf8\x00\x00\x03\xf0\x00\x01\xf8\x00\x00\x03\xf0\x00\x01\xf8\x00\x00\x03\xf0\x00\x01\xf8\x00\x00\x03\xf0\x00\x01\xf8\x00\x00\x03\xf0\x00\x01\xf8\x00\x00\x03\xf0\x00\x01\xf8\x00\x00\x03\xf0\x00\x01\xf8\x00\x00\x03\xf0\x00\x01\xf8\x00\x00\x03\xf0\x00\x01\xf8\x00\x00\x03\xf0\x00\x01\xf8\x00\x00\x03\xf0\x00\x01\xf8\x00\x00\x03\xf0\x00\x01\xf8\x00\x00\x03\xf0\x00\x01\xf8\x00\x00\x03\xf0\x00\x01\xf8\x00\x00\x03\xf0\x00\x01\xf8\x00\x00\x03\xf0\x00\x01\xf8\x00\x00\x03\xf0\x00\x01\xf8\x00\x00\x03\xf0\x00\x01\xf8\x00\x00\x03\xf0\x00\x01\xf8\x00\x00\x03\xf0\x00\x01\xf8\x00\x00\x03\xf0\x00\x01\xfc\x00\x00\x03\xf0\x00\x01\xfc\x00\x00\x07\xf0\x00\x01\xfc\x00\x00\x07\xf0\x00\x01\xfc\x00\x00\x07\xf0\x00\x01\xfe\x00\x00\x0f\xe0\x00\x00\xfe\x00\x00\x0f\xe0\x00\x00\xff\x00\x00\x1f\xe0\x00\x00\xff\x80\x00?\xc0\x00\x00\x7f\xe0\x00\x7f\xc0\x00\x00?\xfc\x03\xff\x80\x00\x00?\xff\xff\xff\x00\x00\x00\x1f\xff\xff\xfe\x00\x00\x00\x07\xff\xff\xfc\x00\x00\x00\x03\xff\xff\xf8\x00\x00\x00\x00\xff\xff\xe0\x00\x00\x00\x00\x0f\xfe\x00\x00\x00\x00\x00\x00\x00\x00\x00\x00\x00\x00\x00\x00\x00\x00\x00\x00\x00\x00\x00\x00\x00\x00\x00\x00\x00\x00\x00\x00\x00\x00\x00\x00\x00\x00\x00\x00\x00\x00\x00\x00\x00\x00\x00\x00\x00\x00\x00\x00\x00\x00\x00\x00\x00\x00\x00\x00\x00\x00\x00\x00\x00\x00\x00\x00\x00\x00\x00\x00\x00\x00\x00\x00\x00\x00\x00\x00\x00\x00\x00\x00\x00\x00\x00\x00\x00\x00\x00\x00\x00\x00\x00\x00\x00\x00\x00\x00\x00\x00\x00\x00\x00\x00\x00\x00\x00\x00\x00\x00\x00\x00\x00\x00\x00\x00\x00\x00\x00\x00\x00\x003',
  218:b'\x00\x00\x00\x03\xfe\x00\x00\x00\x00\x00\x07\xfe\x00\x00\x00\x00\x00\x0f\xfc\x00\x00\x00\x00\x00\x1f\xf0\x00\x00\x00\x00\x00?\xc0\x00\x00\x00\x00\x00\x7f\x80\x00\x00\x00\x00\x00\xfe\x00\x00\x00\x00\x00\x01\xf8\x00\x00\x00\x00\x00\x03\xe0\x00\x00\x00\x00\x00\x04\x00\x00\x00\x00\x00\x00\x00\x00\x00\x00\x00\x00\x00\x00\x00\x00\x00\x00\x00\x00\x00\x00\x00\x00\x00\x01\xf8\x00\x00\x03\xf0\x00\x01\xf8\x00\x00\x03\xf0\x00\x01\xf8\x00\x00\x03\xf0\x00\x01\xf8\x00\x00\x03\xf0\x00\x01\xf8\x00\x00\x03\xf0\x00\x01\xf8\x00\x00\x03\xf0\x00\x01\xf8\x00\x00\x03\xf0\x00\x01\xf8\x00\x00\x03\xf0\x00\x01\xf8\x00\x00\x03\xf0\x00\x01\xf8\x00\x00\x03\xf0\x00\x01\xf8\x00\x00\x03\xf0\x00\x01\xf8\x00\x00\x03\xf0\x00\x01\xf8\x00\x00\x03\xf0\x00\x01\xf8\x00\x00\x03\xf0\x00\x01\xf8\x00\x00\x03\xf0\x00\x01\xf8\x00\x00\x03\xf0\x00\x01\xf8\x00\x00\x03\xf0\x00\x01\xf8\x00\x00\x03\xf0\x00\x01\xf8\x00\x00\x03\xf0\x00\x01\xf8\x00\x00\x03\xf0\x00\x01\xf8\x00\x00\x03\xf0\x00\x01\xf8\x00\x00\x03\xf0\x00\x01\xf8\x00\x00\x03\xf0\x00\x01\xf8\x00\x00\x03\xf0\x00\x01\xf8\x00\x00\x03\xf0\x00\x01\xf8\x00\x00\x03\xf0\x00\x01\xf8\x00\x00\x03\xf0\x00\x01\xf8\x00\x00\x03\xf0\x00\x01\xf8\x00\x00\x03\xf0\x00\x01\xf8\x00\x00\x03\xf0\x00\x01\xf8\x00\x00\x03\xf0\x00\x01\xf8\x00\x00\x03\xf0\x00\x01\xf8\x00\x00\x03\xf0\x00\x01\xf8\x00\x00\x03\xf0\x00\x01\xf8\x00\x00\x03\xf0\x00\x01\xf8\x00\x00\x03\xf0\x00\x01\xf8\x00\x00\x03\xf0\x00\x01\xf8\x00\x00\x03\xf0\x00\x01\xf8\x00\x00\x03\xf0\x00\x01\xf8\x00\x00\x03\xf0\x00\x01\xfc\x00\x00\x03\xf0\x00\x01\xfc\x00\x00\x07\xf0\x00\x01\xfc\x00\x00\x07\xf0\x00\x01\xfc\x00\x00\x07\xf0\x00\x01\xfe\x00\x00\x0f\xe0\x00\x00\xfe\x00\x00\x0f\xe0\x00\x00\xff\x00\x00\x1f\xe0\x00\x00\xff\x80\x00?\xc0\x00\x00\x7f\xe0\x00\x7f\xc0\x00\x00?\xfc\x03\xff\x80\x00\x00?\xff\xff\xff\x00\x00\x00\x1f\xff\xff\xfe\x00\x00\x00\x07\xff\xff\xfc\x00\x00\x00\x03\xff\xff\xf8\x00\x00\x00\x00\xff\xff\xe0\x00\x00\x00\x00\x0f\xfe\x00\x00\x00\x00\x00\x00\x00\x00\x00\x00\x00\x00\x00\x00\x00\x00\x00\x00\x00\x00\x00\x00\x00\x00\x00\x00\x00\x00\x00\x00\x00\x00\x00\x00\x00\x00\x00\x00\x00\x00\x00\x00\x00\x00\x00\x00\x00\x00\x00\x00\x00\x00\x00\x00\x00\x00\x00\x00\x00\x00\x00\x00\x00\x00\x00\x00\x00\x00\x00\x00\x00\x00\x00\x00\x00\x00\x00\x00\x00\x00\x00\x00\x00\x00\x00\x00\x00\x00\x00\x00\x00\x00\x00\x00\x00\x00\x00\x00\x00\x00\x00\x00\x00\x00\x00\x00\x00\x00\x00\x00\x00\x00\x00\x00\x00\x00\x00\x00\x00\x00\x00\x003',
  219:b'\x00\x00\x01\xf8\x00\x00\x00\x00\x00\x03\xfc\x00\x00\x00\x00\x00\x0f\xfe\x00\x00\x00\x00\x00\x1f\xff\x00\x00\x00\x00\x00?\xbf\xc0\x00\x00\x00\x00\x7f\x9f\xe0\x00\x00\x00\x01\xff\x0f\xf0\x00\x00\x00\x03\xfc\x07\xf8\x00\x00\x00\x07\xf8\x03\xfc\x00\x00\x00\x07\xf0\x01\xfc\x00\x00\x00\x00\x00\x00\x00\x00\x00\x00\x00\x00\x00\x00\x00\x00\x00\x00\x00\x00\x00\x00\x00\x01\xf8\x00\x00\x03\xf0\x00\x01\xf8\x00\x00\x03\xf0\x00\x01\xf8\x00\x00\x03\xf0\x00\x01\xf8\x00\x00\x03\xf0\x00\x01\xf8\x00\x00\x03\xf0\x00\x01\xf8\x00\x00\x03\xf0\x00\x01\xf8\x00\x00\x03\xf0\x00\x01\xf8\x00\x00\x03\xf0\x00\x01\xf8\x00\x00\x03\xf0\x00\x01\xf8\x00\x00\x03\xf0\x00\x01\xf8\x00\x00\x03\xf0\x00\x01\xf8\x00\x00\x03\xf0\x00\x01\xf8\x00\x00\x03\xf0\x00\x01\xf8\x00\x00\x03\xf0\x00\x01\xf8\x00\x00\x03\xf0\x00\x01\xf8\x00\x00\x03\xf0\x00\x01\xf8\x00\x00\x03\xf0\x00\x01\xf8\x00\x00\x03\xf0\x00\x01\xf8\x00\x00\x03\xf0\x00\x01\xf8\x00\x00\x03\xf0\x00\x01\xf8\x00\x00\x03\xf0\x00\x01\xf8\x00\x00\x03\xf0\x00\x01\xf8\x00\x00\x03\xf0\x00\x01\xf8\x00\x00\x03\xf0\x00\x01\xf8\x00\x00\x03\xf0\x00\x01\xf8\x00\x00\x03\xf0\x00\x01\xf8\x00\x00\x03\xf0\x00\x01\xf8\x00\x00\x03\xf0\x00\x01\xf8\x00\x00\x03\xf0\x00\x01\xf8\x00\x00\x03\xf0\x00\x01\xf8\x00\x00\x03\xf0\x00\x01\xf8\x00\x00\x03\xf0\x00\x01\xf8\x00\x00\x03\xf0\x00\x01\xf8\x00\x00\x03\xf0\x00\x01\xf8\x00\x00\x03\xf0\x00\x01\xf8\x00\x00\x03\xf0\x00\x01\xf8\x00\x00\x03\xf0\x00\x01\xf8\x00\x00\x03\xf0\x00\x01\xf8\x00\x00\x03\xf0\x00\x01\xf8\x00\x00\x03\xf0\x00\x01\xfc\x00\x00\x03\xf0\x00\x01\xfc\x00\x00\x07\xf0\x00\x01\xfc\x00\x00\x07\xf0\x00\x01\xfc\x00\x00\x07\xf0\x00\x01\xfe\x00\x00\x0f\xe0\x00\x00\xfe\x00\x00\x0f\xe0\x00\x00\xff\x00\x00\x1f\xe0\x00\x00\xff\x80\x00?\xc0\x00\x00\x7f\xe0\x00\x7f\xc0\x00\x00?\xfc\x03\xff\x80\x00\x00?\xff\xff\xff\x00\x00\x00\x1f\xff\xff\xfe\x00\x00\x00\x07\xff\xff\xfc\x00\x00\x00\x03\xff\xff\xf8\x00\x00\x00\x00\xff\xff\xe0\x00\x00\x00\x00\x0f\xfe\x00\x00\x00\x00\x00\x00\x00\x00\x00\x00\x00\x00\x00\x00\x00\x00\x00\x00\x00\x00\x00\x00\x00\x00\x00\x00\x00\x00\x00\x00\x00\x00\x00\x00\x00\x00\x00\x00\x00\x00\x00\x00\x00\x00\x00\x00\x00\x00\x00\x00\x00\x00\x00\x00\x00\x00\x00\x00\x00\x00\x00\x00\x00\x00\x00\x00\x00\x00\x00\x00\x00\x00\x00\x00\x00\x00\x00\x00\x00\x00\x00\x00\x00\x00\x00\x00\x00\x00\x00\x00\x00\x00\x00\x00\x00\x00\x00\x00\x00\x00\x00\x00\x00\x00\x00\x00\x00\x00\x00\x00\x00\x00\x00\x00\x00\x00\x00\x00\x00\x00\x00\x003',
  220:b'\x00\x00\x00\x00\x00\x00\x00\x00\x00\x00\x00\x00\x00\x00\x00\x00\x00\x00\x00\x00\x00\x00\x00\xf0\x01\xe0\x00\x00\x00\x01\xfc\x07\xf0\x00\x00\x00\x03\xfc\x07\xf8\x00\x00\x00\x03\xfc\x07\xf8\x00\x00\x00\x03\xfc\x07\xf8\x00\x00\x00\x01\xfc\x07\xf0\x00\x00\x00\x00\xf0\x01\xe0\x00\x00\x00\x00\x00\x00\x00\x00\x00\x00\x00\x00\x00\x00\x00\x00\x00\x00\x00\x00\x00\x00\x00\x01\xf8\x00\x00\x03\xf0\x00\x01\xf8\x00\x00\x03\xf0\x00\x01\xf8\x00\x00\x03\xf0\x00\x01\xf8\x00\x00\x03\xf0\x00\x01\xf8\x00\x00\x03\xf0\x00\x01\xf8\x00\x00\x03\xf0\x00\x01\xf8\x00\x00\x03\xf0\x00\x01\xf8\x00\x00\x03\xf0\x00\x01\xf8\x00\x00\x03\xf0\x00\x01\xf8\x00\x00\x03\xf0\x00\x01\xf8\x00\x00\x03\xf0\x00\x01\xf8\x00\x00\x03\xf0\x00\x01\xf8\x00\x00\x03\xf0\x00\x01\xf8\x00\x00\x03\xf0\x00\x01\xf8\x00\x00\x03\xf0\x00\x01\xf8\x00\x00\x03\xf0\x00\x01\xf8\x00\x00\x03\xf0\x00\x01\xf8\x00\x00\x03\xf0\x00\x01\xf8\x00\x00\x03\xf0\x00\x01\xf8\x00\x00\x03\xf0\x00\x01\xf8\x00\x00\x03\xf0\x00\x01\xf8\x00\x00\x03\xf0\x00\x01\xf8\x00\x00\x03\xf0\x00\x01\xf8\x00\x00\x03\xf0\x00\x01\xf8\x00\x00\x03\xf0\x00\x01\xf8\x00\x00\x03\xf0\x00\x01\xf8\x00\x00\x03\xf0\x00\x01\xf8\x00\x00\x03\xf0\x00\x01\xf8\x00\x00\x03\xf0\x00\x01\xf8\x00\x00\x03\xf0\x00\x01\xf8\x00\x00\x03\xf0\x00\x01\xf8\x00\x00\x03\xf0\x00\x01\xf8\x00\x00\x03\xf0\x00\x01\xf8\x00\x00\x03\xf0\x00\x01\xf8\x00\x00\x03\xf0\x00\x01\xf8\x00\x00\x03\xf0\x00\x01\xf8\x00\x00\x03\xf0\x00\x01\xf8\x00\x00\x03\xf0\x00\x01\xf8\x00\x00\x03\xf0\x00\x01\xf8\x00\x00\x03\xf0\x00\x01\xfc\x00\x00\x03\xf0\x00\x01\xfc\x00\x00\x07\xf0\x00\x01\xfc\x00\x00\x07\xf0\x00\x01\xfc\x00\x00\x07\xf0\x00\x01\xfe\x00\x00\x0f\xe0\x00\x00\xfe\x00\x00\x0f\xe0\x00\x00\xff\x00\x00\x1f\xe0\x00\x00\xff\x80\x00?\xc0\x00\x00\x7f\xe0\x00\x7f\xc0\x00\x00?\xfc\x03\xff\x80\x00\x00?\xff\xff\xff\x00\x00\x00\x1f\xff\xff\xfe\x00\x00\x00\x07\xff\xff\xfc\x00\x00\x00\x03\xff\xff\xf8\x00\x00\x00\x00\xff\xff\xe0\x00\x00\x00\x00\x0f\xfe\x00\x00\x00\x00\x00\x00\x00\x00\x00\x00\x00\x00\x00\x00\x00\x00\x00\x00\x00\x00\x00\x00\x00\x00\x00\x00\x00\x00\x00\x00\x00\x00\x00\x00\x00\x00\x00\x00\x00\x00\x00\x00\x00\x00\x00\x00\x00\x00\x00\x00\x00\x00\x00\x00\x00\x00\x00\x00\x00\x00\x00\x00\x00\x00\x00\x00\x00\x00\x00\x00\x00\x00\x00\x00\x00\x00\x00\x00\x00\x00\x00\x00\x00\x00\x00\x00\x00\x00\x00\x00\x00\x00\x00\x00\x00\x00\x00\x00\x00\x00\x00\x00\x00\x00\x00\x00\x00\x00\x00\x00\x00\x00\x00\x00\x00\x00\x00\x00\x00\x00\x00\x003',
  221:b'\x00\x00\x00\x1f\xf8\x00\x00\x00\x00?\xf8\x00\x00\x00\x00\x7f\xe0\x00\x00\x00\x00\xff\x80\x00\x00\x00\x01\xff\x00\x00\x00\x00\x03\xfc\x00\x00\x00\x00\x07\xf0\x00\x00\x00\x00\x0f\xc0\x00\x00\x00\x00\x1f\x80\x00\x00\x00\x00 \x00\x00\x00\x00\x00\x00\x00\x00\x00\x00\x00\x00\x00\x00\x00\x00\x00\x00\x00\x00\x00\x7f\x00\x00\x00\x0f\xe0\x7f\x80\x00\x00\x1f\xc0?\xc0\x00\x00\x1f\xc0\x1f\xc0\x00\x00?\x80\x1f\xe0\x00\x00?\x80\x0f\xe0\x00\x00\x7f\x00\x0f\xf0\x00\x00~\x00\x07\xf0\x00\x00\xfe\x00\x07\xf8\x00\x00\xfc\x00\x03\xf8\x00\x01\xfc\x00\x03\xfc\x00\x01\xf8\x00\x01\xfc\x00\x03\xf8\x00\x01\xfe\x00\x03\xf0\x00\x00\xfe\x00\x07\xf0\x00\x00\xff\x00\x07\xe0\x00\x00\x7f\x00\x0f\xe0\x00\x00?\x80\x0f\xc0\x00\x00?\xc0\x1f\xc0\x00\x00\x1f\xc0\x1f\x80\x00\x00\x1f\xe0?\x00\x00\x00\x0f\xe0?\x00\x00\x00\x0f\xf0~\x00\x00\x00\x07\xf0\xfe\x00\x00\x00\x07\xf8\xfc\x00\x00\x00\x03\xf8\xfc\x00\x00\x00\x03\xf9\xf8\x00\x00\x00\x01\xfd\xf8\x00\x00\x00\x00\xfd\xf0\x00\x00\x00\x00\xff\xf0\x00\x00\x00\x00\x7f\xe0\x00\x00\x00\x00\x7f\xe0\x00\x00\x00\x00?\xc0\x00\x00\x00\x00?\x80\x00\x00\x00\x00\x1f\x80\x00\x00\x00\x00\x1f\x80\x00\x00\x00\x00\x1f\x80\x00\x00\x00\x00\x1f\x80\x00\x00\x00\x00\x1f\x80\x00\x00\x00\x00\x1f\x80\x00\x00\x00\x00\x1f\x80\x00\x00\x00\x00\x1f\x80\x00\x00\x00\x00\x1f\x80\x00\x00\x00\x00\x1f\x80\x00\x00\x00\x00\x1f\x80\x00\x00\x00\x00\x1f\x80\x00\x00\x00\x00\x1f\x80\x00\x00\x00\x00\x1f\x80\x00\x00\x00\x00\x1f\x80\x00\x00\x00\x00\x1f\x80\x00\x00\x00\x00\x1f\x80\x00\x00\x00\x00\x1f\x80\x00\x00\x00\x00\x1f\x80\x00\x00\x00\x00\x1f\x80\x00\x00\x00\x00\x1f\x80\x00\x00\x00\x00\x1f\x80\x00\x00\x00\x00\x00\x00\x00\x00\x00\x00\x00\x00\x00\x00\x00\x00\x00\x00\x00\x00\x00\x00\x00\x00\x00\x00\x00\x00\x00\x00\x00\x00\x00\x00\x00\x00\x00\x00\x00\x00\x00\x00\x00\x00\x00\x00\x00\x00\x00\x00\x00\x00\x00\x00\x00\x00\x00\x00\x00\x00\x00\x00\x00\x00\x00\x00\x00\x00\x00\x00\x00\x00\x00\x00\x00\x00\x00\x00\x00\x00\x00\x00\x00\x00\x00\x00\x00\x00\x00\x00\x00\x00\x00\x00\x00\x00\x00\x00\x00\x00\x00\x00\x00\x00\x00\x00\x00\x00\x00\x00,',
  222:b'\x00\x00\x00\x00\x00\x00\x00\x00\x00\x00\x00\x00\x00\x00\x00\x00\x00\x00\x00\x00\x00\x00\x00\x00\x00\x00\x00\x00\x00\x00\x00\x00\x00\x00\x00\x00\x00\x00\x00\x00\x00\x00\x00\x00\x00\x00\x00\x00\x00\x00\x00\x00\x00\x00\x00\x00\x00\x00\x00\x00\x00\x00\x00\x00\x00\x00\x00\x00\x00\x00\x00\x00\x00\x00\x00\x00\x00\x00\x01\xf8\x00\x00\x00\x00\x01\xf8\x00\x00\x00\x00\x01\xf8\x00\x00\x00\x00\x01\xf8\x00\x00\x00\x00\x01\xf8\x00\x00\x00\x00\x01\xf8\x00\x00\x00\x00\x01\xff\xff\xc0\x00\x00\x01\xff\xff\xfc\x00\x00\x01\xff\xff\xff\x00\x00\x01\xff\xff\xff\xc0\x00\x01\xff\xff\xff\xf0\x00\x01\xff\xff\xff\xf8\x00\x01\xf8\x00\x7f\xf8\x00\x01\xf8\x00\x0f\xfc\x00\x01\xf8\x00\x03\xfe\x00\x01\xf8\x00\x01\xfe\x00\x01\xf8\x00\x00\xff\x00\x01\xf8\x00\x00\x7f\x00\x01\xf8\x00\x00\x7f\x00\x01\xf8\x00\x00\x7f\x00\x01\xf8\x00\x00?\x80\x01\xf8\x00\x00?\x80\x01\xf8\x00\x00?\x80\x01\xf8\x00\x00?\x80\x01\xf8\x00\x00?\x80\x01\xf8\x00\x00?\x80\x01\xf8\x00\x00\x7f\x00\x01\xf8\x00\x00\x7f\x00\x01\xf8\x00\x00\x7f\x00\x01\xf8\x00\x00\xff\x00\x01\xf8\x00\x00\xfe\x00\x01\xf8\x00\x01\xfe\x00\x01\xf8\x00\x07\xfc\x00\x01\xf8\x00\x0f\xfc\x00\x01\xf8\x00\xff\xf8\x00\x01\xff\xff\xff\xf0\x00\x01\xff\xff\xff\xe0\x00\x01\xff\xff\xff\x80\x00\x01\xff\xff\xfe\x00\x00\x01\xff\xff\xf8\x00\x00\x01\xff\xff\x80\x00\x00\x01\xf8\x00\x00\x00\x00\x01\xf8\x00\x00\x00\x00\x01\xf8\x00\x00\x00\x00\x01\xf8\x00\x00\x00\x00\x01\xf8\x00\x00\x00\x00\x01\xf8\x00\x00\x00\x00\x01\xf8\x00\x00\x00\x00\x01\xf8\x00\x00\x00\x00\x01\xf8\x00\x00\x00\x00\x01\xf8\x00\x00\x00\x00\x01\xf8\x00\x00\x00\x00\x01\xf8\x00\x00\x00\x00\x01\xf8\x00\x00\x00\x00\x01\xf8\x00\x00\x00\x00\x00\x00\x00\x00\x00\x00\x00\x00\x00\x00\x00\x00\x00\x00\x00\x00\x00\x00\x00\x00\x00\x00\x00\x00\x00\x00\x00\x00\x00\x00\x00\x00\x00\x00\x00\x00\x00\x00\x00\x00\x00\x00\x00\x00\x00\x00\x00\x00\x00\x00\x00\x00\x00\x00\x00\x00\x00\x00\x00\x00\x00\x00\x00\x00\x00\x00\x00\x00\x00\x00\x00\x00\x00\x00\x00\x00\x00\x00\x00\x00\x00\x00\x00\x00\x00\x00\x00\x00\x00\x00\x00\x00\x00\x00\x00\x00\x00\x00\x00\x00\x00\x00\x00\x00\x00\x00\x00\x00,',
  223:b'\x00\x00\x00\x00\x00\x00\x00\x00\x00\x00\x00\x00\x00\x00\x00\x00\x00\x00\x00\x00\x00\x00\x00\x00\x00\x00\x00\x00\x00\x00\x00\x00\x00\x00\x00\x00\x00\x00\x00\x00\x00\x00\x00\x00\x00\x00\x00\x00\x00\x00\x00\x00\x00\x00\x00\x00\x00\x00\x00\x00\x00\x00\x00\x00\x00\x00\x00\x00\x00\x00\x00\x00\x00\x00\x00\x00\x00\x00\x00\x00\x7f\xc0\x00\x00\x00\x03\xff\xf8\x00\x00\x00\x07\xff\xfe\x00\x00\x00\x1f\xff\xff\x80\x00\x00?\xff\xff\xc0\x00\x00?\xff\xff\xc0\x00\x00\x7f\xc0\x7f\xe0\x00\x00\x7f\x80\x1f\xe0\x00\x00\xff\x00\x0f\xf0\x00\x00\xfe\x00\x07\xf0\x00\x00\xfe\x00\x03\xf0\x00\x00\xfe\x00\x03\xf0\x00\x00\xfc\x00\x03\xf0\x00\x00\xfc\x00\x03\xf0\x00\x00\xfc\x00\x07\xf0\x00\x00\xfc\x00\x0f\xe0\x00?\xfc\x00\x1f\xc0\x00?\xfc\x00?\xc0\x00?\xfc\x00\xff\x00\x00?\xfc\x01\xfe\x00\x00?\xfc\x03\xfc\x00\x00?\xfc\x03\xf8\x00\x00\x00\xfc\x07\xf0\x00\x00\x00\xfc\x07\xe0\x00\x00\x00\xfc\x07\xe0\x00\x00\x00\xfc\x07\xe0\x00\x00\x00\xfc\x07\xe0\x00\x00\x00\xfc\x07\xe0\x00\x00\x00\xfc\x07\xf0\x00\x00\x00\xfc\x07\xfc\x00\x00\x00\xfc\x03\xff\x00\x00\x00\xfc\x01\xff\xe0\x00\x00\xfc\x00\xff\xf8\x00\x00\xfc\x00\x7f\xfc\x00\x00\xfc\x00\x1f\xff\x00\x00\xfc\x00\x03\xff\x00\x00\xfc\x00\x00\xff\x80\x00\xfc\x00\x00?\xc0\x00\xfc\x00\x00\x1f\xc0\x00\xfc\x00\x00\x0f\xc0\x00\xfc\x00\x00\x0f\xe0\x00\xfc\x00\x00\x0f\xe0\x00\xfc\x00\x00\x0f\xe0\x00\xfc\x00\x00\x0f\xe0\x00\xfc\x00\x00\x0f\xe0\x00\xfc\x00\x00\x0f\xc0\x00\xfc\x00\x00\x1f\xc0\x00\xfc\x00\x00?\xc0\x00\xfc\x0c\x00\x7f\x80\x00\xfc\x0f\x01\xff\x80\x00\xfc\x0f\xff\xff\x00\x00\xfc\x1f\xff\xfe\x00\x00\xfc\x1f\xff\xfc\x00\x00\xfc\x1f\xff\xf8\x00\x00\xfc\x0f\xff\xe0\x00\x00\x00\x01\xff\x80\x00\x00\x00\x00\x00\x00\x00\x00\x00\x00\x00\x00\x00\x00\x00\x00\x00\x00\x00\x00\x00\x00\x00\x00\x00\x00\x00\x00\x00\x00\x00\x00\x00\x00\x00\x00\x00\x00\x00\x00\x00\x00\x00\x00\x00\x00\x00\x00\x00\x00\x00\x00\x00\x00\x00\x00\x00\x00\x00\x00\x00\x00\x00\x00\x00\x00\x00\x00\x00\x00\x00\x00\x00\x00\x00\x00\x00\x00\x00\x00\x00\x00\x00\x00\x00\x00\x00\x00\x00\x00\x00\x00\x00\x00\x00\x00\x00\x00\x00\x00\x00\x00\x00.',
  224:b"\x00\x00\x00\x00\x00\x00\x00\x00\x00\x00\x00\x00\x00\x00\x00\x00\x00\x00\x00\x00\x00\x00\x00\x00\x00\x00\x00\x00\x00\x00\x00\x00\x00\x00\x00\x00\x00\x00\x00\x00\x00\x00\x00\x00\x00\x00\x00\x00\x00\x00\x00\x00\x00\x00\x00\x00\x1f\xe0\x00\x00\x00\x1f\xe0\x00\x00\x00\x0f\xf0\x00\x00\x00\x07\xf0\x00\x00\x00\x03\xf8\x00\x00\x00\x01\xf8\x00\x00\x00\x01\xf8\x00\x00\x00\x00\xfc\x00\x00\x00\x00|\x00\x00\x00\x00>\x00\x00\x00\x00\x1e\x00\x00\x00\x00\x0f\x00\x00\x00\x00\x00\x00\x00\x00\x00\x00\x00\x00\x00\x00\x00\x00\x00\x00\x00\x00\x00\x00\x00\x00\x00\x00\x00\x00\x01\xff\x80\x00\x00?\xff\xf0\x00\x00\xff\xff\xf8\x00\x03\xff\xff\xfc\x00\x07\xff\xff\xfe\x00\x03\xff\xff\xff\x00\x03\xfe\x01\xff\x00\x01\xf0\x00\x7f\x00\x01\xc0\x00?\x80\x01\x00\x00?\x80\x00\x00\x00?\x80\x00\x00\x00\x1f\x80\x00\x00\x00\x1f\x80\x00\x00\x00\x1f\x80\x00\x00\x00\x1f\x80\x00\x00\x00\x1f\x80\x00\x00\x00\x1f\x80\x00\x00\x00\x1f\x80\x00\x01\xff\xff\x80\x00\x1f\xff\xff\x80\x00\xff\xff\xff\x80\x01\xff\xff\xff\x80\x03\xff\xff\xff\x80\x07\xff\xff\xff\x80\x0f\xff\x00\x1f\x80\x0f\xf0\x00\x1f\x80\x1f\xe0\x00\x1f\x00\x1f\xc0\x00\x1f\x00\x1f\xc0\x00\x1f\x00\x1f\xc0\x00\x1f\x00\x1f\xc0\x00?\x00\x1f\xc0\x00\x7f\x00\x1f\xc0\x00\xff\x00\x0f\xe0\x01\xff\x80\x0f\xf8\x0f\xff\x80\x0f\xff\xff\xff\x80\x07\xff\xff\xcf\x80\x03\xff\xff\x8f\x80\x01\xff\xff\x0f\x80\x00\xff\xfc\x07\x80\x00\x1f\xe0\x00@\x00\x00\x00\x00\x00\x00\x00\x00\x00\x00\x00\x00\x00\x00\x00\x00\x00\x00\x00\x00\x00\x00\x00\x00\x00\x00\x00\x00\x00\x00\x00\x00\x00\x00\x00\x00\x00\x00\x00\x00\x00\x00\x00\x00\x00\x00\x00\x00\x00\x00\x00\x00\x00\x00\x00\x00\x00\x00\x00\x00\x00\x00\x00\x00\x00\x00\x00\x00\x00\x00\x00\x00\x00\x00\x00\x00\x00\x00\x00\x00\x00\x00\x00\x00\x00'",
  225:b"\x00\x00\x00\x00\x00\x00\x00\x00\x00\x00\x00\x00\x00\x00\x00\x00\x00\x00\x00\x00\x00\x00\x00\x00\x00\x00\x00\x00\x00\x00\x00\x00\x00\x00\x00\x00\x00\x00\x00\x00\x00\x00\x00\x00\x00\x00\x00\x00\x00\x00\x00\x00\x00\x00\x00\x00\x00?\xc0\x00\x00\x00?\xc0\x00\x00\x00?\x80\x00\x00\x00\x7f\x00\x00\x00\x00~\x00\x00\x00\x00\xfe\x00\x00\x00\x00\xfc\x00\x00\x00\x00\xf8\x00\x00\x00\x01\xf0\x00\x00\x00\x01\xf0\x00\x00\x00\x01\xe0\x00\x00\x00\x03\xc0\x00\x00\x00\x00\x00\x00\x00\x00\x00\x00\x00\x00\x00\x00\x00\x00\x00\x00\x00\x00\x00\x00\x00\x00\x00\x00\x00\x00\x01\xff\x80\x00\x00?\xff\xf0\x00\x00\xff\xff\xf8\x00\x03\xff\xff\xfc\x00\x07\xff\xff\xfe\x00\x03\xff\xff\xff\x00\x03\xfe\x01\xff\x00\x01\xf0\x00\x7f\x00\x01\xc0\x00?\x80\x01\x00\x00?\x80\x00\x00\x00?\x80\x00\x00\x00\x1f\x80\x00\x00\x00\x1f\x80\x00\x00\x00\x1f\x80\x00\x00\x00\x1f\x80\x00\x00\x00\x1f\x80\x00\x00\x00\x1f\x80\x00\x00\x00\x1f\x80\x00\x01\xff\xff\x80\x00\x1f\xff\xff\x80\x00\xff\xff\xff\x80\x01\xff\xff\xff\x80\x03\xff\xff\xff\x80\x07\xff\xff\xff\x80\x0f\xff\x00\x1f\x80\x0f\xf0\x00\x1f\x80\x1f\xe0\x00\x1f\x00\x1f\xc0\x00\x1f\x00\x1f\xc0\x00\x1f\x00\x1f\xc0\x00\x1f\x00\x1f\xc0\x00?\x00\x1f\xc0\x00\x7f\x00\x1f\xc0\x00\xff\x00\x0f\xe0\x01\xff\x80\x0f\xf8\x0f\xff\x80\x0f\xff\xff\xff\x80\x07\xff\xff\xcf\x80\x03\xff\xff\x8f\x80\x01\xff\xff\x0f\x80\x00\xff\xfc\x07\x80\x00\x1f\xe0\x00@\x00\x00\x00\x00\x00\x00\x00\x00\x00\x00\x00\x00\x00\x00\x00\x00\x00\x00\x00\x00\x00\x00\x00\x00\x00\x00\x00\x00\x00\x00\x00\x00\x00\x00\x00\x00\x00\x00\x00\x00\x00\x00\x00\x00\x00\x00\x00\x00\x00\x00\x00\x00\x00\x00\x00\x00\x00\x00\x00\x00\x00\x00\x00\x00\x00\x00\x00\x00\x00\x00\x00\x00\x00\x00\x00\x00\x00\x00\x00\x00\x00\x00\x00\x00\x00'",
  226:b"\x00\x00\x00\x00\x00\x00\x00\x00\x00\x00\x00\x00\x00\x00\x00\x00\x00\x00\x00\x00\x00\x00\x00\x00\x00\x00\x00\x00\x00\x00\x00\x00\x00\x00\x00\x00\x00\x00\x00\x00\x00\x00\x00\x00\x00\x00\x00\x00\x00\x00\x00\x00\x00\x00\x00\x00\x008\x00\x00\x00\x00<\x00\x00\x00\x00~\x00\x00\x00\x00\xfe\x00\x00\x00\x00\xef\x00\x00\x00\x01\xef\x80\x00\x00\x03\xef\x80\x00\x00\x03\xc7\xc0\x00\x00\x07\xc7\xc0\x00\x00\x0f\x87\xe0\x00\x00\x1f\x83\xf0\x00\x00\x1f\x01\xf0\x00\x00>\x01\xf8\x00\x00~\x00\xf8\x00\x00\x00\x00\x04\x00\x00\x00\x00\x00\x00\x00\x00\x00\x00\x00\x00\x01\xff\x80\x00\x00?\xff\xf0\x00\x00\xff\xff\xf8\x00\x03\xff\xff\xfc\x00\x07\xff\xff\xfe\x00\x03\xff\xff\xff\x00\x03\xfe\x01\xff\x00\x01\xf0\x00\x7f\x00\x01\xc0\x00?\x80\x01\x00\x00?\x80\x00\x00\x00?\x80\x00\x00\x00\x1f\x80\x00\x00\x00\x1f\x80\x00\x00\x00\x1f\x80\x00\x00\x00\x1f\x80\x00\x00\x00\x1f\x80\x00\x00\x00\x1f\x80\x00\x00\x00\x1f\x80\x00\x01\xff\xff\x80\x00\x1f\xff\xff\x80\x00\xff\xff\xff\x80\x01\xff\xff\xff\x80\x03\xff\xff\xff\x80\x07\xff\xff\xff\x80\x0f\xff\x00\x1f\x80\x0f\xf0\x00\x1f\x80\x1f\xe0\x00\x1f\x00\x1f\xc0\x00\x1f\x00\x1f\xc0\x00\x1f\x00\x1f\xc0\x00\x1f\x00\x1f\xc0\x00?\x00\x1f\xc0\x00\x7f\x00\x1f\xc0\x00\xff\x00\x0f\xe0\x01\xff\x80\x0f\xf8\x0f\xff\x80\x0f\xff\xff\xff\x80\x07\xff\xff\xcf\x80\x03\xff\xff\x8f\x80\x01\xff\xff\x0f\x80\x00\xff\xfc\x07\x80\x00\x1f\xe0\x00@\x00\x00\x00\x00\x00\x00\x00\x00\x00\x00\x00\x00\x00\x00\x00\x00\x00\x00\x00\x00\x00\x00\x00\x00\x00\x00\x00\x00\x00\x00\x00\x00\x00\x00\x00\x00\x00\x00\x00\x00\x00\x00\x00\x00\x00\x00\x00\x00\x00\x00\x00\x00\x00\x00\x00\x00\x00\x00\x00\x00\x00\x00\x00\x00\x00\x00\x00\x00\x00\x00\x00\x00\x00\x00\x00\x00\x00\x00\x00\x00\x00\x00\x00\x00\x00'",
  227:b"\x00\x00\x00\x00\x00\x00\x00\x00\x00\x00\x00\x00\x00\x00\x00\x00\x00\x00\x00\x00\x00\x00\x00\x00\x00\x00\x00\x00\x00\x00\x00\x00\x00\x00\x00\x00\x00\x00\x00\x00\x00\x00\x00\x00\x00\x00\x00\x00\x00\x00\x00\x00\x00\x00\x00\x00\x00\x00\x00\x00\x00\x03\xe0\x00\x00\x00\x0f\xf8\x08\x00\x00\x1f\xfe\x18\x00\x00?\xff\xfc\x00\x00\x7f\xff\xfc\x00\x00\x7f\xff\xfc\x00\x008\x7f\xf8\x00\x00 \x1f\xe0\x00\x00\x00\x07\xc0\x00\x00\x00\x00\x00\x00\x00\x00\x00\x00\x00\x00\x00\x00\x00\x00\x00\x00\x00\x00\x00\x00\x00\x00\x00\x00\x00\x00\x00\x00\x00\x00\x00\x00\x00\x00\x00\x01\xff\x80\x00\x00?\xff\xf0\x00\x00\xff\xff\xf8\x00\x03\xff\xff\xfc\x00\x07\xff\xff\xfe\x00\x03\xff\xff\xff\x00\x03\xfe\x01\xff\x00\x01\xf0\x00\x7f\x00\x01\xc0\x00?\x80\x01\x00\x00?\x80\x00\x00\x00?\x80\x00\x00\x00\x1f\x80\x00\x00\x00\x1f\x80\x00\x00\x00\x1f\x80\x00\x00\x00\x1f\x80\x00\x00\x00\x1f\x80\x00\x00\x00\x1f\x80\x00\x00\x00\x1f\x80\x00\x01\xff\xff\x80\x00\x1f\xff\xff\x80\x00\xff\xff\xff\x80\x01\xff\xff\xff\x80\x03\xff\xff\xff\x80\x07\xff\xff\xff\x80\x0f\xff\x00\x1f\x80\x0f\xf0\x00\x1f\x80\x1f\xe0\x00\x1f\x00\x1f\xc0\x00\x1f\x00\x1f\xc0\x00\x1f\x00\x1f\xc0\x00\x1f\x00\x1f\xc0\x00?\x00\x1f\xc0\x00\x7f\x00\x1f\xc0\x00\xff\x00\x0f\xe0\x01\xff\x80\x0f\xf8\x0f\xff\x80\x0f\xff\xff\xff\x80\x07\xff\xff\xcf\x80\x03\xff\xff\x8f\x80\x01\xff\xff\x0f\x80\x00\xff\xfc\x07\x80\x00\x1f\xe0\x00@\x00\x00\x00\x00\x00\x00\x00\x00\x00\x00\x00\x00\x00\x00\x00\x00\x00\x00\x00\x00\x00\x00\x00\x00\x00\x00\x00\x00\x00\x00\x00\x00\x00\x00\x00\x00\x00\x00\x00\x00\x00\x00\x00\x00\x00\x00\x00\x00\x00\x00\x00\x00\x00\x00\x00\x00\x00\x00\x00\x00\x00\x00\x00\x00\x00\x00\x00\x00\x00\x00\x00\x00\x00\x00\x00\x00\x00\x00\x00\x00\x00\x00\x00\x00\x00'",
  228:b"\x00\x00\x00\x00\x00\x00\x00\x00\x00\x00\x00\x00\x00\x00\x00\x00\x00\x00\x00\x00\x00\x00\x00\x00\x00\x00\x00\x00\x00\x00\x00\x00\x00\x00\x00\x00\x00\x00\x00\x00\x00\x00\x00\x00\x00\x00\x00\x00\x00\x00\x00\x00\x00\x00\x00\x00\x00\x00\x00\x00\x00\x00\x00\x00\x00\x00<\x00x\x00\x00~\x00\xfc\x00\x00\xff\x01\xfe\x00\x00\xff\x01\xfe\x00\x00\xff\x01\xfe\x00\x00\xff\x01\xfe\x00\x00~\x00\xfc\x00\x00<\x00x\x00\x00\x00\x00\x00\x00\x00\x00\x00\x00\x00\x00\x00\x00\x00\x00\x00\x00\x00\x00\x00\x00\x00\x00\x00\x00\x00\x00\x00\x00\x00\x00\x00\x00\x00\x00\x00\x01\xff\x80\x00\x00?\xff\xf0\x00\x00\xff\xff\xf8\x00\x03\xff\xff\xfc\x00\x07\xff\xff\xfe\x00\x03\xff\xff\xff\x00\x03\xfe\x01\xff\x00\x01\xf0\x00\x7f\x00\x01\xc0\x00?\x80\x01\x00\x00?\x80\x00\x00\x00?\x80\x00\x00\x00\x1f\x80\x00\x00\x00\x1f\x80\x00\x00\x00\x1f\x80\x00\x00\x00\x1f\x80\x00\x00\x00\x1f\x80\x00\x00\x00\x1f\x80\x00\x00\x00\x1f\x80\x00\x01\xff\xff\x80\x00\x1f\xff\xff\x80\x00\xff\xff\xff\x80\x01\xff\xff\xff\x80\x03\xff\xff\xff\x80\x07\xff\xff\xff\x80\x0f\xff\x00\x1f\x80\x0f\xf0\x00\x1f\x80\x1f\xe0\x00\x1f\x00\x1f\xc0\x00\x1f\x00\x1f\xc0\x00\x1f\x00\x1f\xc0\x00\x1f\x00\x1f\xc0\x00?\x00\x1f\xc0\x00\x7f\x00\x1f\xc0\x00\xff\x00\x0f\xe0\x01\xff\x80\x0f\xf8\x0f\xff\x80\x0f\xff\xff\xff\x80\x07\xff\xff\xcf\x80\x03\xff\xff\x8f\x80\x01\xff\xff\x0f\x80\x00\xff\xfc\x07\x80\x00\x1f\xe0\x00@\x00\x00\x00\x00\x00\x00\x00\x00\x00\x00\x00\x00\x00\x00\x00\x00\x00\x00\x00\x00\x00\x00\x00\x00\x00\x00\x00\x00\x00\x00\x00\x00\x00\x00\x00\x00\x00\x00\x00\x00\x00\x00\x00\x00\x00\x00\x00\x00\x00\x00\x00\x00\x00\x00\x00\x00\x00\x00\x00\x00\x00\x00\x00\x00\x00\x00\x00\x00\x00\x00\x00\x00\x00\x00\x00\x00\x00\x00\x00\x00\x00\x00\x00\x00\x00'",
  229:b"\x00\x00\x00\x00\x00\x00\x00\x00\x00\x00\x00\x00\x00\x00\x00\x00\x00\x00\x00\x00\x00\x00\x00\x00\x00\x00\x00\x00\x00\x00\x00\x00\x00\x00\x00\x00\x00\x00\x00\x00\x00\x00\x00\x00\x00\x00\x00\x00\x00\x00\x00\x00\x00\x00\x00\x00\x00\xfe\x00\x00\x00\x03\xff\x80\x00\x00\x07\xff\xc0\x00\x00\x07\xff\xc0\x00\x00\x0f\x87\xe0\x00\x00\x0f\x03\xe0\x00\x00\x0f\x01\xe0\x00\x00\x0f\x01\xe0\x00\x00\x0f\x01\xe0\x00\x00\x0f\x83\xe0\x00\x00\x07\xff\xc0\x00\x00\x07\xff\x80\x00\x00\x03\xff\x00\x00\x00\x00\xfc\x00\x00\x00\x00\x00\x00\x00\x00\x00\x00\x00\x00\x00\x00\x00\x00\x00\x00\x01\xff\x80\x00\x00?\xff\xf0\x00\x00\xff\xff\xf8\x00\x03\xff\xff\xfc\x00\x07\xff\xff\xfe\x00\x03\xff\xff\xff\x00\x03\xfe\x01\xff\x00\x01\xf0\x00\x7f\x00\x01\xc0\x00?\x80\x01\x00\x00?\x80\x00\x00\x00?\x80\x00\x00\x00\x1f\x80\x00\x00\x00\x1f\x80\x00\x00\x00\x1f\x80\x00\x00\x00\x1f\x80\x00\x00\x00\x1f\x80\x00\x00\x00\x1f\x80\x00\x00\x00\x1f\x80\x00\x01\xff\xff\x80\x00\x1f\xff\xff\x80\x00\xff\xff\xff\x80\x01\xff\xff\xff\x80\x03\xff\xff\xff\x80\x07\xff\xff\xff\x80\x0f\xff\x00\x1f\x80\x0f\xf0\x00\x1f\x80\x1f\xe0\x00\x1f\x00\x1f\xc0\x00\x1f\x00\x1f\xc0\x00\x1f\x00\x1f\xc0\x00\x1f\x00\x1f\xc0\x00?\x00\x1f\xc0\x00\x7f\x00\x1f\xc0\x00\xff\x00\x0f\xe0\x01\xff\x80\x0f\xf8\x0f\xff\x80\x0f\xff\xff\xff\x80\x07\xff\xff\xcf\x80\x03\xff\xff\x8f\x80\x01\xff\xff\x0f\x80\x00\xff\xfc\x07\x80\x00\x1f\xe0\x00@\x00\x00\x00\x00\x00\x00\x00\x00\x00\x00\x00\x00\x00\x00\x00\x00\x00\x00\x00\x00\x00\x00\x00\x00\x00\x00\x00\x00\x00\x00\x00\x00\x00\x00\x00\x00\x00\x00\x00\x00\x00\x00\x00\x00\x00\x00\x00\x00\x00\x00\x00\x00\x00\x00\x00\x00\x00\x00\x00\x00\x00\x00\x00\x00\x00\x00\x00\x00\x00\x00\x00\x00\x00\x00\x00\x00\x00\x00\x00\x00\x00\x00\x00\x00\x00'",
  230:b'\x00\x00\x00\x00\x00\x00\x00\x00\x00\x00\x00\x00\x00\x00\x00\x00\x00\x00\x00\x00\x00\x00\x00\x00\x00\x00\x00\x00\x00\x00\x00\x00\x00\x00\x00\x00\x00\x00\x00\x00\x00\x00\x00\x00\x00\x00\x00\x00\x00\x00\x00\x00\x00\x00\x00\x00\x00\x00\x00\x00\x00\x00\x00\x00\x00\x00\x00\x00\x00\x00\x00\x00\x00\x00\x00\x00\x00\x00\x00\x00\x00\x00\x00\x00\x00\x00\x00\x00\x00\x00\x00\x00\x00\x00\x00\x00\x00\x00\x00\x00\x00\x00\x00\x00\x00\x00\x00\x00\x00\x00\x00\x00\x00\x00\x00\x00\x00\x00\x00\x00\x00\x00\x00\x00\x00\x00\x00\x00\x00\x00\x00\x00\x00\x00\x00\x00\x00\x00\x00\x00\x00\x00\x00\x00\x00\x00\x00\x00\x00\x00\x00\x00\x00\x00\x00\x00\x00\x00\x00\x00\x00\x00\x00\x00\x00\x00\x00\x00\x00\x00\x00\x00\x00\x00\x00\x00\x00\x00\x00\x00\x00\x00\x00\x00\x00\x00\x00\x00\x00\x00\x00\x00\x00\x00\x00\x00\x00\x00\x00\x00\x00\x00\x00\x00\x00\x00\x00\x00\x00\x00\x00\x00\x00\x00\x00\x00\x00\x00\x00\x00\x00\x00\x00\x00\x00\x01\xff\x80\x01\xff\x00\x00\x00?\xff\xf0\x0f\xff\xe0\x00\x00\xff\xff\xf8?\xff\xf8\x00\x03\xff\xff\xfc\x7f\xff\xfc\x00\x07\xff\xff\xfe\xff\xff\xfe\x00\x03\xff\xff\xff\xff\xff\xff\x00\x03\xfe\x01\xff\xff\x01\xff\x00\x01\xf0\x00\x7f\xf8\x00\x7f\x80\x01\xc0\x00?\xf0\x00?\x80\x01\x00\x00?\xe0\x00\x1f\x80\x00\x00\x00?\xc0\x00\x1f\xc0\x00\x00\x00\x1f\xc0\x00\x0f\xc0\x00\x00\x00\x1f\x80\x00\x0f\xc0\x00\x00\x00\x1f\x80\x00\x0f\xc0\x00\x00\x00\x1f\x80\x00\x0f\xc0\x00\x00\x00\x1f\x80\x00\x0f\xc0\x00\x00\x00\x1f\xff\xff\xff\xc0\x00\x00\x00\x1f\xff\xff\xff\xc0\x00\x01\xff\xff\xff\xff\xff\xc0\x00\x1f\xff\xff\xff\xff\xff\xc0\x00\xff\xff\xff\xff\xff\xff\xc0\x01\xff\xff\xff\xff\xff\xff\xc0\x03\xff\xff\xff\x80\x00\x00\x00\x07\xff\xff\xff\x80\x00\x00\x00\x0f\xff\x00\x1f\x80\x00\x00\x00\x0f\xf0\x00\x1f\x80\x00\x00\x00\x1f\xe0\x00\x1f\x80\x00\x00\x00\x1f\xc0\x00\x1f\x80\x00\x00\x00\x1f\xc0\x00\x1f\xc0\x00\x00\x00\x1f\xc0\x00\x1f\xc0\x00\x00\x00\x1f\xc0\x00?\xe0\x00\x00\x00\x1f\xc0\x00\x7f\xe0\x00\x02\x00\x1f\xc0\x00\xff\xf0\x00\x06\x00\x0f\xe0\x01\xff\xfc\x00\x1f\x00\x0f\xf8\x0f\xf3\xff\x80\x7f\x00\x0f\xff\xff\xe3\xff\xff\xff\x00\x07\xff\xff\xc1\xff\xff\xff\x80\x03\xff\xff\x80\xff\xff\xff\x00\x01\xff\xff\x00?\xff\xfe\x00\x00\xff\xfc\x00\x0f\xff\xf0\x00\x00\x1f\xe0\x00\x01\xff\x80\x00\x00\x00\x00\x00\x00\x00\x00\x00\x00\x00\x00\x00\x00\x00\x00\x00\x00\x00\x00\x00\x00\x00\x00\x00\x00\x00\x00\x00\x00\x00\x00\x00\x00\x00\x00\x00\x00\x00\x00\x00\x00\x00\x00\x00\x00\x00\x00\x00\x00\x00\x00\x00\x00\x00\x00\x00\x00\x00\x00\x00\x00\x00\x00\x00\x00\x00\x00\x00\x00\x00\x00\x00\x00\x00\x00\x00\x00\x00\x00\x00\x00\x00\x00\x00\x00\x00\x00\x00\x00\x00\x00\x00\x00\x00\x00\x00\x00\x00\x00\x00\x00\x00\x00\x00\x00\x00\x00\x00\x00\x00\x00\x00\x00\x00\x00\x00\x00\x00\x00\x00\x00\x00\x00\x00\x00\x00\x00\x00\x00\x00\x00\x00\x00\x00\x00\x00>',
  231:b'\x00\x00\x00\x00\x00\x00\x00\x00\x00\x00\x00\x00\x00\x00\x00\x00\x00\x00\x00\x00\x00\x00\x00\x00\x00\x00\x00\x00\x00\x00\x00\x00\x00\x00\x00\x00\x00\x00\x00\x00\x00\x00\x00\x00\x00\x00\x00\x00\x00\x00\x00\x00\x00\x00\x00\x00\x00\x00\x00\x00\x00\x00\x00\x00\x00\x00\x00\x00\x00\x00\x00\x00\x00\x00\x00\x00\x00\x00\x00\x00\x00\x00\x00\x00\x00\x00\x00\x00\x00\x00\x00\x00\x00\x00\x00\x00\x00\x00\x00\x00\x00\x00\x00\x00\x00\x00\x00\x00\x00\x00\x00\x00\x00\x00\x00\x00\x00\x00\x00\x00\x00\x00\x00\x00\x00\x00\x00\x00\x00\x00\x00\x00\x00\x00\x00\x00\x00\x00\x00\x00\x00\x00\xff\xe0\x00\x00\x07\xff\xfe\x00\x00\x1f\xff\xff\x00\x00?\xff\xfe\x00\x00\x7f\xff\xfe\x00\x00\xff\xff\xfe\x00\x01\xff\xc0<\x00\x01\xfe\x00\x04\x00\x03\xfc\x00\x00\x00\x03\xf8\x00\x00\x00\x07\xf8\x00\x00\x00\x07\xf0\x00\x00\x00\x07\xe0\x00\x00\x00\x0f\xe0\x00\x00\x00\x0f\xe0\x00\x00\x00\x0f\xe0\x00\x00\x00\x0f\xe0\x00\x00\x00\x0f\xc0\x00\x00\x00\x0f\xc0\x00\x00\x00\x0f\xc0\x00\x00\x00\x0f\xc0\x00\x00\x00\x0f\xc0\x00\x00\x00\x0f\xc0\x00\x00\x00\x0f\xc0\x00\x00\x00\x0f\xe0\x00\x00\x00\x0f\xe0\x00\x00\x00\x0f\xe0\x00\x00\x00\x0f\xe0\x00\x00\x00\x07\xf0\x00\x00\x00\x07\xf0\x00\x00\x00\x07\xf8\x00\x00\x00\x07\xf8\x00\x00\x00\x03\xfc\x00\x02\x00\x03\xff\x00\x0e\x00\x01\xff\xc0>\x00\x00\xff\xff\xff\x00\x00\xff\xff\xff\x00\x00\x7f\xff\xff\x00\x00\x1f\xff\xff\x80\x00\x0f\xff\xfc\x00\x00\x01\xff\xc0\x00\x00\x00>\x00\x00\x00\x00<\x00\x00\x00\x00|\x00\x00\x00\x00\x7f\x80\x00\x00\x00\xff\xe0\x00\x00\x00\xff\xe0\x00\x00\x01\x1f\xf0\x00\x00\x00\x07\xf0\x00\x00\x00\x03\xf0\x00\x00\x00\x03\xf0\x00\x00\x00\x03\xe0\x00\x00\x00\x0f\xe0\x00\x00\x01\xff\xc0\x00\x00\x01\xff\x80\x00\x00\x01\xfc\x00\x00\x00\x00\x00\x00\x00\x00\x00\x00\x00\x00#',
  232:b'\x00\x00\x00\x00\x00\x00\x00\x00\x00\x00\x00\x00\x00\x00\x00\x00\x00\x00\x00\x00\x00\x00\x00\x00\x00\x00\x00\x00\x00\x00\x00\x00\x00\x00\x00\x00\x00\x00\x00\x00\x00\x00\x00\x00\x00\x00\x00\x00\x00\x00\x00\x00\x00\x00\x00\x00\x07\xf8\x00\x00\x00\x07\xf8\x00\x00\x00\x03\xfc\x00\x00\x00\x01\xfc\x00\x00\x00\x00\xfe\x00\x00\x00\x00~\x00\x00\x00\x00~\x00\x00\x00\x00?\x00\x00\x00\x00\x1f\x00\x00\x00\x00\x0f\x80\x00\x00\x00\x07\x80\x00\x00\x00\x03\xc0\x00\x00\x00\x00\x00\x00\x00\x00\x00\x00\x00\x00\x00\x00\x00\x00\x00\x00\x00\x00\x00\x00\x00\x00\x00\x00\x00\x00\xff\xc0\x00\x00\x07\xff\xf8\x00\x00\x1f\xff\xfc\x00\x00?\xff\xff\x00\x00\x7f\xff\xff\x80\x00\xff\xff\xff\x80\x01\xff\x80\xff\xc0\x01\xfe\x00\x1f\xc0\x03\xf8\x00\x0f\xe0\x03\xf8\x00\x0f\xe0\x07\xf0\x00\x07\xe0\x07\xe0\x00\x07\xe0\x07\xe0\x00\x07\xf0\x0f\xe0\x00\x03\xf0\x0f\xe0\x00\x03\xf0\x0f\xc0\x00\x03\xf0\x0f\xff\xff\xff\xf0\x0f\xff\xff\xff\xf0\x0f\xff\xff\xff\xf0\x0f\xff\xff\xff\xf0\x0f\xff\xff\xff\xf0\x0f\xff\xff\xff\xe0\x0f\xc0\x00\x00\x00\x0f\xc0\x00\x00\x00\x0f\xc0\x00\x00\x00\x0f\xe0\x00\x00\x00\x0f\xe0\x00\x00\x00\x0f\xe0\x00\x00\x00\x07\xe0\x00\x00\x00\x07\xf0\x00\x00\x00\x07\xf0\x00\x00\x00\x03\xf8\x00\x01\x00\x03\xfc\x00\x03\x80\x01\xff\x00\x07\x80\x01\xff\xc0?\xc0\x00\xff\xff\xff\xc0\x00\x7f\xff\xff\xc0\x00?\xff\xff\xc0\x00\x1f\xff\xff\x00\x00\x07\xff\xfc\x00\x00\x00\xff\xc0\x00\x00\x00\x00\x00\x00\x00\x00\x00\x00\x00\x00\x00\x00\x00\x00\x00\x00\x00\x00\x00\x00\x00\x00\x00\x00\x00\x00\x00\x00\x00\x00\x00\x00\x00\x00\x00\x00\x00\x00\x00\x00\x00\x00\x00\x00\x00\x00\x00\x00\x00\x00\x00\x00\x00\x00\x00\x00\x00\x00\x00\x00\x00\x00\x00\x00\x00\x00\x00\x00\x00\x00\x00\x00\x00\x00\x00\x00\x00\x00\x00\x00\x00\x00\x00\x00(',
  233:b'\x00\x00\x00\x00\x00\x00\x00\x00\x00\x00\x00\x00\x00\x00\x00\x00\x00\x00\x00\x00\x00\x00\x00\x00\x00\x00\x00\x00\x00\x00\x00\x00\x00\x00\x00\x00\x00\x00\x00\x00\x00\x00\x00\x00\x00\x00\x00\x00\x00\x00\x00\x00\x00\x00\x00\x00\x00\x03\xfc\x00\x00\x00\x03\xfc\x00\x00\x00\x03\xf8\x00\x00\x00\x07\xf0\x00\x00\x00\x07\xf0\x00\x00\x00\x07\xe0\x00\x00\x00\x0f\xc0\x00\x00\x00\x0f\x80\x00\x00\x00\x1f\x00\x00\x00\x00\x1f\x00\x00\x00\x00\x1e\x00\x00\x00\x00<\x00\x00\x00\x00\x00\x00\x00\x00\x00\x00\x00\x00\x00\x00\x00\x00\x00\x00\x00\x00\x00\x00\x00\x00\x00\x00\x00\x00\x00\xff\xc0\x00\x00\x07\xff\xf8\x00\x00\x1f\xff\xfc\x00\x00?\xff\xff\x00\x00\x7f\xff\xff\x80\x00\xff\xff\xff\x80\x01\xff\x80\xff\xc0\x01\xfe\x00\x1f\xc0\x03\xf8\x00\x0f\xe0\x03\xf8\x00\x0f\xe0\x07\xf0\x00\x07\xe0\x07\xe0\x00\x07\xe0\x07\xe0\x00\x07\xf0\x0f\xe0\x00\x03\xf0\x0f\xe0\x00\x03\xf0\x0f\xc0\x00\x03\xf0\x0f\xff\xff\xff\xf0\x0f\xff\xff\xff\xf0\x0f\xff\xff\xff\xf0\x0f\xff\xff\xff\xf0\x0f\xff\xff\xff\xf0\x0f\xff\xff\xff\xe0\x0f\xc0\x00\x00\x00\x0f\xc0\x00\x00\x00\x0f\xc0\x00\x00\x00\x0f\xe0\x00\x00\x00\x0f\xe0\x00\x00\x00\x0f\xe0\x00\x00\x00\x07\xe0\x00\x00\x00\x07\xf0\x00\x00\x00\x07\xf0\x00\x00\x00\x03\xf8\x00\x01\x00\x03\xfc\x00\x03\x80\x01\xff\x00\x07\x80\x01\xff\xc0?\xc0\x00\xff\xff\xff\xc0\x00\x7f\xff\xff\xc0\x00?\xff\xff\xc0\x00\x1f\xff\xff\x00\x00\x07\xff\xfc\x00\x00\x00\xff\xc0\x00\x00\x00\x00\x00\x00\x00\x00\x00\x00\x00\x00\x00\x00\x00\x00\x00\x00\x00\x00\x00\x00\x00\x00\x00\x00\x00\x00\x00\x00\x00\x00\x00\x00\x00\x00\x00\x00\x00\x00\x00\x00\x00\x00\x00\x00\x00\x00\x00\x00\x00\x00\x00\x00\x00\x00\x00\x00\x00\x00\x00\x00\x00\x00\x00\x00\x00\x00\x00\x00\x00\x00\x00\x00\x00\x00\x00\x00\x00\x00\x00\x00\x00\x00\x00\x00(',
  234:b'\x00\x00\x00\x00\x00\x00\x00\x00\x00\x00\x00\x00\x00\x00\x00\x00\x00\x00\x00\x00\x00\x00\x00\x00\x00\x00\x00\x00\x00\x00\x00\x00\x00\x00\x00\x00\x00\x00\x00\x00\x00\x00\x00\x00\x00\x00\x00\x00\x00\x00\x00\x00\x00\x00\x00\x00\x00\x1c\x00\x00\x00\x00>\x00\x00\x00\x00~\x00\x00\x00\x00\x7f\x00\x00\x00\x00\xff\x00\x00\x00\x01\xff\x80\x00\x00\x01\xe7\xc0\x00\x00\x03\xe7\xc0\x00\x00\x07\xc7\xe0\x00\x00\x07\xc3\xe0\x00\x00\x0f\x81\xf0\x00\x00\x1f\x01\xf8\x00\x00\x1f\x00\xf8\x00\x00>\x00\xfc\x00\x00\x00\x00\x00\x00\x00\x00\x00\x00\x00\x00\x00\x00\x00\x00\x00\x00\xff\xc0\x00\x00\x07\xff\xf8\x00\x00\x1f\xff\xfc\x00\x00?\xff\xff\x00\x00\x7f\xff\xff\x80\x00\xff\xff\xff\x80\x01\xff\x80\xff\xc0\x01\xfe\x00\x1f\xc0\x03\xf8\x00\x0f\xe0\x03\xf8\x00\x0f\xe0\x07\xf0\x00\x07\xe0\x07\xe0\x00\x07\xe0\x07\xe0\x00\x07\xf0\x0f\xe0\x00\x03\xf0\x0f\xe0\x00\x03\xf0\x0f\xc0\x00\x03\xf0\x0f\xff\xff\xff\xf0\x0f\xff\xff\xff\xf0\x0f\xff\xff\xff\xf0\x0f\xff\xff\xff\xf0\x0f\xff\xff\xff\xf0\x0f\xff\xff\xff\xe0\x0f\xc0\x00\x00\x00\x0f\xc0\x00\x00\x00\x0f\xc0\x00\x00\x00\x0f\xe0\x00\x00\x00\x0f\xe0\x00\x00\x00\x0f\xe0\x00\x00\x00\x07\xe0\x00\x00\x00\x07\xf0\x00\x00\x00\x07\xf0\x00\x00\x00\x03\xf8\x00\x01\x00\x03\xfc\x00\x03\x80\x01\xff\x00\x07\x80\x01\xff\xc0?\xc0\x00\xff\xff\xff\xc0\x00\x7f\xff\xff\xc0\x00?\xff\xff\xc0\x00\x1f\xff\xff\x00\x00\x07\xff\xfc\x00\x00\x00\xff\xc0\x00\x00\x00\x00\x00\x00\x00\x00\x00\x00\x00\x00\x00\x00\x00\x00\x00\x00\x00\x00\x00\x00\x00\x00\x00\x00\x00\x00\x00\x00\x00\x00\x00\x00\x00\x00\x00\x00\x00\x00\x00\x00\x00\x00\x00\x00\x00\x00\x00\x00\x00\x00\x00\x00\x00\x00\x00\x00\x00\x00\x00\x00\x00\x00\x00\x00\x00\x00\x00\x00\x00\x00\x00\x00\x00\x00\x00\x00\x00\x00\x00\x00\x00\x00\x00\x00(',
  235:b'\x00\x00\x00\x00\x00\x00\x00\x00\x00\x00\x00\x00\x00\x00\x00\x00\x00\x00\x00\x00\x00\x00\x00\x00\x00\x00\x00\x00\x00\x00\x00\x00\x00\x00\x00\x00\x00\x00\x00\x00\x00\x00\x00\x00\x00\x00\x00\x00\x00\x00\x00\x00\x00\x00\x00\x00\x00\x00\x00\x00\x00\x00\x00\x00\x00\x00\x1e\x00<\x00\x00?\x00~\x00\x00?\x80\xff\x00\x00\x7f\x80\xff\x00\x00\x7f\x80\xff\x00\x00?\x80\xff\x00\x00?\x00~\x00\x00\x1e\x00<\x00\x00\x00\x00\x00\x00\x00\x00\x00\x00\x00\x00\x00\x00\x00\x00\x00\x00\x00\x00\x00\x00\x00\x00\x00\x00\x00\x00\x00\x00\x00\x00\x00\x00\x00\x00\x00\x00\xff\xc0\x00\x00\x07\xff\xf8\x00\x00\x1f\xff\xfc\x00\x00?\xff\xff\x00\x00\x7f\xff\xff\x80\x00\xff\xff\xff\x80\x01\xff\x80\xff\xc0\x01\xfe\x00\x1f\xc0\x03\xf8\x00\x0f\xe0\x03\xf8\x00\x0f\xe0\x07\xf0\x00\x07\xe0\x07\xe0\x00\x07\xe0\x07\xe0\x00\x07\xf0\x0f\xe0\x00\x03\xf0\x0f\xe0\x00\x03\xf0\x0f\xc0\x00\x03\xf0\x0f\xff\xff\xff\xf0\x0f\xff\xff\xff\xf0\x0f\xff\xff\xff\xf0\x0f\xff\xff\xff\xf0\x0f\xff\xff\xff\xf0\x0f\xff\xff\xff\xe0\x0f\xc0\x00\x00\x00\x0f\xc0\x00\x00\x00\x0f\xc0\x00\x00\x00\x0f\xe0\x00\x00\x00\x0f\xe0\x00\x00\x00\x0f\xe0\x00\x00\x00\x07\xe0\x00\x00\x00\x07\xf0\x00\x00\x00\x07\xf0\x00\x00\x00\x03\xf8\x00\x01\x00\x03\xfc\x00\x03\x80\x01\xff\x00\x07\x80\x01\xff\xc0?\xc0\x00\xff\xff\xff\xc0\x00\x7f\xff\xff\xc0\x00?\xff\xff\xc0\x00\x1f\xff\xff\x00\x00\x07\xff\xfc\x00\x00\x00\xff\xc0\x00\x00\x00\x00\x00\x00\x00\x00\x00\x00\x00\x00\x00\x00\x00\x00\x00\x00\x00\x00\x00\x00\x00\x00\x00\x00\x00\x00\x00\x00\x00\x00\x00\x00\x00\x00\x00\x00\x00\x00\x00\x00\x00\x00\x00\x00\x00\x00\x00\x00\x00\x00\x00\x00\x00\x00\x00\x00\x00\x00\x00\x00\x00\x00\x00\x00\x00\x00\x00\x00\x00\x00\x00\x00\x00\x00\x00\x00\x00\x00\x00\x00\x00\x00\x00\x00(',
  236:b'\x00\x00\x00\x00\x00\x00\x00\x00\x00\x00\x00\x00\x00\x00\x00\x00\x00\x00\x00\x00\x00\x00\x00\x00\x00\x00\x00\x00\x00\x00\x00\x00\x00\x7f\x80\x00\x7f\x80\x00?\x80\x00\x1f\xc0\x00\x1f\xc0\x00\x0f\xe0\x00\x07\xe0\x00\x03\xf0\x00\x01\xf0\x00\x00\xf0\x00\x00x\x00\x00x\x00\x00\x00\x00\x00\x00\x00\x00\x00\x00\x00\x00\x00\x00\x00\x00\x00\x00\x00\x01\xfc\x00\x01\xfc\x00\x01\xfc\x00\x01\xfc\x00\x01\xfc\x00\x01\xfc\x00\x01\xfc\x00\x01\xfc\x00\x01\xfc\x00\x01\xfc\x00\x01\xfc\x00\x01\xfc\x00\x01\xfc\x00\x01\xfc\x00\x01\xfc\x00\x01\xfc\x00\x01\xfc\x00\x01\xfc\x00\x01\xfc\x00\x01\xfc\x00\x01\xfc\x00\x01\xfc\x00\x01\xfc\x00\x01\xfc\x00\x01\xfc\x00\x01\xfc\x00\x01\xfc\x00\x01\xfc\x00\x01\xfc\x00\x01\xfc\x00\x01\xfc\x00\x01\xfc\x00\x01\xfc\x00\x01\xfc\x00\x01\xfc\x00\x01\xfc\x00\x01\xfc\x00\x01\xfc\x00\x01\xfc\x00\x00\x00\x00\x00\x00\x00\x00\x00\x00\x00\x00\x00\x00\x00\x00\x00\x00\x00\x00\x00\x00\x00\x00\x00\x00\x00\x00\x00\x00\x00\x00\x00\x00\x00\x00\x00\x00\x00\x00\x00\x00\x00\x00\x00\x00\x00\x00\x00\x00\x00\x00\x00\x00\x00\x15',
  237:b'\x00\x00\x00\x00\x00\x00\x00\x00\x00\x00\x00\x00\x00\x00\x00\x00\x00\x00\x00\x00\x00\x00\x00\x00\x00\x00\x00\x00\x00\x00\x00\x00\x00\x00\x0f\xe0\x00\x1f\xe0\x00\x1f\xc0\x00\x1f\xc0\x00?\x80\x00?\x00\x00>\x00\x00~\x00\x00|\x00\x00\xf8\x00\x00\xf0\x00\x00\xe0\x00\x01\x00\x00\x00\x00\x00\x00\x00\x00\x00\x00\x00\x00\x00\x00\x00\x00\x00\x01\xfc\x00\x01\xfc\x00\x01\xfc\x00\x01\xfc\x00\x01\xfc\x00\x01\xfc\x00\x01\xfc\x00\x01\xfc\x00\x01\xfc\x00\x01\xfc\x00\x01\xfc\x00\x01\xfc\x00\x01\xfc\x00\x01\xfc\x00\x01\xfc\x00\x01\xfc\x00\x01\xfc\x00\x01\xfc\x00\x01\xfc\x00\x01\xfc\x00\x01\xfc\x00\x01\xfc\x00\x01\xfc\x00\x01\xfc\x00\x01\xfc\x00\x01\xfc\x00\x01\xfc\x00\x01\xfc\x00\x01\xfc\x00\x01\xfc\x00\x01\xfc\x00\x01\xfc\x00\x01\xfc\x00\x01\xfc\x00\x01\xfc\x00\x01\xfc\x00\x01\xfc\x00\x01\xfc\x00\x01\xfc\x00\x00\x00\x00\x00\x00\x00\x00\x00\x00\x00\x00\x00\x00\x00\x00\x00\x00\x00\x00\x00\x00\x00\x00\x00\x00\x00\x00\x00\x00\x00\x00\x00\x00\x00\x00\x00\x00\x00\x00\x00\x00\x00\x00\x00\x00\x00\x00\x00\x00\x00\x00\x00\x00\x00\x15',
  238:b'\x00\x00\x00\x00\x00\x00\x00\x00\x00\x00\x00\x00\x00\x00\x00\x00\x00\x00\x00\x00\x00\x00\x00\x00\x00\x00\x00\x00\x00\x00\x00\x00\x00\x00p\x00\x00\xf8\x00\x00\xf8\x00\x01\xfc\x00\x03\xfe\x00\x03\xde\x00\x07\xdf\x00\x0f\x9f\x80\x0f\x8f\x80\x1f\x0f\xc0>\x07\xc0>\x07\xe0|\x03\xf0\xf8\x01\xf0\x00\x00\x08\x00\x00\x00\x00\x00\x00\x00\x00\x00\x01\xfc\x00\x01\xfc\x00\x01\xfc\x00\x01\xfc\x00\x01\xfc\x00\x01\xfc\x00\x01\xfc\x00\x01\xfc\x00\x01\xfc\x00\x01\xfc\x00\x01\xfc\x00\x01\xfc\x00\x01\xfc\x00\x01\xfc\x00\x01\xfc\x00\x01\xfc\x00\x01\xfc\x00\x01\xfc\x00\x01\xfc\x00\x01\xfc\x00\x01\xfc\x00\x01\xfc\x00\x01\xfc\x00\x01\xfc\x00\x01\xfc\x00\x01\xfc\x00\x01\xfc\x00\x01\xfc\x00\x01\xfc\x00\x01\xfc\x00\x01\xfc\x00\x01\xfc\x00\x01\xfc\x00\x01\xfc\x00\x01\xfc\x00\x01\xfc\x00\x01\xfc\x00\x01\xfc\x00\x01\xfc\x00\x00\x00\x00\x00\x00\x00\x00\x00\x00\x00\x00\x00\x00\x00\x00\x00\x00\x00\x00\x00\x00\x00\x00\x00\x00\x00\x00\x00\x00\x00\x00\x00\x00\x00\x00\x00\x00\x00\x00\x00\x00\x00\x00\x00\x00\x00\x00\x00\x00\x00\x00\x00\x00\x00\x15',
  239:b'\x00\x00\x00\x00\x00\x00\x00\x00\x00\x00\x00\x00\x00\x00\x00\x00\x00\x00\x00\x00\x00\x00\x00\x00\x00\x00\x00\x00\x00\x00\x00\x00\x00\x00\x00\x00\x00\x00\x00<\x00x~\x00\xfc\xfe\x01\xfe\xff\x01\xfe\xff\x01\xfe\xff\x01\xfe~\x00\xfc<\x00x\x00\x00\x00\x00\x00\x00\x00\x00\x00\x00\x00\x00\x00\x00\x00\x00\x00\x00\x00\x00\x00\x00\x00\x00\x00\xfe\x00\x00\xfe\x00\x00\xfe\x00\x00\xfe\x00\x00\xfe\x00\x00\xfe\x00\x00\xfe\x00\x00\xfe\x00\x00\xfe\x00\x00\xfe\x00\x00\xfe\x00\x00\xfe\x00\x00\xfe\x00\x00\xfe\x00\x00\xfe\x00\x00\xfe\x00\x00\xfe\x00\x00\xfe\x00\x00\xfe\x00\x00\xfe\x00\x00\xfe\x00\x00\xfe\x00\x00\xfe\x00\x00\xfe\x00\x00\xfe\x00\x00\xfe\x00\x00\xfe\x00\x00\xfe\x00\x00\xfe\x00\x00\xfe\x00\x00\xfe\x00\x00\xfe\x00\x00\xfe\x00\x00\xfe\x00\x00\xfe\x00\x00\xfe\x00\x00\xfe\x00\x00\xfe\x00\x00\xfe\x00\x00\x00\x00\x00\x00\x00\x00\x00\x00\x00\x00\x00\x00\x00\x00\x00\x00\x00\x00\x00\x00\x00\x00\x00\x00\x00\x00\x00\x00\x00\x00\x00\x00\x00\x00\x00\x00\x00\x00\x00\x00\x00\x00\x00\x00\x00\x00\x00\x00\x00\x00\x00\x00\x00\x17',
  240:b'\x00\x00\x00\x00\x00\x00\x00\x00\x00\x00\x00\x00\x00\x00\x00\x00\x00\x00\x00\x00\x00\x00\x00\x00\x00\x00\x00\x00\x00\x00\x00\x00\x00\x00\x00\x00\x00\x00\x00\x00\x00\x00\x00\x00\x00\x00\x00\x00\x00\x00\x00\x00\x00\x00\x00\x00\x00\x00\x00\x00\x00\x00\x00\x00\x00\x00\x00\x00\x00\x00\x00\x00\x00\x00 \x00\x00\x00\x00\x00|\x00\x00\x00\x00\x00~\x01\x00\x00\x00\x00\xff\x87\x80\x00\x00\x00\xff\xdf\x80\x00\x00\x00\x1f\xff\xc0\x00\x00\x00\x0f\xff\x00\x00\x00\x00\x07\xfc\x00\x00\x00\x00\x1f\xfe\x00\x00\x00\x00\x7f\xff\x00\x00\x00\x00??\x80\x00\x00\x00<\x1f\x80\x00\x00\x00\x10\x0f\xc0\x00\x00\x00\x00\x0f\xe0\x00\x00\x00\x00\x07\xe0\x00\x00\x00\x00\x03\xf0\x00\x00\x00\x7f\xc3\xf0\x00\x00\x01\xff\xf9\xf8\x00\x00\x07\xff\xff\xf8\x00\x00\x1f\xff\xff\xf8\x00\x00?\xff\xff\xfc\x00\x00\x7f\xff\xff\xfc\x00\x00\x7f\xe0?\xfc\x00\x00\xff\x80\x07\xfe\x00\x01\xfe\x00\x01\xfe\x00\x01\xfc\x00\x00\xfe\x00\x03\xf8\x00\x00~\x00\x03\xf8\x00\x00~\x00\x03\xf0\x00\x00~\x00\x07\xf0\x00\x00~\x00\x07\xf0\x00\x00~\x00\x07\xe0\x00\x00~\x00\x07\xe0\x00\x00~\x00\x0f\xe0\x00\x00~\x00\x0f\xe0\x00\x00~\x00\x0f\xe0\x00\x00~\x00\x0f\xe0\x00\x00~\x00\x0f\xe0\x00\x00~\x00\x0f\xe0\x00\x00~\x00\x07\xe0\x00\x00~\x00\x07\xe0\x00\x00~\x00\x07\xe0\x00\x00\xfe\x00\x07\xf0\x00\x00\xfc\x00\x07\xf0\x00\x00\xfc\x00\x07\xf0\x00\x01\xfc\x00\x03\xf8\x00\x01\xfc\x00\x03\xf8\x00\x03\xf8\x00\x03\xfc\x00\x03\xf8\x00\x01\xfe\x00\x07\xf0\x00\x01\xff\x80\x0f\xf0\x00\x00\xff\xe0\x7f\xe0\x00\x00\x7f\xff\xff\xc0\x00\x00?\xff\xff\x80\x00\x00\x1f\xff\xff\x00\x00\x00\x0f\xff\xfe\x00\x00\x00\x03\xff\xf8\x00\x00\x00\x00\x7f\xc0\x00\x00\x00\x00\x00\x00\x00\x00\x00\x00\x00\x00\x00\x00\x00\x00\x00\x00\x00\x00\x00\x00\x00\x00\x00\x00\x00\x00\x00\x00\x00\x00\x00\x00\x00\x00\x00\x00\x00\x00\x00\x00\x00\x00\x00\x00\x00\x00\x00\x00\x00\x00\x00\x00\x00\x00\x00\x00\x00\x00\x00\x00\x00\x00\x00\x00\x00\x00\x00\x00\x00\x00\x00\x00\x00\x00\x00\x00\x00\x00\x00\x00\x00\x00\x00\x00\x00\x00\x00\x00\x00\x00\x00\x00\x00\x00\x00\x00\x00\x00\x00\x00\x00\x00,',
  241:b'\x00\x00\x00\x00\x00\x00\x00\x00\x00\x00\x00\x00\x00\x00\x00\x00\x00\x00\x00\x00\x00\x00\x00\x00\x00\x00\x00\x00\x00\x00\x00\x00\x00\x00\x00\x00\x00\x00\x00\x00\x00\x00\x00\x00\x00\x00\x00\x00\x00\x00\x00\x00\x00\x00\x00\x00\x00\x00\x00\x00\x00\x00\x00\x00\x00\x00\x00\x00\x00\x00\x00\x00\x00\x00\xf8\x00\x00\x00\x00\x03\xfe\x02\x00\x00\x00\x07\xff\x8e\x00\x00\x00\x1f\xff\xff\x00\x00\x00\x1f\xff\xff\x00\x00\x00?\xff\xfe\x00\x00\x00\x1e\x1f\xfe\x00\x00\x00\x08\x07\xf8\x00\x00\x00\x00\x01\xf0\x00\x00\x00\x00\x00\x00\x00\x00\x00\x00\x00\x00\x00\x00\x00\x00\x00\x00\x00\x00\x00\x00\x00\x00\x00\x00\x00\x00\x00\x00\x00\x00\x00\x00\x00\x00\x00\x00\x00\x00\x00\x00\x00\x00\x00\x00\x0f\xf8\x00\x00\x03\xe0\x7f\xff\x00\x00\x03\xe1\xff\xff\x80\x00\x03\xe3\xff\xff\xc0\x00\x03\xe7\xff\xff\xe0\x00\x03\xff\xff\xff\xe0\x00\x03\xff\xe0?\xf0\x00\x03\xff\x80\x0f\xf0\x00\x03\xff\x00\x07\xf0\x00\x03\xfe\x00\x03\xf8\x00\x03\xfc\x00\x03\xf8\x00\x03\xf8\x00\x03\xf8\x00\x03\xf8\x00\x01\xf8\x00\x03\xf0\x00\x01\xf8\x00\x03\xf0\x00\x01\xf8\x00\x03\xf0\x00\x01\xf8\x00\x03\xf0\x00\x01\xf8\x00\x03\xf0\x00\x01\xf8\x00\x03\xf0\x00\x01\xf8\x00\x03\xf0\x00\x01\xf8\x00\x03\xf0\x00\x01\xf8\x00\x03\xf0\x00\x01\xf8\x00\x03\xf0\x00\x01\xf8\x00\x03\xf0\x00\x01\xf8\x00\x03\xf0\x00\x01\xf8\x00\x03\xf0\x00\x01\xf8\x00\x03\xf0\x00\x01\xf8\x00\x03\xf0\x00\x01\xf8\x00\x03\xf0\x00\x01\xf8\x00\x03\xf0\x00\x01\xf8\x00\x03\xf0\x00\x01\xf8\x00\x03\xf0\x00\x01\xf8\x00\x03\xf0\x00\x01\xf8\x00\x03\xf0\x00\x01\xf8\x00\x03\xf0\x00\x01\xf8\x00\x03\xf0\x00\x01\xf8\x00\x03\xf0\x00\x01\xf8\x00\x03\xf0\x00\x01\xf8\x00\x03\xf0\x00\x01\xf8\x00\x03\xf0\x00\x01\xf8\x00\x00\x00\x00\x00\x00\x00\x00\x00\x00\x00\x00\x00\x00\x00\x00\x00\x00\x00\x00\x00\x00\x00\x00\x00\x00\x00\x00\x00\x00\x00\x00\x00\x00\x00\x00\x00\x00\x00\x00\x00\x00\x00\x00\x00\x00\x00\x00\x00\x00\x00\x00\x00\x00\x00\x00\x00\x00\x00\x00\x00\x00\x00\x00\x00\x00\x00\x00\x00\x00\x00\x00\x00\x00\x00\x00\x00\x00\x00\x00\x00\x00\x00\x00\x00\x00\x00\x00\x00\x00\x00\x00\x00\x00\x00\x00\x00\x00\x00\x00\x00\x00\x00\x00\x00\x00\x00\x00\x00+',
  242:b'\x00\x00\x00\x00\x00\x00\x00\x00\x00\x00\x00\x00\x00\x00\x00\x00\x00\x00\x00\x00\x00\x00\x00\x00\x00\x00\x00\x00\x00\x00\x00\x00\x00\x00\x00\x00\x00\x00\x00\x00\x00\x00\x00\x00\x00\x00\x00\x00\x00\x00\x00\x00\x00\x00\x00\x00\x00\x00\x00\x00\x00\x00\x00\x00\x00\x00\x00\x0f\xf0\x00\x00\x00\x00\x0f\xf0\x00\x00\x00\x00\x07\xf8\x00\x00\x00\x00\x03\xf8\x00\x00\x00\x00\x01\xfc\x00\x00\x00\x00\x00\xfc\x00\x00\x00\x00\x00\xfc\x00\x00\x00\x00\x00~\x00\x00\x00\x00\x00>\x00\x00\x00\x00\x00\x1f\x00\x00\x00\x00\x00\x0f\x00\x00\x00\x00\x00\x07\x80\x00\x00\x00\x00\x00\x00\x00\x00\x00\x00\x00\x00\x00\x00\x00\x00\x00\x00\x00\x00\x00\x00\x00\x00\x00\x00\x00\x00\x00\x00\x00\x00\x00\x00\xff\xc0\x00\x00\x00\x07\xff\xf8\x00\x00\x00\x1f\xff\xfc\x00\x00\x00?\xff\xff\x00\x00\x00\x7f\xff\xff\x80\x00\x00\xff\xff\xff\xc0\x00\x01\xff\x80\xff\xc0\x00\x01\xfe\x00?\xe0\x00\x03\xfc\x00\x0f\xf0\x00\x03\xf8\x00\x0f\xf0\x00\x07\xf0\x00\x07\xf0\x00\x07\xf0\x00\x03\xf8\x00\x07\xe0\x00\x03\xf8\x00\x0f\xe0\x00\x01\xf8\x00\x0f\xe0\x00\x01\xf8\x00\x0f\xe0\x00\x01\xfc\x00\x0f\xe0\x00\x01\xfc\x00\x0f\xc0\x00\x01\xfc\x00\x0f\xc0\x00\x01\xfc\x00\x0f\xc0\x00\x01\xfc\x00\x0f\xc0\x00\x00\xfc\x00\x0f\xc0\x00\x01\xfc\x00\x0f\xc0\x00\x01\xfc\x00\x0f\xc0\x00\x01\xfc\x00\x0f\xe0\x00\x01\xfc\x00\x0f\xe0\x00\x01\xfc\x00\x0f\xe0\x00\x01\xf8\x00\x0f\xe0\x00\x01\xf8\x00\x07\xf0\x00\x03\xf8\x00\x07\xf0\x00\x03\xf8\x00\x07\xf8\x00\x07\xf0\x00\x03\xf8\x00\x07\xf0\x00\x03\xfc\x00\x0f\xf0\x00\x01\xff\x00\x1f\xe0\x00\x01\xff\xc0\x7f\xc0\x00\x00\xff\xff\xff\xc0\x00\x00\x7f\xff\xff\x80\x00\x00?\xff\xff\x00\x00\x00\x1f\xff\xfc\x00\x00\x00\x07\xff\xf8\x00\x00\x00\x00\xff\x80\x00\x00\x00\x00\x00\x00\x00\x00\x00\x00\x00\x00\x00\x00\x00\x00\x00\x00\x00\x00\x00\x00\x00\x00\x00\x00\x00\x00\x00\x00\x00\x00\x00\x00\x00\x00\x00\x00\x00\x00\x00\x00\x00\x00\x00\x00\x00\x00\x00\x00\x00\x00\x00\x00\x00\x00\x00\x00\x00\x00\x00\x00\x00\x00\x00\x00\x00\x00\x00\x00\x00\x00\x00\x00\x00\x00\x00\x00\x00\x00\x00\x00\x00\x00\x00\x00\x00\x00\x00\x00\x00\x00\x00\x00\x00\x00\x00\x00\x00\x00\x00\x00\x00\x00*',
  243:b'\x00\x00\x00\x00\x00\x00\x00\x00\x00\x00\x00\x00\x00\x00\x00\x00\x00\x00\x00\x00\x00\x00\x00\x00\x00\x00\x00\x00\x00\x00\x00\x00\x00\x00\x00\x00\x00\x00\x00\x00\x00\x00\x00\x00\x00\x00\x00\x00\x00\x00\x00\x00\x00\x00\x00\x00\x00\x00\x00\x00\x00\x00\x00\x00\x00\x00\x00\x00\x03\xf8\x00\x00\x00\x00\x03\xf8\x00\x00\x00\x00\x07\xf8\x00\x00\x00\x00\x07\xf0\x00\x00\x00\x00\x07\xe0\x00\x00\x00\x00\x0f\xc0\x00\x00\x00\x00\x0f\xc0\x00\x00\x00\x00\x1f\x80\x00\x00\x00\x00\x1f\x00\x00\x00\x00\x00\x1e\x00\x00\x00\x00\x00>\x00\x00\x00\x00\x00<\x00\x00\x00\x00\x00\x00\x00\x00\x00\x00\x00\x00\x00\x00\x00\x00\x00\x00\x00\x00\x00\x00\x00\x00\x00\x00\x00\x00\x00\x00\x00\x00\x00\x00\x00\xff\xc0\x00\x00\x00\x07\xff\xf8\x00\x00\x00\x1f\xff\xfc\x00\x00\x00?\xff\xff\x00\x00\x00\x7f\xff\xff\x80\x00\x00\xff\xff\xff\xc0\x00\x01\xff\x80\xff\xc0\x00\x01\xfe\x00?\xe0\x00\x03\xfc\x00\x0f\xf0\x00\x03\xf8\x00\x0f\xf0\x00\x07\xf0\x00\x07\xf0\x00\x07\xf0\x00\x03\xf8\x00\x07\xe0\x00\x03\xf8\x00\x0f\xe0\x00\x01\xf8\x00\x0f\xe0\x00\x01\xf8\x00\x0f\xe0\x00\x01\xfc\x00\x0f\xe0\x00\x01\xfc\x00\x0f\xc0\x00\x01\xfc\x00\x0f\xc0\x00\x01\xfc\x00\x0f\xc0\x00\x01\xfc\x00\x0f\xc0\x00\x00\xfc\x00\x0f\xc0\x00\x01\xfc\x00\x0f\xc0\x00\x01\xfc\x00\x0f\xc0\x00\x01\xfc\x00\x0f\xe0\x00\x01\xfc\x00\x0f\xe0\x00\x01\xfc\x00\x0f\xe0\x00\x01\xf8\x00\x0f\xe0\x00\x01\xf8\x00\x07\xf0\x00\x03\xf8\x00\x07\xf0\x00\x03\xf8\x00\x07\xf8\x00\x07\xf0\x00\x03\xf8\x00\x07\xf0\x00\x03\xfc\x00\x0f\xf0\x00\x01\xff\x00\x1f\xe0\x00\x01\xff\xc0\x7f\xc0\x00\x00\xff\xff\xff\xc0\x00\x00\x7f\xff\xff\x80\x00\x00?\xff\xff\x00\x00\x00\x1f\xff\xfc\x00\x00\x00\x07\xff\xf8\x00\x00\x00\x00\xff\x80\x00\x00\x00\x00\x00\x00\x00\x00\x00\x00\x00\x00\x00\x00\x00\x00\x00\x00\x00\x00\x00\x00\x00\x00\x00\x00\x00\x00\x00\x00\x00\x00\x00\x00\x00\x00\x00\x00\x00\x00\x00\x00\x00\x00\x00\x00\x00\x00\x00\x00\x00\x00\x00\x00\x00\x00\x00\x00\x00\x00\x00\x00\x00\x00\x00\x00\x00\x00\x00\x00\x00\x00\x00\x00\x00\x00\x00\x00\x00\x00\x00\x00\x00\x00\x00\x00\x00\x00\x00\x00\x00\x00\x00\x00\x00\x00\x00\x00\x00\x00\x00\x00\x00\x00*',
  244:b'\x00\x00\x00\x00\x00\x00\x00\x00\x00\x00\x00\x00\x00\x00\x00\x00\x00\x00\x00\x00\x00\x00\x00\x00\x00\x00\x00\x00\x00\x00\x00\x00\x00\x00\x00\x00\x00\x00\x00\x00\x00\x00\x00\x00\x00\x00\x00\x00\x00\x00\x00\x00\x00\x00\x00\x00\x00\x00\x00\x00\x00\x00\x00\x00\x00\x00\x00\x00\x0e\x00\x00\x00\x00\x00\x1f\x00\x00\x00\x00\x00?\x00\x00\x00\x00\x00?\x80\x00\x00\x00\x00\x7f\x80\x00\x00\x00\x00\xff\xc0\x00\x00\x00\x00\xf3\xe0\x00\x00\x00\x01\xf3\xe0\x00\x00\x00\x03\xe3\xf0\x00\x00\x00\x03\xe1\xf0\x00\x00\x00\x07\xc0\xf8\x00\x00\x00\x0f\x80\xfc\x00\x00\x00\x0f\x80|\x00\x00\x00\x1f\x00~\x00\x00\x00\x00\x00\x00\x00\x00\x00\x00\x00\x00\x00\x00\x00\x00\x00\x00\x00\x00\x00\x00\xff\xc0\x00\x00\x00\x07\xff\xf8\x00\x00\x00\x1f\xff\xfc\x00\x00\x00?\xff\xff\x00\x00\x00\x7f\xff\xff\x80\x00\x00\xff\xff\xff\xc0\x00\x01\xff\x80\xff\xc0\x00\x01\xfe\x00?\xe0\x00\x03\xfc\x00\x0f\xf0\x00\x03\xf8\x00\x0f\xf0\x00\x07\xf0\x00\x07\xf0\x00\x07\xf0\x00\x03\xf8\x00\x07\xe0\x00\x03\xf8\x00\x0f\xe0\x00\x01\xf8\x00\x0f\xe0\x00\x01\xf8\x00\x0f\xe0\x00\x01\xfc\x00\x0f\xe0\x00\x01\xfc\x00\x0f\xc0\x00\x01\xfc\x00\x0f\xc0\x00\x01\xfc\x00\x0f\xc0\x00\x01\xfc\x00\x0f\xc0\x00\x00\xfc\x00\x0f\xc0\x00\x01\xfc\x00\x0f\xc0\x00\x01\xfc\x00\x0f\xc0\x00\x01\xfc\x00\x0f\xe0\x00\x01\xfc\x00\x0f\xe0\x00\x01\xfc\x00\x0f\xe0\x00\x01\xf8\x00\x0f\xe0\x00\x01\xf8\x00\x07\xf0\x00\x03\xf8\x00\x07\xf0\x00\x03\xf8\x00\x07\xf8\x00\x07\xf0\x00\x03\xf8\x00\x07\xf0\x00\x03\xfc\x00\x0f\xf0\x00\x01\xff\x00\x1f\xe0\x00\x01\xff\xc0\x7f\xc0\x00\x00\xff\xff\xff\xc0\x00\x00\x7f\xff\xff\x80\x00\x00?\xff\xff\x00\x00\x00\x1f\xff\xfc\x00\x00\x00\x07\xff\xf8\x00\x00\x00\x00\xff\x80\x00\x00\x00\x00\x00\x00\x00\x00\x00\x00\x00\x00\x00\x00\x00\x00\x00\x00\x00\x00\x00\x00\x00\x00\x00\x00\x00\x00\x00\x00\x00\x00\x00\x00\x00\x00\x00\x00\x00\x00\x00\x00\x00\x00\x00\x00\x00\x00\x00\x00\x00\x00\x00\x00\x00\x00\x00\x00\x00\x00\x00\x00\x00\x00\x00\x00\x00\x00\x00\x00\x00\x00\x00\x00\x00\x00\x00\x00\x00\x00\x00\x00\x00\x00\x00\x00\x00\x00\x00\x00\x00\x00\x00\x00\x00\x00\x00\x00\x00\x00\x00\x00\x00\x00*',
  245:b'\x00\x00\x00\x00\x00\x00\x00\x00\x00\x00\x00\x00\x00\x00\x00\x00\x00\x00\x00\x00\x00\x00\x00\x00\x00\x00\x00\x00\x00\x00\x00\x00\x00\x00\x00\x00\x00\x00\x00\x00\x00\x00\x00\x00\x00\x00\x00\x00\x00\x00\x00\x00\x00\x00\x00\x00\x00\x00\x00\x00\x00\x00\x00\x00\x00\x00\x00\x00\x00\x00\x00\x00\x00\x01\xf0\x00\x00\x00\x00\x07\xfc\x04\x00\x00\x00\x0f\xff\x0e\x00\x00\x00\x1f\xff\xfe\x00\x00\x00?\xff\xff\x00\x00\x00\x1f\xff\xfe\x00\x00\x00\x1c?\xfc\x00\x00\x00\x18\x0f\xf8\x00\x00\x00\x00\x01\xe0\x00\x00\x00\x00\x00\x00\x00\x00\x00\x00\x00\x00\x00\x00\x00\x00\x00\x00\x00\x00\x00\x00\x00\x00\x00\x00\x00\x00\x00\x00\x00\x00\x00\x00\x00\x00\x00\x00\x00\x00\x00\x00\x00\x00\x00\x00\xff\xc0\x00\x00\x00\x07\xff\xf8\x00\x00\x00\x1f\xff\xfc\x00\x00\x00?\xff\xff\x00\x00\x00\x7f\xff\xff\x80\x00\x00\xff\xff\xff\xc0\x00\x01\xff\x80\xff\xc0\x00\x01\xfe\x00?\xe0\x00\x03\xfc\x00\x0f\xf0\x00\x03\xf8\x00\x0f\xf0\x00\x07\xf0\x00\x07\xf0\x00\x07\xf0\x00\x03\xf8\x00\x07\xe0\x00\x03\xf8\x00\x0f\xe0\x00\x01\xf8\x00\x0f\xe0\x00\x01\xf8\x00\x0f\xe0\x00\x01\xfc\x00\x0f\xe0\x00\x01\xfc\x00\x0f\xc0\x00\x01\xfc\x00\x0f\xc0\x00\x01\xfc\x00\x0f\xc0\x00\x01\xfc\x00\x0f\xc0\x00\x00\xfc\x00\x0f\xc0\x00\x01\xfc\x00\x0f\xc0\x00\x01\xfc\x00\x0f\xc0\x00\x01\xfc\x00\x0f\xe0\x00\x01\xfc\x00\x0f\xe0\x00\x01\xfc\x00\x0f\xe0\x00\x01\xf8\x00\x0f\xe0\x00\x01\xf8\x00\x07\xf0\x00\x03\xf8\x00\x07\xf0\x00\x03\xf8\x00\x07\xf8\x00\x07\xf0\x00\x03\xf8\x00\x07\xf0\x00\x03\xfc\x00\x0f\xf0\x00\x01\xff\x00\x1f\xe0\x00\x01\xff\xc0\x7f\xc0\x00\x00\xff\xff\xff\xc0\x00\x00\x7f\xff\xff\x80\x00\x00?\xff\xff\x00\x00\x00\x1f\xff\xfc\x00\x00\x00\x07\xff\xf8\x00\x00\x00\x00\xff\x80\x00\x00\x00\x00\x00\x00\x00\x00\x00\x00\x00\x00\x00\x00\x00\x00\x00\x00\x00\x00\x00\x00\x00\x00\x00\x00\x00\x00\x00\x00\x00\x00\x00\x00\x00\x00\x00\x00\x00\x00\x00\x00\x00\x00\x00\x00\x00\x00\x00\x00\x00\x00\x00\x00\x00\x00\x00\x00\x00\x00\x00\x00\x00\x00\x00\x00\x00\x00\x00\x00\x00\x00\x00\x00\x00\x00\x00\x00\x00\x00\x00\x00\x00\x00\x00\x00\x00\x00\x00\x00\x00\x00\x00\x00\x00\x00\x00\x00\x00\x00\x00\x00\x00\x00*',
  246:b'\x00\x00\x00\x00\x00\x00\x00\x00\x00\x00\x00\x00\x00\x00\x00\x00\x00\x00\x00\x00\x00\x00\x00\x00\x00\x00\x00\x00\x00\x00\x00\x00\x00\x00\x00\x00\x00\x00\x00\x00\x00\x00\x00\x00\x00\x00\x00\x00\x00\x00\x00\x00\x00\x00\x00\x00\x00\x00\x00\x00\x00\x00\x00\x00\x00\x00\x00\x00\x00\x00\x00\x00\x00\x00\x00\x00\x00\x00\x00\x0e\x00<\x00\x00\x00?\x80\x7f\x00\x00\x00?\x80\x7f\x00\x00\x00?\x80\x7f\x00\x00\x00?\x80\x7f\x00\x00\x00?\x80\x7f\x00\x00\x00?\x80\x7f\x00\x00\x00\x1f\x00<\x00\x00\x00\x00\x00\x00\x00\x00\x00\x00\x00\x00\x00\x00\x00\x00\x00\x00\x00\x00\x00\x00\x00\x00\x00\x00\x00\x00\x00\x00\x00\x00\x00\x00\x00\x00\x00\x00\x00\x00\x00\x00\x00\x00\x00\x00\xff\xc0\x00\x00\x00\x07\xff\xf8\x00\x00\x00\x1f\xff\xfc\x00\x00\x00?\xff\xff\x00\x00\x00\x7f\xff\xff\x80\x00\x00\xff\xff\xff\xc0\x00\x01\xff\x80\xff\xc0\x00\x01\xfe\x00?\xe0\x00\x03\xfc\x00\x0f\xf0\x00\x03\xf8\x00\x0f\xf0\x00\x07\xf0\x00\x07\xf0\x00\x07\xf0\x00\x03\xf8\x00\x07\xe0\x00\x03\xf8\x00\x0f\xe0\x00\x01\xf8\x00\x0f\xe0\x00\x01\xf8\x00\x0f\xe0\x00\x01\xfc\x00\x0f\xe0\x00\x01\xfc\x00\x0f\xc0\x00\x01\xfc\x00\x0f\xc0\x00\x01\xfc\x00\x0f\xc0\x00\x01\xfc\x00\x0f\xc0\x00\x00\xfc\x00\x0f\xc0\x00\x01\xfc\x00\x0f\xc0\x00\x01\xfc\x00\x0f\xc0\x00\x01\xfc\x00\x0f\xe0\x00\x01\xfc\x00\x0f\xe0\x00\x01\xfc\x00\x0f\xe0\x00\x01\xf8\x00\x0f\xe0\x00\x01\xf8\x00\x07\xf0\x00\x03\xf8\x00\x07\xf0\x00\x03\xf8\x00\x07\xf8\x00\x07\xf0\x00\x03\xf8\x00\x07\xf0\x00\x03\xfc\x00\x0f\xf0\x00\x01\xff\x00\x1f\xe0\x00\x01\xff\xc0\x7f\xc0\x00\x00\xff\xff\xff\xc0\x00\x00\x7f\xff\xff\x80\x00\x00?\xff\xff\x00\x00\x00\x1f\xff\xfc\x00\x00\x00\x07\xff\xf8\x00\x00\x00\x00\xff\x80\x00\x00\x00\x00\x00\x00\x00\x00\x00\x00\x00\x00\x00\x00\x00\x00\x00\x00\x00\x00\x00\x00\x00\x00\x00\x00\x00\x00\x00\x00\x00\x00\x00\x00\x00\x00\x00\x00\x00\x00\x00\x00\x00\x00\x00\x00\x00\x00\x00\x00\x00\x00\x00\x00\x00\x00\x00\x00\x00\x00\x00\x00\x00\x00\x00\x00\x00\x00\x00\x00\x00\x00\x00\x00\x00\x00\x00\x00\x00\x00\x00\x00\x00\x00\x00\x00\x00\x00\x00\x00\x00\x00\x00\x00\x00\x00\x00\x00\x00\x00\x00\x00\x00\x00*',
  247:b"\x00\x00\x00\x00\x00\x00\x00\x00\x00\x00\x00\x00\x00\x00\x00\x00\x00\x00\x00\x00\x00\x00\x00\x00\x00\x00\x00\x00\x00\x00\x00\x00\x00\x00\x00\x00\x00\x00\x00\x00\x00\x00\x00\x00\x00\x00\x00\x00\x00\x00\x00\x00\x00\x00\x00\x00\x00\x00\x00\x00\x00\x00\x00\x00\x00\x00\x00\x00\x00\x00\x00\x00\x00\x00\x00\x00\x00\x00\x00\x00\x00\x00\x00\x00\x00\x00\x00\x00\x00\x00\x00\x00\x00\x00\x00\x00\x00\x00\x00\x00\x00\x00\x00\x00\x00\x00\x00\x00\x00\x00\x00\x00|\x00\x00\x00\x00\xfe\x00\x00\x00\x01\xff\x00\x00\x00\x01\xff\x00\x00\x00\x01\xff\x00\x00\x00\x01\xff\x00\x00\x00\x01\xff\x00\x00\x00\x00\xfe\x00\x00\x00\x00|\x00\x00\x00\x00\x00\x00\x00\x00\x00\x00\x00\x00\x00\x00\x00\x00\x00\x00\x00\x00\x00\x00\x00\x00\x00\x00\x00\x00\x00\x00\x00\x00\x00\x00\x00\x00\x00\x1f\xff\xff\xff\xf0\x1f\xff\xff\xff\xf0\x1f\xff\xff\xff\xf0\x1f\xff\xff\xff\xf0\x1f\xff\xff\xff\xf0\x1f\xff\xff\xff\xf0\x00\x00\x00\x00\x00\x00\x00\x00\x00\x00\x00\x00\x00\x00\x00\x00\x00\x00\x00\x00\x00\x00\x00\x00\x00\x00\x00\x00\x00\x00\x00\x00\x00\x00\x00\x00\x00|\x00\x00\x00\x00\xfe\x00\x00\x00\x01\xff\x00\x00\x00\x01\xff\x00\x00\x00\x01\xff\x00\x00\x00\x01\xff\x00\x00\x00\x01\xff\x00\x00\x00\x00\xfe\x00\x00\x00\x00|\x00\x00\x00\x00\x00\x00\x00\x00\x00\x00\x00\x00\x00\x00\x00\x00\x00\x00\x00\x00\x00\x00\x00\x00\x00\x00\x00\x00\x00\x00\x00\x00\x00\x00\x00\x00\x00\x00\x00\x00\x00\x00\x00\x00\x00\x00\x00\x00\x00\x00\x00\x00\x00\x00\x00\x00\x00\x00\x00\x00\x00\x00\x00\x00\x00\x00\x00\x00\x00\x00\x00\x00\x00\x00\x00\x00\x00\x00\x00\x00\x00\x00\x00\x00\x00\x00\x00\x00\x00\x00\x00\x00\x00\x00\x00\x00\x00\x00\x00\x00\x00\x00\x00\x00\x00\x00\x00\x00\x00\x00\x00\x00\x00\x00\x00\x00\x00\x00\x00\x00\x00\x00\x00\x00\x00\x00\x00\x00\x00\x00\x00\x00'",
  248:b'\x00\x00\x00\x00\x00\x00\x00\x00\x00\x00\x00\x00\x00\x00\x00\x00\x00\x00\x00\x00\x00\x00\x00\x00\x00\x00\x00\x00\x00\x00\x00\x00\x00\x00\x00\x00\x00\x00\x00\x00\x00\x00\x00\x00\x00\x00\x00\x00\x00\x00\x00\x00\x00\x00\x00\x00\x00\x00\x00\x00\x00\x00\x00\x00\x00\x00\x00\x00\x00\x00\x00\x00\x00\x00\x00\x00\x00\x00\x00\x00\x00\x00\x00\x00\x00\x00\x00\x00\x00\x00\x00\x00\x00\x00\x00\x00\x00\x00\x00\x00\x00\x00\x00\x00\x00\x00\x00\x00\x00\x00\x00\x00\x00\x00\x00\x00\x00\x00\x00\x00\x00\x00\x00\x00\x00\x00\x00\x00\x00\x00\x00\x00\x00\x00\x00\x00\x00\x00\x00\x00\x00\x00\x00\x00\x00\x00\x00\x00\x00\x00\x00\x00\x00\x00\x00\x00\x00\x00\x00\x00\x00\x00\x00\x00\x00\x00\x00\x00\x00\x00\xff\x80\x80\x00\x00\x07\xff\xf9\xc0\x00\x00\x1f\xff\xff\xf0\x00\x00?\xff\xff\xf0\x00\x00\x7f\xff\xff\xe0\x00\x00\xff\xff\xff\xc0\x00\x01\xff\x80\xff\xc0\x00\x01\xfe\x00?\xe0\x00\x03\xfc\x00\x1f\xf0\x00\x03\xf8\x00?\xf0\x00\x07\xf0\x00\x7f\xf0\x00\x07\xf0\x00\xff\xf8\x00\x07\xe0\x00\xfb\xf8\x00\x0f\xe0\x01\xf9\xf8\x00\x0f\xe0\x03\xf1\xfc\x00\x0f\xe0\x03\xe1\xfc\x00\x0f\xe0\x07\xc1\xfc\x00\x0f\xc0\x0f\xc1\xfc\x00\x0f\xc0\x1f\x81\xfc\x00\x0f\xc0\x1f\x01\xfc\x00\x0f\xc0>\x00\xfc\x00\x0f\xc0~\x01\xfc\x00\x0f\xc0\xfc\x01\xfc\x00\x0f\xc0\xf8\x01\xfc\x00\x0f\xe1\xf0\x01\xfc\x00\x0f\xe3\xf0\x01\xfc\x00\x0f\xe7\xe0\x01\xf8\x00\x0f\xe7\xc0\x01\xf8\x00\x07\xff\xc0\x03\xf8\x00\x07\xff\x80\x03\xf8\x00\x07\xff\x00\x07\xf0\x00\x03\xfe\x00\x07\xf0\x00\x03\xfe\x00\x0f\xf0\x00\x01\xfe\x00\x1f\xe0\x00\x01\xff\xc0\x7f\xc0\x00\x01\xff\xff\xff\xc0\x00\x03\xff\xff\xff\x80\x00\x07\xff\xff\xff\x00\x00\x07\xff\xff\xfc\x00\x00\x01\xc7\xff\xf8\x00\x00\x00\x80\xff\x80\x00\x00\x00\x00\x00\x00\x00\x00\x00\x00\x00\x00\x00\x00\x00\x00\x00\x00\x00\x00\x00\x00\x00\x00\x00\x00\x00\x00\x00\x00\x00\x00\x00\x00\x00\x00\x00\x00\x00\x00\x00\x00\x00\x00\x00\x00\x00\x00\x00\x00\x00\x00\x00\x00\x00\x00\x00\x00\x00\x00\x00\x00\x00\x00\x00\x00\x00\x00\x00\x00\x00\x00\x00\x00\x00\x00\x00\x00\x00\x00\x00\x00\x00\x00\x00\x00\x00\x00\x00\x00\x00\x00\x00\x00\x00\x00\x00\x00\x00\x00\x00\x00\x00\x00*',
  249:b'\x00\x00\x00\x00\x00\x00\x00\x00\x00\x00\x00\x00\x00\x00\x00\x00\x00\x00\x00\x00\x00\x00\x00\x00\x00\x00\x00\x00\x00\x00\x00\x00\x00\x00\x00\x00\x00\x00\x00\x00\x00\x00\x00\x00\x00\x00\x00\x00\x00\x00\x00\x00\x00\x00\x00\x00\x00\x00\x00\x00\x00\x00\x00\x00\x00\x00\x00\x0f\xe0\x00\x00\x00\x00\x0f\xf0\x00\x00\x00\x00\x0f\xf0\x00\x00\x00\x00\x07\xf0\x00\x00\x00\x00\x03\xf8\x00\x00\x00\x00\x01\xf8\x00\x00\x00\x00\x00\xfc\x00\x00\x00\x00\x00|\x00\x00\x00\x00\x00~\x00\x00\x00\x00\x00>\x00\x00\x00\x00\x00\x1e\x00\x00\x00\x00\x00\x0f\x00\x00\x00\x00\x00\x00\x00\x00\x00\x00\x00\x00\x00\x00\x00\x00\x00\x00\x00\x00\x00\x00\x00\x00\x00\x00\x00\x00\x00\x00\x00\x00\x00\x00\x00\x00\x00\x00\x00\x07\xf0\x00\x03\xf0\x00\x07\xf0\x00\x03\xf0\x00\x07\xf0\x00\x03\xf0\x00\x07\xf0\x00\x03\xf0\x00\x07\xf0\x00\x03\xf0\x00\x07\xf0\x00\x03\xf0\x00\x07\xf0\x00\x03\xf0\x00\x07\xf0\x00\x03\xf0\x00\x07\xf0\x00\x03\xf0\x00\x07\xf0\x00\x03\xf0\x00\x07\xf0\x00\x03\xf0\x00\x07\xf0\x00\x03\xf0\x00\x07\xf0\x00\x03\xf0\x00\x07\xf0\x00\x03\xf0\x00\x07\xf0\x00\x03\xf0\x00\x07\xf0\x00\x03\xf0\x00\x07\xf0\x00\x03\xf0\x00\x07\xf0\x00\x03\xf0\x00\x07\xf0\x00\x03\xf0\x00\x07\xf0\x00\x03\xf0\x00\x07\xf0\x00\x03\xf0\x00\x07\xf0\x00\x03\xf0\x00\x07\xf0\x00\x03\xf0\x00\x07\xf0\x00\x03\xf0\x00\x07\xf0\x00\x03\xf0\x00\x07\xf0\x00\x03\xf0\x00\x07\xf0\x00\x07\xf0\x00\x03\xf0\x00\x07\xf0\x00\x03\xf0\x00\x0f\xf0\x00\x03\xf8\x00\x0f\xf0\x00\x03\xf8\x00\x1f\xf0\x00\x03\xfc\x00?\xf0\x00\x03\xfc\x00\x7f\xf0\x00\x01\xff\x01\xfd\xf0\x00\x01\xff\xff\xfd\xf0\x00\x00\xff\xff\xf8\xf0\x00\x00\xff\xff\xf0\xf0\x00\x00\x7f\xff\xc0\xf8\x00\x00\x1f\xff\x80\xf8\x00\x00\x07\xfc\x00\x00\x00\x00\x00\x00\x00\x00\x00\x00\x00\x00\x00\x00\x00\x00\x00\x00\x00\x00\x00\x00\x00\x00\x00\x00\x00\x00\x00\x00\x00\x00\x00\x00\x00\x00\x00\x00\x00\x00\x00\x00\x00\x00\x00\x00\x00\x00\x00\x00\x00\x00\x00\x00\x00\x00\x00\x00\x00\x00\x00\x00\x00\x00\x00\x00\x00\x00\x00\x00\x00\x00\x00\x00\x00\x00\x00\x00\x00\x00\x00\x00\x00\x00\x00\x00\x00\x00\x00\x00\x00\x00\x00\x00\x00\x00\x00\x00\x00\x00\x00\x00\x00\x00\x00*',
  250:b'\x00\x00\x00\x00\x00\x00\x00\x00\x00\x00\x00\x00\x00\x00\x00\x00\x00\x00\x00\x00\x00\x00\x00\x00\x00\x00\x00\x00\x00\x00\x00\x00\x00\x00\x00\x00\x00\x00\x00\x00\x00\x00\x00\x00\x00\x00\x00\x00\x00\x00\x00\x00\x00\x00\x00\x00\x00\x00\x00\x00\x00\x00\x00\x00\x00\x00\x00\x00\x03\xf8\x00\x00\x00\x00\x03\xf8\x00\x00\x00\x00\x07\xf8\x00\x00\x00\x00\x07\xf0\x00\x00\x00\x00\x0f\xe0\x00\x00\x00\x00\x0f\xc0\x00\x00\x00\x00\x0f\xc0\x00\x00\x00\x00\x1f\x80\x00\x00\x00\x00\x1f\x00\x00\x00\x00\x00\x1e\x00\x00\x00\x00\x00<\x00\x00\x00\x00\x00<\x00\x00\x00\x00\x00\x00\x00\x00\x00\x00\x00\x00\x00\x00\x00\x00\x00\x00\x00\x00\x00\x00\x00\x00\x00\x00\x00\x00\x00\x00\x00\x00\x00\x00\x00\x00\x00\x00\x00\x07\xf0\x00\x03\xf0\x00\x07\xf0\x00\x03\xf0\x00\x07\xf0\x00\x03\xf0\x00\x07\xf0\x00\x03\xf0\x00\x07\xf0\x00\x03\xf0\x00\x07\xf0\x00\x03\xf0\x00\x07\xf0\x00\x03\xf0\x00\x07\xf0\x00\x03\xf0\x00\x07\xf0\x00\x03\xf0\x00\x07\xf0\x00\x03\xf0\x00\x07\xf0\x00\x03\xf0\x00\x07\xf0\x00\x03\xf0\x00\x07\xf0\x00\x03\xf0\x00\x07\xf0\x00\x03\xf0\x00\x07\xf0\x00\x03\xf0\x00\x07\xf0\x00\x03\xf0\x00\x07\xf0\x00\x03\xf0\x00\x07\xf0\x00\x03\xf0\x00\x07\xf0\x00\x03\xf0\x00\x07\xf0\x00\x03\xf0\x00\x07\xf0\x00\x03\xf0\x00\x07\xf0\x00\x03\xf0\x00\x07\xf0\x00\x03\xf0\x00\x07\xf0\x00\x03\xf0\x00\x07\xf0\x00\x03\xf0\x00\x07\xf0\x00\x03\xf0\x00\x07\xf0\x00\x07\xf0\x00\x03\xf0\x00\x07\xf0\x00\x03\xf0\x00\x0f\xf0\x00\x03\xf8\x00\x0f\xf0\x00\x03\xf8\x00\x1f\xf0\x00\x03\xfc\x00?\xf0\x00\x03\xfc\x00\x7f\xf0\x00\x01\xff\x01\xfd\xf0\x00\x01\xff\xff\xfd\xf0\x00\x00\xff\xff\xf8\xf0\x00\x00\xff\xff\xf0\xf0\x00\x00\x7f\xff\xc0\xf8\x00\x00\x1f\xff\x80\xf8\x00\x00\x07\xfc\x00\x00\x00\x00\x00\x00\x00\x00\x00\x00\x00\x00\x00\x00\x00\x00\x00\x00\x00\x00\x00\x00\x00\x00\x00\x00\x00\x00\x00\x00\x00\x00\x00\x00\x00\x00\x00\x00\x00\x00\x00\x00\x00\x00\x00\x00\x00\x00\x00\x00\x00\x00\x00\x00\x00\x00\x00\x00\x00\x00\x00\x00\x00\x00\x00\x00\x00\x00\x00\x00\x00\x00\x00\x00\x00\x00\x00\x00\x00\x00\x00\x00\x00\x00\x00\x00\x00\x00\x00\x00\x00\x00\x00\x00\x00\x00\x00\x00\x00\x00\x00\x00\x00\x00\x00*',
  251:b'\x00\x00\x00\x00\x00\x00\x00\x00\x00\x00\x00\x00\x00\x00\x00\x00\x00\x00\x00\x00\x00\x00\x00\x00\x00\x00\x00\x00\x00\x00\x00\x00\x00\x00\x00\x00\x00\x00\x00\x00\x00\x00\x00\x00\x00\x00\x00\x00\x00\x00\x00\x00\x00\x00\x00\x00\x00\x00\x00\x00\x00\x00\x00\x00\x00\x00\x00\x00\x0e\x00\x00\x00\x00\x00\x1f\x00\x00\x00\x00\x00\x1f\x00\x00\x00\x00\x00?\x80\x00\x00\x00\x00\x7f\xc0\x00\x00\x00\x00\xff\xc0\x00\x00\x00\x00\xf3\xe0\x00\x00\x00\x01\xf3\xe0\x00\x00\x00\x03\xf1\xf0\x00\x00\x00\x03\xe1\xf8\x00\x00\x00\x07\xc0\xf8\x00\x00\x00\x0f\xc0\xfc\x00\x00\x00\x0f\x80~\x00\x00\x00\x1f\x00>\x00\x00\x00\x00\x00\x00\x00\x00\x00\x00\x00\x00\x00\x00\x00\x00\x00\x00\x00\x00\x00\x00\x00\x00\x00\x00\x07\xf0\x00\x03\xf0\x00\x07\xf0\x00\x03\xf0\x00\x07\xf0\x00\x03\xf0\x00\x07\xf0\x00\x03\xf0\x00\x07\xf0\x00\x03\xf0\x00\x07\xf0\x00\x03\xf0\x00\x07\xf0\x00\x03\xf0\x00\x07\xf0\x00\x03\xf0\x00\x07\xf0\x00\x03\xf0\x00\x07\xf0\x00\x03\xf0\x00\x07\xf0\x00\x03\xf0\x00\x07\xf0\x00\x03\xf0\x00\x07\xf0\x00\x03\xf0\x00\x07\xf0\x00\x03\xf0\x00\x07\xf0\x00\x03\xf0\x00\x07\xf0\x00\x03\xf0\x00\x07\xf0\x00\x03\xf0\x00\x07\xf0\x00\x03\xf0\x00\x07\xf0\x00\x03\xf0\x00\x07\xf0\x00\x03\xf0\x00\x07\xf0\x00\x03\xf0\x00\x07\xf0\x00\x03\xf0\x00\x07\xf0\x00\x03\xf0\x00\x07\xf0\x00\x03\xf0\x00\x07\xf0\x00\x03\xf0\x00\x07\xf0\x00\x03\xf0\x00\x07\xf0\x00\x07\xf0\x00\x03\xf0\x00\x07\xf0\x00\x03\xf0\x00\x0f\xf0\x00\x03\xf8\x00\x0f\xf0\x00\x03\xf8\x00\x1f\xf0\x00\x03\xfc\x00?\xf0\x00\x03\xfc\x00\x7f\xf0\x00\x01\xff\x01\xfd\xf0\x00\x01\xff\xff\xfd\xf0\x00\x00\xff\xff\xf8\xf0\x00\x00\xff\xff\xf0\xf0\x00\x00\x7f\xff\xc0\xf8\x00\x00\x1f\xff\x80\xf8\x00\x00\x07\xfc\x00\x00\x00\x00\x00\x00\x00\x00\x00\x00\x00\x00\x00\x00\x00\x00\x00\x00\x00\x00\x00\x00\x00\x00\x00\x00\x00\x00\x00\x00\x00\x00\x00\x00\x00\x00\x00\x00\x00\x00\x00\x00\x00\x00\x00\x00\x00\x00\x00\x00\x00\x00\x00\x00\x00\x00\x00\x00\x00\x00\x00\x00\x00\x00\x00\x00\x00\x00\x00\x00\x00\x00\x00\x00\x00\x00\x00\x00\x00\x00\x00\x00\x00\x00\x00\x00\x00\x00\x00\x00\x00\x00\x00\x00\x00\x00\x00\x00\x00\x00\x00\x00\x00\x00\x00*',
  252:b'\x00\x00\x00\x00\x00\x00\x00\x00\x00\x00\x00\x00\x00\x00\x00\x00\x00\x00\x00\x00\x00\x00\x00\x00\x00\x00\x00\x00\x00\x00\x00\x00\x00\x00\x00\x00\x00\x00\x00\x00\x00\x00\x00\x00\x00\x00\x00\x00\x00\x00\x00\x00\x00\x00\x00\x00\x00\x00\x00\x00\x00\x00\x00\x00\x00\x00\x00\x00\x00\x00\x00\x00\x00\x00\x00\x00\x00\x00\x00\x0f\x00\x1e\x00\x00\x00?\x80\x7f\x00\x00\x00?\x80\x7f\x00\x00\x00?\x80\x7f\x00\x00\x00?\x80\x7f\x00\x00\x00?\x80\x7f\x00\x00\x00?\x80\x7f\x00\x00\x00\x0f\x00\x1e\x00\x00\x00\x00\x00\x00\x00\x00\x00\x00\x00\x00\x00\x00\x00\x00\x00\x00\x00\x00\x00\x00\x00\x00\x00\x00\x00\x00\x00\x00\x00\x00\x00\x00\x00\x00\x00\x00\x00\x00\x00\x00\x00\x00\x00\x00\x00\x00\x00\x00\x07\xf0\x00\x03\xf0\x00\x07\xf0\x00\x03\xf0\x00\x07\xf0\x00\x03\xf0\x00\x07\xf0\x00\x03\xf0\x00\x07\xf0\x00\x03\xf0\x00\x07\xf0\x00\x03\xf0\x00\x07\xf0\x00\x03\xf0\x00\x07\xf0\x00\x03\xf0\x00\x07\xf0\x00\x03\xf0\x00\x07\xf0\x00\x03\xf0\x00\x07\xf0\x00\x03\xf0\x00\x07\xf0\x00\x03\xf0\x00\x07\xf0\x00\x03\xf0\x00\x07\xf0\x00\x03\xf0\x00\x07\xf0\x00\x03\xf0\x00\x07\xf0\x00\x03\xf0\x00\x07\xf0\x00\x03\xf0\x00\x07\xf0\x00\x03\xf0\x00\x07\xf0\x00\x03\xf0\x00\x07\xf0\x00\x03\xf0\x00\x07\xf0\x00\x03\xf0\x00\x07\xf0\x00\x03\xf0\x00\x07\xf0\x00\x03\xf0\x00\x07\xf0\x00\x03\xf0\x00\x07\xf0\x00\x03\xf0\x00\x07\xf0\x00\x03\xf0\x00\x07\xf0\x00\x07\xf0\x00\x03\xf0\x00\x07\xf0\x00\x03\xf0\x00\x0f\xf0\x00\x03\xf8\x00\x0f\xf0\x00\x03\xf8\x00\x1f\xf0\x00\x03\xfc\x00?\xf0\x00\x03\xfc\x00\x7f\xf0\x00\x01\xff\x01\xfd\xf0\x00\x01\xff\xff\xfd\xf0\x00\x00\xff\xff\xf8\xf0\x00\x00\xff\xff\xf0\xf0\x00\x00\x7f\xff\xc0\xf8\x00\x00\x1f\xff\x80\xf8\x00\x00\x07\xfc\x00\x00\x00\x00\x00\x00\x00\x00\x00\x00\x00\x00\x00\x00\x00\x00\x00\x00\x00\x00\x00\x00\x00\x00\x00\x00\x00\x00\x00\x00\x00\x00\x00\x00\x00\x00\x00\x00\x00\x00\x00\x00\x00\x00\x00\x00\x00\x00\x00\x00\x00\x00\x00\x00\x00\x00\x00\x00\x00\x00\x00\x00\x00\x00\x00\x00\x00\x00\x00\x00\x00\x00\x00\x00\x00\x00\x00\x00\x00\x00\x00\x00\x00\x00\x00\x00\x00\x00\x00\x00\x00\x00\x00\x00\x00\x00\x00\x00\x00\x00\x00\x00\x00\x00\x00*',
  253:b'\x00\x00\x00\x00\x00\x00\x00\x00\x00\x00\x00\x00\x00\x00\x00\x00\x00\x00\x00\x00\x00\x00\x00\x00\x00\x00\x00\x00\x00\x00\x00\x00\x00\x00\x00\x00\x00\x00\x00\x00\x00\x00\x00\x00\x00\x00\x00\x00\x00\x00\x00\x00\x00\x00\x00\x00\x00\x07\xf8\x00\x00\x00\x07\xf8\x00\x00\x00\x07\xf0\x00\x00\x00\x0f\xe0\x00\x00\x00\x0f\xc0\x00\x00\x00\x1f\xc0\x00\x00\x00\x1f\x80\x00\x00\x00\x1f\x00\x00\x00\x00>\x00\x00\x00\x00>\x00\x00\x00\x00<\x00\x00\x00\x00x\x00\x00\x00\x00\x00\x00\x00\x00\x00\x00\x00\x00\x00\x00\x00\x00\x00\x00\x00\x00\x00\x00\x00\x00\x00\x00\x00\x00\x00\x00\x00\x00\x7f\x00\x00\x07\xf0?\x80\x00\x07\xe0?\x80\x00\x07\xe0?\x80\x00\x0f\xc0\x1f\xc0\x00\x0f\xc0\x1f\xc0\x00\x0f\xc0\x0f\xe0\x00\x1f\xc0\x0f\xe0\x00\x1f\x80\x0f\xe0\x00\x1f\x80\x07\xf0\x00?\x80\x07\xf0\x00?\x00\x03\xf0\x00?\x00\x03\xf8\x00?\x00\x03\xf8\x00~\x00\x01\xf8\x00~\x00\x01\xfc\x00~\x00\x00\xfc\x00\xfc\x00\x00\xfe\x00\xfc\x00\x00\xfe\x00\xfc\x00\x00~\x01\xf8\x00\x00\x7f\x01\xf8\x00\x00?\x01\xf8\x00\x00?\x01\xf0\x00\x00?\x83\xf0\x00\x00\x1f\x83\xf0\x00\x00\x1f\xc3\xe0\x00\x00\x0f\xc7\xe0\x00\x00\x0f\xc7\xe0\x00\x00\x0f\xc7\xc0\x00\x00\x07\xe7\xc0\x00\x00\x07\xe7\xc0\x00\x00\x03\xef\x80\x00\x00\x03\xff\x80\x00\x00\x03\xff\x80\x00\x00\x01\xff\x00\x00\x00\x01\xff\x00\x00\x00\x00\xff\x00\x00\x00\x00\xfe\x00\x00\x00\x00\xfe\x00\x00\x00\x00\xfe\x00\x00\x00\x00\xfc\x00\x00\x00\x00\xfc\x00\x00\x00\x00\xf8\x00\x00\x00\x01\xf8\x00\x00\x00\x01\xf8\x00\x00\x00\x03\xf0\x00\x00\x00\x07\xf0\x00\x00\x00\x0f\xe0\x00\x00\x00\x1f\xe0\x00\x00\x01\xff\xc0\x00\x00\x01\xff\xc0\x00\x00\x01\xff\x80\x00\x00\x03\xff\x00\x00\x00\x03\xfe\x00\x00\x00\x01\xf8\x00\x00\x00\x00\x00\x00\x00\x00\x00\x00\x00\x00\x00$',
  254:b'\x00\x00\x00\x00\x00\x00\x00\x00\x00\x00\x00\x00\x00\x00\x00\x00\x00\x00\x00\x00\x00\x00\x00\x00\x00\x00\x00\x00\x00\x00\x00\x00\x00\x00\x00\x00\x00\x00\x00\x00\x00\x00\x00\x00\x00\x00\x00\x00\x00\x00\x00\x00\x00\x00\x00\x00\x00\x00\x00\x00\x00\x00\x00\x00\x00\x00\x00\x00\x00\x00\x00\x00\x00\x00\x00\x00\x00\x00\x03\xf0\x00\x00\x00\x00\x03\xf0\x00\x00\x00\x00\x03\xf0\x00\x00\x00\x00\x03\xf0\x00\x00\x00\x00\x03\xf0\x00\x00\x00\x00\x03\xf0\x00\x00\x00\x00\x03\xf0\x00\x00\x00\x00\x03\xf0\x00\x00\x00\x00\x03\xf0\x00\x00\x00\x00\x03\xf0\x00\x00\x00\x00\x03\xf0\x00\x00\x00\x00\x03\xf0\x00\x00\x00\x00\x03\xf0\x00\x00\x00\x00\x03\xf0\x00\x00\x00\x00\x03\xf0\x00\x00\x00\x00\x03\xf0\x1f\xf0\x00\x00\x03\xf0\x7f\xfe\x00\x00\x03\xf1\xff\xff\x00\x00\x03\xf3\xff\xff\x80\x00\x03\xf7\xff\xff\xc0\x00\x03\xff\xff\xff\xe0\x00\x03\xff\xc0\x7f\xf0\x00\x03\xff\x00\x1f\xf0\x00\x03\xfe\x00\x07\xf8\x00\x03\xfc\x00\x07\xf8\x00\x03\xfc\x00\x03\xf8\x00\x03\xf8\x00\x01\xfc\x00\x03\xf8\x00\x01\xfc\x00\x03\xf0\x00\x01\xfc\x00\x03\xf0\x00\x01\xfc\x00\x03\xf0\x00\x00\xfc\x00\x03\xf0\x00\x00\xfc\x00\x03\xf0\x00\x00\xfc\x00\x03\xf0\x00\x00\xfc\x00\x03\xf0\x00\x00\xfc\x00\x03\xf0\x00\x00\xfc\x00\x03\xf0\x00\x00\xfc\x00\x03\xf0\x00\x00\xfc\x00\x03\xf0\x00\x00\xfc\x00\x03\xf0\x00\x01\xfc\x00\x03\xf0\x00\x01\xfc\x00\x03\xf0\x00\x01\xfc\x00\x03\xf0\x00\x01\xf8\x00\x03\xf0\x00\x03\xf8\x00\x03\xf0\x00\x03\xf8\x00\x03\xf0\x00\x07\xf0\x00\x03\xf0\x00\x0f\xf0\x00\x03\xf0\x00\x1f\xe0\x00\x03\xf8\x00?\xe0\x00\x03\xff\x00\xff\xc0\x00\x03\xff\xff\xff\x80\x00\x03\xff\xff\xff\x00\x00\x03\xff\xff\xfe\x00\x00\x03\xff\xff\xfc\x00\x00\x03\xf7\xff\xf0\x00\x00\x03\xf1\xff\x80\x00\x00\x03\xf0\x00\x00\x00\x00\x03\xf0\x00\x00\x00\x00\x03\xf0\x00\x00\x00\x00\x03\xf0\x00\x00\x00\x00\x03\xf0\x00\x00\x00\x00\x03\xf0\x00\x00\x00\x00\x03\xf0\x00\x00\x00\x00\x03\xf0\x00\x00\x00\x00\x03\xf0\x00\x00\x00\x00\x03\xf0\x00\x00\x00\x00\x03\xf0\x00\x00\x00\x00\x03\xf0\x00\x00\x00\x00\x03\xf0\x00\x00\x00\x00\x03\xf0\x00\x00\x00\x00\x03\xf0\x00\x00\x00\x00\x00\x00\x00\x00\x00\x00\x00\x00\x00\x00\x00\x00*',
  255:b'\x00\x00\x00\x00\x00\x00\x00\x00\x00\x00\x00\x00\x00\x00\x00\x00\x00\x00\x00\x00\x00\x00\x00\x00\x00\x00\x00\x00\x00\x00\x00\x00\x00\x00\x00\x00\x00\x00\x00\x00\x00\x00\x00\x00\x00\x00\x00\x00\x00\x00\x00\x00\x00\x00\x00\x00\x00\x00\x00\x00\x00\x00\x00\x00\x00\x00x\x00\xf0\x00\x00\xfc\x01\xf8\x00\x01\xfc\x03\xf8\x00\x01\xfe\x03\xfc\x00\x01\xfe\x03\xfc\x00\x01\xfc\x03\xf8\x00\x00\xfc\x01\xf8\x00\x00x\x00\xf0\x00\x00\x00\x00\x00\x00\x00\x00\x00\x00\x00\x00\x00\x00\x00\x00\x00\x00\x00\x00\x00\x00\x00\x00\x00\x00\x00\x00\x00\x00\x00\x00\x00\x00\x00\x00\x00\x00\x00\x00\x00\x7f\x00\x00\x07\xf0?\x80\x00\x07\xe0?\x80\x00\x07\xe0?\x80\x00\x0f\xc0\x1f\xc0\x00\x0f\xc0\x1f\xc0\x00\x0f\xc0\x0f\xe0\x00\x1f\xc0\x0f\xe0\x00\x1f\x80\x0f\xe0\x00\x1f\x80\x07\xf0\x00?\x80\x07\xf0\x00?\x00\x03\xf0\x00?\x00\x03\xf8\x00?\x00\x03\xf8\x00~\x00\x01\xf8\x00~\x00\x01\xfc\x00~\x00\x00\xfc\x00\xfc\x00\x00\xfe\x00\xfc\x00\x00\xfe\x00\xfc\x00\x00~\x01\xf8\x00\x00\x7f\x01\xf8\x00\x00?\x01\xf8\x00\x00?\x01\xf0\x00\x00?\x83\xf0\x00\x00\x1f\x83\xf0\x00\x00\x1f\xc3\xe0\x00\x00\x0f\xc7\xe0\x00\x00\x0f\xc7\xe0\x00\x00\x0f\xc7\xc0\x00\x00\x07\xe7\xc0\x00\x00\x07\xe7\xc0\x00\x00\x03\xef\x80\x00\x00\x03\xff\x80\x00\x00\x03\xff\x80\x00\x00\x01\xff\x00\x00\x00\x01\xff\x00\x00\x00\x00\xff\x00\x00\x00\x00\xfe\x00\x00\x00\x00\xfe\x00\x00\x00\x00\xfe\x00\x00\x00\x00\xfc\x00\x00\x00\x00\xfc\x00\x00\x00\x00\xf8\x00\x00\x00\x01\xf8\x00\x00\x00\x01\xf8\x00\x00\x00\x03\xf0\x00\x00\x00\x07\xf0\x00\x00\x00\x0f\xe0\x00\x00\x00\x1f\xe0\x00\x00\x01\xff\xc0\x00\x00\x01\xff\xc0\x00\x00\x01\xff\x80\x00\x00\x03\xff\x00\x00\x00\x03\xfe\x00\x00\x00\x01\xf8\x00\x00\x00\x00\x00\x00\x00\x00\x00\x00\x00\x00\x00$',
}

def get_ch(ch):
    c = ord(ch)
    if c not in _g.keys():
        return None, 0, 0
    return memoryview(_g[c]), 86, int(_g[c][-1])
