'''
    ezFBfont_PTSansNarrow_48_supp_72 : generated as part of the microPyEZfonts repository
      https://github.com/easytarget/microPyEZfonts

    This font definition can be used with the "ezFBfont" class provided there.
    It can also be used with the "writer" class from Peter Hinches micropython
      font-to-py tool: https://github.com/peterhinch/micropython-font-to-py

    Original PTSansNarrow_48.bdf font file was sourced from the U8G2 project:
      https://github.com/olikraus/u8g2

'''
# Code generated by bdf2dict.py
# Font: PTSansNarrow_48
# Cmd: ['bdf2dict.py'], ['./PTSansNarrow-48.bdf', '_', './supp-char.set']
# Date: 2025-05-28 19:35:45
'''
    Original Copyright, Comments and Notices from source:

    COPYRIGHT Sourced from Google Fonts, Wed 28 May 2025
    COPYRIGHT https://fonts.google.com/specimen/PT+Sans+Narrow
    COPYRIGHT 
    COPYRIGHT Distributed there under the SIL Open Font License, Version 1.1
    COPYRIGHT 
    COPYRIGHT -----------------------------------------------------------
    COPYRIGHT Copyright (c) 2010, ParaType Ltd. (http://www.paratype.com/public),
    COPYRIGHT with Reserved Font Names "PT Sans" and "ParaType".
    COPYRIGHT 
    COPYRIGHT This Font Software is licensed under the SIL Open Font License, Version 1.1.
    COPYRIGHT This license is copied below, and is also available with a FAQ at:
    COPYRIGHT https://openfontlicense.org
    COPYRIGHT 
    COPYRIGHT 
    COPYRIGHT -----------------------------------------------------------
    COPYRIGHT SIL OPEN FONT LICENSE Version 1.1 - 26 February 2007
    COPYRIGHT -----------------------------------------------------------
    COPYRIGHT 
    COPYRIGHT PREAMBLE
    COPYRIGHT The goals of the Open Font License (OFL) are to stimulate worldwide
    COPYRIGHT development of collaborative font projects, to support the font creation
    COPYRIGHT efforts of academic and linguistic communities, and to provide a free and
    COPYRIGHT open framework in which fonts may be shared and improved in partnership
    COPYRIGHT with others.
    COPYRIGHT 
    COPYRIGHT The OFL allows the licensed fonts to be used, studied, modified and
    COPYRIGHT redistributed freely as long as they are not sold by themselves. The
    COPYRIGHT fonts, including any derivative works, can be bundled, embedded,
    COPYRIGHT redistributed and/or sold with any software provided that any reserved
    COPYRIGHT names are not used by derivative works. The fonts and derivatives,
    COPYRIGHT however, cannot be released under any other type of license. The
    COPYRIGHT requirement for fonts to remain under this license does not apply
    COPYRIGHT to any document created using the fonts or their derivatives.
    COPYRIGHT 
    COPYRIGHT DEFINITIONS
    COPYRIGHT "Font Software" refers to the set of files released by the Copyright
    COPYRIGHT Holder(s) under this license and clearly marked as such. This may
    COPYRIGHT include source files, build scripts and documentation.
    COPYRIGHT 
    COPYRIGHT "Reserved Font Name" refers to any names specified as such after the
    COPYRIGHT copyright statement(s).
    COPYRIGHT 
    COPYRIGHT "Original Version" refers to the collection of Font Software components as
    COPYRIGHT distributed by the Copyright Holder(s).
    COPYRIGHT 
    COPYRIGHT "Modified Version" refers to any derivative made by adding to, deleting,
    COPYRIGHT or substituting -- in part or in whole -- any of the components of the
    COPYRIGHT Original Version, by changing formats or by porting the Font Software to a
    COPYRIGHT new environment.
    COPYRIGHT 
    COPYRIGHT "Author" refers to any designer, engineer, programmer, technical
    COPYRIGHT writer or other person who contributed to the Font Software.
    COPYRIGHT 
    COPYRIGHT PERMISSION & CONDITIONS
    COPYRIGHT Permission is hereby granted, free of charge, to any person obtaining
    COPYRIGHT a copy of the Font Software, to use, study, copy, merge, embed, modify,
    COPYRIGHT redistribute, and sell modified and unmodified copies of the Font
    COPYRIGHT Software, subject to the following conditions:
    COPYRIGHT 
    COPYRIGHT 1) Neither the Font Software nor any of its individual components,
    COPYRIGHT in Original or Modified Versions, may be sold by itself.
    COPYRIGHT 
    COPYRIGHT 2) Original or Modified Versions of the Font Software may be bundled,
    COPYRIGHT redistributed and/or sold with any software, provided that each copy
    COPYRIGHT contains the above copyright notice and this license. These can be
    COPYRIGHT included either as stand-alone text files, human-readable headers or
    COPYRIGHT in the appropriate machine-readable metadata fields within text or
    COPYRIGHT binary files as long as those fields can be easily viewed by the user.
    COPYRIGHT 
    COPYRIGHT 3) No Modified Version of the Font Software may use the Reserved Font
    COPYRIGHT Name(s) unless explicit written permission is granted by the corresponding
    COPYRIGHT Copyright Holder. This restriction only applies to the primary font name as
    COPYRIGHT presented to the users.
    COPYRIGHT 
    COPYRIGHT 4) The name(s) of the Copyright Holder(s) or the Author(s) of the Font
    COPYRIGHT Software shall not be used to promote, endorse or advertise any
    COPYRIGHT Modified Version, except to acknowledge the contribution(s) of the
    COPYRIGHT Copyright Holder(s) and the Author(s) or with their explicit written
    COPYRIGHT permission.
    COPYRIGHT 
    COPYRIGHT 5) The Font Software, modified or unmodified, in part or in whole,
    COPYRIGHT must be distributed entirely under this license, and must not be
    COPYRIGHT distributed under any other license. The requirement for fonts to
    COPYRIGHT remain under this license does not apply to any document created
    COPYRIGHT using the Font Software.
    COPYRIGHT 
    COPYRIGHT TERMINATION
    COPYRIGHT This license becomes null and void if any of the above conditions are
    COPYRIGHT not met.
    COPYRIGHT 
    COPYRIGHT DISCLAIMER
    COPYRIGHT THE FONT SOFTWARE IS PROVIDED "AS IS", WITHOUT WARRANTY OF ANY KIND,
    COPYRIGHT EXPRESS OR IMPLIED, INCLUDING BUT NOT LIMITED TO ANY WARRANTIES OF
    COPYRIGHT MERCHANTABILITY, FITNESS FOR A PARTICULAR PURPOSE AND NONINFRINGEMENT
    COPYRIGHT OF COPYRIGHT, PATENT, TRADEMARK, OR OTHER RIGHT. IN NO EVENT SHALL THE
    COPYRIGHT COPYRIGHT HOLDER BE LIABLE FOR ANY CLAIM, DAMAGES OR OTHER LIABILITY,
    COPYRIGHT INCLUDING ANY GENERAL, SPECIAL, INDIRECT, INCIDENTAL, OR CONSEQUENTIAL
    COPYRIGHT DAMAGES, WHETHER IN AN ACTION OF CONTRACT, TORT OR OTHERWISE, ARISING
    COPYRIGHT FROM, OUT OF THE USE OR INABILITY TO USE THE FONT SOFTWARE OR FROM
    COPYRIGHT OTHER DEALINGS IN THE FONT SOFTWARE.
    COPYRIGHT -----------------------------------------------------------
    COPYRIGHT 
    COPYRIGHT Converted from OpenType font "PTSansNarrow.ttf" by "otf2bdf 3.0".
    COPYRIGHT 

    COMMENT "Copyright © 2009 ParaType Ltd. All rights reserved."
'''
version = '0.33'
name = '-freetype-pt sans narrow-medium-r-normal--66-480-100-100-p-245-iso10646-1'
family = 'pt sans narrow'
weight = 'medium'
size = 66

def height():
    return 72

def baseline():
    return 58

def max_width():
    return 48

def hmap():
    return True

def reverse():
    return False

def monospaced():
    return False

def min_ch():
    return 161

def max_ch():
    return 255

_g = {
  161:b'\x00\x00\x00\x00\x00\x00\x00\x00\x00\x00\x00\x00\x00\x00\x00\x00\x00\x00\x00\x00\x00\x00\x00\x00\x00\x00\x00\x00\x00\x00\x00\x00\x00\x00\x00\x00\x00\x00\x00\x00\x00\x00\x00\x00\x00\x00\x00\x00\x00\x00\x00\x00\x00\x00\x00\x00\x00\x00\x00\x00\x00\x00\x00\x00\x00\x00\x00\x00\x00\x03\x80\x00\x07\xc0\x00\x0f\xe0\x00\x0f\xe0\x00\x0f\xe0\x00\x0f\xe0\x00\x07\xc0\x00\x07\x80\x00\x00\x00\x00\x00\x00\x00\x00\x00\x00\x00\x00\x00\x00\x00\x00\x03\x80\x00\x03\x80\x00\x03\x80\x00\x03\x80\x00\x07\x80\x00\x07\x80\x00\x07\x80\x00\x07\x80\x00\x07\xc0\x00\x07\xc0\x00\x07\xc0\x00\x07\xc0\x00\x07\xc0\x00\x07\xc0\x00\x07\xc0\x00\x07\xc0\x00\x07\xc0\x00\x07\xc0\x00\x07\xc0\x00\x07\xc0\x00\x07\xc0\x00\x07\xc0\x00\x07\xc0\x00\x07\xc0\x00\x07\xc0\x00\x07\xc0\x00\x07\xc0\x00\x07\xc0\x00\x07\xc0\x00\x07\xc0\x00\x07\xc0\x00\x07\xc0\x00\x07\xc0\x00\x07\xc0\x00\x07\xc0\x00\x00\x00\x00\x11',
  162:b'\x00\x00\x00\x00\x00\x00\x00\x00\x00\x00\x00\x00\x00\x00\x00\x00\x00\x00\x00\x00\x00\x00\x00\x00\x00\x00\x00\x00\x00\x00\x00\x00\x00\x00\x00\x00\x00\x00\x00\x00\x00\x00\x00\x00\x00\x00\x00\x00\x00\x00\x00\x00\x00\x00\x00\x00\x00\x00\x00\x00\x00\x00\x00\x00\x00\x00\x00\x00\x00\x00\x00\x00\x00\x01\xe0\x00\x00\x01\xe0\x00\x00\x01\xe0\x00\x00\x01\xe0\x00\x00\x01\xe0\x00\x00\x01\xe0\x00\x00\x03\xfc\x00\x00\x1f\xff\x80\x00?\xff\x80\x00\x7f\xff\x80\x00\xfe\xe7\x00\x00\xf8\xe1\x00\x01\xf0\xe0\x00\x01\xf0\xe0\x00\x03\xe0\xe0\x00\x03\xe0\xe0\x00\x03\xe0\xe0\x00\x03\xc0\xe0\x00\x07\xc0\xe0\x00\x07\xc0\xe0\x00\x07\xc0\xe0\x00\x07\xc0\xe0\x00\x07\xc0\xe0\x00\x07\xc0\xe0\x00\x07\xc0\xe0\x00\x07\xc0\xe0\x00\x07\xc0\xe0\x00\x07\xc0\xe0\x00\x07\xe0\xe0\x00\x07\xe0\xe0\x00\x03\xe0\xe0\x00\x03\xe0\xe0\x00\x03\xf0\xe0\x00\x03\xf0\xe0\x00\x01\xf8\xe0\x00\x01\xfe\xe1\x00\x00\xff\xff\x80\x00\x7f\xff\x80\x00?\xff\xc0\x00\x1f\xff\x00\x00\x07\xfc\x00\x00\x01\xe0\x00\x00\x01\xe0\x00\x00\x01\xe0\x00\x00\x01\xe0\x00\x00\x01\xe0\x00\x00\x01\xe0\x00\x00\x00\x00\x00\x00\x00\x00\x00\x00\x00\x00\x00\x00\x00\x00\x00\x00\x00\x00\x00\x00\x00\x00\x00\x00\x00\x00\x00\x1e',
  163:b'\x00\x00\x00\x00\x00\x00\x00\x00\x00\x00\x00\x00\x00\x00\x00\x00\x00\x00\x00\x00\x00\x00\x00\x00\x00\x00\x00\x00\x00\x00\x00\x00\x00\x00\x00\x00\x00\x00\x00\x00\x00\x0f\xfc\x00\x00?\xff\x80\x00\x7f\xff\xc0\x00\xff\xff\x80\x01\xfc\x07\x80\x03\xf0\x01\x80\x03\xe0\x00\x00\x07\xe0\x00\x00\x07\xc0\x00\x00\x07\xc0\x00\x00\x07\xc0\x00\x00\x07\xc0\x00\x00\x07\xc0\x00\x00\x07\xc0\x00\x00\x07\xc0\x00\x00\x07\xc0\x00\x00\x07\xc0\x00\x00\x07\xc0\x00\x00\x07\xe0\x00\x00\x03\xe0\x00\x00\x03\xe0\x00\x00\x03\xf0\x00\x00\x1f\xff\xf0\x00\x1f\xff\xf0\x00\x1f\xff\xf0\x00\x1f\xff\xf0\x00\x00\xf8\x00\x00\x00\xfc\x00\x00\x00|\x00\x00\x00|\x00\x00\x00|\x00\x00\x00|\x00\x00\x00|\x00\x00\x00|\x00\x00\x00|\x00\x00\x00|\x00\x00\x00|\x00\x00\x00|\x00\x00\x00|\x00\x00\x00\xf8\x00\x00\x00\xf8\x00\x00\x01\xf8\x00\x00\x03\xf0\x00\x00\x07\xe0\x00\x00\x1f\xdf\xff\xe0\x1f\xff\xff\xe0\x1f\xff\xff\xe0\x1f\xff\xff\xe0\x00\x00\x00\x00\x00\x00\x00\x00\x00\x00\x00\x00\x00\x00\x00\x00\x00\x00\x00\x00\x00\x00\x00\x00\x00\x00\x00\x00\x00\x00\x00\x00\x00\x00\x00\x00\x00\x00\x00\x00\x00\x00\x00\x00\x00\x00\x00\x00\x00\x00\x00\x00\x00\x00\x00\x00\x1e',
  164:b'\x00\x00\x00\x00\x00\x00\x00\x00\x00\x00\x00\x00\x00\x00\x00\x00\x00\x00\x00\x00\x00\x00\x00\x00\x00\x00\x00\x00\x00\x00\x00\x00\x00\x00\x00\x00\x00\x00\x00\x00\x00\x00\x00\x00\x00\x00\x00\x00\x00\x00\x00\x00\x00\x00\x00\x00\x00\x00\x00\x00\x00\x00\x00\x00\x00\x00\x00\x00\x00\x00\x00\x00\x00\x00\x00\x00\x10\x00\x00\x100\x00\x008x\x00\x00|\xfc\x00\x00\xf8>\x00\x01\xf0\x1f\x0f\xc3\xe0\x0f\xbf\xff\xe0\x07\xff\xff\xc0\x03\xff\xff\x00\x03\xf8?\x00\x03\xe0\x1f\x00\x07\xc0\x0f\x80\x07\xc0\x07\x80\x07\x80\x07\x80\x07\x80\x07\x80\x07\x80\x07\x80\x07\x80\x07\x80\x07\xc0\x07\x80\x07\xc0\x0f\x80\x03\xe0\x1f\x00\x03\xf8?\x00\x03\xff\xff\x00\x07\xff\xff\xc0\x0f\xbf\xff\xe0\x1f\x0f\xe3\xe0>\x00\x01\xf0|\x00\x00\xf8\xf8\x00\x00|8\x00\x008\x10\x00\x00\x10\x00\x00\x00\x00\x00\x00\x00\x00\x00\x00\x00\x00\x00\x00\x00\x00\x00\x00\x00\x00\x00\x00\x00\x00\x00\x00\x00\x00\x00\x00\x00\x00\x00\x00\x00\x00\x00\x00\x00\x00\x00\x00\x00\x00\x00\x00\x00\x00\x00\x00\x00\x00\x00\x00\x00\x00\x00\x00\x00\x00\x00\x00\x00\x00\x00\x00\x00\x00\x00\x00\x00\x00\x00\x00\x00\x00\x00\x00\x00\x00\x00\x00\x00\x00\x00\x00\x00\x00\x00\x00\x00\x00\x1e',
  165:b'\x00\x00\x00\x00\x00\x00\x00\x00\x00\x00\x00\x00\x00\x00\x00\x00\x00\x00\x00\x00\x00\x00\x00\x00\x00\x00\x00\x00\x00\x00\x00\x00\x00\x00\x00\x00\x00\x00\x00\x00\x00\x00\x00\x00\xfc\x00\x00\xfc~\x00\x00\xf8~\x00\x00\xf8?\x00\x01\xf0?\x00\x01\xf0\x1f\x00\x03\xf0\x1f\x80\x03\xe0\x0f\x80\x03\xe0\x0f\xc0\x07\xc0\x0f\xc0\x07\xc0\x07\xc0\x0f\x80\x07\xe0\x0f\x80\x03\xe0\x0f\x80\x03\xf0\x1f\x00\x01\xf0\x1f\x00\x01\xf0>\x00\x01\xf8>\x00\x00\xf8<\x00\x00\xfc|\x00\x00|x\x00\x00~\xf8\x00\x00>\xf8\x00\x00>\xf0\x00\x00\x1e\xf0\x00\x00\x1e\xe0\x00\x03\xff\xff\x00\x03\xff\xff\x00\x03\xff\xff\x00\x03\xff\xff\x00\x00\x07\xc0\x00\x00\x07\xc0\x00\x00\x07\xc0\x00\x00\x07\xc0\x00\x00\x07\xc0\x00\x03\xff\xff\x00\x03\xff\xff\x00\x03\xff\xff\x00\x03\xff\xff\x00\x00\x07\xc0\x00\x00\x07\xc0\x00\x00\x07\xc0\x00\x00\x07\xc0\x00\x00\x07\xc0\x00\x00\x07\xc0\x00\x00\x07\xc0\x00\x00\x07\xc0\x00\x00\x07\xc0\x00\x00\x00\x00\x00\x00\x00\x00\x00\x00\x00\x00\x00\x00\x00\x00\x00\x00\x00\x00\x00\x00\x00\x00\x00\x00\x00\x00\x00\x00\x00\x00\x00\x00\x00\x00\x00\x00\x00\x00\x00\x00\x00\x00\x00\x00\x00\x00\x00\x00\x00\x00\x00\x00\x00\x00\x00\x1e',
  166:b'\x00\x00\x00\x00\x00\x00\x00\x00\x00\x00\x00\x00\x00\x00\x00\x00\x00\x00\x00\x00\x00\x00\x0f\x00\x0f\x00\x0f\x00\x0f\x00\x0f\x00\x0f\x00\x0f\x00\x0f\x00\x0f\x00\x0f\x00\x0f\x00\x0f\x00\x0f\x00\x0f\x00\x0f\x00\x0f\x00\x0f\x00\x0f\x00\x0f\x00\x0f\x00\x0f\x00\x0f\x00\x0f\x00\x00\x00\x00\x00\x00\x00\x00\x00\x00\x00\x00\x00\x00\x00\x00\x00\x00\x00\x00\x00\x0f\x00\x0f\x00\x0f\x00\x0f\x00\x0f\x00\x0f\x00\x0f\x00\x0f\x00\x0f\x00\x0f\x00\x0f\x00\x0f\x00\x0f\x00\x0f\x00\x0f\x00\x0f\x00\x0f\x00\x0f\x00\x0f\x00\x0f\x00\x0f\x00\x0f\x00\x0f\x00\x00\x00\x00\x00\x00\x00\x00\x00\x00\x00\r',
  167:b'\x00\x00\x00\x00\x00\x00\x00\x00\x00\x00\x00\x00\x00\x00\x00\x00\x00\x00\x00\x00\x00\x00\x00\x00\x00\x00\x00\x00\x00\x00\x00\x00\x00\x00\x00\x00\x00\x00\x00\x00\x00?\xe0\x00\x00\xff\xfc\x00\x01\xff\xfc\x00\x03\xff\xfc\x00\x03\xf0<\x00\x07\xe0\x08\x00\x07\xc0\x00\x00\x07\xc0\x00\x00\x07\xc0\x00\x00\x07\xc0\x00\x00\x07\xe0\x00\x00\x07\xf0\x00\x00\x03\xf8\x00\x00\x01\xfe\x00\x00\x01\xff\x80\x00\x00\x7f\xe0\x00\x03\xff\xf0\x00\x07\xff\xf8\x00\x07\xc3\xfc\x00\x0f\x80\xfe\x00\x0f\x80~\x00\x1f\x00?\x00\x1f\x00\x1f\x00\x1f\x00\x1f\x00\x1f\x00\x1f\x00\x1f\x00\x1f\x00\x1f\x00\x1f\x00\x1f\x80\x1f\x00\x0f\xc0>\x00\x0f\xe0>\x00\x07\xf8~\x00\x03\xfe\xfc\x00\x01\xff\xf8\x00\x00\xff\xe0\x00\x00?\xf0\x00\x00\x0f\xf0\x00\x00\x03\xf8\x00\x00\x00\xfc\x00\x00\x00|\x00\x00\x00|\x00\x00\x00|\x00\x00\x00|\x00\x00\x00|\x00\x02\x00\xfc\x00\x07\x81\xf8\x00\x07\xff\xf8\x00\x07\xff\xf0\x00\x07\xff\xe0\x00\x00\xff\x80\x00\x00\x00\x00\x00\x00\x00\x00\x00\x00\x00\x00\x00\x00\x00\x00\x00\x00\x00\x00\x00\x00\x00\x00\x00\x00\x00\x00\x00\x00\x00\x00\x00\x00\x00\x00\x00\x00\x00\x00\x00\x00\x00\x00\x00\x00\x00\x00\x00\x00\x00\x00\x00\x1b',
  168:b'\x00\x00\x00\x00\x00\x00\x00\x00\x00\x00\x00\x00\x00\x00\x00\x00\x00\x00\x00\x00\x00\x00\x00\x00\x00\x00\x00\x00\x00\x00\x00\x00\x00\x07\x80\xe0\x0f\x81\xf0\x0f\xc1\xf0\x0f\xc1\xf0\x0f\x81\xf0\x07\x80\xe0\x00\x00\x00\x00\x00\x00\x00\x00\x00\x00\x00\x00\x00\x00\x00\x00\x00\x00\x00\x00\x00\x00\x00\x00\x00\x00\x00\x00\x00\x00\x00\x00\x00\x00\x00\x00\x00\x00\x00\x00\x00\x00\x00\x00\x00\x00\x00\x00\x00\x00\x00\x00\x00\x00\x00\x00\x00\x00\x00\x00\x00\x00\x00\x00\x00\x00\x00\x00\x00\x00\x00\x00\x00\x00\x00\x00\x00\x00\x00\x00\x00\x00\x00\x00\x00\x00\x00\x00\x00\x00\x00\x00\x00\x00\x00\x00\x00\x00\x00\x00\x00\x00\x00\x00\x00\x00\x00\x00\x00\x00\x00\x00\x00\x00\x00\x00\x00\x00\x00\x00\x00\x00\x00\x00\x00\x00\x00\x00\x00\x00\x00\x00\x00\x00\x00\x00\x00\x00\x00\x00\x00\x00\x00\x00\x00\x00\x00\x00\x00\x00\x00\x00\x00\x00\x00\x00\x00\x00\x00\x00\x00\x00\x00\x00\x00\x18',
  169:b'\x00\x00\x00\x00\x00\x00\x00\x00\x00\x00\x00\x00\x00\x00\x00\x00\x00\x00\x00\x00\x00\x00\x00\x00\x00\x00\x00\x00\x00\x00\x00\x00\x00\x00\x00\x00\x00\x00\x00\x00\x00\x00\x00\x00\x00\x00\x00\x00\x00\x00\x00\x00\x00\x00\x00\x00\x00\x00\x00\x00\x00\x00\x00\x00\x00\x00\x00\x00\x00\x00\x00\x00\x00\x00\x00\x00\x00\x00\x00\x00\x00\x00\x00\x00\x00\x00\x00\x00\x00\x00\x00\x00\x00\x00\x00\x00\x00\x00\x00\x00\x00\x00\x00\x00\x00\x00\x00\x00\x00\x00\x1f\xf0\x00\x00\x00\x01\xff\xfe\x00\x00\x00\x07\xff\xff\x80\x00\x00\x1f\xff\xff\xe0\x00\x00?\xe0\x1f\xf0\x00\x00\x7f\x00\x03\xf8\x00\x00\xfc\x00\x00\xfc\x00\x01\xf8\x00\x00>\x00\x01\xf0\x00\x00\x1f\x00\x03\xe0\x0f\xe0\x0f\x80\x07\xc0?\xf8\x0f\x80\x07\x80\x7f\xf8\x07\xc0\x07\x80\xff\xf8\x03\xc0\x0f\x01\xf8\x10\x03\xc0\x0f\x01\xf0\x00\x03\xe0\x0f\x03\xe0\x00\x01\xe0\x0f\x03\xe0\x00\x01\xe0\x1f\x03\xe0\x00\x01\xe0\x1e\x03\xe0\x00\x01\xe0\x1e\x03\xe0\x00\x01\xe0\x1e\x03\xe0\x00\x01\xe0\x1e\x03\xe0\x00\x01\xe0\x1e\x03\xe0\x00\x01\xe0\x0f\x03\xe0\x00\x01\xe0\x0f\x03\xf0\x00\x01\xe0\x0f\x01\xf0\x00\x03\xe0\x0f\x01\xfc\x18\x03\xc0\x0f\x80\xff\xf8\x03\xc0\x07\x80\x7f\xfc\x07\xc0\x07\xc0?\xfc\x0f\x80\x03\xe0\x0f\xe0\x0f\x80\x03\xf0\x00\x00\x1f\x00\x01\xf8\x00\x00>\x00\x00\xfc\x00\x00\xfc\x00\x00\x7f\x00\x01\xfc\x00\x00?\xe0\x0f\xf0\x00\x00\x1f\xff\xff\xe0\x00\x00\x0f\xff\xff\xc0\x00\x00\x01\xff\xfe\x00\x00\x00\x00?\xf0\x00\x00\x00\x00\x00\x00\x00\x00\x00\x00\x00\x00\x00\x00\x00\x00\x00\x00\x00\x00\x00\x00\x00\x00\x00\x00\x00\x00\x00\x00\x00\x00\x00\x00\x00\x00\x00\x00\x00\x00\x00\x00\x00\x00\x00\x00\x00\x00\x00\x00\x00\x00\x00\x00\x00\x00\x00\x00\x00\x00\x00\x00\x00\x00\x00\x00\x00\x00\x00\x00\x00\x00\x00\x00\x00\x00\x00\x00\x00\x00\x00\x00\x00\x00\x00\x00.',
  170:b'\x00\x00\x00\x00\x00\x00\x00\x00\x00\x00\x00\x00\x00\x00\x00\x00\x00\x00\x00\x00\x00\x00\x00\x00\x00\x00\x00\x00\x00\x00\x00\x00\x00\x01\xfe\x00\x0f\xff\x80\x1f\xff\x80\x0f\xff\xc0\x0c\x07\xc0\x00\x03\xc0\x00\x03\xc0\x00\x03\xc0\x00\x7f\xc0\x03\xff\xc0\x0f\xff\xc0\x0f\xff\xc0\x1f\x83\xc0\x1e\x03\xc0>\x03\xc0>\x03\xc0>\x07\xc0\x1f\x0f\xc0\x1f\xff\xc0\x1f\xfd\xc0\x0f\xf9\xc0\x03\xf1\xe0\x00\x00\x00\x00\x00\x00\x00\x00\x00\x00\x00\x00\x00\x00\x00\x00\x00\x00\x00\x00\x00\x00\x00\x00\x00\x00\x00\x00\x00\x00\x00\x00\x00\x00\x00\x00\x00\x00\x00\x00\x00\x00\x00\x00\x00\x00\x00\x00\x00\x00\x00\x00\x00\x00\x00\x00\x00\x00\x00\x00\x00\x00\x00\x00\x00\x00\x00\x00\x00\x00\x00\x00\x00\x00\x00\x00\x00\x00\x00\x00\x00\x00\x00\x00\x00\x00\x00\x00\x00\x00\x00\x00\x00\x00\x00\x00\x00\x00\x00\x00\x00\x00\x00\x00\x00\x00\x00\x00\x00\x00\x00\x00\x00\x00\x00\x00\x00\x15',
  171:b'\x00\x00\x00\x00\x00\x00\x00\x00\x00\x00\x00\x00\x00\x00\x00\x00\x00\x00\x00\x00\x00\x00\x00\x00\x00\x00\x00\x00\x00\x00\x00\x00\x00\x00\x00\x00\x00\x00\x00\x00\x00\x00\x00\x00\x00\x00\x00\x00\x00\x00\x00\x00\x00\x00\x00\x00\x00\x00\x00\x00\x00\x00\x00\x00\x00\x00\x00\x00\x00\x00\x00\x00\x00\x00\x00\x00\x00\x00\x00\x00\x00\x00\x00\x00\x00\x00\x00\x00\x00\x00\x00\x00\x00\x00\x00\x00\x00\x00\x00\x00\x00 \x08\x00\x008\x0c\x00\x00|\x1f\x00\x00x\x1e\x00\x00\xf8>\x00\x01\xf0|\x00\x01\xf0x\x00\x03\xe0\xf8\x00\x03\xe0\xf0\x00\x07\xc1\xf0\x00\x07\xc1\xe0\x00\x0f\x83\xe0\x00\x0f\x07\xc0\x00\x1f\x07\x80\x00>\x0f\x00\x00<\x0f\x00\x00\x1e\x07\x80\x00\x1f\x07\xc0\x00\x0f\x83\xe0\x00\x0f\xc3\xe0\x00\x07\xc1\xf0\x00\x03\xe0\xf8\x00\x03\xe0\xf8\x00\x01\xf0|\x00\x00\xf0<\x00\x00\xf8>\x00\x00|\x1e\x00\x00|\x1f\x00\x008\x0e\x00\x00\x10\x08\x00\x00\x00\x00\x00\x00\x00\x00\x00\x00\x00\x00\x00\x00\x00\x00\x00\x00\x00\x00\x00\x00\x00\x00\x00\x00\x00\x00\x00\x00\x00\x00\x00\x00\x00\x00\x00\x00\x00\x00\x00\x00\x00\x00\x00\x00\x00\x00\x00\x00\x00\x00\x00\x00\x00\x00\x00\x00\x00\x00\x00\x00\x00\x00\x00\x00\x00\x00\x00\x1a',
  172:b'\x00\x00\x00\x00\x00\x00\x00\x00\x00\x00\x00\x00\x00\x00\x00\x00\x00\x00\x00\x00\x00\x00\x00\x00\x00\x00\x00\x00\x00\x00\x00\x00\x00\x00\x00\x00\x00\x00\x00\x00\x00\x00\x00\x00\x00\x00\x00\x00\x00\x00\x00\x00\x00\x00\x00\x00\x00\x00\x00\x00\x00\x00\x00\x00\x00\x00\x00\x00\x00\x00\x00\x00\x00\x00\x00\x00\x00\x00\x00\x00\x00\x00\x00\x00\x00\x00\x00\x00\x00\x00\x00\x00\x00\x00\x00\x00\x00\x00\x00\x00\x00\x00\x00\x00\x00\x00\x00\x00\x00\x00\x00\x00\x00\x00\x00\x00\x00\x00\x00\x00\x00\x00\x00\x00\x00\x00\x00\x00?\xff\xff\x80?\xff\xff\x80?\xff\xff\x80?\xff\xff\x80?\xff\xff\x80\x00\x00\x07\x80\x00\x00\x07\x80\x00\x00\x07\x80\x00\x00\x07\x80\x00\x00\x07\x80\x00\x00\x07\x80\x00\x00\x07\x80\x00\x00\x07\x80\x00\x00\x00\x00\x00\x00\x00\x00\x00\x00\x00\x00\x00\x00\x00\x00\x00\x00\x00\x00\x00\x00\x00\x00\x00\x00\x00\x00\x00\x00\x00\x00\x00\x00\x00\x00\x00\x00\x00\x00\x00\x00\x00\x00\x00\x00\x00\x00\x00\x00\x00\x00\x00\x00\x00\x00\x00\x00\x00\x00\x00\x00\x00\x00\x00\x00\x00\x00\x00\x00\x00\x00\x00\x00\x00\x00\x00\x00\x00\x00\x00\x00\x00\x00\x00\x00\x00\x00\x00\x00\x00\x00\x00\x00\x00\x00\x00\x00\x00\x00\x00\x00\x00\x00\x00\x00\x00\x00\x1c',
  173:b'\x00\x00\x00\x00\x00\x00\x00\x00\x00\x00\x00\x00\x00\x00\x00\x00\x00\x00\x00\x00\x00\x00\x00\x00\x00\x00\x00\x00\x00\x00\x00\x00\x00\x00\x00\x00\x00\x00\x00\x00\x00\x00\x00\x00\x00\x00\x00\x00\x00\x00\x00\x00\x00\x00\x00\x00\x00\x00\x00\x00\x00\x00\x00\x00\x00\x00\x00\x00\x00\x00\x00\x00\x00\x00\x00\x00\x00\x00\x00\x00\x00\x00\x00\x00\x00\x00\x00\x00\x00\x00\x00\x00\x00\x00\x00\x00\x00\x00\x00\x00\x00\x00\x00\x00\x00\x00\x00\x00\x1f\xff\x00\x1f\xff\x00\x1f\xff\x00\x1f\xff\x00\x1f\xff\x00\x00\x00\x00\x00\x00\x00\x00\x00\x00\x00\x00\x00\x00\x00\x00\x00\x00\x00\x00\x00\x00\x00\x00\x00\x00\x00\x00\x00\x00\x00\x00\x00\x00\x00\x00\x00\x00\x00\x00\x00\x00\x00\x00\x00\x00\x00\x00\x00\x00\x00\x00\x00\x00\x00\x00\x00\x00\x00\x00\x00\x00\x00\x00\x00\x00\x00\x00\x00\x00\x00\x00\x00\x00\x00\x00\x00\x00\x00\x00\x00\x00\x00\x00\x00\x00\x00\x00\x00\x00\x00\x00\x00\x00\x14',
  174:b'\x00\x00\x00\x00\x00\x00\x00\x00\x00\x00\x00\x00\x00\x00\x00\x00\x00\x00\x00\x00\x00\x00\x00\x00\x00\x00\x00\x00\x00\x00\x00\x00\x00\x00\x00\x00\x00\x00\x00\x00\x00\x00\x00\x00\x00\x00\x00\x00\x00\x00\x00\x00\xff\x00\x00\x00\x07\xff\xe0\x00\x00\x1f\xff\xf8\x00\x00?\x01\xfc\x00\x00|\x00>\x00\x00\xf0\x00\x1f\x00\x01\xe0\x00\x0f\x80\x01\xc3\xfe\x07\x80\x03\xc3\xff\x03\xc0\x03\x83\xff\x83\xc0\x07\x83\x87\x81\xc0\x07\x83\x83\x81\xc0\x07\x83\x83\x81\xe0\x07\x83\x87\x81\xe0\x07\x03\xff\x01\xe0\x07\x03\xfe\x01\xe0\x07\x03\xbe\x01\xe0\x07\x83\x8f\x01\xe0\x07\x83\x87\x01\xc0\x07\x83\x87\x81\xc0\x03\x83\x83\xc3\xc0\x03\xc3\x81\xc3\xc0\x03\xe3\x81\xe7\x80\x01\xe0\x00\x0f\x80\x00\xf0\x00\x1f\x00\x00|\x00>\x00\x00?\x00\xfc\x00\x00\x1f\xff\xf8\x00\x00\x07\xff\xe0\x00\x00\x01\xff\x00\x00\x00\x00\x00\x00\x00\x00\x00\x00\x00\x00\x00\x00\x00\x00\x00\x00\x00\x00\x00\x00\x00\x00\x00\x00\x00\x00\x00\x00\x00\x00\x00\x00\x00\x00\x00\x00\x00\x00\x00\x00\x00\x00\x00\x00\x00\x00\x00\x00\x00\x00\x00\x00\x00\x00\x00\x00\x00\x00\x00\x00\x00\x00\x00\x00\x00\x00\x00\x00\x00\x00\x00\x00\x00\x00\x00\x00\x00\x00\x00\x00\x00\x00\x00\x00\x00\x00\x00\x00\x00\x00\x00\x00\x00\x00\x00\x00\x00\x00\x00\x00\x00\x00\x00\x00\x00\x00\x00\x00\x00\x00\x00\x00\x00\x00\x00\x00\x00\x00\x00\x00\x00\x00\x00\x00\x00\x00\x00\x00\x00\x00\x00\x00\x00\x00\x00\x00\x00\x00\x00\x00\x00\x00\x00\x00\x00\x00\x00\x00\x00\x00\x00\x00\x00\x00\x00\x00\x00\x00\x00\x00(',
  175:b'\x00\x00\x00\x00\x00\x00\x00\x00\x00\x00\x00\x00\x00\x00\x00\x00\x00\x00\x00\x00\x00\x00\x00\x00\x00\x00\x00\x00\x00\x00\x00\x00\x00\x00\x00\x00\x00\x00\x00\x00\x00\x00\x00\x00\x00\x0f\xff\xf0\x0f\xff\xf0\x0f\xff\xf0\x0f\xff\xf0\x00\x00\x00\x00\x00\x00\x00\x00\x00\x00\x00\x00\x00\x00\x00\x00\x00\x00\x00\x00\x00\x00\x00\x00\x00\x00\x00\x00\x00\x00\x00\x00\x00\x00\x00\x00\x00\x00\x00\x00\x00\x00\x00\x00\x00\x00\x00\x00\x00\x00\x00\x00\x00\x00\x00\x00\x00\x00\x00\x00\x00\x00\x00\x00\x00\x00\x00\x00\x00\x00\x00\x00\x00\x00\x00\x00\x00\x00\x00\x00\x00\x00\x00\x00\x00\x00\x00\x00\x00\x00\x00\x00\x00\x00\x00\x00\x00\x00\x00\x00\x00\x00\x00\x00\x00\x00\x00\x00\x00\x00\x00\x00\x00\x00\x00\x00\x00\x00\x00\x00\x00\x00\x00\x00\x00\x00\x00\x00\x00\x00\x00\x00\x00\x00\x00\x00\x00\x00\x00\x00\x00\x00\x00\x00\x00\x00\x00\x00\x00\x00\x00\x00\x00\x00\x00\x00\x00\x00\x00\x18',
  176:b'\x00\x00\x00\x00\x00\x00\x00\x00\x00\x00\x00\x00\x00\x00\x00\x00\x00\x00\x00\x00\x00\x00\x00\x00\x00\x00\x00\x00\x00\x00\x00~\x00\x01\xff\x80\x03\xff\xc0\x03\xff\xc0\x07\xc3\xe0\x07\x81\xe0\x0f\x81\xf0\x0f\x00\xf0\x0f\x00\xf0\x0f\x00\xf0\x0f\x00\xf0\x0f\x00\xf0\x0f\x81\xf0\x07\x81\xe0\x07\xc3\xe0\x03\xff\xc0\x03\xff\xc0\x01\xff\x80\x00~\x00\x00\x00\x00\x00\x00\x00\x00\x00\x00\x00\x00\x00\x00\x00\x00\x00\x00\x00\x00\x00\x00\x00\x00\x00\x00\x00\x00\x00\x00\x00\x00\x00\x00\x00\x00\x00\x00\x00\x00\x00\x00\x00\x00\x00\x00\x00\x00\x00\x00\x00\x00\x00\x00\x00\x00\x00\x00\x00\x00\x00\x00\x00\x00\x00\x00\x00\x00\x00\x00\x00\x00\x00\x00\x00\x00\x00\x00\x00\x00\x00\x00\x00\x00\x00\x00\x00\x00\x00\x00\x00\x00\x00\x00\x00\x00\x00\x00\x00\x00\x00\x00\x00\x00\x00\x00\x00\x00\x00\x00\x00\x00\x00\x00\x00\x00\x00\x00\x00\x00\x00\x00\x00\x00\x00\x00\x00\x00\x00\x00\x17',
  177:b'\x00\x00\x00\x00\x00\x00\x00\x00\x00\x00\x00\x00\x00\x00\x00\x00\x00\x00\x00\x00\x00\x00\x00\x00\x00\x00\x00\x00\x00\x00\x00\x00\x00\x00\x00\x00\x00\x00\x00\x00\x00\x00\x00\x00\x00\x00\x00\x00\x00\x00\x00\x00\x00\x00\x00\x00\x00\x00\x00\x00\x00\x00\x00\x00\x00\x00\x00\x00\x00\x0f\x00\x00\x00\x0f\x00\x00\x00\x0f\x00\x00\x00\x0f\x00\x00\x00\x0f\x00\x00\x00\x0f\x00\x00\x00\x0f\x00\x00\x00\x0f\x00\x00\x00\x0f\x00\x00\x00\x0f\x00\x00?\xff\xff\x80?\xff\xff\x80?\xff\xff\x80?\xff\xff\x80\x00\x0f\x00\x00\x00\x0f\x00\x00\x00\x0f\x00\x00\x00\x0f\x00\x00\x00\x0f\x00\x00\x00\x0f\x00\x00\x00\x0f\x00\x00\x00\x00\x00\x00\x00\x00\x00\x00\x00\x00\x00\x00\x00\x00\x00\x00?\xff\xff\x80?\xff\xff\x80?\xff\xff\x80?\xff\xff\x80\x00\x00\x00\x00\x00\x00\x00\x00\x00\x00\x00\x00\x00\x00\x00\x00\x00\x00\x00\x00\x00\x00\x00\x00\x00\x00\x00\x00\x00\x00\x00\x00\x00\x00\x00\x00\x00\x00\x00\x00\x00\x00\x00\x00\x00\x00\x00\x00\x00\x00\x00\x00\x00\x00\x00\x00\x00\x00\x00\x00\x00\x00\x00\x00\x00\x00\x00\x00\x00\x00\x00\x00\x00\x00\x00\x00\x00\x00\x00\x00\x00\x00\x00\x00\x00\x00\x00\x00\x00\x00\x00\x00\x00\x00\x00\x00\x00\x00\x00\x00\x00\x00\x00\x00\x1c',
  178:b'\x00\x00\x00\x00\x00\x00\x00\x00\x00\x00\x00\x00\x01\xfc\x00\x07\xff\x00\x0f\xff\x00\x0f\xff\x80\x0e\x0f\x80\x08\x07\xc0\x00\x07\xc0\x00\x03\xc0\x00\x03\xc0\x00\x03\xc0\x00\x07\xc0\x00\x07\x80\x00\x07\x80\x00\x0f\x80\x00\x0f\x00\x00\x1f\x00\x00\x1e\x00\x00>\x00\x00<\x00\x00|\x00\x00\xf8\x00\x00\xf0\x00\x01\xf0\x00\x03\xe0\x00\x07\xc0\x00\x0f\xbf\xe0\x1f\xff\xe0\x1f\xff\xe0\x1f\xff\xe0\x00\x00\x00\x00\x00\x00\x00\x00\x00\x00\x00\x00\x00\x00\x00\x00\x00\x00\x00\x00\x00\x00\x00\x00\x00\x00\x00\x00\x00\x00\x00\x00\x00\x00\x00\x00\x00\x00\x00\x00\x00\x00\x00\x00\x00\x00\x00\x00\x00\x00\x00\x00\x00\x00\x00\x00\x00\x00\x00\x00\x00\x00\x00\x00\x00\x00\x00\x00\x00\x00\x00\x00\x00\x00\x00\x00\x00\x00\x00\x00\x00\x00\x00\x00\x00\x00\x00\x00\x00\x00\x00\x00\x00\x00\x00\x00\x00\x00\x00\x00\x00\x00\x00\x00\x00\x00\x00\x00\x00\x00\x00\x00\x00\x00\x00\x00\x00\x16',
  179:b'\x00\x00\x00\x00\x00\x00\x00\x00\x00\x00\x00\x00\x00\x00\x00\x0f\xff\xc0\x0f\xff\xc0\x0f\xff\xc0\x0f\xff\x80\x00\x07\x80\x00\x0f\x00\x00\x1e\x00\x00\x1e\x00\x00<\x00\x00x\x00\x00x\x00\x00\xf0\x00\x00\xfe\x00\x01\xff\x80\x01\xff\x80\x01\xff\xc0\x00\x0f\xc0\x00\x03\xe0\x00\x03\xe0\x00\x03\xe0\x00\x01\xe0\x00\x03\xe0\x00\x03\xe0\x00\x03\xc0\x04\x0f\xc0\x0f\xff\x80\x0f\xff\x00\x0f\xfe\x00\x03\xf8\x00\x00\x00\x00\x00\x00\x00\x00\x00\x00\x00\x00\x00\x00\x00\x00\x00\x00\x00\x00\x00\x00\x00\x00\x00\x00\x00\x00\x00\x00\x00\x00\x00\x00\x00\x00\x00\x00\x00\x00\x00\x00\x00\x00\x00\x00\x00\x00\x00\x00\x00\x00\x00\x00\x00\x00\x00\x00\x00\x00\x00\x00\x00\x00\x00\x00\x00\x00\x00\x00\x00\x00\x00\x00\x00\x00\x00\x00\x00\x00\x00\x00\x00\x00\x00\x00\x00\x00\x00\x00\x00\x00\x00\x00\x00\x00\x00\x00\x00\x00\x00\x00\x00\x00\x00\x00\x00\x00\x00\x00\x00\x00\x00\x00\x00\x16',
  180:b'\x00\x00\x00\x00\x00\x00\x00\x00\x00\x00\x00\x00\x00\x00\x00\x00\x00\x00\x00\x00\x01\xf0\x01\xf0\x03\xf0\x03\xe0\x03\xc0\x07\xc0\x07\x80\x07\x80\x0f\x00\x0e\x00\x00\x00\x00\x00\x00\x00\x00\x00\x00\x00\x00\x00\x00\x00\x00\x00\x00\x00\x00\x00\x00\x00\x00\x00\x00\x00\x00\x00\x00\x00\x00\x00\x00\x00\x00\x00\x00\x00\x00\x00\x00\x00\x00\x00\x00\x00\x00\x00\x00\x00\x00\x00\x00\x00\x00\x00\x00\x00\x00\x00\x00\x00\x00\x00\x00\x00\x00\x00\x00\x00\x00\x00\x00\x00\x00\x00\x00\x00\x00\x00\x00\x00\x00\x00\x00\x00\x00\x00\x00\x00\x00\x00\x00\x00\x00\x00\x00\x00\x00\x00\x00\x00\x00\x00\x10',
  181:b'\x00\x00\x00\x00\x00\x00\x00\x00\x00\x00\x00\x00\x00\x00\x00\x00\x00\x00\x00\x00\x00\x00\x00\x00\x00\x00\x00\x00\x00\x00\x00\x00\x00\x00\x00\x00\x00\x00\x00\x00\x00\x00\x00\x00\x00\x00\x00\x00\x00\x00\x00\x00\x00\x00\x00\x00\x00\x00\x00\x00\x00\x00\x00\x00\x00\x00\x00\x00\x00\x00\x00\x00\x00\x00\x00\x00\x00\x00\x00\x00\x00\x00\x00\x00\x00\x00\x00\x00\x00\x00\x00\x00\x00\x00\x00\x00\x0f\x00\x03\xe0\x0f\x00\x03\xe0\x0f\x00\x03\xe0\x0f\x00\x03\xe0\x0f\x00\x03\xe0\x0f\x00\x03\xe0\x0f\x00\x03\xe0\x0f\x00\x03\xe0\x0f\x00\x03\xe0\x0f\x00\x03\xe0\x0f\x00\x03\xe0\x0f\x00\x03\xe0\x0f\x00\x03\xe0\x0f\x00\x03\xe0\x0f\x00\x03\xe0\x0f\x00\x03\xe0\x0f\x00\x03\xe0\x0f\x00\x03\xe0\x0f\x00\x03\xe0\x0f\x00\x03\xe0\x0f\x00\x03\xe0\x0f\x00\x03\xe0\x0f\x00\x03\xe0\x0f\x00\x03\xe0\x0f\x80\x03\xe0\x0f\x80\x07\xe0\x0f\x80\x07\xe0\x0f\x80\x0f\xe0\x0f\xc0\x0f\xe0\x0f\xc0\x1f\xe0\x0f\xf0}\xe0\x0f\xff\xf9\xe0\x0e\xff\xf1\xe0\x0f\x7f\xe0\xe0\x0f\x1f\x80\x00\x0f\x00\x00\x00\x0f\x00\x00\x00\x0f\x00\x00\x00\x0f\x00\x00\x00\x0f\x00\x00\x00\x0f\x00\x00\x00\x0f\x00\x00\x00\x0f\x00\x00\x00\x0f\x00\x00\x00\x0f\x00\x00\x00\x0f\x00\x00\x00\x0f\x00\x00\x00\x00\x00\x00\x00\x1e',
  182:b'\x00\x00\x00\x00\x00\x00\x00\x00\x00\x00\x00\x00\x00\x00\x00\x00\x00\x00\x00\x00\x00\x00\x00\x00\x00\x00\x00\x00\x00\x00\x00\x00\x00\x00\x00\x00\x00\x00\x00\x00\x00\x00\x00\x00\x00\xfc\x1e\x00\x01\xfc\x1e\x00\x07\xfc\x1e\x00\x07\xfc\x1e\x00\x0f\xfc\x1e\x00\x1f\xfc\x1e\x00\x1f\xfc\x1e\x00\x1f\xfc\x1e\x00?\xfc\x1e\x00?\xfc\x1e\x00?\xfc\x1e\x00?\xfc\x1e\x00?\xfc\x1e\x00?\xfc\x1e\x00?\xfc\x1e\x00?\xfc\x1e\x00?\xfc\x1e\x00?\xfc\x1e\x00\x1f\xfc\x1e\x00\x1f\xfc\x1e\x00\x1f\xfc\x1e\x00\x0f\xfc\x1e\x00\x0f\xfc\x1e\x00\x07\xfc\x1e\x00\x03\xfc\x1e\x00\x00\xfc\x1e\x00\x00<\x1e\x00\x00<\x1e\x00\x00<\x1e\x00\x00<\x1e\x00\x00<\x1e\x00\x00<\x1e\x00\x00<\x1e\x00\x00<\x1e\x00\x00<\x1e\x00\x00<\x1e\x00\x00<\x1e\x00\x00<\x1e\x00\x00<\x1e\x00\x00<\x1e\x00\x00<\x1e\x00\x00<\x1e\x00\x00<\x1e\x00\x00<\x1e\x00\x00<\x1e\x00\x00<\x1e\x00\x00<\x1e\x00\x00<\x1e\x00\x00<\x1e\x00\x00<\x1e\x00\x00<\x1e\x00\x00<\x1e\x00\x00<\x1e\x00\x00<\x1e\x00\x00<\x1e\x00\x00<\x1e\x00\x00\x00\x00\x00\x00\x00\x00\x00\x00\x00\x00\x00\x00\x00\x00\x00\x00\x00\x00\x00\x1b',
  183:b'\x00\x00\x00\x00\x00\x00\x00\x00\x00\x00\x00\x00\x00\x00\x00\x00\x00\x00\x00\x00\x00\x00\x00\x00\x00\x00\x00\x00\x00\x00\x00\x00\x00\x00\x00\x00\x00\x00\x00\x00\x00\x00\x00\x00\x00\x00\x00\x00\x00\x00\x00\x00\x00\x00\x00\x00\x00\x00\x00\x00\x00\x00\x00\x00\x00\x00\x00\x00\x07\x80\x0f\xc0\x0f\xc0\x0f\xe0\x0f\xe0\x0f\xc0\x0f\xc0\x07\x80\x00\x00\x00\x00\x00\x00\x00\x00\x00\x00\x00\x00\x00\x00\x00\x00\x00\x00\x00\x00\x00\x00\x00\x00\x00\x00\x00\x00\x00\x00\x00\x00\x00\x00\x00\x00\x00\x00\x00\x00\x00\x00\x00\x00\x00\x00\x00\x00\x00\x00\x00\x00\x00\x00\x00\x00\x00\x00\x00\x00\x0e',
  184:b'\x00\x00\x00\x00\x00\x00\x00\x00\x00\x00\x00\x00\x00\x00\x00\x00\x00\x00\x00\x00\x00\x00\x00\x00\x00\x00\x00\x00\x00\x00\x00\x00\x00\x00\x00\x00\x00\x00\x00\x00\x00\x00\x00\x00\x00\x00\x00\x00\x00\x00\x00\x00\x00\x00\x00\x00\x00\x00\x00\x00\x00\x00\x00\x00\x00\x00\x00\x00\x00\x00\x00\x00\x00\x00\x00\x00\x00\x00\x00\x00\x00\x00\x00\x00\x00\x00\x00\x00\x00\x00\x00\x00\x00\x00\x00\x00\x00\x00\x00\x00\x00\x00\x00\x00\x00\x00\x00\x00\x00\x00\x00\x00\x00\x00\x00\x00\x00\x00\x00\x00\x00\x00\x00\x00\x00\x00\x00\x00\x00\x00\x00\x00\x00\x00\x00\x00\x00\x00\x00\x00\x00\x00\x00\x00\x00\x00\x00\x00\x00\x00\x00\x00\x00\x00\x00\x00\x00\x00\x00\x00\x00\x00\x00\x00\x00\x00\x00\x00\x00\x00\x00\x00\x00\x00\x01\xc0\x00\x03\xc0\x00\x03\x80\x00\x03\xe0\x00\x07\xf0\x00\x07\xf8\x00\t\xf8\x00\x00|\x00\x00|\x00\x00x\x00\x00\xf8\x00\x0f\xf0\x00\x0f\xe0\x00\x0f\xc0\x00\x12',
  185:b'\x00\x00\x00\x00\x00\x00\x00\x00\x00\x00\x00\x00\x00\x1c\x00\x00<\x00\x00\xfc\x00\x01\xfc\x00\x03\xfc\x00\x07\xfc\x00\x0f\xbc\x00\x1f<\x00\x0e<\x00\x08<\x00\x00<\x00\x00<\x00\x00<\x00\x00<\x00\x00<\x00\x00<\x00\x00<\x00\x00<\x00\x00<\x00\x00<\x00\x00<\x00\x00<\x00\x00<\x00\x00<\x00\x00<\x00\x0f\xff\xe0\x0f\xff\xe0\x0f\xff\xe0\x0f\xff\xe0\x00\x00\x00\x00\x00\x00\x00\x00\x00\x00\x00\x00\x00\x00\x00\x00\x00\x00\x00\x00\x00\x00\x00\x00\x00\x00\x00\x00\x00\x00\x00\x00\x00\x00\x00\x00\x00\x00\x00\x00\x00\x00\x00\x00\x00\x00\x00\x00\x00\x00\x00\x00\x00\x00\x00\x00\x00\x00\x00\x00\x00\x00\x00\x00\x00\x00\x00\x00\x00\x00\x00\x00\x00\x00\x00\x00\x00\x00\x00\x00\x00\x00\x00\x00\x00\x00\x00\x00\x00\x00\x00\x00\x00\x00\x00\x00\x00\x00\x00\x00\x00\x00\x00\x00\x00\x00\x00\x00\x00\x00\x00\x00\x00\x00\x00\x00\x00\x16',
  186:b'\x00\x00\x00\x00\x00\x00\x00\x00\x00\x00\x00\x00\x00\x00\x00\x00\x00\x00\x00\x00\x00\x00\x00\x00\x00\x00\x00\x00\x00\x00\x00\xfc\x00\x03\xff\x00\x07\xff\x80\x0f\xff\xc0\x0f\x87\xc0\x1f\x03\xe0\x1e\x03\xe0\x1e\x01\xe0>\x01\xe0>\x01\xe0>\x01\xe0>\x01\xe0>\x01\xe0>\x01\xe0>\x01\xe0\x1e\x01\xe0\x1e\x03\xe0\x1f\x03\xe0\x1f\x87\xc0\x0f\xff\xc0\x07\xff\x80\x03\xff\x00\x00\xfc\x00\x00\x00\x00\x00\x00\x00\x00\x00\x00\x00\x00\x00\x00\x00\x00\x00\x00\x00\x00\x00\x00\x00\x00\x00\x00\x00\x00\x00\x00\x00\x00\x00\x00\x00\x00\x00\x00\x00\x00\x00\x00\x00\x00\x00\x00\x00\x00\x00\x00\x00\x00\x00\x00\x00\x00\x00\x00\x00\x00\x00\x00\x00\x00\x00\x00\x00\x00\x00\x00\x00\x00\x00\x00\x00\x00\x00\x00\x00\x00\x00\x00\x00\x00\x00\x00\x00\x00\x00\x00\x00\x00\x00\x00\x00\x00\x00\x00\x00\x00\x00\x00\x00\x00\x00\x00\x00\x00\x00\x00\x00\x00\x00\x00\x00\x00\x00\x00\x16',
  187:b'\x00\x00\x00\x00\x00\x00\x00\x00\x00\x00\x00\x00\x00\x00\x00\x00\x00\x00\x00\x00\x00\x00\x00\x00\x00\x00\x00\x00\x00\x00\x00\x00\x00\x00\x00\x00\x00\x00\x00\x00\x00\x00\x00\x00\x00\x00\x00\x00\x00\x00\x00\x00\x00\x00\x00\x00\x00\x00\x00\x00\x00\x00\x00\x00\x00\x00\x00\x00\x00\x00\x00\x00\x00\x00\x00\x00\x00\x00\x00\x00\x00\x00\x00\x00\x00\x00\x00\x00\x00\x00\x00\x00\x00\x00\x00\x00\x00\x00\x00\x00\x08\x02\x00\x00\x1c\x07\x00\x00>\x0f\x00\x00\x1e\x0f\x80\x00\x1f\x07\xc0\x00\x0f\x07\xc0\x00\x0f\x83\xe0\x00\x07\xc1\xf0\x00\x07\xc1\xf0\x00\x03\xe0\xf8\x00\x03\xe0\xf8\x00\x01\xf0|\x00\x00\xf8>\x00\x00x\x1e\x00\x00<\x0f\x00\x00x\x1e\x00\x00\xf8>\x00\x00\xf0|\x00\x01\xf0|\x00\x03\xe0\xf8\x00\x03\xe0\xf8\x00\x07\xc1\xf0\x00\x07\xc1\xf0\x00\x0f\x83\xe0\x00\x0f\x03\xc0\x00\x1f\x07\xc0\x00\x1e\x07\x80\x00>\x0f\x80\x00\x1c\x07\x00\x00\x04\x03\x00\x00\x00\x00\x00\x00\x00\x00\x00\x00\x00\x00\x00\x00\x00\x00\x00\x00\x00\x00\x00\x00\x00\x00\x00\x00\x00\x00\x00\x00\x00\x00\x00\x00\x00\x00\x00\x00\x00\x00\x00\x00\x00\x00\x00\x00\x00\x00\x00\x00\x00\x00\x00\x00\x00\x00\x00\x00\x00\x00\x00\x00\x00\x00\x00\x00\x00\x00\x00\x00\x1a',
  188:b'\x00\x00\x00\x00\x00\x00\x00\x00\x00\x00\x00\x00\x00\x00\x00\x00\x00\x00\x00\x00\x00\x00\x00\x00\x00\x00\x00\x00\x00\x00\x00\x00\x00\x00\x00\x00\x00\x00\x00\x00\x00\x00\x00\x00\x00\x00\x00\x00\x00\x00\x00\x00\x00\x00\x00\x00\x00\x00\x00\x00\x00\x00\x00\x00 \x00\x008\x00\x00x\x00\x00x\x00\x00\xf8\x00\x00\xf8\x00\x00\xf0\x00\x03\xf8\x00\x01\xf0\x00\x07\xf8\x00\x01\xe0\x00\x0f\xf8\x00\x03\xe0\x00\x1f\xf8\x00\x03\xc0\x00?x\x00\x07\x80\x00\x1cx\x00\x07\x80\x00\x08x\x00\x0f\x00\x00\x00x\x00\x0f\x00\x00\x00x\x00\x1e\x00\x00\x00x\x00>\x00\x00\x00x\x00<\x00\x00\x00x\x00|\x00\x00\x00x\x00x\x00\x00\x00x\x00\xf8\x00\x00\x00x\x00\xf0\x00\x00\x00x\x01\xe0\x1c\x00\x00x\x01\xe0<\x00\x00x\x03\xc0<\x00\x00x\x07\xc0|\x00\x00x\x07\x80|\x00\x00x\x0f\x80\xfc\x00\x00x\x0f\x01\xfc\x00\x00x\x1f\x01\xdc\x00\x00x\x1e\x03\xfc\x00\x00x>\x03\xbc\x00\x00x<\x07\xbc\x00\x00\x00x\x0f<\x00\x00\x00x\x0f<\x00\x00\x00\xf0\x1e<\x00\x00\x01\xf0\x1e<\x00\x00\x01\xe0<<\x00\x00\x03\xe0<<\x00\x00\x03\xc0x<\x00\x00\x07\xc0\xf0<\x00\x00\x07\x80\xff\xff\xe0\x00\x0f\x81\xff\xff\xe0\x00\x0f\x01\xff\xff\xe0\x00\x1f\x01\xff\xff\xe0\x00\x1e\x00\x00<\x00\x00<\x00\x00<\x00\x00|\x00\x00<\x00\x00x\x00\x00<\x00\x00\xf8\x00\x00<\x00\x00p\x00\x00<\x00\x000\x00\x00\x00\x00\x00\x00\x00\x00\x00\x00\x00\x00\x00\x00\x00\x00\x00\x00\x00\x00\x00\x00\x00\x00\x00\x00\x00\x00\x00\x00\x00\x00\x00\x00\x00\x00\x00\x00\x00\x00\x00\x00\x00\x00\x00\x00\x00\x00\x00\x00\x00\x00\x00\x00\x00\x00\x00\x00\x00\x00\x00\x00\x00\x00\x00\x00\x00\x00\x00\x00\x00\x00\x00\x00\x00\x00\x00\x00\x00\x00\x00\x00.',
  189:b'\x00\x00\x00\x00\x00\x00\x00\x00\x00\x00\x00\x00\x00\x00\x00\x00\x00\x00\x00\x00\x00\x00\x00\x00\x00\x00\x00\x00\x00\x00\x00\x00\x00\x00\x00\x00\x00\x00\x00\x00\x00\x00\x00\x00\x00\x00\x00\x00\x00\x00\x00\x00\x00\x00\x00\x00\x00\x00\x00\x00\x00\x00\x00\x00 \x00\x008\x00\x00x\x00\x00x\x00\x00\xf8\x00\x00\xf8\x00\x00\xf0\x00\x03\xf8\x00\x01\xf0\x00\x07\xf8\x00\x01\xe0\x00\x0f\xf8\x00\x03\xe0\x00\x1f\xf8\x00\x03\xc0\x00?x\x00\x07\x80\x00\x1cx\x00\x07\x80\x00\x08x\x00\x0f\x00\x00\x00x\x00\x0f\x00\x00\x00x\x00\x1e\x00\x00\x00x\x00>\x00\x00\x00x\x00<\x00\x00\x00x\x00|\x00\x00\x00x\x00x\x00\x00\x00x\x00\xf8\x00\x00\x00x\x00\xf0\x00\x00\x00x\x01\xe0\xfe\x00\x00x\x01\xe3\xff\x80\x00x\x03\xc7\xff\x80\x00x\x07\xc7\xff\xc0\x00x\x07\x87\x07\xc0\x00x\x0f\x84\x03\xe0\x00x\x0f\x00\x03\xe0\x00x\x1f\x00\x01\xe0\x00x\x1e\x00\x01\xe0\x00x>\x00\x01\xe0\x00x<\x00\x03\xe0\x00\x00x\x00\x03\xc0\x00\x00x\x00\x03\xc0\x00\x00\xf0\x00\x07\xc0\x00\x01\xf0\x00\x07\x80\x00\x01\xe0\x00\x0f\x80\x00\x03\xe0\x00\x0f\x00\x00\x03\xc0\x00\x1f\x00\x00\x07\xc0\x00\x1e\x00\x00\x07\x80\x00>\x00\x00\x0f\x80\x00|\x00\x00\x0f\x00\x00x\x00\x00\x1f\x00\x00\xf8\x00\x00\x1e\x00\x01\xf0\x00\x00<\x00\x03\xe0\x00\x00|\x00\x07\xdf\xf0\x00x\x00\x0f\xff\xf0\x00\xf8\x00\x0f\xff\xf0\x00p\x00\x0f\xff\xf0\x000\x00\x00\x00\x00\x00\x00\x00\x00\x00\x00\x00\x00\x00\x00\x00\x00\x00\x00\x00\x00\x00\x00\x00\x00\x00\x00\x00\x00\x00\x00\x00\x00\x00\x00\x00\x00\x00\x00\x00\x00\x00\x00\x00\x00\x00\x00\x00\x00\x00\x00\x00\x00\x00\x00\x00\x00\x00\x00\x00\x00\x00\x00\x00\x00\x00\x00\x00\x00\x00\x00\x00\x00\x00\x00\x00\x00\x00\x00\x00\x00\x00\x00/',
  190:b'\x00\x00\x00\x00\x00\x00\x00\x00\x00\x00\x00\x00\x00\x00\x00\x00\x00\x00\x00\x00\x00\x00\x00\x00\x00\x00\x00\x00\x00\x00\x00\x00\x00\x00\x00\x00\x00\x00\x00\x00\x00\x00\x00\x00\x00\x00\x00\x00\x00\x00\x00\x00\x00\x00\x00\x00\x00\x00\x00\x00\x00\x00\x00\x00\x18\x00\x00\x00\x00\x00\x1c\x00\x1f\xff\x80\x00>\x00\x1f\xff\x80\x00<\x00\x1f\xff\x80\x00|\x00\x1f\xff\x80\x00x\x00\x00\x0f\x00\x00\xf0\x00\x00\x1e\x00\x00\xf0\x00\x00>\x00\x01\xe0\x00\x00<\x00\x03\xe0\x00\x00x\x00\x03\xc0\x00\x00x\x00\x07\xc0\x00\x00\xf0\x00\x07\x80\x00\x00\xe0\x00\x0f\x80\x00\x01\xfc\x00\x0f\x00\x00\x03\xff\x00\x1f\x00\x00\x03\xff\x80\x1e\x00\x00\x03\xff\x80<\x00\x00\x00\x0f\xc0<\x00\x00\x00\x07\xc0x\x07\x00\x00\x03\xc0\xf8\x0f\x00\x00\x03\xc0\xf0\x0f\x00\x00\x03\xc1\xf0\x1f\x00\x00\x03\xc1\xe0?\x00\x00\x07\xc3\xe0?\x00\x00\x07\xc3\xc0\x7f\x00\x0c\x1f\x87\xc0\x7f\x00\x0f\xff\x87\x80\xff\x00\x1f\xff\x0f\x00\xef\x00\x1f\xfc\x0f\x01\xef\x00\x07\xf0\x1e\x03\xcf\x00\x00\x00>\x03\xcf\x00\x00\x00<\x07\x8f\x00\x00\x00|\x07\x8f\x00\x00\x00x\x0f\x0f\x00\x00\x00\xf8\x1f\x0f\x00\x00\x00\xf0\x1e\x0f\x00\x00\x01\xf0<\x0f\x00\x00\x01\xe0?\xff\xf8\x00\x03\xc0\x7f\xff\xf8\x00\x03\xc0\x7f\xff\xf8\x00\x07\x80\x7f\xff\xf8\x00\x0f\x80\x00\x0f\x00\x00\x0f\x00\x00\x0f\x00\x00\x1f\x00\x00\x0f\x00\x00\x1e\x00\x00\x0f\x00\x00>\x00\x00\x0f\x00\x00\x1c\x00\x00\x0f\x00\x00\x0c\x00\x00\x00\x00\x00\x00\x00\x00\x00\x00\x00\x00\x00\x00\x00\x00\x00\x00\x00\x00\x00\x00\x00\x00\x00\x00\x00\x00\x00\x00\x00\x00\x00\x00\x00\x00\x00\x00\x00\x00\x00\x00\x00\x00\x00\x00\x00\x00\x00\x00\x00\x00\x00\x00\x00\x00\x00\x00\x00\x00\x00\x00\x00\x00\x00\x00\x00\x00\x00\x00\x00\x00\x00\x00\x00\x00\x00\x00\x00\x00\x00\x000',
  191:b'\x00\x00\x00\x00\x00\x00\x00\x00\x00\x00\x00\x00\x00\x00\x00\x00\x00\x00\x00\x00\x00\x00\x00\x00\x00\x00\x00\x00\x00\x00\x00\x00\x00\x00\x00\x00\x00\x00\x00\x00\x00\x00\x00\x00\x00\x00\x00\x00\x00\x00\x00\x00\x00\x00\x00\x00\x00\x00\x00\x00\x00\x00\x00\x00\x00\x00\x00\x00\x00\x00\x0e\x00\x00\x1f\x00\x00?\x80\x00?\x80\x00?\x80\x00?\x80\x00\x1f\x00\x00\x0f\x00\x00\x00\x00\x00\x00\x00\x00\x00\x00\x00\x00\x00\x00\x00\x00\x00\x0f\x00\x00\x0f\x00\x00\x0f\x00\x00\x0f\x00\x00\x1f\x00\x00\x1f\x00\x00\x1e\x00\x00>\x00\x00>\x00\x00|\x00\x00\xfc\x00\x00\xf8\x00\x01\xf0\x00\x03\xf0\x00\x03\xe0\x00\x07\xc0\x00\x0f\xc0\x00\x0f\x80\x00\x1f\x80\x00\x1f\x00\x00\x1f\x00\x00\x1f\x00\x00>\x00\x00>\x00\x00>\x00\x00>\x00\x00>\x00\x00>\x00\x00?\x00\x00\x1f\x00\x10\x1f\x808\x1f\xc0\xf8\x0f\xff\xfc\x07\xff\xf8\x03\xff\xe0\x00\xff\x80\x18',
  192:b'\x01\xfc\x00\x00\x01\xfe\x00\x00\x00\x7f\x00\x00\x00?\x80\x00\x00\x1f\xc0\x00\x00\x07\xc0\x00\x00\x03\xe0\x00\x00\x01\xf0\x00\x00\x00\x00\x00\x00\x00\x00\x00\x00\x03\x80\x00\x00\x03\xc0\x00\x00\x03\xc0\x00\x00\x07\xc0\x00\x00\x07\xe0\x00\x00\x07\xe0\x00\x00\x07\xe0\x00\x00\x0f\xe0\x00\x00\x0f\xf0\x00\x00\x0e\xf0\x00\x00\x1e\xf0\x00\x00\x1e\xf8\x00\x00\x1e\xf8\x00\x00>x\x00\x00>x\x00\x00<|\x00\x00<|\x00\x00||\x00\x00|>\x00\x00x>\x00\x00\xf8>\x00\x00\xf8\x1f\x00\x00\xf8\x1f\x00\x00\xf0\x1f\x00\x01\xf0\x1f\x00\x01\xf0\x0f\x80\x01\xf0\x0f\x80\x03\xe0\x0f\x80\x03\xe0\x0f\xc0\x03\xe0\x07\xc0\x07\xe0\x07\xc0\x07\xff\xff\xe0\x07\xff\xff\xe0\x07\xff\xff\xe0\x0f\xff\xff\xe0\x0f\x80\x03\xf0\x0f\x80\x01\xf0\x1f\x00\x01\xf0\x1f\x00\x01\xf8\x1f\x00\x00\xf8\x1e\x00\x00\xf8>\x00\x00\xf8>\x00\x00|>\x00\x00||\x00\x00||\x00\x00~|\x00\x00>\xf8\x00\x00>\x00\x00\x00\x00\x00\x00\x00\x00\x00\x00\x00\x00\x00\x00\x00\x00\x00\x00\x00\x00\x00\x00\x00\x00\x00\x00\x00\x00\x00\x00\x00\x00\x00\x00\x00\x00\x00\x00\x00\x00\x00\x00\x00\x00\x00\x00\x00\x00\x00\x00\x00\x00\x00\x00\x00\x00 ',
  193:b'\x00\x00\x7f\x00\x00\x00\xff\x00\x00\x00\xfe\x00\x00\x01\xf8\x00\x00\x03\xf0\x00\x00\x07\xe0\x00\x00\x0f\x80\x00\x00\x0f\x00\x00\x00\x10\x00\x00\x00\x00\x00\x00\x00\x03\x80\x00\x00\x03\xc0\x00\x00\x03\xc0\x00\x00\x07\xc0\x00\x00\x07\xe0\x00\x00\x07\xe0\x00\x00\x07\xe0\x00\x00\x0f\xe0\x00\x00\x0f\xf0\x00\x00\x0e\xf0\x00\x00\x1e\xf0\x00\x00\x1e\xf8\x00\x00\x1e\xf8\x00\x00>x\x00\x00>x\x00\x00<|\x00\x00<|\x00\x00||\x00\x00|>\x00\x00x>\x00\x00\xf8>\x00\x00\xf8\x1f\x00\x00\xf8\x1f\x00\x00\xf0\x1f\x00\x01\xf0\x1f\x00\x01\xf0\x0f\x80\x01\xf0\x0f\x80\x03\xe0\x0f\x80\x03\xe0\x0f\xc0\x03\xe0\x07\xc0\x07\xe0\x07\xc0\x07\xff\xff\xe0\x07\xff\xff\xe0\x07\xff\xff\xe0\x0f\xff\xff\xe0\x0f\x80\x03\xf0\x0f\x80\x01\xf0\x1f\x00\x01\xf0\x1f\x00\x01\xf8\x1f\x00\x00\xf8\x1e\x00\x00\xf8>\x00\x00\xf8>\x00\x00|>\x00\x00||\x00\x00||\x00\x00~|\x00\x00>\xf8\x00\x00>\x00\x00\x00\x00\x00\x00\x00\x00\x00\x00\x00\x00\x00\x00\x00\x00\x00\x00\x00\x00\x00\x00\x00\x00\x00\x00\x00\x00\x00\x00\x00\x00\x00\x00\x00\x00\x00\x00\x00\x00\x00\x00\x00\x00\x00\x00\x00\x00\x00\x00\x00\x00\x00\x00\x00\x00 ',
  194:b'\x00\x03\xc0\x00\x00\x07\xe0\x00\x00\x0f\xf0\x00\x00>\xf8\x00\x00~|\x00\x00\xfc>\x00\x01\xf8\x1f\x00\x01\xf0\x0f\x00\x00\x00\x00\x00\x00\x00\x00\x00\x00\x03\x80\x00\x00\x03\xc0\x00\x00\x03\xc0\x00\x00\x07\xc0\x00\x00\x07\xe0\x00\x00\x07\xe0\x00\x00\x07\xe0\x00\x00\x0f\xe0\x00\x00\x0f\xf0\x00\x00\x0e\xf0\x00\x00\x1e\xf0\x00\x00\x1e\xf8\x00\x00\x1e\xf8\x00\x00>x\x00\x00>x\x00\x00<|\x00\x00<|\x00\x00||\x00\x00|>\x00\x00x>\x00\x00\xf8>\x00\x00\xf8\x1f\x00\x00\xf8\x1f\x00\x00\xf0\x1f\x00\x01\xf0\x1f\x00\x01\xf0\x0f\x80\x01\xf0\x0f\x80\x03\xe0\x0f\x80\x03\xe0\x0f\xc0\x03\xe0\x07\xc0\x07\xe0\x07\xc0\x07\xff\xff\xe0\x07\xff\xff\xe0\x07\xff\xff\xe0\x0f\xff\xff\xe0\x0f\x80\x03\xf0\x0f\x80\x01\xf0\x1f\x00\x01\xf0\x1f\x00\x01\xf8\x1f\x00\x00\xf8\x1e\x00\x00\xf8>\x00\x00\xf8>\x00\x00|>\x00\x00||\x00\x00||\x00\x00~|\x00\x00>\xf8\x00\x00>\x00\x00\x00\x00\x00\x00\x00\x00\x00\x00\x00\x00\x00\x00\x00\x00\x00\x00\x00\x00\x00\x00\x00\x00\x00\x00\x00\x00\x00\x00\x00\x00\x00\x00\x00\x00\x00\x00\x00\x00\x00\x00\x00\x00\x00\x00\x00\x00\x00\x00\x00\x00\x00\x00\x00\x00 ',
  195:b'\x00\x00\x00\x00\x00\x00\x00\x00\x00\x1f\x00\x00\x00\x7f\xc1\x00\x00\xff\xff\x80\x01\xff\xff\x80\x01\xc3\xff\x00\x00\x80|\x00\x00\x00\x00\x00\x00\x00\x00\x00\x00\x03\x80\x00\x00\x03\xc0\x00\x00\x03\xc0\x00\x00\x07\xc0\x00\x00\x07\xe0\x00\x00\x07\xe0\x00\x00\x07\xe0\x00\x00\x0f\xe0\x00\x00\x0f\xf0\x00\x00\x0e\xf0\x00\x00\x1e\xf0\x00\x00\x1e\xf8\x00\x00\x1e\xf8\x00\x00>x\x00\x00>x\x00\x00<|\x00\x00<|\x00\x00||\x00\x00|>\x00\x00x>\x00\x00\xf8>\x00\x00\xf8\x1f\x00\x00\xf8\x1f\x00\x00\xf0\x1f\x00\x01\xf0\x1f\x00\x01\xf0\x0f\x80\x01\xf0\x0f\x80\x03\xe0\x0f\x80\x03\xe0\x0f\xc0\x03\xe0\x07\xc0\x07\xe0\x07\xc0\x07\xff\xff\xe0\x07\xff\xff\xe0\x07\xff\xff\xe0\x0f\xff\xff\xe0\x0f\x80\x03\xf0\x0f\x80\x01\xf0\x1f\x00\x01\xf0\x1f\x00\x01\xf8\x1f\x00\x00\xf8\x1e\x00\x00\xf8>\x00\x00\xf8>\x00\x00|>\x00\x00||\x00\x00||\x00\x00~|\x00\x00>\xf8\x00\x00>\x00\x00\x00\x00\x00\x00\x00\x00\x00\x00\x00\x00\x00\x00\x00\x00\x00\x00\x00\x00\x00\x00\x00\x00\x00\x00\x00\x00\x00\x00\x00\x00\x00\x00\x00\x00\x00\x00\x00\x00\x00\x00\x00\x00\x00\x00\x00\x00\x00\x00\x00\x00\x00\x00\x00\x00 ',
  196:b'\x00\x00\x00\x00\x00\x00\x00\x00\x00p\x1e\x00\x00\xf8?\x00\x01\xfc?\x00\x01\xfc?\x00\x00\xf8?\x00\x00p\x1e\x00\x00\x00\x00\x00\x00\x00\x00\x00\x00\x03\x80\x00\x00\x03\xc0\x00\x00\x03\xc0\x00\x00\x07\xc0\x00\x00\x07\xe0\x00\x00\x07\xe0\x00\x00\x07\xe0\x00\x00\x0f\xe0\x00\x00\x0f\xf0\x00\x00\x0e\xf0\x00\x00\x1e\xf0\x00\x00\x1e\xf8\x00\x00\x1e\xf8\x00\x00>x\x00\x00>x\x00\x00<|\x00\x00<|\x00\x00||\x00\x00|>\x00\x00x>\x00\x00\xf8>\x00\x00\xf8\x1f\x00\x00\xf8\x1f\x00\x00\xf0\x1f\x00\x01\xf0\x1f\x00\x01\xf0\x0f\x80\x01\xf0\x0f\x80\x03\xe0\x0f\x80\x03\xe0\x0f\xc0\x03\xe0\x07\xc0\x07\xe0\x07\xc0\x07\xff\xff\xe0\x07\xff\xff\xe0\x07\xff\xff\xe0\x0f\xff\xff\xe0\x0f\x80\x03\xf0\x0f\x80\x01\xf0\x1f\x00\x01\xf0\x1f\x00\x01\xf8\x1f\x00\x00\xf8\x1e\x00\x00\xf8>\x00\x00\xf8>\x00\x00|>\x00\x00||\x00\x00||\x00\x00~|\x00\x00>\xf8\x00\x00>\x00\x00\x00\x00\x00\x00\x00\x00\x00\x00\x00\x00\x00\x00\x00\x00\x00\x00\x00\x00\x00\x00\x00\x00\x00\x00\x00\x00\x00\x00\x00\x00\x00\x00\x00\x00\x00\x00\x00\x00\x00\x00\x00\x00\x00\x00\x00\x00\x00\x00\x00\x00\x00\x00\x00\x00 ',
  197:b'\x00\x00\x00\x00\x00\x07\xe0\x00\x00\x1f\xf8\x00\x00\x1f\xf8\x00\x00<<\x00\x00<<\x00\x00<<\x00\x00<<\x00\x00<<\x00\x00\x1f\xf8\x00\x00\x1f\xf8\x00\x00\x07\xe0\x00\x00\x03\xc0\x00\x00\x03\xc0\x00\x00\x07\xc0\x00\x00\x07\xe0\x00\x00\x07\xe0\x00\x00\x0f\xe0\x00\x00\x0f\xf0\x00\x00\x0e\xf0\x00\x00\x1e\xf0\x00\x00\x1e\xf8\x00\x00\x1e\xf8\x00\x00\x1ex\x00\x00>x\x00\x00<|\x00\x00<|\x00\x00||\x00\x00|>\x00\x00x>\x00\x00\xf8>\x00\x00\xf8\x1e\x00\x00\xf8\x1f\x00\x00\xf0\x1f\x00\x01\xf0\x1f\x00\x01\xf0\x0f\x80\x01\xf0\x0f\x80\x03\xe0\x0f\x80\x03\xe0\x0f\xc0\x03\xe0\x07\xc0\x03\xe0\x07\xc0\x07\xff\xff\xc0\x07\xff\xff\xe0\x07\xff\xff\xe0\x0f\xff\xff\xe0\x0f\x80\x03\xf0\x0f\x80\x01\xf0\x1f\x00\x01\xf0\x1f\x00\x01\xf8\x1f\x00\x00\xf8\x1e\x00\x00\xf8>\x00\x00\xf8>\x00\x00|>\x00\x00||\x00\x00||\x00\x00~|\x00\x00>\xf8\x00\x00>\x00\x00\x00\x00\x00\x00\x00\x00\x00\x00\x00\x00\x00\x00\x00\x00\x00\x00\x00\x00\x00\x00\x00\x00\x00\x00\x00\x00\x00\x00\x00\x00\x00\x00\x00\x00\x00\x00\x00\x00\x00\x00\x00\x00\x00\x00\x00\x00\x00\x00\x00\x00\x00\x00\x00\x00 ',
  198:b'\x00\x00\x00\x00\x00\x00\x00\x00\x00\x00\x00\x00\x00\x00\x00\x00\x00\x00\x00\x00\x00\x00\x00\x00\x00\x00\x00\x00\x00\x00\x00\x00\x00\x00\x00\x00\x00\x00\x00\x00\x00\x00\x00\x00\x00\x00\x00\x00\x00\x00\x00\x00\x00\x00\x00\x00\x00\x00\x00\x00\x00\x00\x00\x00\x00\x00\x00\x00\x03\xff\xff\xe0\x00\x00\x07\xff\xff\xe0\x00\x00\x07\xff\xff\xe0\x00\x00\x07\xff\xff\xe0\x00\x00\x0f\xff\xff\xe0\x00\x00\x0f\xe0\x00\x00\x00\x00\x1f\xe0\x00\x00\x00\x00\x1f\xe0\x00\x00\x00\x00?\xe0\x00\x00\x00\x00?\xe0\x00\x00\x00\x00{\xe0\x00\x00\x00\x00{\xe0\x00\x00\x00\x00\xfb\xe0\x00\x00\x00\x00\xfb\xe0\x00\x00\x00\x01\xf3\xe0\x00\x00\x00\x01\xf3\xe0\x00\x00\x00\x03\xe3\xe0\x00\x00\x00\x03\xe3\xe0\x00\x00\x00\x07\xc3\xe0\x00\x00\x00\x07\xc3\xe0\x00\x00\x00\x0f\x83\xe0\x00\x00\x00\x0f\x83\xff\xff\xc0\x00\x1f\x03\xff\xff\xc0\x00\x1f\x03\xff\xff\xc0\x00\x1f\x03\xff\xff\xc0\x00>\x03\xff\xff\xc0\x00>\x03\xe0\x00\x00\x00|\x03\xe0\x00\x00\x00|\x03\xe0\x00\x00\x00\xff\xff\xe0\x00\x00\x00\xff\xff\xe0\x00\x00\x01\xff\xff\xe0\x00\x00\x01\xff\xff\xe0\x00\x00\x03\xe0\x03\xe0\x00\x00\x03\xe0\x03\xe0\x00\x00\x07\xc0\x03\xe0\x00\x00\x07\xc0\x03\xe0\x00\x00\x0f\x80\x03\xe0\x00\x00\x0f\x80\x03\xe0\x00\x00\x1f\x00\x03\xe0\x00\x00\x1f\x00\x03\xe0\x00\x00?\x00\x03\xe0\x00\x00>\x00\x03\xff\xff\xe0~\x00\x03\xff\xff\xe0|\x00\x03\xff\xff\xe0\xfc\x00\x03\xff\xff\xe0\xf8\x00\x03\xff\xff\xe0\x00\x00\x00\x00\x00\x00\x00\x00\x00\x00\x00\x00\x00\x00\x00\x00\x00\x00\x00\x00\x00\x00\x00\x00\x00\x00\x00\x00\x00\x00\x00\x00\x00\x00\x00\x00\x00\x00\x00\x00\x00\x00\x00\x00\x00\x00\x00\x00\x00\x00\x00\x00\x00\x00\x00\x00\x00\x00\x00\x00\x00\x00\x00\x00\x00\x00\x00\x00\x00\x00\x00\x00\x00\x00\x00\x00\x00\x00\x00\x00\x00\x00\x00\x00.',
  199:b'\x00\x00\x00\x00\x00\x00\x00\x00\x00\x00\x00\x00\x00\x00\x00\x00\x00\x00\x00\x00\x00\x00\x00\x00\x00\x00\x00\x00\x00\x00\x00\x00\x00\x00\x00\x00\x00\x00\x00\x00\x00\x01\xff\x80\x00\x07\xff\xf0\x00\x1f\xff\xf0\x00?\xff\xf0\x00\x7f\xff\xf0\x00\xff\x80`\x01\xfe\x00\x00\x01\xf8\x00\x00\x03\xf0\x00\x00\x03\xf0\x00\x00\x07\xe0\x00\x00\x07\xc0\x00\x00\x0f\xc0\x00\x00\x0f\xc0\x00\x00\x0f\x80\x00\x00\x0f\x80\x00\x00\x1f\x80\x00\x00\x1f\x80\x00\x00\x1f\x80\x00\x00\x1f\x00\x00\x00\x1f\x00\x00\x00\x1f\x00\x00\x00\x1f\x00\x00\x00\x1f\x00\x00\x00\x1f\x00\x00\x00\x1f\x00\x00\x00\x1f\x00\x00\x00\x1f\x00\x00\x00\x1f\x00\x00\x00\x1f\x00\x00\x00\x1f\x80\x00\x00\x1f\x80\x00\x00\x1f\x80\x00\x00\x0f\x80\x00\x00\x0f\x80\x00\x00\x0f\xc0\x00\x00\x0f\xc0\x00\x00\x07\xe0\x00\x00\x07\xe0\x00\x00\x07\xf0\x00\x00\x03\xf8\x00\x00\x03\xfc\x00\x00\x01\xfe\x00\x10\x01\xff\x80\xf0\x00\xff\xff\xf0\x00\x7f\xff\xf8\x00?\xff\xf8\x00\x0f\xff\xe0\x00\x01\xff\x80\x00\x00x\x00\x00\x00p\x00\x00\x00\xf8\x00\x00\x00\xfe\x00\x00\x01\xff\x00\x00\x00?\x00\x00\x00\x1f\x00\x00\x00\x0f\x00\x00\x00\x0f\x00\x00\x00\x1f\x00\x00\x01\xfe\x00\x00\x01\xfc\x00\x00\x01\xf0\x00\x1f',
  200:b'\x07\xf0\x00\x00\x07\xf8\x00\x00\x03\xfc\x00\x00\x00\xfc\x00\x00\x00~\x00\x00\x00?\x00\x00\x00\x0f\x80\x00\x00\x07\xc0\x00\x00\x00\x00\x00\x00\x00\x00\x00\x00\x00\x00\x00\x0f\xff\xff\x80\x0f\xff\xff\x80\x0f\xff\xff\x80\x0f\xff\xff\x80\x0f\xff\xff\x80\x0f\x80\x00\x00\x0f\x80\x00\x00\x0f\x80\x00\x00\x0f\x80\x00\x00\x0f\x80\x00\x00\x0f\x80\x00\x00\x0f\x80\x00\x00\x0f\x80\x00\x00\x0f\x80\x00\x00\x0f\x80\x00\x00\x0f\x80\x00\x00\x0f\x80\x00\x00\x0f\x80\x00\x00\x0f\x80\x00\x00\x0f\x80\x00\x00\x0f\x80\x00\x00\x0f\xff\xff\x00\x0f\xff\xff\x00\x0f\xff\xff\x00\x0f\xff\xff\x00\x0f\xff\xff\x00\x0f\x80\x00\x00\x0f\x80\x00\x00\x0f\x80\x00\x00\x0f\x80\x00\x00\x0f\x80\x00\x00\x0f\x80\x00\x00\x0f\x80\x00\x00\x0f\x80\x00\x00\x0f\x80\x00\x00\x0f\x80\x00\x00\x0f\x80\x00\x00\x0f\x80\x00\x00\x0f\x80\x00\x00\x0f\x80\x00\x00\x0f\x80\x00\x00\x0f\x80\x00\x00\x0f\xff\xff\x80\x0f\xff\xff\x80\x0f\xff\xff\x80\x0f\xff\xff\x80\x0f\xff\xff\x80\x00\x00\x00\x00\x00\x00\x00\x00\x00\x00\x00\x00\x00\x00\x00\x00\x00\x00\x00\x00\x00\x00\x00\x00\x00\x00\x00\x00\x00\x00\x00\x00\x00\x00\x00\x00\x00\x00\x00\x00\x00\x00\x00\x00\x00\x00\x00\x00\x00\x00\x00\x00\x00\x00\x00\x00\x1d',
  201:b'\x00\x00\x7f\x00\x00\x00\xff\x00\x00\x01\xfc\x00\x00\x01\xf8\x00\x00\x03\xf0\x00\x00\x07\xc0\x00\x00\x0f\x80\x00\x00\x1f\x00\x00\x00\x00\x00\x00\x00\x00\x00\x00\x00\x00\x00\x00\x0f\xff\xff\x80\x0f\xff\xff\x80\x0f\xff\xff\x80\x0f\xff\xff\x80\x0f\xff\xff\x80\x0f\x80\x00\x00\x0f\x80\x00\x00\x0f\x80\x00\x00\x0f\x80\x00\x00\x0f\x80\x00\x00\x0f\x80\x00\x00\x0f\x80\x00\x00\x0f\x80\x00\x00\x0f\x80\x00\x00\x0f\x80\x00\x00\x0f\x80\x00\x00\x0f\x80\x00\x00\x0f\x80\x00\x00\x0f\x80\x00\x00\x0f\x80\x00\x00\x0f\x80\x00\x00\x0f\xff\xff\x00\x0f\xff\xff\x00\x0f\xff\xff\x00\x0f\xff\xff\x00\x0f\xff\xff\x00\x0f\x80\x00\x00\x0f\x80\x00\x00\x0f\x80\x00\x00\x0f\x80\x00\x00\x0f\x80\x00\x00\x0f\x80\x00\x00\x0f\x80\x00\x00\x0f\x80\x00\x00\x0f\x80\x00\x00\x0f\x80\x00\x00\x0f\x80\x00\x00\x0f\x80\x00\x00\x0f\x80\x00\x00\x0f\x80\x00\x00\x0f\x80\x00\x00\x0f\x80\x00\x00\x0f\xff\xff\x80\x0f\xff\xff\x80\x0f\xff\xff\x80\x0f\xff\xff\x80\x0f\xff\xff\x80\x00\x00\x00\x00\x00\x00\x00\x00\x00\x00\x00\x00\x00\x00\x00\x00\x00\x00\x00\x00\x00\x00\x00\x00\x00\x00\x00\x00\x00\x00\x00\x00\x00\x00\x00\x00\x00\x00\x00\x00\x00\x00\x00\x00\x00\x00\x00\x00\x00\x00\x00\x00\x00\x00\x00\x00\x1d',
  202:b'\x00\x0f\x80\x00\x00\x1f\xc0\x00\x00?\xe0\x00\x00}\xf0\x00\x00\xfd\xf8\x00\x01\xf8\xfc\x00\x03\xf0~\x00\x03\xe0>\x00\x00\x00\x00\x00\x00\x00\x00\x00\x00\x00\x00\x00\x0f\xff\xff\x80\x0f\xff\xff\x80\x0f\xff\xff\x80\x0f\xff\xff\x80\x0f\xff\xff\x80\x0f\x80\x00\x00\x0f\x80\x00\x00\x0f\x80\x00\x00\x0f\x80\x00\x00\x0f\x80\x00\x00\x0f\x80\x00\x00\x0f\x80\x00\x00\x0f\x80\x00\x00\x0f\x80\x00\x00\x0f\x80\x00\x00\x0f\x80\x00\x00\x0f\x80\x00\x00\x0f\x80\x00\x00\x0f\x80\x00\x00\x0f\x80\x00\x00\x0f\x80\x00\x00\x0f\xff\xff\x00\x0f\xff\xff\x00\x0f\xff\xff\x00\x0f\xff\xff\x00\x0f\xff\xff\x00\x0f\x80\x00\x00\x0f\x80\x00\x00\x0f\x80\x00\x00\x0f\x80\x00\x00\x0f\x80\x00\x00\x0f\x80\x00\x00\x0f\x80\x00\x00\x0f\x80\x00\x00\x0f\x80\x00\x00\x0f\x80\x00\x00\x0f\x80\x00\x00\x0f\x80\x00\x00\x0f\x80\x00\x00\x0f\x80\x00\x00\x0f\x80\x00\x00\x0f\x80\x00\x00\x0f\xff\xff\x80\x0f\xff\xff\x80\x0f\xff\xff\x80\x0f\xff\xff\x80\x0f\xff\xff\x80\x00\x00\x00\x00\x00\x00\x00\x00\x00\x00\x00\x00\x00\x00\x00\x00\x00\x00\x00\x00\x00\x00\x00\x00\x00\x00\x00\x00\x00\x00\x00\x00\x00\x00\x00\x00\x00\x00\x00\x00\x00\x00\x00\x00\x00\x00\x00\x00\x00\x00\x00\x00\x00\x00\x00\x00\x1d',
  203:b'\x00\x00\x00\x00\x00\x00\x00\x00\x01\xe0<\x00\x03\xf0~\x00\x03\xf0~\x00\x03\xf0~\x00\x03\xf0~\x00\x01\xe0<\x00\x00\x00\x00\x00\x00\x00\x00\x00\x00\x00\x00\x00\x0f\xff\xff\x80\x0f\xff\xff\x80\x0f\xff\xff\x80\x0f\xff\xff\x80\x0f\xff\xff\x80\x0f\x80\x00\x00\x0f\x80\x00\x00\x0f\x80\x00\x00\x0f\x80\x00\x00\x0f\x80\x00\x00\x0f\x80\x00\x00\x0f\x80\x00\x00\x0f\x80\x00\x00\x0f\x80\x00\x00\x0f\x80\x00\x00\x0f\x80\x00\x00\x0f\x80\x00\x00\x0f\x80\x00\x00\x0f\x80\x00\x00\x0f\x80\x00\x00\x0f\x80\x00\x00\x0f\xff\xff\x00\x0f\xff\xff\x00\x0f\xff\xff\x00\x0f\xff\xff\x00\x0f\xff\xff\x00\x0f\x80\x00\x00\x0f\x80\x00\x00\x0f\x80\x00\x00\x0f\x80\x00\x00\x0f\x80\x00\x00\x0f\x80\x00\x00\x0f\x80\x00\x00\x0f\x80\x00\x00\x0f\x80\x00\x00\x0f\x80\x00\x00\x0f\x80\x00\x00\x0f\x80\x00\x00\x0f\x80\x00\x00\x0f\x80\x00\x00\x0f\x80\x00\x00\x0f\x80\x00\x00\x0f\xff\xff\x80\x0f\xff\xff\x80\x0f\xff\xff\x80\x0f\xff\xff\x80\x0f\xff\xff\x80\x00\x00\x00\x00\x00\x00\x00\x00\x00\x00\x00\x00\x00\x00\x00\x00\x00\x00\x00\x00\x00\x00\x00\x00\x00\x00\x00\x00\x00\x00\x00\x00\x00\x00\x00\x00\x00\x00\x00\x00\x00\x00\x00\x00\x00\x00\x00\x00\x00\x00\x00\x00\x00\x00\x00\x00\x1d',
  204:b'\xfe\x00\xff\x00\x7f\x80\x1f\x80\x0f\xc0\x07\xe0\x01\xf0\x00\xf0\x00\x08\x00\x00\x00\x00\x07\xc0\x07\xc0\x07\xc0\x07\xc0\x07\xc0\x07\xc0\x07\xc0\x07\xc0\x07\xc0\x07\xc0\x07\xc0\x07\xc0\x07\xc0\x07\xc0\x07\xc0\x07\xc0\x07\xc0\x07\xc0\x07\xc0\x07\xc0\x07\xc0\x07\xc0\x07\xc0\x07\xc0\x07\xc0\x07\xc0\x07\xc0\x07\xc0\x07\xc0\x07\xc0\x07\xc0\x07\xc0\x07\xc0\x07\xc0\x07\xc0\x07\xc0\x07\xc0\x07\xc0\x07\xc0\x07\xc0\x07\xc0\x07\xc0\x07\xc0\x07\xc0\x07\xc0\x07\xc0\x07\xc0\x00\x00\x00\x00\x00\x00\x00\x00\x00\x00\x00\x00\x00\x00\x00\x00\x00\x00\x00\x00\x00\x00\x00\x00\x00\x00\x00\x00\x10',
  205:b'\x00\x7f\x00\xff\x01\xfe\x01\xf8\x03\xf0\x07\xe0\x0f\x80\x0f\x00\x10\x00\x00\x00\x00\x00\x07\xc0\x07\xc0\x07\xc0\x07\xc0\x07\xc0\x07\xc0\x07\xc0\x07\xc0\x07\xc0\x07\xc0\x07\xc0\x07\xc0\x07\xc0\x07\xc0\x07\xc0\x07\xc0\x07\xc0\x07\xc0\x07\xc0\x07\xc0\x07\xc0\x07\xc0\x07\xc0\x07\xc0\x07\xc0\x07\xc0\x07\xc0\x07\xc0\x07\xc0\x07\xc0\x07\xc0\x07\xc0\x07\xc0\x07\xc0\x07\xc0\x07\xc0\x07\xc0\x07\xc0\x07\xc0\x07\xc0\x07\xc0\x07\xc0\x07\xc0\x07\xc0\x07\xc0\x07\xc0\x07\xc0\x00\x00\x00\x00\x00\x00\x00\x00\x00\x00\x00\x00\x00\x00\x00\x00\x00\x00\x00\x00\x00\x00\x00\x00\x00\x00\x00\x00\x10',
  206:b'\x01\xe0\x00\x03\xf0\x00\x07\xf8\x00\x1f|\x00?>\x00~\x1f\x00\xfc\x0f\x80\xf8\x07\x80\x00\x00\x00\x00\x00\x00\x00\x00\x00\x03\xe0\x00\x03\xe0\x00\x03\xe0\x00\x03\xe0\x00\x03\xe0\x00\x03\xe0\x00\x03\xe0\x00\x03\xe0\x00\x03\xe0\x00\x03\xe0\x00\x03\xe0\x00\x03\xe0\x00\x03\xe0\x00\x03\xe0\x00\x03\xe0\x00\x03\xe0\x00\x03\xe0\x00\x03\xe0\x00\x03\xe0\x00\x03\xe0\x00\x03\xe0\x00\x03\xe0\x00\x03\xe0\x00\x03\xe0\x00\x03\xe0\x00\x03\xe0\x00\x03\xe0\x00\x03\xe0\x00\x03\xe0\x00\x03\xe0\x00\x03\xe0\x00\x03\xe0\x00\x03\xe0\x00\x03\xe0\x00\x03\xe0\x00\x03\xe0\x00\x03\xe0\x00\x03\xe0\x00\x03\xe0\x00\x03\xe0\x00\x03\xe0\x00\x03\xe0\x00\x03\xe0\x00\x03\xe0\x00\x03\xe0\x00\x03\xe0\x00\x03\xe0\x00\x00\x00\x00\x00\x00\x00\x00\x00\x00\x00\x00\x00\x00\x00\x00\x00\x00\x00\x00\x00\x00\x00\x00\x00\x00\x00\x00\x00\x00\x00\x00\x00\x00\x00\x00\x00\x00\x00\x00\x00\x00\x00\x11',
  207:b'\x00\x00\x00\x00\x00\x008\x0f\x00|\x1f\x80\xfe\x1f\x80\xfe\x1f\x80|\x1f\x808\x0f\x00\x00\x00\x00\x00\x00\x00\x00\x00\x00\x03\xe0\x00\x03\xe0\x00\x03\xe0\x00\x03\xe0\x00\x03\xe0\x00\x03\xe0\x00\x03\xe0\x00\x03\xe0\x00\x03\xe0\x00\x03\xe0\x00\x03\xe0\x00\x03\xe0\x00\x03\xe0\x00\x03\xe0\x00\x03\xe0\x00\x03\xe0\x00\x03\xe0\x00\x03\xe0\x00\x03\xe0\x00\x03\xe0\x00\x03\xe0\x00\x03\xe0\x00\x03\xe0\x00\x03\xe0\x00\x03\xe0\x00\x03\xe0\x00\x03\xe0\x00\x03\xe0\x00\x03\xe0\x00\x03\xe0\x00\x03\xe0\x00\x03\xe0\x00\x03\xe0\x00\x03\xe0\x00\x03\xe0\x00\x03\xe0\x00\x03\xe0\x00\x03\xe0\x00\x03\xe0\x00\x03\xe0\x00\x03\xe0\x00\x03\xe0\x00\x03\xe0\x00\x03\xe0\x00\x03\xe0\x00\x03\xe0\x00\x03\xe0\x00\x00\x00\x00\x00\x00\x00\x00\x00\x00\x00\x00\x00\x00\x00\x00\x00\x00\x00\x00\x00\x00\x00\x00\x00\x00\x00\x00\x00\x00\x00\x00\x00\x00\x00\x00\x00\x00\x00\x00\x00\x00\x00\x11',
  208:b'\x00\x00\x00\x00\x00\x00\x00\x00\x00\x00\x00\x00\x00\x00\x00\x00\x00\x00\x00\x00\x00\x00\x00\x00\x00\x00\x00\x00\x00\x00\x00\x00\x00\x00\x00\x00\x00\x00\x00\x00\x00\x00\x00\x00\x00\x00\x00\x00\x00\x00\x00\x00\x00\x00\x00\x07\xff\xf0\x00\x00\x07\xff\xfe\x00\x00\x07\xff\xff\x80\x00\x07\xff\xff\xc0\x00\x07\xff\xff\xe0\x00\x07\xc0\x1f\xf0\x00\x07\xc0\x07\xf8\x00\x07\xc0\x03\xf8\x00\x07\xc0\x01\xfc\x00\x07\xc0\x00\xfc\x00\x07\xc0\x00~\x00\x07\xc0\x00~\x00\x07\xc0\x00>\x00\x07\xc0\x00?\x00\x07\xc0\x00?\x00\x07\xc0\x00\x1f\x00\x07\xc0\x00\x1f\x00\x07\xc0\x00\x1f\x00\x07\xc0\x00\x1f\x00\x07\xc0\x00\x1f\x80\x07\xc0\x00\x1f\x80\xff\xff\xc0\x1f\x80\xff\xff\xc0\x1f\x80\xff\xff\xc0\x1f\x80\xff\xff\xc0\x1f\x80\x07\xc0\x00\x1f\x80\x07\xc0\x00\x1f\x80\x07\xc0\x00\x1f\x80\x07\xc0\x00\x1f\x00\x07\xc0\x00\x1f\x00\x07\xc0\x00\x1f\x00\x07\xc0\x00\x1f\x00\x07\xc0\x00?\x00\x07\xc0\x00?\x00\x07\xc0\x00>\x00\x07\xc0\x00>\x00\x07\xc0\x00~\x00\x07\xc0\x00|\x00\x07\xc0\x00\xfc\x00\x07\xc0\x01\xf8\x00\x07\xc0\x03\xf8\x00\x07\xc0\x07\xf0\x00\x07\xc0?\xe0\x00\x07\xff\xff\xc0\x00\x07\xff\xff\x80\x00\x07\xff\xff\x00\x00\x07\xff\xfc\x00\x00\x07\xff\xe0\x00\x00\x00\x00\x00\x00\x00\x00\x00\x00\x00\x00\x00\x00\x00\x00\x00\x00\x00\x00\x00\x00\x00\x00\x00\x00\x00\x00\x00\x00\x00\x00\x00\x00\x00\x00\x00\x00\x00\x00\x00\x00\x00\x00\x00\x00\x00\x00\x00\x00\x00\x00\x00\x00\x00\x00\x00\x00\x00\x00\x00\x00\x00\x00\x00\x00\x00$',
  209:b'\x00\x00\x00\x00\x00\x00\x00\x00\x00\x00\x00\x07\xc0\x00\x00\x00\x1f\xf8@\x00\x00?\xff\xe0\x00\x00\x7f\xff\xe0\x00\x000\x7f\xc0\x00\x00 \x1f\x00\x00\x00\x00\x00\x00\x00\x00\x00\x00\x00\x00\x0f\x00\x00\x00\x00\x0f\x00\x00\x1f\x00\x0f\x80\x00\x1f\x00\x0f\x80\x00\x1f\x00\x0f\xc0\x00\x1f\x00\x0f\xc0\x00\x1f\x00\x0f\xe0\x00\x1f\x00\x0f\xf0\x00\x1f\x00\x0f\xf0\x00\x1f\x00\x0f\xf8\x00\x1f\x00\x0f\xf8\x00\x1f\x00\x0f|\x00\x1f\x00\x0f\xfc\x00\x1f\x00\x0f\xbe\x00\x1f\x00\x0f\xbe\x00\x1f\x00\x0f\xbf\x00\x1f\x00\x0f\x9f\x80\x1f\x00\x0f\x9f\x80\x1f\x00\x0f\x8f\xc0\x1f\x00\x0f\x8f\xc0\x1f\x00\x0f\x87\xe0\x1f\x00\x0f\x87\xe0\x1f\x00\x0f\x83\xf0\x1f\x00\x0f\x83\xf0\x1f\x00\x0f\x81\xf8\x1f\x00\x0f\x80\xfc\x1f\x00\x0f\x80\xfc\x1f\x00\x0f\x80~\x1f\x00\x0f\x80~\x1f\x00\x0f\x80?\x1f\x00\x0f\x80?\x1f\x00\x0f\x80\x1f\x9f\x00\x0f\x80\x1f\x9f\x00\x0f\x80\x0f\xdf\x00\x0f\x80\x07\xdf\x00\x0f\x80\x07\xdf\x00\x0f\x80\x03\xef\x00\x0f\x80\x03\xef\x00\x0f\x80\x01\xff\x00\x0f\x80\x01\xff\x00\x0f\x80\x00\xff\x00\x0f\x80\x00\xff\x00\x0f\x80\x00\x7f\x00\x0f\x80\x00?\x00\x0f\x80\x00?\x00\x0f\x80\x00\x1f\x00\x0f\x80\x00\x1f\x00\x0f\x80\x00\x0f\x00\x00\x00\x00\x0f\x00\x00\x00\x00\x00\x00\x00\x00\x00\x00\x00\x00\x00\x00\x00\x00\x00\x00\x00\x00\x00\x00\x00\x00\x00\x00\x00\x00\x00\x00\x00\x00\x00\x00\x00\x00\x00\x00\x00\x00\x00\x00\x00\x00\x00\x00\x00\x00\x00\x00\x00\x00\x00\x00\x00\x00\x00\x00\x00\x00\x00\x00\x00\x00\x00\x00$',
  210:b'\x00\x7f\x00\x00\x00\x00?\x80\x00\x00\x00\x1f\xc0\x00\x00\x00\x0f\xe0\x00\x00\x00\x07\xf0\x00\x00\x00\x01\xf0\x00\x00\x00\x00\xf8\x00\x00\x00\x00|\x00\x00\x00\x00\x00\x00\x00\x00\x00\x00\x00\x00\x00\x03\xfe\x00\x00\x00\x0f\xff\x80\x00\x00?\xff\xe0\x00\x00\x7f\xff\xf0\x00\x00\xff\xff\xf8\x00\x01\xfe\x07\xfc\x00\x01\xfc\x01\xfc\x00\x03\xf0\x00\xfe\x00\x07\xf0\x00~\x00\x07\xe0\x00?\x00\x07\xc0\x00?\x00\x0f\xc0\x00\x1f\x00\x0f\xc0\x00\x1f\x80\x0f\x80\x00\x1f\x80\x0f\x80\x00\x1f\x80\x0f\x80\x00\x0f\x80\x1f\x80\x00\x0f\x80\x1f\x80\x00\x0f\xc0\x1f\x00\x00\x0f\xc0\x1f\x00\x00\x0f\xc0\x1f\x00\x00\x0f\xc0\x1f\x00\x00\x07\xc0\x1f\x00\x00\x07\xc0\x1f\x00\x00\x07\xc0\x1f\x00\x00\x07\xc0\x1f\x00\x00\x07\xc0\x1f\x00\x00\x07\xc0\x1f\x00\x00\x07\xc0\x1f\x00\x00\x0f\xc0\x1f\x00\x00\x0f\xc0\x1f\x80\x00\x0f\xc0\x1f\x80\x00\x0f\xc0\x1f\x80\x00\x0f\x80\x1f\x80\x00\x0f\x80\x0f\x80\x00\x0f\x80\x0f\xc0\x00\x1f\x80\x0f\xc0\x00\x1f\x80\x0f\xc0\x00\x1f\x00\x07\xe0\x00?\x00\x07\xe0\x00?\x00\x07\xf0\x00~\x00\x03\xf8\x00\xfe\x00\x03\xfc\x01\xfc\x00\x01\xff\x07\xfc\x00\x00\xff\xff\xf8\x00\x00\x7f\xff\xf0\x00\x00?\xff\xe0\x00\x00\x0f\xff\x80\x00\x00\x03\xfc\x00\x00\x00\x00\x00\x00\x00\x00\x00\x00\x00\x00\x00\x00\x00\x00\x00\x00\x00\x00\x00\x00\x00\x00\x00\x00\x00\x00\x00\x00\x00\x00\x00\x00\x00\x00\x00\x00\x00\x00\x00\x00\x00\x00\x00\x00\x00\x00\x00\x00\x00\x00\x00\x00\x00\x00\x00\x00\x00\x00\x00\x00\x00\x00\x00\x00\x00%',
  211:b'\x00\x00\x03\xf8\x00\x00\x00\x07\xf8\x00\x00\x00\x0f\xf0\x00\x00\x00\x0f\xc0\x00\x00\x00\x1f\x80\x00\x00\x00?\x00\x00\x00\x00|\x00\x00\x00\x00x\x00\x00\x00\x00\x80\x00\x00\x00\x00\x00\x00\x00\x00\x03\xfe\x00\x00\x00\x0f\xff\x80\x00\x00?\xff\xe0\x00\x00\x7f\xff\xf0\x00\x00\xff\xff\xf8\x00\x01\xfe\x07\xfc\x00\x01\xfc\x01\xfc\x00\x03\xf0\x00\xfe\x00\x07\xf0\x00~\x00\x07\xe0\x00?\x00\x07\xc0\x00?\x00\x0f\xc0\x00\x1f\x00\x0f\xc0\x00\x1f\x80\x0f\x80\x00\x1f\x80\x0f\x80\x00\x1f\x80\x0f\x80\x00\x0f\x80\x1f\x80\x00\x0f\x80\x1f\x80\x00\x0f\xc0\x1f\x00\x00\x0f\xc0\x1f\x00\x00\x0f\xc0\x1f\x00\x00\x0f\xc0\x1f\x00\x00\x07\xc0\x1f\x00\x00\x07\xc0\x1f\x00\x00\x07\xc0\x1f\x00\x00\x07\xc0\x1f\x00\x00\x07\xc0\x1f\x00\x00\x07\xc0\x1f\x00\x00\x07\xc0\x1f\x00\x00\x0f\xc0\x1f\x00\x00\x0f\xc0\x1f\x80\x00\x0f\xc0\x1f\x80\x00\x0f\xc0\x1f\x80\x00\x0f\x80\x1f\x80\x00\x0f\x80\x0f\x80\x00\x0f\x80\x0f\xc0\x00\x1f\x80\x0f\xc0\x00\x1f\x80\x0f\xc0\x00\x1f\x00\x07\xe0\x00?\x00\x07\xe0\x00?\x00\x07\xf0\x00~\x00\x03\xf8\x00\xfe\x00\x03\xfc\x01\xfc\x00\x01\xff\x07\xfc\x00\x00\xff\xff\xf8\x00\x00\x7f\xff\xf0\x00\x00?\xff\xe0\x00\x00\x0f\xff\x80\x00\x00\x03\xfc\x00\x00\x00\x00\x00\x00\x00\x00\x00\x00\x00\x00\x00\x00\x00\x00\x00\x00\x00\x00\x00\x00\x00\x00\x00\x00\x00\x00\x00\x00\x00\x00\x00\x00\x00\x00\x00\x00\x00\x00\x00\x00\x00\x00\x00\x00\x00\x00\x00\x00\x00\x00\x00\x00\x00\x00\x00\x00\x00\x00\x00\x00\x00\x00\x00\x00\x00%',
  212:b'\x00\x00\xf8\x00\x00\x00\x01\xfc\x00\x00\x00\x03\xfe\x00\x00\x00\x07\xdf\x00\x00\x00\x0f\x9f\x80\x00\x00\x1f\x8f\xc0\x00\x00?\x07\xe0\x00\x00<\x03\xe0\x00\x00\x00\x00\x00\x00\x00\x00\x00\x00\x00\x00\x03\xfe\x00\x00\x00\x0f\xff\x80\x00\x00?\xff\xe0\x00\x00\x7f\xff\xf0\x00\x00\xff\xff\xf8\x00\x01\xfe\x07\xfc\x00\x01\xfc\x01\xfc\x00\x03\xf0\x00\xfe\x00\x07\xf0\x00~\x00\x07\xe0\x00?\x00\x07\xc0\x00?\x00\x0f\xc0\x00\x1f\x00\x0f\xc0\x00\x1f\x80\x0f\x80\x00\x1f\x80\x0f\x80\x00\x1f\x80\x0f\x80\x00\x0f\x80\x1f\x80\x00\x0f\x80\x1f\x80\x00\x0f\xc0\x1f\x00\x00\x0f\xc0\x1f\x00\x00\x0f\xc0\x1f\x00\x00\x0f\xc0\x1f\x00\x00\x07\xc0\x1f\x00\x00\x07\xc0\x1f\x00\x00\x07\xc0\x1f\x00\x00\x07\xc0\x1f\x00\x00\x07\xc0\x1f\x00\x00\x07\xc0\x1f\x00\x00\x07\xc0\x1f\x00\x00\x0f\xc0\x1f\x00\x00\x0f\xc0\x1f\x80\x00\x0f\xc0\x1f\x80\x00\x0f\xc0\x1f\x80\x00\x0f\x80\x1f\x80\x00\x0f\x80\x0f\x80\x00\x0f\x80\x0f\xc0\x00\x1f\x80\x0f\xc0\x00\x1f\x80\x0f\xc0\x00\x1f\x00\x07\xe0\x00?\x00\x07\xe0\x00?\x00\x07\xf0\x00~\x00\x03\xf8\x00\xfe\x00\x03\xfc\x01\xfc\x00\x01\xff\x07\xfc\x00\x00\xff\xff\xf8\x00\x00\x7f\xff\xf0\x00\x00?\xff\xe0\x00\x00\x0f\xff\x80\x00\x00\x03\xfc\x00\x00\x00\x00\x00\x00\x00\x00\x00\x00\x00\x00\x00\x00\x00\x00\x00\x00\x00\x00\x00\x00\x00\x00\x00\x00\x00\x00\x00\x00\x00\x00\x00\x00\x00\x00\x00\x00\x00\x00\x00\x00\x00\x00\x00\x00\x00\x00\x00\x00\x00\x00\x00\x00\x00\x00\x00\x00\x00\x00\x00\x00\x00\x00\x00\x00\x00%',
  213:b'\x00\x00\x00\x00\x00\x00\x00\x00\x00\x00\x00\x07\xc0\x00\x00\x00\x0f\xf8@\x00\x00?\xff\xe0\x00\x00?\xff\xf0\x00\x00x\x7f\xc0\x00\x00 \x0f\x00\x00\x00\x00\x00\x00\x00\x00\x00\x00\x00\x00\x00\x03\xfe\x00\x00\x00\x0f\xff\x80\x00\x00?\xff\xe0\x00\x00\x7f\xff\xf0\x00\x00\xff\xff\xf8\x00\x01\xfe\x07\xfc\x00\x01\xfc\x01\xfc\x00\x03\xf0\x00\xfe\x00\x07\xf0\x00~\x00\x07\xe0\x00?\x00\x07\xc0\x00?\x00\x0f\xc0\x00\x1f\x00\x0f\xc0\x00\x1f\x80\x0f\x80\x00\x1f\x80\x0f\x80\x00\x1f\x80\x0f\x80\x00\x0f\x80\x1f\x80\x00\x0f\x80\x1f\x80\x00\x0f\xc0\x1f\x00\x00\x0f\xc0\x1f\x00\x00\x0f\xc0\x1f\x00\x00\x0f\xc0\x1f\x00\x00\x07\xc0\x1f\x00\x00\x07\xc0\x1f\x00\x00\x07\xc0\x1f\x00\x00\x07\xc0\x1f\x00\x00\x07\xc0\x1f\x00\x00\x07\xc0\x1f\x00\x00\x07\xc0\x1f\x00\x00\x0f\xc0\x1f\x00\x00\x0f\xc0\x1f\x80\x00\x0f\xc0\x1f\x80\x00\x0f\xc0\x1f\x80\x00\x0f\x80\x1f\x80\x00\x0f\x80\x0f\x80\x00\x0f\x80\x0f\xc0\x00\x1f\x80\x0f\xc0\x00\x1f\x80\x0f\xc0\x00\x1f\x00\x07\xe0\x00?\x00\x07\xe0\x00?\x00\x07\xf0\x00~\x00\x03\xf8\x00\xfe\x00\x03\xfc\x01\xfc\x00\x01\xff\x07\xfc\x00\x00\xff\xff\xf8\x00\x00\x7f\xff\xf0\x00\x00?\xff\xe0\x00\x00\x0f\xff\x80\x00\x00\x03\xfc\x00\x00\x00\x00\x00\x00\x00\x00\x00\x00\x00\x00\x00\x00\x00\x00\x00\x00\x00\x00\x00\x00\x00\x00\x00\x00\x00\x00\x00\x00\x00\x00\x00\x00\x00\x00\x00\x00\x00\x00\x00\x00\x00\x00\x00\x00\x00\x00\x00\x00\x00\x00\x00\x00\x00\x00\x00\x00\x00\x00\x00\x00\x00\x00\x00\x00\x00%',
  214:b'\x00\x00\x00\x00\x00\x00\x00\x00\x00\x00\x00\x1e\x03\xc0\x00\x00?\x07\xc0\x00\x00?\x07\xe0\x00\x00?\x07\xe0\x00\x00?\x07\xc0\x00\x00\x1e\x03\xc0\x00\x00\x00\x00\x00\x00\x00\x00\x00\x00\x00\x00\x03\xfe\x00\x00\x00\x0f\xff\x80\x00\x00?\xff\xe0\x00\x00\x7f\xff\xf0\x00\x00\xff\xff\xf8\x00\x01\xfe\x07\xfc\x00\x01\xfc\x01\xfc\x00\x03\xf0\x00\xfe\x00\x07\xf0\x00~\x00\x07\xe0\x00?\x00\x07\xc0\x00?\x00\x0f\xc0\x00\x1f\x00\x0f\xc0\x00\x1f\x80\x0f\x80\x00\x1f\x80\x0f\x80\x00\x1f\x80\x0f\x80\x00\x0f\x80\x1f\x80\x00\x0f\x80\x1f\x80\x00\x0f\xc0\x1f\x00\x00\x0f\xc0\x1f\x00\x00\x0f\xc0\x1f\x00\x00\x0f\xc0\x1f\x00\x00\x07\xc0\x1f\x00\x00\x07\xc0\x1f\x00\x00\x07\xc0\x1f\x00\x00\x07\xc0\x1f\x00\x00\x07\xc0\x1f\x00\x00\x07\xc0\x1f\x00\x00\x07\xc0\x1f\x00\x00\x0f\xc0\x1f\x00\x00\x0f\xc0\x1f\x80\x00\x0f\xc0\x1f\x80\x00\x0f\xc0\x1f\x80\x00\x0f\x80\x1f\x80\x00\x0f\x80\x0f\x80\x00\x0f\x80\x0f\xc0\x00\x1f\x80\x0f\xc0\x00\x1f\x80\x0f\xc0\x00\x1f\x00\x07\xe0\x00?\x00\x07\xe0\x00?\x00\x07\xf0\x00~\x00\x03\xf8\x00\xfe\x00\x03\xfc\x01\xfc\x00\x01\xff\x07\xfc\x00\x00\xff\xff\xf8\x00\x00\x7f\xff\xf0\x00\x00?\xff\xe0\x00\x00\x0f\xff\x80\x00\x00\x03\xfc\x00\x00\x00\x00\x00\x00\x00\x00\x00\x00\x00\x00\x00\x00\x00\x00\x00\x00\x00\x00\x00\x00\x00\x00\x00\x00\x00\x00\x00\x00\x00\x00\x00\x00\x00\x00\x00\x00\x00\x00\x00\x00\x00\x00\x00\x00\x00\x00\x00\x00\x00\x00\x00\x00\x00\x00\x00\x00\x00\x00\x00\x00\x00\x00\x00\x00\x00%',
  215:b'\x00\x00\x00\x00\x00\x00\x00\x00\x00\x00\x00\x00\x00\x00\x00\x00\x00\x00\x00\x00\x00\x00\x00\x00\x00\x00\x00\x00\x00\x00\x00\x00\x00\x00\x00\x00\x00\x00\x00\x00\x00\x00\x00\x00\x00\x00\x00\x00\x00\x00\x00\x00\x00\x00\x00\x00\x00\x00\x00\x00\x00\x00\x00\x00\x00\x00\x00\x00\x00\x00\x00\x00\x00\x00\x00\x00\x00\x00\x00\x00\x00\x00\x00\x00\x00\x00\x00\x00\x00\x00\x00\x00\x00\x00\x00\x00\x02\x00\x04\x00\x07\x00\x0e\x00\x0f\x80\x1f\x00\x0f\xc0?\x00\x07\xe0~\x00\x03\xf0\xfc\x00\x01\xf9\xf8\x00\x00\xf9\xf0\x00\x00\xff\xf0\x00\x00\x7f\xe0\x00\x00?\xc0\x00\x00\x1f\x80\x00\x00?\xc0\x00\x00\x7f\xe0\x00\x00\xff\xf0\x00\x01\xf9\xf0\x00\x01\xf1\xf8\x00\x03\xf0\xfc\x00\x07\xe0~\x00\x0f\xc0?\x00\x0f\x80\x1f\x00\x07\x00\x0e\x00\x02\x00\x08\x00\x00\x00\x00\x00\x00\x00\x00\x00\x00\x00\x00\x00\x00\x00\x00\x00\x00\x00\x00\x00\x00\x00\x00\x00\x00\x00\x00\x00\x00\x00\x00\x00\x00\x00\x00\x00\x00\x00\x00\x00\x00\x00\x00\x00\x00\x00\x00\x00\x00\x00\x00\x00\x00\x00\x00\x00\x00\x00\x00\x00\x00\x00\x00\x00\x00\x00\x00\x00\x00\x00\x00\x00\x00\x00\x00\x00\x00\x00\x00\x00\x00\x00\x00\x00\x00\x00\x00\x00\x00\x00\x00\x00\x00\x00\x00\x00\x00\x00\x00\x00\x1c',
  216:b'\x00\x00\x00\x00\x00\x00\x00\x00\x00\x00\x00\x00\x00\x00\x00\x00\x00\x00\x00\x00\x00\x00\x00\x00\x00\x00\x00\x00\x00\x00\x00\x00\x00\x00\x00\x00\x00\x00\x00\x00\x00\x00\x00\x00\x00\x00\x00\x00\x00\x00\x00\x03\xfe\x02\x00\x00\x0f\xff\x87\x80\x00?\xff\xef\x80\x00\x7f\xff\xff\x00\x00\xff\xff\xff\x00\x01\xfe\x07\xfe\x00\x01\xfc\x01\xfc\x00\x03\xf0\x00\xfe\x00\x07\xf0\x00~\x00\x07\xe0\x00\x7f\x00\x07\xc0\x00\xff\x00\x0f\xc0\x00\xff\x00\x0f\xc0\x01\xff\x80\x0f\x80\x03\xff\x80\x0f\x80\x03\xdf\x80\x0f\x80\x07\xcf\x80\x1f\x80\x07\x8f\x80\x1f\x80\x0f\x8f\xc0\x1f\x00\x0f\x0f\xc0\x1f\x00\x1e\x0f\xc0\x1f\x00\x1e\x0f\xc0\x1f\x00<\x07\xc0\x1f\x00|\x07\xc0\x1f\x00x\x07\xc0\x1f\x00\xf8\x07\xc0\x1f\x00\xf0\x07\xc0\x1f\x01\xf0\x07\xc0\x1f\x01\xe0\x07\xc0\x1f\x03\xc0\x0f\xc0\x1f\x07\xc0\x0f\xc0\x1f\x87\x80\x0f\xc0\x1f\x8f\x80\x0f\xc0\x1f\x8f\x00\x0f\x80\x0f\x9f\x00\x0f\x80\x0f\x9e\x00\x0f\x80\x0f\xfc\x00\x1f\x80\x0f\xfc\x00\x1f\x80\x0f\xf8\x00\x1f\x00\x07\xf8\x00?\x00\x07\xf0\x00?\x00\x07\xf0\x00~\x00\x03\xf8\x00\xfe\x00\x03\xfc\x01\xfc\x00\x03\xff\x07\xfc\x00\x07\xff\xff\xf8\x00\x07\xff\xff\xf0\x00\x0f\xbf\xff\xe0\x00\x07\x0f\xff\x80\x00\x02\x03\xfc\x00\x00\x00\x00\x00\x00\x00\x00\x00\x00\x00\x00\x00\x00\x00\x00\x00\x00\x00\x00\x00\x00\x00\x00\x00\x00\x00\x00\x00\x00\x00\x00\x00\x00\x00\x00\x00\x00\x00\x00\x00\x00\x00\x00\x00\x00\x00\x00\x00\x00\x00\x00\x00\x00\x00\x00\x00\x00\x00\x00\x00\x00\x00\x00\x00\x00\x00%',
  217:b'\x00\x7f\x00\x00\x00\x00\x7f\x80\x00\x00\x00?\xc0\x00\x00\x00\x0f\xc0\x00\x00\x00\x07\xe0\x00\x00\x00\x03\xf0\x00\x00\x00\x00\xf8\x00\x00\x00\x00x\x00\x00\x00\x00\x04\x00\x00\x00\x00\x00\x00\x00\x00\x00\x00\x00\x00\x0f\x80\x00>\x00\x0f\x80\x00>\x00\x0f\x80\x00>\x00\x0f\x80\x00>\x00\x0f\x80\x00>\x00\x0f\x80\x00>\x00\x0f\x80\x00>\x00\x0f\x80\x00>\x00\x0f\x80\x00>\x00\x0f\x80\x00>\x00\x0f\x80\x00>\x00\x0f\x80\x00>\x00\x0f\x80\x00>\x00\x0f\x80\x00>\x00\x0f\x80\x00>\x00\x0f\x80\x00>\x00\x0f\x80\x00>\x00\x0f\x80\x00>\x00\x0f\x80\x00>\x00\x0f\x80\x00>\x00\x0f\x80\x00>\x00\x0f\x80\x00>\x00\x0f\x80\x00>\x00\x0f\x80\x00>\x00\x0f\x80\x00>\x00\x0f\x80\x00>\x00\x0f\x80\x00>\x00\x0f\x80\x00>\x00\x0f\x80\x00>\x00\x0f\x80\x00>\x00\x0f\x80\x00>\x00\x0f\x80\x00>\x00\x0f\x80\x00>\x00\x0f\x80\x00>\x00\x0f\xc0\x00>\x00\x0f\xc0\x00|\x00\x0f\xc0\x00|\x00\x07\xc0\x00|\x00\x07\xc0\x00|\x00\x07\xe0\x00\xfc\x00\x07\xf0\x00\xf8\x00\x03\xf8\x01\xf8\x00\x03\xfe\x07\xf0\x00\x01\xff\xff\xf0\x00\x00\xff\xff\xe0\x00\x00\x7f\xff\xc0\x00\x00?\xff\x00\x00\x00\x07\xfc\x00\x00\x00\x00\x00\x00\x00\x00\x00\x00\x00\x00\x00\x00\x00\x00\x00\x00\x00\x00\x00\x00\x00\x00\x00\x00\x00\x00\x00\x00\x00\x00\x00\x00\x00\x00\x00\x00\x00\x00\x00\x00\x00\x00\x00\x00\x00\x00\x00\x00\x00\x00\x00\x00\x00\x00\x00\x00\x00\x00\x00\x00\x00\x00\x00\x00\x00#',
  218:b'\x00\x00\x0f\xe0\x00\x00\x00\x0f\xe0\x00\x00\x00\x1f\xc0\x00\x00\x00?\x80\x00\x00\x00~\x00\x00\x00\x00|\x00\x00\x00\x00\xf8\x00\x00\x00\x01\xe0\x00\x00\x00\x00\x00\x00\x00\x00\x00\x00\x00\x00\x00\x00\x00\x00\x00\x0f\x80\x00>\x00\x0f\x80\x00>\x00\x0f\x80\x00>\x00\x0f\x80\x00>\x00\x0f\x80\x00>\x00\x0f\x80\x00>\x00\x0f\x80\x00>\x00\x0f\x80\x00>\x00\x0f\x80\x00>\x00\x0f\x80\x00>\x00\x0f\x80\x00>\x00\x0f\x80\x00>\x00\x0f\x80\x00>\x00\x0f\x80\x00>\x00\x0f\x80\x00>\x00\x0f\x80\x00>\x00\x0f\x80\x00>\x00\x0f\x80\x00>\x00\x0f\x80\x00>\x00\x0f\x80\x00>\x00\x0f\x80\x00>\x00\x0f\x80\x00>\x00\x0f\x80\x00>\x00\x0f\x80\x00>\x00\x0f\x80\x00>\x00\x0f\x80\x00>\x00\x0f\x80\x00>\x00\x0f\x80\x00>\x00\x0f\x80\x00>\x00\x0f\x80\x00>\x00\x0f\x80\x00>\x00\x0f\x80\x00>\x00\x0f\x80\x00>\x00\x0f\x80\x00>\x00\x0f\xc0\x00>\x00\x0f\xc0\x00|\x00\x0f\xc0\x00|\x00\x07\xc0\x00|\x00\x07\xc0\x00|\x00\x07\xe0\x00\xfc\x00\x07\xf0\x00\xf8\x00\x03\xf8\x01\xf8\x00\x03\xfe\x07\xf0\x00\x01\xff\xff\xf0\x00\x00\xff\xff\xe0\x00\x00\x7f\xff\xc0\x00\x00?\xff\x00\x00\x00\x07\xfc\x00\x00\x00\x00\x00\x00\x00\x00\x00\x00\x00\x00\x00\x00\x00\x00\x00\x00\x00\x00\x00\x00\x00\x00\x00\x00\x00\x00\x00\x00\x00\x00\x00\x00\x00\x00\x00\x00\x00\x00\x00\x00\x00\x00\x00\x00\x00\x00\x00\x00\x00\x00\x00\x00\x00\x00\x00\x00\x00\x00\x00\x00\x00\x00\x00\x00\x00#',
  219:b'\x00\x00\xf0\x00\x00\x00\x03\xf8\x00\x00\x00\x07\xfc\x00\x00\x00\x0f\xbe\x00\x00\x00\x1f\x9f\x00\x00\x00?\x1f\x80\x00\x00~\x0f\xc0\x00\x00|\x07\xc0\x00\x00\x00\x00\x00\x00\x00\x00\x00\x00\x00\x00\x00\x00\x00\x00\x0f\x80\x00>\x00\x0f\x80\x00>\x00\x0f\x80\x00>\x00\x0f\x80\x00>\x00\x0f\x80\x00>\x00\x0f\x80\x00>\x00\x0f\x80\x00>\x00\x0f\x80\x00>\x00\x0f\x80\x00>\x00\x0f\x80\x00>\x00\x0f\x80\x00>\x00\x0f\x80\x00>\x00\x0f\x80\x00>\x00\x0f\x80\x00>\x00\x0f\x80\x00>\x00\x0f\x80\x00>\x00\x0f\x80\x00>\x00\x0f\x80\x00>\x00\x0f\x80\x00>\x00\x0f\x80\x00>\x00\x0f\x80\x00>\x00\x0f\x80\x00>\x00\x0f\x80\x00>\x00\x0f\x80\x00>\x00\x0f\x80\x00>\x00\x0f\x80\x00>\x00\x0f\x80\x00>\x00\x0f\x80\x00>\x00\x0f\x80\x00>\x00\x0f\x80\x00>\x00\x0f\x80\x00>\x00\x0f\x80\x00>\x00\x0f\x80\x00>\x00\x0f\x80\x00>\x00\x0f\xc0\x00>\x00\x0f\xc0\x00|\x00\x0f\xc0\x00|\x00\x07\xc0\x00|\x00\x07\xc0\x00|\x00\x07\xe0\x00\xfc\x00\x07\xf0\x00\xf8\x00\x03\xf8\x01\xf8\x00\x03\xfe\x07\xf0\x00\x01\xff\xff\xf0\x00\x00\xff\xff\xe0\x00\x00\x7f\xff\xc0\x00\x00?\xff\x00\x00\x00\x07\xfc\x00\x00\x00\x00\x00\x00\x00\x00\x00\x00\x00\x00\x00\x00\x00\x00\x00\x00\x00\x00\x00\x00\x00\x00\x00\x00\x00\x00\x00\x00\x00\x00\x00\x00\x00\x00\x00\x00\x00\x00\x00\x00\x00\x00\x00\x00\x00\x00\x00\x00\x00\x00\x00\x00\x00\x00\x00\x00\x00\x00\x00\x00\x00\x00\x00\x00\x00#',
  220:b'\x00\x00\x00\x00\x00\x00\x00\x00\x00\x00\x00<\x07\x80\x00\x00~\x0f\xc0\x00\x00~\x0f\xc0\x00\x00~\x0f\xc0\x00\x00~\x0f\xc0\x00\x00<\x07\x80\x00\x00\x00\x00\x00\x00\x00\x00\x00\x00\x00\x00\x00\x00\x00\x00\x0f\x80\x00>\x00\x0f\x80\x00>\x00\x0f\x80\x00>\x00\x0f\x80\x00>\x00\x0f\x80\x00>\x00\x0f\x80\x00>\x00\x0f\x80\x00>\x00\x0f\x80\x00>\x00\x0f\x80\x00>\x00\x0f\x80\x00>\x00\x0f\x80\x00>\x00\x0f\x80\x00>\x00\x0f\x80\x00>\x00\x0f\x80\x00>\x00\x0f\x80\x00>\x00\x0f\x80\x00>\x00\x0f\x80\x00>\x00\x0f\x80\x00>\x00\x0f\x80\x00>\x00\x0f\x80\x00>\x00\x0f\x80\x00>\x00\x0f\x80\x00>\x00\x0f\x80\x00>\x00\x0f\x80\x00>\x00\x0f\x80\x00>\x00\x0f\x80\x00>\x00\x0f\x80\x00>\x00\x0f\x80\x00>\x00\x0f\x80\x00>\x00\x0f\x80\x00>\x00\x0f\x80\x00>\x00\x0f\x80\x00>\x00\x0f\x80\x00>\x00\x0f\x80\x00>\x00\x0f\xc0\x00>\x00\x0f\xc0\x00|\x00\x0f\xc0\x00|\x00\x07\xc0\x00|\x00\x07\xc0\x00|\x00\x07\xe0\x00\xfc\x00\x07\xf0\x00\xf8\x00\x03\xf8\x01\xf8\x00\x03\xfe\x07\xf0\x00\x01\xff\xff\xf0\x00\x00\xff\xff\xe0\x00\x00\x7f\xff\xc0\x00\x00?\xff\x00\x00\x00\x07\xfc\x00\x00\x00\x00\x00\x00\x00\x00\x00\x00\x00\x00\x00\x00\x00\x00\x00\x00\x00\x00\x00\x00\x00\x00\x00\x00\x00\x00\x00\x00\x00\x00\x00\x00\x00\x00\x00\x00\x00\x00\x00\x00\x00\x00\x00\x00\x00\x00\x00\x00\x00\x00\x00\x00\x00\x00\x00\x00\x00\x00\x00\x00\x00\x00\x00\x00\x00#',
  221:b'\x00\x00?\xc0\x00\x00?\x80\x00\x00\x7f\x00\x00\x00\xfe\x00\x00\x01\xf8\x00\x00\x01\xf0\x00\x00\x03\xe0\x00\x00\x07\x80\x00\x00\x00\x00\x00\x00\x00\x00\x00\x00\x00\x00\x00\xfc\x00\x00|~\x00\x00\xfc~\x00\x00\xf8?\x00\x01\xf8?\x00\x01\xf0\x1f\x00\x03\xf0\x1f\x80\x03\xe0\x0f\x80\x03\xe0\x0f\xc0\x07\xc0\x07\xc0\x07\xc0\x07\xe0\x0f\xc0\x07\xe0\x0f\x80\x03\xe0\x0f\x80\x03\xf0\x1f\x00\x01\xf0\x1f\x00\x01\xf8>\x00\x00\xf8>\x00\x00\xf8>\x00\x00\xfc|\x00\x00||\x00\x00~\xf8\x00\x00>\xf8\x00\x00>\xf0\x00\x00\x1e\xf0\x00\x00\x1f\xe0\x00\x00\x0f\xe0\x00\x00\x0f\xe0\x00\x00\x0f\xc0\x00\x00\x07\xc0\x00\x00\x07\xc0\x00\x00\x07\xc0\x00\x00\x07\xc0\x00\x00\x07\xc0\x00\x00\x07\xc0\x00\x00\x07\xc0\x00\x00\x07\xc0\x00\x00\x07\xc0\x00\x00\x07\xc0\x00\x00\x07\xc0\x00\x00\x07\xc0\x00\x00\x07\xc0\x00\x00\x07\xc0\x00\x00\x07\xc0\x00\x00\x07\xc0\x00\x00\x07\xc0\x00\x00\x07\xc0\x00\x00\x07\xc0\x00\x00\x00\x00\x00\x00\x00\x00\x00\x00\x00\x00\x00\x00\x00\x00\x00\x00\x00\x00\x00\x00\x00\x00\x00\x00\x00\x00\x00\x00\x00\x00\x00\x00\x00\x00\x00\x00\x00\x00\x00\x00\x00\x00\x00\x00\x00\x00\x00\x00\x00\x00\x00\x00\x00\x00\x00\x1e',
  222:b'\x00\x00\x00\x00\x00\x00\x00\x00\x00\x00\x00\x00\x00\x00\x00\x00\x00\x00\x00\x00\x00\x00\x00\x00\x00\x00\x00\x00\x00\x00\x00\x00\x00\x00\x00\x00\x00\x00\x00\x00\x00\x00\x00\x00\x0f\x80\x00\x00\x0f\x80\x00\x00\x0f\x80\x00\x00\x0f\x80\x00\x00\x0f\x80\x00\x00\x0f\xff\xc0\x00\x0f\xff\xf8\x00\x0f\xff\xfe\x00\x0f\xff\xff\x00\x0f\xff\xff\x80\x0f\x80\x7f\xc0\x0f\x80\x0f\xe0\x0f\x80\x07\xe0\x0f\x80\x03\xf0\x0f\x80\x03\xf0\x0f\x80\x03\xf0\x0f\x80\x01\xf0\x0f\x80\x01\xf0\x0f\x80\x01\xf0\x0f\x80\x01\xf0\x0f\x80\x01\xf0\x0f\x80\x01\xf0\x0f\x80\x01\xf0\x0f\x80\x01\xf0\x0f\x80\x03\xf0\x0f\x80\x03\xf0\x0f\x80\x07\xe0\x0f\x80\x0f\xe0\x0f\x80\x1f\xc0\x0f\x80\x7f\xc0\x0f\xff\xff\x80\x0f\xff\xff\x00\x0f\xff\xfe\x00\x0f\xff\xf8\x00\x0f\xff\xc0\x00\x0f\x80\x00\x00\x0f\x80\x00\x00\x0f\x80\x00\x00\x0f\x80\x00\x00\x0f\x80\x00\x00\x0f\x80\x00\x00\x0f\x80\x00\x00\x0f\x80\x00\x00\x0f\x80\x00\x00\x0f\x80\x00\x00\x0f\x80\x00\x00\x0f\x80\x00\x00\x00\x00\x00\x00\x00\x00\x00\x00\x00\x00\x00\x00\x00\x00\x00\x00\x00\x00\x00\x00\x00\x00\x00\x00\x00\x00\x00\x00\x00\x00\x00\x00\x00\x00\x00\x00\x00\x00\x00\x00\x00\x00\x00\x00\x00\x00\x00\x00\x00\x00\x00\x00\x00\x00\x00\x00\x1e',
  223:b'\x00\x00\x00\x00\x00\x00\x00\x00\x00\x00\x00\x00\x00\x00\x00\x00\x00\x00\x00\x00\x00\x00\x00\x00\x00\x00\x00\x00\x00\x00\x00\x00\x00\x00\x00\x00\x00\x00\x00\x00\x00\x00\x00\x00\x00\x00\x00\x00\x00\x00\x00\x00\x00\x00\x00\x00\x0f\xe0\x00\x00\x00\x7f\xfc\x00\x00\x00\xff\xfe\x00\x00\x01\xff\xff\x00\x00\x03\xf8?\x80\x00\x03\xf0\x1f\x80\x00\x03\xe0\x0f\xc0\x00\x07\xe0\x07\xc0\x00\x07\xc0\x07\xc0\x00\x07\xc0\x07\xc0\x00\x07\xc0\x07\xc0\x00\x07\xc0\x0f\xc0\x00\x07\xc0\x0f\x80\x00\x7f\xc0\x1f\x80\x00\x7f\xc0?\x00\x00\x7f\xc0~\x00\x00\x7f\xc0\xfc\x00\x00\x07\xc1\xf8\x00\x00\x07\xc1\xf0\x00\x00\x07\xc1\xf0\x00\x00\x07\xc3\xe0\x00\x00\x07\xc3\xe0\x00\x00\x07\xc3\xe0\x00\x00\x07\xc1\xf0\x00\x00\x07\xc1\xf8\x00\x00\x07\xc1\xfc\x00\x00\x07\xc0\xfe\x00\x00\x07\xc0\x7f\x80\x00\x07\xc0?\xc0\x00\x07\xc0\x1f\xe0\x00\x07\xc0\x0f\xf0\x00\x07\xc0\x03\xf8\x00\x07\xc0\x01\xf8\x00\x07\xc0\x00\xfc\x00\x07\xc0\x00|\x00\x07\xc0\x00|\x00\x07\xc0\x00|\x00\x07\xc0\x00<\x00\x07\xc0\x00<\x00\x07\xc0\x00<\x00\x07\xc0\x00|\x00\x07\xc0\x00|\x00\x07\xc2\x00\xf8\x00\x07\xc3\x83\xf8\x00\x07\xc3\xff\xf0\x00\x07\xc3\xff\xe0\x00\x07\xc7\xff\xc0\x00\x00\x00\xff\x00\x00\x00\x00\x00\x00\x00\x00\x00\x00\x00\x00\x00\x00\x00\x00\x00\x00\x00\x00\x00\x00\x00\x00\x00\x00\x00\x00\x00\x00\x00\x00\x00\x00\x00\x00\x00\x00\x00\x00\x00\x00\x00\x00\x00\x00\x00\x00\x00\x00\x00\x00\x00\x00\x00\x00\x00\x00\x00\x00\x00\x00\x00\x00\x00\x00\x00!',
  224:b'\x00\x00\x00\x00\x00\x00\x00\x00\x00\x00\x00\x00\x00\x00\x00\x00\x00\x00\x00\x00\x00\x00\x00\x00\x00\x00\x00\x00\x00\x00\x00\x00\x00\x00\x00\x00\x00\x00\x00\x00\x01\xf8\x00\x00\x01\xf8\x00\x00\x00\xfc\x00\x00\x00|\x00\x00\x00<\x00\x00\x00>\x00\x00\x00\x1e\x00\x00\x00\x0e\x00\x00\x00\x07\x00\x00\x00\x07\x00\x00\x00\x00\x00\x00\x00\x00\x00\x00\x00\x00\x00\x00\x00\x00\x00\x00\x00\x7f\xc0\x00\x03\xff\xf0\x00\x0f\xff\xf8\x00\x0f\xff\xfc\x00\x0f\xc0\xfc\x00\x06\x00|\x00\x00\x00>\x00\x00\x00>\x00\x00\x00>\x00\x00\x00>\x00\x00\x00>\x00\x00\x00>\x00\x00\x00>\x00\x00\x00>\x00\x00\x00>\x00\x00?\xfe\x00\x01\xff\xfe\x00\x07\xff\xfe\x00\x0f\xff\xfe\x00\x1f\xe0>\x00\x1f\x80>\x00?\x00>\x00>\x00>\x00>\x00>\x00>\x00>\x00>\x00>\x00>\x00>\x00?\x00~\x00?\x00\xfe\x00\x1f\xc1\xfe\x00\x1f\xff\xde\x00\x0f\xff\x9e\x00\x07\xff\x1e\x00\x01\xfc\x0e\x00\x00\x00\x00\x00\x00\x00\x00\x00\x00\x00\x00\x00\x00\x00\x00\x00\x00\x00\x00\x00\x00\x00\x00\x00\x00\x00\x00\x00\x00\x00\x00\x00\x00\x00\x00\x00\x00\x00\x00\x00\x00\x00\x00\x00\x00\x00\x00\x00\x00\x00\x00\x00\x00\x00\x00\x00\x1b',
  225:b'\x00\x00\x00\x00\x00\x00\x00\x00\x00\x00\x00\x00\x00\x00\x00\x00\x00\x00\x00\x00\x00\x00\x00\x00\x00\x00\x00\x00\x00\x00\x00\x00\x00\x00\x00\x00\x00\x00\x00\x00\x00\x07\xc0\x00\x00\x07\xc0\x00\x00\x0f\xc0\x00\x00\x0f\x80\x00\x00\x0f\x00\x00\x00\x1f\x00\x00\x00\x1e\x00\x00\x00\x1c\x00\x00\x00<\x00\x00\x008\x00\x00\x00\x00\x00\x00\x00\x00\x00\x00\x00\x00\x00\x00\x00\x00\x00\x00\x00\x7f\xc0\x00\x03\xff\xf0\x00\x0f\xff\xf8\x00\x0f\xff\xfc\x00\x0f\xc0\xfc\x00\x06\x00|\x00\x00\x00>\x00\x00\x00>\x00\x00\x00>\x00\x00\x00>\x00\x00\x00>\x00\x00\x00>\x00\x00\x00>\x00\x00\x00>\x00\x00\x00>\x00\x00?\xfe\x00\x01\xff\xfe\x00\x07\xff\xfe\x00\x0f\xff\xfe\x00\x1f\xe0>\x00\x1f\x80>\x00?\x00>\x00>\x00>\x00>\x00>\x00>\x00>\x00>\x00>\x00>\x00>\x00?\x00~\x00?\x00\xfe\x00\x1f\xc1\xfe\x00\x1f\xff\xde\x00\x0f\xff\x9e\x00\x07\xff\x1e\x00\x01\xfc\x0e\x00\x00\x00\x00\x00\x00\x00\x00\x00\x00\x00\x00\x00\x00\x00\x00\x00\x00\x00\x00\x00\x00\x00\x00\x00\x00\x00\x00\x00\x00\x00\x00\x00\x00\x00\x00\x00\x00\x00\x00\x00\x00\x00\x00\x00\x00\x00\x00\x00\x00\x00\x00\x00\x00\x00\x00\x00\x1b',
  226:b'\x00\x00\x00\x00\x00\x00\x00\x00\x00\x00\x00\x00\x00\x00\x00\x00\x00\x00\x00\x00\x00\x00\x00\x00\x00\x00\x00\x00\x00\x00\x00\x00\x00\x00\x00\x00\x00\x0e\x00\x00\x00\x0f\x00\x00\x00\x1f\x00\x00\x00\x1f\x80\x00\x00;\x80\x00\x00;\xc0\x00\x00{\xc0\x00\x00y\xe0\x00\x00\xf1\xe0\x00\x01\xe0\xf0\x00\x01\xe0\xf0\x00\x03\xc0x\x00\x00\x00\x00\x00\x00\x00\x00\x00\x00\x00\x00\x00\x00\x7f\xc0\x00\x03\xff\xf0\x00\x0f\xff\xf8\x00\x0f\xff\xfc\x00\x0f\xc0\xfc\x00\x06\x00|\x00\x00\x00>\x00\x00\x00>\x00\x00\x00>\x00\x00\x00>\x00\x00\x00>\x00\x00\x00>\x00\x00\x00>\x00\x00\x00>\x00\x00\x00>\x00\x00?\xfe\x00\x01\xff\xfe\x00\x07\xff\xfe\x00\x0f\xff\xfe\x00\x1f\xe0>\x00\x1f\x80>\x00?\x00>\x00>\x00>\x00>\x00>\x00>\x00>\x00>\x00>\x00>\x00>\x00?\x00~\x00?\x00\xfe\x00\x1f\xc1\xfe\x00\x1f\xff\xde\x00\x0f\xff\x9e\x00\x07\xff\x1e\x00\x01\xfc\x0e\x00\x00\x00\x00\x00\x00\x00\x00\x00\x00\x00\x00\x00\x00\x00\x00\x00\x00\x00\x00\x00\x00\x00\x00\x00\x00\x00\x00\x00\x00\x00\x00\x00\x00\x00\x00\x00\x00\x00\x00\x00\x00\x00\x00\x00\x00\x00\x00\x00\x00\x00\x00\x00\x00\x00\x00\x00\x1b',
  227:b'\x00\x00\x00\x00\x00\x00\x00\x00\x00\x00\x00\x00\x00\x00\x00\x00\x00\x00\x00\x00\x00\x00\x00\x00\x00\x00\x00\x00\x00\x00\x00\x00\x00\x00\x00\x00\x00\x00\x00\x00\x00x\x00\x00\x00\xff\x10\x00\x01\xff\xf8\x00\x03\xff\xfc\x00\x07\xff\xf8\x00\x03\x0f\xf0\x00\x00\x03\xc0\x00\x00\x00\x00\x00\x00\x00\x00\x00\x00\x00\x00\x00\x00\x00\x00\x00\x00\x00\x00\x00\x00\x00\x00\x00\x00\x00\x00\x00\x00\x7f\xc0\x00\x03\xff\xf0\x00\x0f\xff\xf8\x00\x0f\xff\xfc\x00\x0f\xc0\xfc\x00\x06\x00|\x00\x00\x00>\x00\x00\x00>\x00\x00\x00>\x00\x00\x00>\x00\x00\x00>\x00\x00\x00>\x00\x00\x00>\x00\x00\x00>\x00\x00\x00>\x00\x00?\xfe\x00\x01\xff\xfe\x00\x07\xff\xfe\x00\x0f\xff\xfe\x00\x1f\xe0>\x00\x1f\x80>\x00?\x00>\x00>\x00>\x00>\x00>\x00>\x00>\x00>\x00>\x00>\x00>\x00?\x00~\x00?\x00\xfe\x00\x1f\xc1\xfe\x00\x1f\xff\xde\x00\x0f\xff\x9e\x00\x07\xff\x1e\x00\x01\xfc\x0e\x00\x00\x00\x00\x00\x00\x00\x00\x00\x00\x00\x00\x00\x00\x00\x00\x00\x00\x00\x00\x00\x00\x00\x00\x00\x00\x00\x00\x00\x00\x00\x00\x00\x00\x00\x00\x00\x00\x00\x00\x00\x00\x00\x00\x00\x00\x00\x00\x00\x00\x00\x00\x00\x00\x00\x00\x00\x1b',
  228:b'\x00\x00\x00\x00\x00\x00\x00\x00\x00\x00\x00\x00\x00\x00\x00\x00\x00\x00\x00\x00\x00\x00\x00\x00\x00\x00\x00\x00\x00\x00\x00\x00\x00\x00\x00\x00\x00\x00\x00\x00\x00\x00\x00\x00\x03\xc0p\x00\x07\xe0\xf8\x00\x07\xe0\xfc\x00\x07\xe0\xfc\x00\x07\xe0\xf8\x00\x03\xc0x\x00\x00\x00\x00\x00\x00\x00\x00\x00\x00\x00\x00\x00\x00\x00\x00\x00\x00\x00\x00\x00\x00\x00\x00\x00\x00\x00\x00\x00\x00\x7f\xc0\x00\x03\xff\xf0\x00\x0f\xff\xf8\x00\x0f\xff\xfc\x00\x0f\xc0\xfc\x00\x06\x00|\x00\x00\x00>\x00\x00\x00>\x00\x00\x00>\x00\x00\x00>\x00\x00\x00>\x00\x00\x00>\x00\x00\x00>\x00\x00\x00>\x00\x00\x00>\x00\x00?\xfe\x00\x01\xff\xfe\x00\x07\xff\xfe\x00\x0f\xff\xfe\x00\x1f\xe0>\x00\x1f\x80>\x00?\x00>\x00>\x00>\x00>\x00>\x00>\x00>\x00>\x00>\x00>\x00>\x00?\x00~\x00?\x00\xfe\x00\x1f\xc1\xfe\x00\x1f\xff\xde\x00\x0f\xff\x9e\x00\x07\xff\x1e\x00\x01\xfc\x0e\x00\x00\x00\x00\x00\x00\x00\x00\x00\x00\x00\x00\x00\x00\x00\x00\x00\x00\x00\x00\x00\x00\x00\x00\x00\x00\x00\x00\x00\x00\x00\x00\x00\x00\x00\x00\x00\x00\x00\x00\x00\x00\x00\x00\x00\x00\x00\x00\x00\x00\x00\x00\x00\x00\x00\x00\x00\x1b',
  229:b'\x00\x00\x00\x00\x00\x00\x00\x00\x00\x00\x00\x00\x00\x00\x00\x00\x00\x00\x00\x00\x00\x00\x00\x00\x00\x00\x00\x00\x00\x00\x00\x00\x00\x00\x00\x00\x00\x1f\x00\x00\x00\x7f\x80\x00\x00\x7f\xc0\x00\x00\xf1\xe0\x00\x00\xe1\xe0\x00\x00\xe0\xe0\x00\x00\xe0\xe0\x00\x00\xe0\xe0\x00\x00\xf1\xe0\x00\x00\x7f\xc0\x00\x00\x7f\x80\x00\x00\x1f\x00\x00\x00\x00\x00\x00\x00\x00\x00\x00\x00\x00\x00\x00\x00\x7f\xc0\x00\x03\xff\xf0\x00\x0f\xff\xf8\x00\x0f\xff\xfc\x00\x0f\xc0\xfc\x00\x06\x00|\x00\x00\x00>\x00\x00\x00>\x00\x00\x00>\x00\x00\x00>\x00\x00\x00>\x00\x00\x00>\x00\x00\x00>\x00\x00\x00>\x00\x00\x00>\x00\x00?\xfe\x00\x01\xff\xfe\x00\x07\xff\xfe\x00\x0f\xff\xfe\x00\x1f\xe0>\x00\x1f\x80>\x00?\x00>\x00>\x00>\x00>\x00>\x00>\x00>\x00>\x00>\x00>\x00>\x00?\x00~\x00?\x00\xfe\x00\x1f\xc1\xfe\x00\x1f\xff\xde\x00\x0f\xff\x9e\x00\x07\xff\x1e\x00\x01\xfc\x0e\x00\x00\x00\x00\x00\x00\x00\x00\x00\x00\x00\x00\x00\x00\x00\x00\x00\x00\x00\x00\x00\x00\x00\x00\x00\x00\x00\x00\x00\x00\x00\x00\x00\x00\x00\x00\x00\x00\x00\x00\x00\x00\x00\x00\x00\x00\x00\x00\x00\x00\x00\x00\x00\x00\x00\x00\x00\x1b',
  230:b'\x00\x00\x00\x00\x00\x00\x00\x00\x00\x00\x00\x00\x00\x00\x00\x00\x00\x00\x00\x00\x00\x00\x00\x00\x00\x00\x00\x00\x00\x00\x00\x00\x00\x00\x00\x00\x00\x00\x00\x00\x00\x00\x00\x00\x00\x00\x00\x00\x00\x00\x00\x00\x00\x00\x00\x00\x00\x00\x00\x00\x00\x00\x00\x00\x00\x00\x00\x00\x00\x00\x00\x00\x00\x00\x00\x00\x00\x00\x00\x00\x00\x00\x00\x00\x00\x00\x00\x00\x00\x00\x00\x00\x00\x00\x00\x00\x00\x00\x00\x00\x00\x00\x00\x00\x00\x00\x00\x00\x00\x00\x00\x00\x00\x00\x00\x00\x00\x00\x00\x00\x00\x00\x00\x00\x00\x00\x00\x00\x00\x00\x00\x00\x00\x00\x00\x00\x00\x00\x00\x00\x00\x00\x00\x00\x00\x7f\xc0\x1f\xc0\x00\x03\xff\xe0\xff\xf0\x00\x0f\xff\xf1\xff\xf8\x00\x0f\xff\xfb\xff\xfc\x00\x0f\xc0\xff\xf0\xfe\x00\x06\x00\x7f\xc0~\x00\x08\x00?\x80>\x00\x00\x00?\x00\x1f\x00\x00\x00?\x00\x1f\x00\x00\x00?\x00\x1f\x00\x00\x00>\x00\x1f\x00\x00\x00>\x00\x0f\x00\x00\x00>\x00\x0f\x00\x00\x00>\x00\x0f\x00\x00\x00?\xff\xff\x00\x00?\xff\xff\xff\x00\x01\xff\xff\xff\xff\x00\x07\xff\xff\xff\xff\x00\x0f\xff\xfe\x00\x00\x00\x1f\xe0>\x00\x00\x00\x1f\x80>\x00\x00\x00?\x00>\x00\x00\x00>\x00>\x00\x00\x00>\x00>\x00\x00\x00>\x00?\x00\x00\x00>\x00?\x00\x00\x00>\x00?\x00\x00\x00>\x00?\x80\x00\x00?\x00\x7f\x80\x00\x00\x1f\x00\xff\xc0\x0c\x00\x1f\xc3\xe7\xf0>\x00\x0f\xff\xc7\xff\xfe\x00\x0f\xff\x83\xff\xfe\x00\x07\xff\x00\xff\xf8\x00\x01\xfc\x00?\xc0\x00\x00\x00\x00\x00\x00\x00\x00\x00\x00\x00\x00\x00\x00\x00\x00\x00\x00\x00\x00\x00\x00\x00\x00\x00\x00\x00\x00\x00\x00\x00\x00\x00\x00\x00\x00\x00\x00\x00\x00\x00\x00\x00\x00\x00\x00\x00\x00\x00\x00\x00\x00\x00\x00\x00\x00\x00\x00\x00\x00\x00\x00\x00\x00\x00\x00\x00\x00\x00\x00\x00\x00\x00\x00\x00\x00\x00\x00\x00+',
  231:b"\x00\x00\x00\x00\x00\x00\x00\x00\x00\x00\x00\x00\x00\x00\x00\x00\x00\x00\x00\x00\x00\x00\x00\x00\x00\x00\x00\x00\x00\x00\x00\x00\x00\x00\x00\x00\x00\x00\x00\x00\x00\x00\x00\x00\x00\x00\x00\x00\x00\x00\x00\x00\x00\x00\x00\x00\x00\x00\x00\x00\x00\x00\x00\x00\x00\x00\x00\x00\x00\x00\x00\x00\x00\x1f\xe0\x00\x7f\xfc\x01\xff\xfc\x03\xff\xf8\x03\xf08\x07\xe0\x00\x0f\xc0\x00\x0f\x80\x00\x0f\x80\x00\x1f\x00\x00\x1f\x00\x00\x1f\x00\x00\x1f\x00\x00\x1f\x00\x00\x1f\x00\x00\x1f\x00\x00?\x00\x00?\x00\x00?\x00\x00\x1f\x00\x00\x1f\x00\x00\x1f\x00\x00\x1f\x00\x00\x1f\x00\x00\x1f\x00\x00\x1f\x80\x00\x0f\x80\x00\x0f\x80\x00\x0f\xc0\x00\x07\xe0\x08\x07\xf8<\x03\xff\xfc\x01\xff\xfc\x00\xff\xf8\x00?\xc0\x00\x07\x00\x00\x0e\x00\x00\x0f\x80\x00\x1f\xc0\x00\x1f\xe0\x00'\xe0\x00\x01\xf0\x00\x01\xf0\x00\x01\xe0\x00\x03\xe0\x00?\xc0\x00?\x80\x00?\x00\x18",
  232:b'\x00\x00\x00\x00\x00\x00\x00\x00\x00\x00\x00\x00\x00\x00\x00\x00\x00\x00\x00\x00\x00\x00\x00\x00\x00\x00\x00\x00\x00\x00\x00\x00\x00\x00\x00\x00\x00\x00\x00\x00\x00\xfc\x00\x00\x00\xfe\x00\x00\x00~\x00\x00\x00>\x00\x00\x00\x1f\x00\x00\x00\x1f\x00\x00\x00\x0f\x00\x00\x00\x07\x80\x00\x00\x03\x80\x00\x00\x03\x80\x00\x00\x00\x00\x00\x00\x00\x00\x00\x00\x00\x00\x00\x00\x00\x00\x00\x00\x1f\xc0\x00\x00\x7f\xf8\x00\x01\xff\xfc\x00\x03\xff\xfe\x00\x03\xf0~\x00\x07\xe0?\x00\x0f\xc0\x1f\x00\x0f\x80\x1f\x00\x0f\x80\x0f\x80\x1f\x00\x0f\x80\x1f\x00\x0f\x80\x1f\x00\x0f\x80\x1f\x00\x0f\x80\x1f\x00\x0f\x80\x1f\xff\xff\x80\x1f\xff\xff\x80?\xff\xff\x80?\xff\xff\x80?\x00\x00\x00\x1f\x00\x00\x00\x1f\x00\x00\x00\x1f\x00\x00\x00\x1f\x00\x00\x00\x1f\x00\x00\x00\x1f\x00\x00\x00\x1f\x80\x00\x00\x0f\x80\x00\x00\x0f\x80\x00\x00\x0f\xc0\x04\x00\x07\xe0\x06\x00\x03\xf8\x1e\x00\x03\xff\xff\x00\x01\xff\xfe\x00\x00\x7f\xfc\x00\x00\x1f\xe0\x00\x00\x00\x00\x00\x00\x00\x00\x00\x00\x00\x00\x00\x00\x00\x00\x00\x00\x00\x00\x00\x00\x00\x00\x00\x00\x00\x00\x00\x00\x00\x00\x00\x00\x00\x00\x00\x00\x00\x00\x00\x00\x00\x00\x00\x00\x00\x00\x00\x00\x00\x00\x00\x1c',
  233:b'\x00\x00\x00\x00\x00\x00\x00\x00\x00\x00\x00\x00\x00\x00\x00\x00\x00\x00\x00\x00\x00\x00\x00\x00\x00\x00\x00\x00\x00\x00\x00\x00\x00\x00\x00\x00\x00\x00\x00\x00\x00\x01\xf8\x00\x00\x01\xf8\x00\x00\x01\xf0\x00\x00\x03\xe0\x00\x00\x03\xe0\x00\x00\x03\xc0\x00\x00\x07\xc0\x00\x00\x07\x80\x00\x00\x07\x00\x00\x00\x07\x00\x00\x00\x08\x00\x00\x00\x00\x00\x00\x00\x00\x00\x00\x00\x00\x00\x00\x00\x1f\xc0\x00\x00\x7f\xf8\x00\x01\xff\xfc\x00\x03\xff\xfe\x00\x03\xf0~\x00\x07\xe0?\x00\x0f\xc0\x1f\x00\x0f\x80\x1f\x00\x0f\x80\x0f\x80\x1f\x00\x0f\x80\x1f\x00\x0f\x80\x1f\x00\x0f\x80\x1f\x00\x0f\x80\x1f\x00\x0f\x80\x1f\xff\xff\x80\x1f\xff\xff\x80?\xff\xff\x80?\xff\xff\x80?\x00\x00\x00\x1f\x00\x00\x00\x1f\x00\x00\x00\x1f\x00\x00\x00\x1f\x00\x00\x00\x1f\x00\x00\x00\x1f\x00\x00\x00\x1f\x80\x00\x00\x0f\x80\x00\x00\x0f\x80\x00\x00\x0f\xc0\x04\x00\x07\xe0\x06\x00\x03\xf8\x1e\x00\x03\xff\xff\x00\x01\xff\xfe\x00\x00\x7f\xfc\x00\x00\x1f\xe0\x00\x00\x00\x00\x00\x00\x00\x00\x00\x00\x00\x00\x00\x00\x00\x00\x00\x00\x00\x00\x00\x00\x00\x00\x00\x00\x00\x00\x00\x00\x00\x00\x00\x00\x00\x00\x00\x00\x00\x00\x00\x00\x00\x00\x00\x00\x00\x00\x00\x00\x00\x00\x00\x1c',
  234:b'\x00\x00\x00\x00\x00\x00\x00\x00\x00\x00\x00\x00\x00\x00\x00\x00\x00\x00\x00\x00\x00\x00\x00\x00\x00\x00\x00\x00\x00\x00\x00\x00\x00\x00\x00\x00\x00\x07\x00\x00\x00\x0f\x00\x00\x00\x0f\x80\x00\x00\x1f\x80\x00\x00\x1f\xc0\x00\x00=\xc0\x00\x009\xe0\x00\x00y\xe0\x00\x00\xf0\xf0\x00\x00\xf0\xf0\x00\x01\xe0x\x00\x01\xe0x\x00\x00\x00\x04\x00\x00\x00\x00\x00\x00\x00\x00\x00\x00\x1f\xc0\x00\x00\x7f\xf8\x00\x01\xff\xfc\x00\x03\xff\xfe\x00\x03\xf0~\x00\x07\xe0?\x00\x0f\xc0\x1f\x00\x0f\x80\x1f\x00\x0f\x80\x0f\x80\x1f\x00\x0f\x80\x1f\x00\x0f\x80\x1f\x00\x0f\x80\x1f\x00\x0f\x80\x1f\x00\x0f\x80\x1f\xff\xff\x80\x1f\xff\xff\x80?\xff\xff\x80?\xff\xff\x80?\x00\x00\x00\x1f\x00\x00\x00\x1f\x00\x00\x00\x1f\x00\x00\x00\x1f\x00\x00\x00\x1f\x00\x00\x00\x1f\x00\x00\x00\x1f\x80\x00\x00\x0f\x80\x00\x00\x0f\x80\x00\x00\x0f\xc0\x04\x00\x07\xe0\x06\x00\x03\xf8\x1e\x00\x03\xff\xff\x00\x01\xff\xfe\x00\x00\x7f\xfc\x00\x00\x1f\xe0\x00\x00\x00\x00\x00\x00\x00\x00\x00\x00\x00\x00\x00\x00\x00\x00\x00\x00\x00\x00\x00\x00\x00\x00\x00\x00\x00\x00\x00\x00\x00\x00\x00\x00\x00\x00\x00\x00\x00\x00\x00\x00\x00\x00\x00\x00\x00\x00\x00\x00\x00\x00\x00\x1c',
  235:b'\x00\x00\x00\x00\x00\x00\x00\x00\x00\x00\x00\x00\x00\x00\x00\x00\x00\x00\x00\x00\x00\x00\x00\x00\x00\x00\x00\x00\x00\x00\x00\x00\x00\x00\x00\x00\x00\x00\x00\x00\x00\x00\x00\x00\x01\xe08\x00\x01\xf0|\x00\x03\xf0~\x00\x03\xf0~\x00\x01\xf0|\x00\x01\xe08\x00\x00\x00\x00\x00\x00\x00\x00\x00\x00\x00\x00\x00\x00\x00\x00\x00\x00\x00\x00\x00\x00\x00\x00\x00\x00\x00\x00\x00\x00\x1f\xc0\x00\x00\x7f\xf8\x00\x01\xff\xfc\x00\x03\xff\xfe\x00\x03\xf0~\x00\x07\xe0?\x00\x0f\xc0\x1f\x00\x0f\x80\x1f\x00\x0f\x80\x0f\x80\x1f\x00\x0f\x80\x1f\x00\x0f\x80\x1f\x00\x0f\x80\x1f\x00\x0f\x80\x1f\x00\x0f\x80\x1f\xff\xff\x80\x1f\xff\xff\x80?\xff\xff\x80?\xff\xff\x80?\x00\x00\x00\x1f\x00\x00\x00\x1f\x00\x00\x00\x1f\x00\x00\x00\x1f\x00\x00\x00\x1f\x00\x00\x00\x1f\x00\x00\x00\x1f\x80\x00\x00\x0f\x80\x00\x00\x0f\x80\x00\x00\x0f\xc0\x04\x00\x07\xe0\x06\x00\x03\xf8\x1e\x00\x03\xff\xff\x00\x01\xff\xfe\x00\x00\x7f\xfc\x00\x00\x1f\xe0\x00\x00\x00\x00\x00\x00\x00\x00\x00\x00\x00\x00\x00\x00\x00\x00\x00\x00\x00\x00\x00\x00\x00\x00\x00\x00\x00\x00\x00\x00\x00\x00\x00\x00\x00\x00\x00\x00\x00\x00\x00\x00\x00\x00\x00\x00\x00\x00\x00\x00\x00\x00\x00\x1c',
  236:b'\x00\x00\x00\x00\x00\x00\x00\x00\x00\x00\x00\x00\x00\x00\x00\x00\x00\x00\x00\x00\xfc\x00\xfc\x00~\x00>\x00\x1e\x00\x1f\x00\x0f\x00\x07\x80\x03\x80\x03\x80\x00\x00\x00\x00\x00\x00\x00\x00\x07\xc0\x07\xc0\x07\xc0\x07\xc0\x07\xc0\x07\xc0\x07\xc0\x07\xc0\x07\xc0\x07\xc0\x07\xc0\x07\xc0\x07\xc0\x07\xc0\x07\xc0\x07\xc0\x07\xc0\x07\xc0\x07\xc0\x07\xc0\x07\xc0\x07\xc0\x07\xc0\x07\xc0\x07\xc0\x07\xc0\x07\xc0\x07\xc0\x07\xc0\x07\xc0\x07\xc0\x07\xc0\x07\xc0\x07\xc0\x00\x00\x00\x00\x00\x00\x00\x00\x00\x00\x00\x00\x00\x00\x00\x00\x00\x00\x00\x00\x00\x00\x00\x00\x00\x00\x00\x00\x0f',
  237:b'\x00\x00\x00\x00\x00\x00\x00\x00\x00\x00\x00\x00\x00\x00\x00\x00\x00\x00\x00\x00\x00\xf8\x00\xf8\x01\xf8\x01\xf0\x01\xf0\x03\xe0\x03\xc0\x03\xc0\x03\x80\x07\x00\x00\x00\x00\x00\x00\x00\x00\x00\x07\xc0\x07\xc0\x07\xc0\x07\xc0\x07\xc0\x07\xc0\x07\xc0\x07\xc0\x07\xc0\x07\xc0\x07\xc0\x07\xc0\x07\xc0\x07\xc0\x07\xc0\x07\xc0\x07\xc0\x07\xc0\x07\xc0\x07\xc0\x07\xc0\x07\xc0\x07\xc0\x07\xc0\x07\xc0\x07\xc0\x07\xc0\x07\xc0\x07\xc0\x07\xc0\x07\xc0\x07\xc0\x07\xc0\x07\xc0\x00\x00\x00\x00\x00\x00\x00\x00\x00\x00\x00\x00\x00\x00\x00\x00\x00\x00\x00\x00\x00\x00\x00\x00\x00\x00\x00\x00\x0f',
  238:b'\x00\x00\x00\x00\x00\x00\x00\x00\x00\x00\x00\x00\x00\x00\x00\x00\x00\x00\x03\x80\x07\x80\x07\xc0\x0f\xc0\x0f\xe0\x1e\xe0\x1c\xf0<\xf0<xxx\xf0<\xf0<\x00\x02\x00\x00\x00\x00\x07\xc0\x07\xc0\x07\xc0\x07\xc0\x07\xc0\x07\xc0\x07\xc0\x07\xc0\x07\xc0\x07\xc0\x07\xc0\x07\xc0\x07\xc0\x07\xc0\x07\xc0\x07\xc0\x07\xc0\x07\xc0\x07\xc0\x07\xc0\x07\xc0\x07\xc0\x07\xc0\x07\xc0\x07\xc0\x07\xc0\x07\xc0\x07\xc0\x07\xc0\x07\xc0\x07\xc0\x07\xc0\x07\xc0\x07\xc0\x00\x00\x00\x00\x00\x00\x00\x00\x00\x00\x00\x00\x00\x00\x00\x00\x00\x00\x00\x00\x00\x00\x00\x00\x00\x00\x00\x00\x0f',
  239:b'\x00\x00\x00\x00\x00\x00\x00\x00\x00\x00\x00\x00\x00\x00\x00\x00\x00\x00\x00\x00\x00\x00\x00\x00\x00\x00\x00\x00\x00\x00\x00\x00\x00x\x0e\x00\xfc\x1f\x00\xfc\x1f\x80\xfc\x1f\x80\xfc\x1f\x00x\x0e\x00\x00\x00\x00\x00\x00\x00\x00\x00\x00\x00\x00\x00\x00\x00\x00\x00\x00\x00\x00\x00\x00\x03\xe0\x00\x03\xe0\x00\x03\xe0\x00\x03\xe0\x00\x03\xe0\x00\x03\xe0\x00\x03\xe0\x00\x03\xe0\x00\x03\xe0\x00\x03\xe0\x00\x03\xe0\x00\x03\xe0\x00\x03\xe0\x00\x03\xe0\x00\x03\xe0\x00\x03\xe0\x00\x03\xe0\x00\x03\xe0\x00\x03\xe0\x00\x03\xe0\x00\x03\xe0\x00\x03\xe0\x00\x03\xe0\x00\x03\xe0\x00\x03\xe0\x00\x03\xe0\x00\x03\xe0\x00\x03\xe0\x00\x03\xe0\x00\x03\xe0\x00\x03\xe0\x00\x03\xe0\x00\x03\xe0\x00\x03\xe0\x00\x00\x00\x00\x00\x00\x00\x00\x00\x00\x00\x00\x00\x00\x00\x00\x00\x00\x00\x00\x00\x00\x00\x00\x00\x00\x00\x00\x00\x00\x00\x00\x00\x00\x00\x00\x00\x00\x00\x00\x00\x00\x00\x11',
  240:b'\x00\x00\x00\x00\x00\x00\x00\x00\x00\x00\x00\x00\x00\x00\x00\x00\x00\x00\x00\x00\x00\x00\x00\x00\x00\x00\x00\x00\x00\x00\x00\x00\x00\x00\x00\x00\x00\x00\x00\x00\x00\x04\x00\x00\x00\x0f\x02\x00\x00\x1f\x8e\x00\x00\x1f\xdf\x00\x00\x0f\xfe\x00\x00\x03\xf8\x00\x00\x03\xf8\x00\x00\x07\xfc\x00\x00\x1f\xbe\x00\x00\x0e>\x00\x00\x04\x1f\x00\x00\x00\x0f\x00\x00\x00\x0f\x80\x00\x00\x07\x80\x00\x0f\xc7\x80\x00\x7f\xf7\xc0\x00\xff\xff\xc0\x01\xff\xff\xc0\x03\xf8?\xc0\x07\xe0\x0f\xe0\x07\xc0\x07\xe0\x0f\xc0\x03\xe0\x0f\x80\x03\xe0\x0f\x80\x03\xe0\x1f\x00\x03\xe0\x1f\x00\x01\xe0\x1f\x00\x01\xe0\x1f\x00\x01\xe0\x1f\x00\x01\xe0\x1f\x00\x01\xe0\x1f\x00\x01\xe0\x1f\x00\x01\xe0\x1f\x00\x03\xe0\x1f\x00\x03\xe0\x1f\x00\x03\xe0\x1f\x00\x03\xe0\x1f\x00\x03\xe0\x1f\x00\x03\xe0\x1f\x00\x03\xc0\x0f\x80\x07\xc0\x0f\x80\x07\xc0\x0f\xc0\x0f\x80\x07\xc0\x0f\x80\x07\xe0\x1f\x00\x03\xf8?\x00\x01\xff\xfe\x00\x00\xff\xfc\x00\x00\x7f\xf8\x00\x00\x1f\xc0\x00\x00\x00\x00\x00\x00\x00\x00\x00\x00\x00\x00\x00\x00\x00\x00\x00\x00\x00\x00\x00\x00\x00\x00\x00\x00\x00\x00\x00\x00\x00\x00\x00\x00\x00\x00\x00\x00\x00\x00\x00\x00\x00\x00\x00\x00\x00\x00\x00\x00\x00\x00\x00\x1e',
  241:b'\x00\x00\x00\x00\x00\x00\x00\x00\x00\x00\x00\x00\x00\x00\x00\x00\x00\x00\x00\x00\x00\x00\x00\x00\x00\x00\x00\x00\x00\x00\x00\x00\x00\x00\x00\x00\x00\x00\x00\x00\x00\x1e\x00\x00\x00\x7f\x84\x00\x00\xff\xfc\x00\x01\xff\xfe\x00\x01\xff\xfc\x00\x00\x87\xf8\x00\x00\x01\xf0\x00\x00\x00\x00\x00\x00\x00\x00\x00\x00\x00\x00\x00\x00\x00\x00\x00\x00\x00\x00\x00\x00\x00\x00\x00\x00\x00\x00\x00\x0f\x03\xf8\x00\x0f\x0f\xfe\x00\x0f?\xff\x00\x0f\x7f\xff\x00\x0f\xf8?\x80\x0f\xe0\x1f\x80\x0f\xc0\x0f\x80\x0f\xc0\x0f\xc0\x0f\x80\x07\xc0\x0f\x80\x07\xc0\x0f\x80\x07\xc0\x0f\x80\x07\xc0\x0f\x80\x07\xc0\x0f\x80\x07\xc0\x0f\x80\x07\xc0\x0f\x80\x07\xc0\x0f\x80\x07\xc0\x0f\x80\x07\xc0\x0f\x80\x07\xc0\x0f\x80\x07\xc0\x0f\x80\x07\xc0\x0f\x80\x07\xc0\x0f\x80\x07\xc0\x0f\x80\x07\xc0\x0f\x80\x07\xc0\x0f\x80\x07\xc0\x0f\x80\x07\xc0\x0f\x80\x07\xc0\x0f\x80\x07\xc0\x0f\x80\x07\xc0\x0f\x80\x07\xc0\x0f\x80\x07\xc0\x0f\x80\x07\xc0\x0f\x80\x07\xc0\x00\x00\x00\x00\x00\x00\x00\x00\x00\x00\x00\x00\x00\x00\x00\x00\x00\x00\x00\x00\x00\x00\x00\x00\x00\x00\x00\x00\x00\x00\x00\x00\x00\x00\x00\x00\x00\x00\x00\x00\x00\x00\x00\x00\x00\x00\x00\x00\x00\x00\x00\x00\x00\x00\x00\x00\x1d',
  242:b'\x00\x00\x00\x00\x00\x00\x00\x00\x00\x00\x00\x00\x00\x00\x00\x00\x00\x00\x00\x00\x00\x00\x00\x00\x00\x00\x00\x00\x00\x00\x00\x00\x00\x00\x00\x00\x00\x00\x00\x00\x00\xfc\x00\x00\x00\xfc\x00\x00\x00|\x00\x00\x00~\x00\x00\x00>\x00\x00\x00\x1e\x00\x00\x00\x0f\x00\x00\x00\x0f\x00\x00\x00\x07\x00\x00\x00\x03\x80\x00\x00\x00\x00\x00\x00\x00\x00\x00\x00\x00\x00\x00\x00\x00\x00\x00\x00\x1f\xc0\x00\x00\x7f\xf8\x00\x01\xff\xfc\x00\x03\xff\xfe\x00\x07\xf0\x7f\x00\x07\xe0?\x00\x0f\xc0\x1f\x80\x0f\x80\x0f\x80\x0f\x80\x0f\x80\x1f\x00\x0f\xc0\x1f\x00\x07\xc0\x1f\x00\x07\xc0\x1f\x00\x07\xc0\x1f\x00\x07\xc0\x1f\x00\x07\xc0\x1f\x00\x07\xc0?\x00\x07\xc0?\x00\x07\xc0?\x00\x07\xc0\x1f\x00\x07\xc0\x1f\x00\x07\xc0\x1f\x00\x07\xc0\x1f\x00\x07\xc0\x1f\x00\x07\xc0\x1f\x00\x07\xc0\x1f\x00\x07\xc0\x0f\x80\x0f\x80\x0f\x80\x0f\x80\x0f\xc0\x1f\x80\x07\xe0?\x00\x07\xf0\x7f\x00\x03\xff\xfe\x00\x01\xff\xfc\x00\x00\xff\xf0\x00\x00\x1f\xc0\x00\x00\x00\x00\x00\x00\x00\x00\x00\x00\x00\x00\x00\x00\x00\x00\x00\x00\x00\x00\x00\x00\x00\x00\x00\x00\x00\x00\x00\x00\x00\x00\x00\x00\x00\x00\x00\x00\x00\x00\x00\x00\x00\x00\x00\x00\x00\x00\x00\x00\x00\x00\x00\x1d',
  243:b'\x00\x00\x00\x00\x00\x00\x00\x00\x00\x00\x00\x00\x00\x00\x00\x00\x00\x00\x00\x00\x00\x00\x00\x00\x00\x00\x00\x00\x00\x00\x00\x00\x00\x00\x00\x00\x00\x00\x00\x00\x00\x01\xf0\x00\x00\x01\xf0\x00\x00\x03\xf0\x00\x00\x03\xe0\x00\x00\x03\xc0\x00\x00\x07\xc0\x00\x00\x07\x80\x00\x00\x07\x80\x00\x00\x07\x00\x00\x00\x0e\x00\x00\x00\x00\x00\x00\x00\x00\x00\x00\x00\x00\x00\x00\x00\x00\x00\x00\x00\x1f\xc0\x00\x00\x7f\xf8\x00\x01\xff\xfc\x00\x03\xff\xfe\x00\x07\xf0\x7f\x00\x07\xe0?\x00\x0f\xc0\x1f\x80\x0f\x80\x0f\x80\x0f\x80\x0f\x80\x1f\x00\x0f\xc0\x1f\x00\x07\xc0\x1f\x00\x07\xc0\x1f\x00\x07\xc0\x1f\x00\x07\xc0\x1f\x00\x07\xc0\x1f\x00\x07\xc0?\x00\x07\xc0?\x00\x07\xc0?\x00\x07\xc0\x1f\x00\x07\xc0\x1f\x00\x07\xc0\x1f\x00\x07\xc0\x1f\x00\x07\xc0\x1f\x00\x07\xc0\x1f\x00\x07\xc0\x1f\x00\x07\xc0\x0f\x80\x0f\x80\x0f\x80\x0f\x80\x0f\xc0\x1f\x80\x07\xe0?\x00\x07\xf0\x7f\x00\x03\xff\xfe\x00\x01\xff\xfc\x00\x00\xff\xf0\x00\x00\x1f\xc0\x00\x00\x00\x00\x00\x00\x00\x00\x00\x00\x00\x00\x00\x00\x00\x00\x00\x00\x00\x00\x00\x00\x00\x00\x00\x00\x00\x00\x00\x00\x00\x00\x00\x00\x00\x00\x00\x00\x00\x00\x00\x00\x00\x00\x00\x00\x00\x00\x00\x00\x00\x00\x00\x1d',
  244:b'\x00\x00\x00\x00\x00\x00\x00\x00\x00\x00\x00\x00\x00\x00\x00\x00\x00\x00\x00\x00\x00\x00\x00\x00\x00\x00\x00\x00\x00\x00\x00\x00\x00\x00\x00\x00\x00\x03\x00\x00\x00\x07\x80\x00\x00\x0f\x80\x00\x00\x0f\xc0\x00\x00\x1d\xc0\x00\x00\x1d\xe0\x00\x00=\xe0\x00\x00<\xf0\x00\x00x\xf0\x00\x00xx\x00\x00\xf0x\x00\x01\xe0<\x00\x00\x00\x00\x00\x00\x00\x00\x00\x00\x00\x00\x00\x00\x1f\xc0\x00\x00\x7f\xf8\x00\x01\xff\xfc\x00\x03\xff\xfe\x00\x07\xf0\x7f\x00\x07\xe0?\x00\x0f\xc0\x1f\x80\x0f\x80\x0f\x80\x0f\x80\x0f\x80\x1f\x00\x0f\xc0\x1f\x00\x07\xc0\x1f\x00\x07\xc0\x1f\x00\x07\xc0\x1f\x00\x07\xc0\x1f\x00\x07\xc0\x1f\x00\x07\xc0?\x00\x07\xc0?\x00\x07\xc0?\x00\x07\xc0\x1f\x00\x07\xc0\x1f\x00\x07\xc0\x1f\x00\x07\xc0\x1f\x00\x07\xc0\x1f\x00\x07\xc0\x1f\x00\x07\xc0\x1f\x00\x07\xc0\x0f\x80\x0f\x80\x0f\x80\x0f\x80\x0f\xc0\x1f\x80\x07\xe0?\x00\x07\xf0\x7f\x00\x03\xff\xfe\x00\x01\xff\xfc\x00\x00\xff\xf0\x00\x00\x1f\xc0\x00\x00\x00\x00\x00\x00\x00\x00\x00\x00\x00\x00\x00\x00\x00\x00\x00\x00\x00\x00\x00\x00\x00\x00\x00\x00\x00\x00\x00\x00\x00\x00\x00\x00\x00\x00\x00\x00\x00\x00\x00\x00\x00\x00\x00\x00\x00\x00\x00\x00\x00\x00\x00\x1d',
  245:b'\x00\x00\x00\x00\x00\x00\x00\x00\x00\x00\x00\x00\x00\x00\x00\x00\x00\x00\x00\x00\x00\x00\x00\x00\x00\x00\x00\x00\x00\x00\x00\x00\x00\x00\x00\x00\x00\x00\x00\x00\x00<\x00\x00\x00\x7f\x88\x00\x00\xff\xfc\x00\x01\xff\xfe\x00\x03\xff\xfc\x00\x01\x87\xf8\x00\x00\x01\xe0\x00\x00\x00\x00\x00\x00\x00\x00\x00\x00\x00\x00\x00\x00\x00\x00\x00\x00\x00\x00\x00\x00\x00\x00\x00\x00\x00\x00\x00\x00\x1f\xc0\x00\x00\x7f\xf8\x00\x01\xff\xfc\x00\x03\xff\xfe\x00\x07\xf0\x7f\x00\x07\xe0?\x00\x0f\xc0\x1f\x80\x0f\x80\x0f\x80\x0f\x80\x0f\x80\x1f\x00\x0f\xc0\x1f\x00\x07\xc0\x1f\x00\x07\xc0\x1f\x00\x07\xc0\x1f\x00\x07\xc0\x1f\x00\x07\xc0\x1f\x00\x07\xc0?\x00\x07\xc0?\x00\x07\xc0?\x00\x07\xc0\x1f\x00\x07\xc0\x1f\x00\x07\xc0\x1f\x00\x07\xc0\x1f\x00\x07\xc0\x1f\x00\x07\xc0\x1f\x00\x07\xc0\x1f\x00\x07\xc0\x0f\x80\x0f\x80\x0f\x80\x0f\x80\x0f\xc0\x1f\x80\x07\xe0?\x00\x07\xf0\x7f\x00\x03\xff\xfe\x00\x01\xff\xfc\x00\x00\xff\xf0\x00\x00\x1f\xc0\x00\x00\x00\x00\x00\x00\x00\x00\x00\x00\x00\x00\x00\x00\x00\x00\x00\x00\x00\x00\x00\x00\x00\x00\x00\x00\x00\x00\x00\x00\x00\x00\x00\x00\x00\x00\x00\x00\x00\x00\x00\x00\x00\x00\x00\x00\x00\x00\x00\x00\x00\x00\x00\x1d',
  246:b'\x00\x00\x00\x00\x00\x00\x00\x00\x00\x00\x00\x00\x00\x00\x00\x00\x00\x00\x00\x00\x00\x00\x00\x00\x00\x00\x00\x00\x00\x00\x00\x00\x00\x00\x00\x00\x00\x00\x00\x00\x00\x00\x00\x00\x01\xe0<\x00\x01\xf0|\x00\x03\xf0~\x00\x03\xf0~\x00\x01\xf0|\x00\x01\xe0<\x00\x00\x00\x00\x00\x00\x00\x00\x00\x00\x00\x00\x00\x00\x00\x00\x00\x00\x00\x00\x00\x00\x00\x00\x00\x00\x00\x00\x00\x00\x1f\xc0\x00\x00\x7f\xf8\x00\x01\xff\xfc\x00\x03\xff\xfe\x00\x07\xf0\x7f\x00\x07\xe0?\x00\x0f\xc0\x1f\x80\x0f\x80\x0f\x80\x0f\x80\x0f\x80\x1f\x00\x0f\xc0\x1f\x00\x07\xc0\x1f\x00\x07\xc0\x1f\x00\x07\xc0\x1f\x00\x07\xc0\x1f\x00\x07\xc0\x1f\x00\x07\xc0?\x00\x07\xc0?\x00\x07\xc0?\x00\x07\xc0\x1f\x00\x07\xc0\x1f\x00\x07\xc0\x1f\x00\x07\xc0\x1f\x00\x07\xc0\x1f\x00\x07\xc0\x1f\x00\x07\xc0\x1f\x00\x07\xc0\x0f\x80\x0f\x80\x0f\x80\x0f\x80\x0f\xc0\x1f\x80\x07\xe0?\x00\x07\xf0\x7f\x00\x03\xff\xfe\x00\x01\xff\xfc\x00\x00\xff\xf0\x00\x00\x1f\xc0\x00\x00\x00\x00\x00\x00\x00\x00\x00\x00\x00\x00\x00\x00\x00\x00\x00\x00\x00\x00\x00\x00\x00\x00\x00\x00\x00\x00\x00\x00\x00\x00\x00\x00\x00\x00\x00\x00\x00\x00\x00\x00\x00\x00\x00\x00\x00\x00\x00\x00\x00\x00\x00\x1d',
  247:b'\x00\x00\x00\x00\x00\x00\x00\x00\x00\x00\x00\x00\x00\x00\x00\x00\x00\x00\x00\x00\x00\x00\x00\x00\x00\x00\x00\x00\x00\x00\x00\x00\x00\x00\x00\x00\x00\x00\x00\x00\x00\x00\x00\x00\x00\x00\x00\x00\x00\x00\x00\x00\x00\x00\x00\x00\x00\x00\x00\x00\x00\x00\x00\x00\x00\x00\x00\x00\x00\x00\x00\x00\x00\x00\x00\x00\x00\x00\x00\x00\x00\x0f\x00\x00\x00\x1f\x80\x00\x00\x1f\x80\x00\x00\x1f\x80\x00\x00\x1f\x80\x00\x00\x1f\x80\x00\x00\x1f\x80\x00\x00\x0f\x00\x00\x00\x00\x00\x00\x00\x00\x00\x00\x00\x00\x00\x00\x00\x00\x00\x00\x00\x00\x00\x00?\xff\xff\x80?\xff\xff\x80?\xff\xff\x80?\xff\xff\x80\x00\x00\x00\x00\x00\x00\x00\x00\x00\x00\x00\x00\x00\x00\x00\x00\x00\x00\x00\x00\x00\x0f\x00\x00\x00\x1f\x80\x00\x00\x1f\x80\x00\x00\x1f\x80\x00\x00\x1f\x80\x00\x00\x1f\x80\x00\x00\x1f\x80\x00\x00\x0f\x00\x00\x00\x00\x00\x00\x00\x00\x00\x00\x00\x00\x00\x00\x00\x00\x00\x00\x00\x00\x00\x00\x00\x00\x00\x00\x00\x00\x00\x00\x00\x00\x00\x00\x00\x00\x00\x00\x00\x00\x00\x00\x00\x00\x00\x00\x00\x00\x00\x00\x00\x00\x00\x00\x00\x00\x00\x00\x00\x00\x00\x00\x00\x00\x00\x00\x00\x00\x00\x00\x00\x00\x00\x00\x00\x00\x00\x00\x00\x00\x00\x00\x00\x00\x00\x00\x00\x00\x00\x00\x1c',
  248:b'\x00\x00\x00\x00\x00\x00\x00\x00\x00\x00\x00\x00\x00\x00\x00\x00\x00\x00\x00\x00\x00\x00\x00\x00\x00\x00\x00\x00\x00\x00\x00\x00\x00\x00\x00\x00\x00\x00\x00\x00\x00\x00\x00\x00\x00\x00\x00\x00\x00\x00\x00\x00\x00\x00\x00\x00\x00\x00\x00\x00\x00\x00\x00\x00\x00\x00\x00\x00\x00\x00\x00\x00\x00\x00\x00\x00\x00\x00\x00\x00\x00\x00\x00\x00\x00\x00\x00\x00\x00\x00\x00\x00\x00\x00\x00\x00\x00\x1f\xc3\x00\x00\x7f\xff\x80\x01\xff\xff\xc0\x03\xff\xff\x80\x03\xf0\x7f\x00\x07\xe0?\x00\x07\xc0\x1f\x80\x0f\x80?\x80\x0f\x80\x7f\xc0\x0f\x80\x7f\xc0\x1f\x00\xf7\xc0\x1f\x00\xf7\xc0\x1f\x01\xe7\xc0\x1f\x01\xe7\xc0\x1f\x03\xc3\xe0\x1f\x03\xc3\xe0\x1f\x07\x83\xe0\x1f\x0f\x03\xe0\x1f\x0f\x03\xe0\x1f\x1e\x03\xe0\x1f\x1e\x03\xe0\x1f<\x07\xc0\x1f<\x07\xc0\x1fx\x07\xc0\x1fx\x07\xc0\x0f\xf0\x07\xc0\x0f\xe0\x0f\xc0\x0f\xe0\x0f\x80\x07\xc0\x1f\x80\x07\xe0\x1f\x00\x07\xf0\x7f\x00\x0f\xff\xfe\x00\x1f\xff\xfc\x00\x0e\x7f\xf8\x00\x06\x1f\xc0\x00\x00\x00\x00\x00\x00\x00\x00\x00\x00\x00\x00\x00\x00\x00\x00\x00\x00\x00\x00\x00\x00\x00\x00\x00\x00\x00\x00\x00\x00\x00\x00\x00\x00\x00\x00\x00\x00\x00\x00\x00\x00\x00\x00\x00\x00\x00\x00\x00\x00\x00\x00\x00\x1d',
  249:b'\x00\x00\x00\x00\x00\x00\x00\x00\x00\x00\x00\x00\x00\x00\x00\x00\x00\x00\x00\x00\x00\x00\x00\x00\x00\x00\x00\x00\x00\x00\x00\x00\x00\x00\x00\x00\x00\x00\x00\x00\x00\xf8\x00\x00\x00\xfc\x00\x00\x00\xfc\x00\x00\x00|\x00\x00\x00>\x00\x00\x00\x1e\x00\x00\x00\x1e\x00\x00\x00\x0f\x00\x00\x00\x07\x00\x00\x00\x03\x80\x00\x00\x00\x00\x00\x00\x00\x00\x00\x00\x00\x00\x00\x00\x00\x00\x00\x1f\x00\x0f\x80\x1f\x00\x0f\x80\x1f\x00\x0f\x80\x1f\x00\x0f\x80\x1f\x00\x0f\x80\x1f\x00\x0f\x80\x1f\x00\x0f\x80\x1f\x00\x0f\x80\x1f\x00\x0f\x80\x1f\x00\x0f\x80\x1f\x00\x0f\x80\x1f\x00\x0f\x80\x1f\x00\x0f\x80\x1f\x00\x0f\x80\x1f\x00\x0f\x80\x1f\x00\x0f\x80\x1f\x00\x0f\x80\x1f\x00\x0f\x80\x1f\x00\x0f\x80\x1f\x00\x0f\x80\x1f\x00\x0f\x80\x1f\x00\x0f\x80\x1f\x00\x0f\x80\x1f\x00\x0f\x80\x0f\x00\x0f\x80\x0f\x80\x0f\x80\x0f\x80\x1f\x80\x0f\x80\x1f\x80\x0f\x80?\x80\x0f\xc0\x7f\x80\x07\xe1\xf7\x80\x07\xff\xf3\x80\x03\xff\xe3\x80\x01\xff\x83\xc0\x00~\x00\x00\x00\x00\x00\x00\x00\x00\x00\x00\x00\x00\x00\x00\x00\x00\x00\x00\x00\x00\x00\x00\x00\x00\x00\x00\x00\x00\x00\x00\x00\x00\x00\x00\x00\x00\x00\x00\x00\x00\x00\x00\x00\x00\x00\x00\x00\x00\x00\x00\x00\x00\x00\x00\x1d',
  250:b'\x00\x00\x00\x00\x00\x00\x00\x00\x00\x00\x00\x00\x00\x00\x00\x00\x00\x00\x00\x00\x00\x00\x00\x00\x00\x00\x00\x00\x00\x00\x00\x00\x00\x00\x00\x00\x00\x00\x00\x00\x00\x01\xf0\x00\x00\x01\xf0\x00\x00\x03\xf0\x00\x00\x03\xe0\x00\x00\x03\xc0\x00\x00\x07\xc0\x00\x00\x07\x80\x00\x00\x07\x00\x00\x00\x0f\x00\x00\x00\x0e\x00\x00\x00\x00\x00\x00\x00\x00\x00\x00\x00\x00\x00\x00\x00\x00\x00\x00\x1f\x00\x0f\x80\x1f\x00\x0f\x80\x1f\x00\x0f\x80\x1f\x00\x0f\x80\x1f\x00\x0f\x80\x1f\x00\x0f\x80\x1f\x00\x0f\x80\x1f\x00\x0f\x80\x1f\x00\x0f\x80\x1f\x00\x0f\x80\x1f\x00\x0f\x80\x1f\x00\x0f\x80\x1f\x00\x0f\x80\x1f\x00\x0f\x80\x1f\x00\x0f\x80\x1f\x00\x0f\x80\x1f\x00\x0f\x80\x1f\x00\x0f\x80\x1f\x00\x0f\x80\x1f\x00\x0f\x80\x1f\x00\x0f\x80\x1f\x00\x0f\x80\x1f\x00\x0f\x80\x1f\x00\x0f\x80\x0f\x00\x0f\x80\x0f\x80\x0f\x80\x0f\x80\x1f\x80\x0f\x80\x1f\x80\x0f\x80?\x80\x0f\xc0\x7f\x80\x07\xe1\xf7\x80\x07\xff\xf3\x80\x03\xff\xe3\x80\x01\xff\x83\xc0\x00~\x00\x00\x00\x00\x00\x00\x00\x00\x00\x00\x00\x00\x00\x00\x00\x00\x00\x00\x00\x00\x00\x00\x00\x00\x00\x00\x00\x00\x00\x00\x00\x00\x00\x00\x00\x00\x00\x00\x00\x00\x00\x00\x00\x00\x00\x00\x00\x00\x00\x00\x00\x00\x00\x00\x1d',
  251:b'\x00\x00\x00\x00\x00\x00\x00\x00\x00\x00\x00\x00\x00\x00\x00\x00\x00\x00\x00\x00\x00\x00\x00\x00\x00\x00\x00\x00\x00\x00\x00\x00\x00\x00\x00\x00\x00\x07\x00\x00\x00\x07\x80\x00\x00\x0f\x80\x00\x00\x0f\xc0\x00\x00\x1d\xc0\x00\x00\x1d\xe0\x00\x00=\xe0\x00\x00y\xf0\x00\x00x\xf0\x00\x00\xf0\xf8\x00\x00\xf0x\x00\x01\xe0|\x00\x00\x00\x00\x00\x00\x00\x00\x00\x00\x00\x00\x00\x1f\x00\x0f\x80\x1f\x00\x0f\x80\x1f\x00\x0f\x80\x1f\x00\x0f\x80\x1f\x00\x0f\x80\x1f\x00\x0f\x80\x1f\x00\x0f\x80\x1f\x00\x0f\x80\x1f\x00\x0f\x80\x1f\x00\x0f\x80\x1f\x00\x0f\x80\x1f\x00\x0f\x80\x1f\x00\x0f\x80\x1f\x00\x0f\x80\x1f\x00\x0f\x80\x1f\x00\x0f\x80\x1f\x00\x0f\x80\x1f\x00\x0f\x80\x1f\x00\x0f\x80\x1f\x00\x0f\x80\x1f\x00\x0f\x80\x1f\x00\x0f\x80\x1f\x00\x0f\x80\x1f\x00\x0f\x80\x0f\x00\x0f\x80\x0f\x80\x0f\x80\x0f\x80\x1f\x80\x0f\x80\x1f\x80\x0f\x80?\x80\x0f\xc0\x7f\x80\x07\xe1\xf7\x80\x07\xff\xf3\x80\x03\xff\xe3\x80\x01\xff\x83\xc0\x00~\x00\x00\x00\x00\x00\x00\x00\x00\x00\x00\x00\x00\x00\x00\x00\x00\x00\x00\x00\x00\x00\x00\x00\x00\x00\x00\x00\x00\x00\x00\x00\x00\x00\x00\x00\x00\x00\x00\x00\x00\x00\x00\x00\x00\x00\x00\x00\x00\x00\x00\x00\x00\x00\x00\x1d',
  252:b'\x00\x00\x00\x00\x00\x00\x00\x00\x00\x00\x00\x00\x00\x00\x00\x00\x00\x00\x00\x00\x00\x00\x00\x00\x00\x00\x00\x00\x00\x00\x00\x00\x00\x00\x00\x00\x00\x00\x00\x00\x00\x00\x00\x00\x01\xe0<\x00\x01\xf0|\x00\x03\xf0~\x00\x03\xf0~\x00\x01\xf0|\x00\x01\xe0<\x00\x00\x00\x00\x00\x00\x00\x00\x00\x00\x00\x00\x00\x00\x00\x00\x00\x00\x00\x00\x00\x00\x00\x00\x00\x00\x00\x00\x00\x1f\x00\x0f\x80\x1f\x00\x0f\x80\x1f\x00\x0f\x80\x1f\x00\x0f\x80\x1f\x00\x0f\x80\x1f\x00\x0f\x80\x1f\x00\x0f\x80\x1f\x00\x0f\x80\x1f\x00\x0f\x80\x1f\x00\x0f\x80\x1f\x00\x0f\x80\x1f\x00\x0f\x80\x1f\x00\x0f\x80\x1f\x00\x0f\x80\x1f\x00\x0f\x80\x1f\x00\x0f\x80\x1f\x00\x0f\x80\x1f\x00\x0f\x80\x1f\x00\x0f\x80\x1f\x00\x0f\x80\x1f\x00\x0f\x80\x1f\x00\x0f\x80\x1f\x00\x0f\x80\x1f\x00\x0f\x80\x0f\x00\x0f\x80\x0f\x80\x0f\x80\x0f\x80\x1f\x80\x0f\x80\x1f\x80\x0f\x80?\x80\x0f\xc0\x7f\x80\x07\xe1\xf7\x80\x07\xff\xf3\x80\x03\xff\xe3\x80\x01\xff\x83\xc0\x00~\x00\x00\x00\x00\x00\x00\x00\x00\x00\x00\x00\x00\x00\x00\x00\x00\x00\x00\x00\x00\x00\x00\x00\x00\x00\x00\x00\x00\x00\x00\x00\x00\x00\x00\x00\x00\x00\x00\x00\x00\x00\x00\x00\x00\x00\x00\x00\x00\x00\x00\x00\x00\x00\x00\x1d',
  253:b'\x00\x00\x00\x00\x00\x00\x00\x00\x00\x00\x00\x00\x00\x00\x00\x00\x00\x00\x00\x00\x00\x00\x00\x00\x00\x00\x00\x00\x00\x00\x00\x00\x00\x00\x00\x00\x00\x00\x00\x00\x00\x03\xf0\x00\x00\x03\xf0\x00\x00\x03\xe0\x00\x00\x03\xe0\x00\x00\x07\xc0\x00\x00\x07\x80\x00\x00\x07\x80\x00\x00\x0f\x00\x00\x00\x0e\x00\x00\x00\x0e\x00\x00\x00\x00\x00\x00\x00\x00\x00\x00\x00\x00\x00\x00\x00\x00\x00\x00\xfc\x00\x0f\x80|\x00\x0f\x80~\x00\x1f\x00>\x00\x1f\x00>\x00\x1f\x00?\x00\x1f\x00\x1f\x00\x1e\x00\x1f\x00>\x00\x1f\x00>\x00\x1f\x80>\x00\x0f\x80<\x00\x0f\x80|\x00\x0f\xc0|\x00\x07\xc0x\x00\x07\xc0x\x00\x07\xc0\xf8\x00\x03\xe0\xf8\x00\x03\xe0\xf0\x00\x03\xe0\xf0\x00\x01\xf0\xf0\x00\x01\xf1\xf0\x00\x01\xf1\xe0\x00\x00\xf1\xe0\x00\x00\xf9\xe0\x00\x00\xf9\xe0\x00\x00{\xc0\x00\x00{\xc0\x00\x00{\xc0\x00\x00?\xc0\x00\x00?\x80\x00\x00?\x80\x00\x00\x1f\x80\x00\x00\x1f\x80\x00\x00\x1f\x00\x00\x00\x1f\x00\x00\x00\x1f\x00\x00\x00\x1e\x00\x00\x00\x1e\x00\x00\x00>\x00\x00\x00>\x00\x00\x00|\x00\x00\x00|\x00\x00\x01\xf8\x00\x00\x07\xf8\x00\x00\x07\xf0\x00\x00\x0f\xf0\x00\x00\x0f\xe0\x00\x00\x0f\xc0\x00\x00\x19',
  254:b'\x00\x00\x00\x00\x00\x00\x00\x00\x00\x00\x00\x00\x00\x00\x00\x00\x00\x00\x00\x00\x00\x00\x00\x00\x00\x00\x00\x00\x00\x00\x00\x00\x00\x00\x00\x00\x00\x00\x00\x00\x00\x00\x00\x00\x0f\x80\x00\x00\x0f\x80\x00\x00\x0f\x80\x00\x00\x0f\x80\x00\x00\x0f\x80\x00\x00\x0f\x80\x00\x00\x0f\x80\x00\x00\x0f\x80\x00\x00\x0f\x80\x00\x00\x0f\x80\x00\x00\x0f\x80\x00\x00\x0f\x80\x00\x00\x0f\x80\x00\x00\x0f\x87\xf0\x00\x0f\x9f\xfc\x00\x0f\xbf\xfe\x00\x0f\xff\xff\x00\x0f\xf8\x7f\x00\x0f\xe0\x1f\x80\x0f\xc0\x0f\x80\x0f\xc0\x0f\xc0\x0f\x80\x07\xc0\x0f\x80\x07\xc0\x0f\x80\x07\xc0\x0f\x80\x07\xc0\x0f\x80\x07\xc0\x0f\x80\x07\xe0\x0f\x80\x03\xe0\x0f\x80\x03\xe0\x0f\x80\x03\xe0\x0f\x80\x03\xe0\x0f\x80\x03\xe0\x0f\x80\x03\xe0\x0f\x80\x07\xe0\x0f\x80\x07\xc0\x0f\x80\x07\xc0\x0f\x80\x07\xc0\x0f\x80\x07\xc0\x0f\x80\x0f\x80\x0f\x80\x0f\x80\x0f\x80\x1f\x80\x0f\x80\x1f\x00\x0f\x80?\x00\x0f\xe0\xfe\x00\x0f\xff\xfc\x00\x0f\xff\xf8\x00\x0f\xff\xf0\x00\x0f\xbf\xc0\x00\x0f\x80\x00\x00\x0f\x80\x00\x00\x0f\x80\x00\x00\x0f\x80\x00\x00\x0f\x80\x00\x00\x0f\x80\x00\x00\x0f\x80\x00\x00\x0f\x80\x00\x00\x0f\x80\x00\x00\x0f\x80\x00\x00\x0f\x80\x00\x00\x0f\x80\x00\x00\x00\x00\x00\x00\x1d',
  255:b'\x00\x00\x00\x00\x00\x00\x00\x00\x00\x00\x00\x00\x00\x00\x00\x00\x00\x00\x00\x00\x00\x00\x00\x00\x00\x00\x00\x00\x00\x00\x00\x00\x00\x00\x00\x00\x00\x00\x00\x00\x00\x00\x00\x00\x03\x80\xf0\x00\x07\xc1\xf8\x00\x0f\xc1\xf8\x00\x0f\xc1\xf8\x00\x07\xc1\xf8\x00\x03\x80\xf0\x00\x00\x00\x00\x00\x00\x00\x00\x00\x00\x00\x00\x00\x00\x00\x00\x00\x00\x00\x00\x00\x00\x00\x00\x00\x00\x00\x00\x00\xfc\x00\x0f\x80|\x00\x0f\x80~\x00\x1f\x00>\x00\x1f\x00>\x00\x1f\x00?\x00\x1f\x00\x1f\x00\x1e\x00\x1f\x00>\x00\x1f\x00>\x00\x1f\x80>\x00\x0f\x80<\x00\x0f\x80|\x00\x0f\xc0|\x00\x07\xc0x\x00\x07\xc0x\x00\x07\xc0\xf8\x00\x03\xe0\xf8\x00\x03\xe0\xf0\x00\x03\xe0\xf0\x00\x01\xf0\xf0\x00\x01\xf1\xf0\x00\x01\xf1\xe0\x00\x00\xf1\xe0\x00\x00\xf9\xe0\x00\x00\xf9\xe0\x00\x00{\xc0\x00\x00{\xc0\x00\x00{\xc0\x00\x00?\xc0\x00\x00?\x80\x00\x00?\x80\x00\x00\x1f\x80\x00\x00\x1f\x80\x00\x00\x1f\x00\x00\x00\x1f\x00\x00\x00\x1f\x00\x00\x00\x1e\x00\x00\x00\x1e\x00\x00\x00>\x00\x00\x00>\x00\x00\x00|\x00\x00\x00|\x00\x00\x01\xf8\x00\x00\x07\xf8\x00\x00\x07\xf0\x00\x00\x0f\xf0\x00\x00\x0f\xe0\x00\x00\x0f\xc0\x00\x00\x19',
}

def get_ch(ch):
    c = ord(ch)
    if c not in _g.keys():
        return None, 0, 0
    return memoryview(_g[c]), 72, int(_g[c][-1])
