'''
    ezFBfont_PTSansNarrow_64_supp_97 : generated as part of the microPyEZfonts repository
      https://github.com/easytarget/microPyEZfonts

    This font definition can be used with the "ezFBfont" class provided there.
    It can also be used with the "writer" class from Peter Hinches micropython
      font-to-py tool: https://github.com/peterhinch/micropython-font-to-py

    Original PTSansNarrow_64.bdf font file was sourced from the U8G2 project:
      https://github.com/olikraus/u8g2

'''
# Code generated by bdf2dict.py
# Font: PTSansNarrow_64
# Cmd: ['bdf2dict.py'], ['./PTSansNarrow-64.bdf', '_', './supp-char.set']
# Date: 2025-05-28 19:35:50
'''
    Original Copyright, Comments and Notices from source:

    COPYRIGHT Sourced from Google Fonts, Wed 28 May 2025
    COPYRIGHT https://fonts.google.com/specimen/PT+Sans+Narrow
    COPYRIGHT 
    COPYRIGHT Distributed there under the SIL Open Font License, Version 1.1
    COPYRIGHT 
    COPYRIGHT -----------------------------------------------------------
    COPYRIGHT Copyright (c) 2010, ParaType Ltd. (http://www.paratype.com/public),
    COPYRIGHT with Reserved Font Names "PT Sans" and "ParaType".
    COPYRIGHT 
    COPYRIGHT This Font Software is licensed under the SIL Open Font License, Version 1.1.
    COPYRIGHT This license is copied below, and is also available with a FAQ at:
    COPYRIGHT https://openfontlicense.org
    COPYRIGHT 
    COPYRIGHT 
    COPYRIGHT -----------------------------------------------------------
    COPYRIGHT SIL OPEN FONT LICENSE Version 1.1 - 26 February 2007
    COPYRIGHT -----------------------------------------------------------
    COPYRIGHT 
    COPYRIGHT PREAMBLE
    COPYRIGHT The goals of the Open Font License (OFL) are to stimulate worldwide
    COPYRIGHT development of collaborative font projects, to support the font creation
    COPYRIGHT efforts of academic and linguistic communities, and to provide a free and
    COPYRIGHT open framework in which fonts may be shared and improved in partnership
    COPYRIGHT with others.
    COPYRIGHT 
    COPYRIGHT The OFL allows the licensed fonts to be used, studied, modified and
    COPYRIGHT redistributed freely as long as they are not sold by themselves. The
    COPYRIGHT fonts, including any derivative works, can be bundled, embedded,
    COPYRIGHT redistributed and/or sold with any software provided that any reserved
    COPYRIGHT names are not used by derivative works. The fonts and derivatives,
    COPYRIGHT however, cannot be released under any other type of license. The
    COPYRIGHT requirement for fonts to remain under this license does not apply
    COPYRIGHT to any document created using the fonts or their derivatives.
    COPYRIGHT 
    COPYRIGHT DEFINITIONS
    COPYRIGHT "Font Software" refers to the set of files released by the Copyright
    COPYRIGHT Holder(s) under this license and clearly marked as such. This may
    COPYRIGHT include source files, build scripts and documentation.
    COPYRIGHT 
    COPYRIGHT "Reserved Font Name" refers to any names specified as such after the
    COPYRIGHT copyright statement(s).
    COPYRIGHT 
    COPYRIGHT "Original Version" refers to the collection of Font Software components as
    COPYRIGHT distributed by the Copyright Holder(s).
    COPYRIGHT 
    COPYRIGHT "Modified Version" refers to any derivative made by adding to, deleting,
    COPYRIGHT or substituting -- in part or in whole -- any of the components of the
    COPYRIGHT Original Version, by changing formats or by porting the Font Software to a
    COPYRIGHT new environment.
    COPYRIGHT 
    COPYRIGHT "Author" refers to any designer, engineer, programmer, technical
    COPYRIGHT writer or other person who contributed to the Font Software.
    COPYRIGHT 
    COPYRIGHT PERMISSION & CONDITIONS
    COPYRIGHT Permission is hereby granted, free of charge, to any person obtaining
    COPYRIGHT a copy of the Font Software, to use, study, copy, merge, embed, modify,
    COPYRIGHT redistribute, and sell modified and unmodified copies of the Font
    COPYRIGHT Software, subject to the following conditions:
    COPYRIGHT 
    COPYRIGHT 1) Neither the Font Software nor any of its individual components,
    COPYRIGHT in Original or Modified Versions, may be sold by itself.
    COPYRIGHT 
    COPYRIGHT 2) Original or Modified Versions of the Font Software may be bundled,
    COPYRIGHT redistributed and/or sold with any software, provided that each copy
    COPYRIGHT contains the above copyright notice and this license. These can be
    COPYRIGHT included either as stand-alone text files, human-readable headers or
    COPYRIGHT in the appropriate machine-readable metadata fields within text or
    COPYRIGHT binary files as long as those fields can be easily viewed by the user.
    COPYRIGHT 
    COPYRIGHT 3) No Modified Version of the Font Software may use the Reserved Font
    COPYRIGHT Name(s) unless explicit written permission is granted by the corresponding
    COPYRIGHT Copyright Holder. This restriction only applies to the primary font name as
    COPYRIGHT presented to the users.
    COPYRIGHT 
    COPYRIGHT 4) The name(s) of the Copyright Holder(s) or the Author(s) of the Font
    COPYRIGHT Software shall not be used to promote, endorse or advertise any
    COPYRIGHT Modified Version, except to acknowledge the contribution(s) of the
    COPYRIGHT Copyright Holder(s) and the Author(s) or with their explicit written
    COPYRIGHT permission.
    COPYRIGHT 
    COPYRIGHT 5) The Font Software, modified or unmodified, in part or in whole,
    COPYRIGHT must be distributed entirely under this license, and must not be
    COPYRIGHT distributed under any other license. The requirement for fonts to
    COPYRIGHT remain under this license does not apply to any document created
    COPYRIGHT using the Font Software.
    COPYRIGHT 
    COPYRIGHT TERMINATION
    COPYRIGHT This license becomes null and void if any of the above conditions are
    COPYRIGHT not met.
    COPYRIGHT 
    COPYRIGHT DISCLAIMER
    COPYRIGHT THE FONT SOFTWARE IS PROVIDED "AS IS", WITHOUT WARRANTY OF ANY KIND,
    COPYRIGHT EXPRESS OR IMPLIED, INCLUDING BUT NOT LIMITED TO ANY WARRANTIES OF
    COPYRIGHT MERCHANTABILITY, FITNESS FOR A PARTICULAR PURPOSE AND NONINFRINGEMENT
    COPYRIGHT OF COPYRIGHT, PATENT, TRADEMARK, OR OTHER RIGHT. IN NO EVENT SHALL THE
    COPYRIGHT COPYRIGHT HOLDER BE LIABLE FOR ANY CLAIM, DAMAGES OR OTHER LIABILITY,
    COPYRIGHT INCLUDING ANY GENERAL, SPECIAL, INDIRECT, INCIDENTAL, OR CONSEQUENTIAL
    COPYRIGHT DAMAGES, WHETHER IN AN ACTION OF CONTRACT, TORT OR OTHERWISE, ARISING
    COPYRIGHT FROM, OUT OF THE USE OR INABILITY TO USE THE FONT SOFTWARE OR FROM
    COPYRIGHT OTHER DEALINGS IN THE FONT SOFTWARE.
    COPYRIGHT -----------------------------------------------------------
    COPYRIGHT 
    COPYRIGHT Converted from OpenType font "PTSansNarrow.ttf" by "otf2bdf 3.0".
    COPYRIGHT 

    COMMENT "Copyright © 2009 ParaType Ltd. All rights reserved."
'''
version = '0.33'
name = '-freetype-pt sans narrow-medium-r-normal--89-640-100-100-p-323-iso10646-1'
family = 'pt sans narrow'
weight = 'medium'
size = 89

def height():
    return 97

def baseline():
    return 78

def max_width():
    return 63

def hmap():
    return True

def reverse():
    return False

def monospaced():
    return False

def min_ch():
    return 161

def max_ch():
    return 255

_g = {
  161:b'\x00\x00\x00\x00\x00\x00\x00\x00\x00\x00\x00\x00\x00\x00\x00\x00\x00\x00\x00\x00\x00\x00\x00\x00\x00\x00\x00\x00\x00\x00\x00\x00\x00\x00\x00\x00\x00\x00\x00\x00\x00\x00\x00\x00\x00\x00\x00\x00\x00\x00\x00\x00\x00\x00\x00\x00\x00\x00\x00\x00\x00\x00\x00\x00\x00\x00\x00\x00\x00\x00\x00\x00\x00\x00\x00\x00\x00\x00\x00\x00\x00\x00\x00\x00\x00\x00\x00\x00\x00\x00\x00\x00\x00\x00\x00\x00\x00\xf0\x00\x03\xf8\x00\x03\xfc\x00\x07\xfc\x00\x07\xfc\x00\x07\xfc\x00\x07\xfc\x00\x03\xfc\x00\x03\xf8\x00\x00\xf0\x00\x00\x00\x00\x00\x00\x00\x00\x00\x00\x00\x00\x00\x00\x00\x00\x00\x00\x00\x00\x00\x00\x00\xf0\x00\x00\xf0\x00\x00\xf0\x00\x01\xf0\x00\x01\xf0\x00\x01\xf0\x00\x01\xf0\x00\x01\xf0\x00\x01\xf0\x00\x01\xf8\x00\x01\xf8\x00\x01\xf8\x00\x01\xf8\x00\x01\xf8\x00\x03\xf8\x00\x03\xf8\x00\x03\xf8\x00\x03\xf8\x00\x03\xf8\x00\x03\xf8\x00\x03\xf8\x00\x03\xf8\x00\x03\xf8\x00\x03\xf8\x00\x03\xf8\x00\x03\xf8\x00\x03\xf8\x00\x03\xf8\x00\x03\xf8\x00\x03\xf8\x00\x03\xf8\x00\x03\xf8\x00\x03\xf8\x00\x03\xf8\x00\x03\xf8\x00\x03\xf8\x00\x03\xf8\x00\x03\xf8\x00\x03\xf8\x00\x03\xf8\x00\x03\xf8\x00\x03\xf8\x00\x03\xf8\x00\x03\xf8\x00\x03\xf8\x00\x03\xf8\x00\x00\x00\x00\x00\x00\x00\x16',
  162:b'\x00\x00\x00\x00\x00\x00\x00\x00\x00\x00\x00\x00\x00\x00\x00\x00\x00\x00\x00\x00\x00\x00\x00\x00\x00\x00\x00\x00\x00\x00\x00\x00\x00\x00\x00\x00\x00\x00\x00\x00\x00\x00\x00\x00\x00\x00\x00\x00\x00\x00\x00\x00\x00\x00\x00\x00\x00\x00\x00\x00\x00\x00\x00\x00\x00\x00\x00\x00\x00\x00\x00\x00\x00\x00\x00\x00\x00\x00\x00\x00\x00\x00\x00\x00\x00\x00\x00\x00\x00\x00\x00\x00\x00\x00\x00\x00\x00\x00\x00\x00\x00\x00\x00\x00\x00\x00\x00\x00\x00\x00\x00\x00\x00\x00\x00\x00\x00\x00\x00\x00\x00\x00\x00\x00\x00\x00\x00\x0f\xc0\x00\x00\x00\x0f\xc0\x00\x00\x00\x0f\xc0\x00\x00\x00\x0f\xc0\x00\x00\x00\x0f\xc0\x00\x00\x00\x0f\xc0\x00\x00\x00\x0f\xc0\x00\x00\x00\x0f\xc0\x00\x00\x00\x1f\xf8\x00\x00\x00\xff\xff\x00\x00\x03\xff\xff\x80\x00\x07\xff\xff\x80\x00\x0f\xff\xff\x80\x00\x1f\xff\xff\x00\x00\x1f\xf7\x8f\x00\x00?\xc7\x81\x00\x00\x7f\x87\x80\x00\x00\x7f\x07\x80\x00\x00\x7f\x07\x80\x00\x00\xfe\x07\x80\x00\x00\xfe\x07\x80\x00\x00\xfe\x07\x80\x00\x01\xfc\x07\x80\x00\x01\xfc\x07\x80\x00\x01\xfc\x07\x80\x00\x01\xfc\x07\x80\x00\x01\xfc\x07\x80\x00\x01\xf8\x07\x80\x00\x01\xf8\x07\x80\x00\x01\xf8\x07\x80\x00\x01\xf8\x07\x80\x00\x01\xf8\x07\x80\x00\x01\xf8\x07\x80\x00\x01\xf8\x07\x80\x00\x01\xf8\x07\x80\x00\x01\xfc\x07\x80\x00\x01\xfc\x07\x80\x00\x01\xfc\x07\x80\x00\x01\xfc\x07\x80\x00\x01\xfc\x07\x80\x00\x00\xfe\x07\x80\x00\x00\xfe\x07\x80\x00\x00\xfe\x07\x80\x00\x00\xff\x07\x80\x00\x00\x7f\x07\x80\x00\x00\x7f\x87\x80\x00\x00?\xc7\x81\x00\x00?\xf7\x87\x80\x00\x1f\xff\xff\x80\x00\x0f\xff\xff\xc0\x00\x0f\xff\xff\xc0\x00\x03\xff\xff\x80\x00\x01\xff\xfe\x00\x00\x00?\xf0\x00\x00\x00\x0f\xc0\x00\x00\x00\x0f\xc0\x00\x00\x00\x0f\xc0\x00\x00\x00\x0f\xc0\x00\x00\x00\x0f\xc0\x00\x00\x00\x0f\xc0\x00\x00\x00\x0f\xc0\x00\x00\x00\x0f\xc0\x00\x00\x00\x00\x00\x00\x00\x00\x00\x00\x00\x00\x00\x00\x00\x00\x00\x00\x00\x00\x00\x00\x00\x00\x00\x00\x00\x00\x00\x00\x00\x00\x00\x00\x00\x00\x00\x00\x00\x00\x00\x00\x00\x00\x00\x00\x00\x00\x00\x00\x00(',
  163:b'\x00\x00\x00\x00\x00\x00\x00\x00\x00\x00\x00\x00\x00\x00\x00\x00\x00\x00\x00\x00\x00\x00\x00\x00\x00\x00\x00\x00\x00\x00\x00\x00\x00\x00\x00\x00\x00\x00\x00\x00\x00\x00\x00\x00\x00\x00\x00\x00\x00\x00\x00\x00\x00\x00\x00\x00\x00\x00\x00\x00\x00\x00\x00\x00\x00\x00\x00\x00\x00\x00\x00\x00\x00\x00\x00\x00\x00\x7f\xf0\x00\x00\x03\xff\xff\x00\x00\x0f\xff\xff\xe0\x00\x1f\xff\xff\xc0\x00?\xff\xff\xc0\x00\x7f\xff\xff\x80\x00\x7f\xe0\x1f\x80\x00\xff\x80\x01\x80\x00\xff\x00\x00\x00\x01\xfe\x00\x00\x00\x01\xfc\x00\x00\x00\x01\xfc\x00\x00\x00\x01\xfc\x00\x00\x00\x01\xf8\x00\x00\x00\x03\xf8\x00\x00\x00\x03\xf8\x00\x00\x00\x03\xf8\x00\x00\x00\x03\xf8\x00\x00\x00\x03\xf8\x00\x00\x00\x03\xf8\x00\x00\x00\x01\xf8\x00\x00\x00\x01\xf8\x00\x00\x00\x01\xfc\x00\x00\x00\x01\xfc\x00\x00\x00\x01\xfc\x00\x00\x00\x01\xfc\x00\x00\x00\x00\xfe\x00\x00\x00\x00\xfe\x00\x00\x00\x00\xfe\x00\x00\x00\x0f\xff\xff\xe0\x00\x0f\xff\xff\xe0\x00\x0f\xff\xff\xe0\x00\x0f\xff\xff\xe0\x00\x0f\xff\xff\xe0\x00\x0f\xff\xff\xe0\x00\x00\x1f\xc0\x00\x00\x00\x1f\xc0\x00\x00\x00\x1f\xc0\x00\x00\x00\x0f\xe0\x00\x00\x00\x0f\xe0\x00\x00\x00\x0f\xe0\x00\x00\x00\x0f\xe0\x00\x00\x00\x0f\xe0\x00\x00\x00\x0f\xe0\x00\x00\x00\x0f\xe0\x00\x00\x00\x0f\xe0\x00\x00\x00\x0f\xe0\x00\x00\x00\x0f\xe0\x00\x00\x00\x0f\xe0\x00\x00\x00\x0f\xc0\x00\x00\x00\x0f\xc0\x00\x00\x00\x1f\xc0\x00\x00\x00\x1f\xc0\x00\x00\x00?\x80\x00\x00\x00\x7f\x80\x00\x00\x00\xff\x00\x00\x00\x03\xfc\x00\x00\x00\x0f\xf8\xff\xff\xf0\x0f\xff\xff\xff\xf0\x0f\xff\xff\xff\xf0\x0f\xff\xff\xff\xf0\x0f\xff\xff\xff\xf0\x0f\xff\xff\xff\xf0\x00\x00\x00\x00\x00\x00\x00\x00\x00\x00\x00\x00\x00\x00\x00\x00\x00\x00\x00\x00\x00\x00\x00\x00\x00\x00\x00\x00\x00\x00\x00\x00\x00\x00\x00\x00\x00\x00\x00\x00\x00\x00\x00\x00\x00\x00\x00\x00\x00\x00\x00\x00\x00\x00\x00\x00\x00\x00\x00\x00\x00\x00\x00\x00\x00\x00\x00\x00\x00\x00\x00\x00\x00\x00\x00\x00\x00\x00\x00\x00\x00\x00\x00\x00\x00\x00\x00\x00\x00\x00\x00\x00\x00\x00\x00(',
  164:b'\x00\x00\x00\x00\x00\x00\x00\x00\x00\x00\x00\x00\x00\x00\x00\x00\x00\x00\x00\x00\x00\x00\x00\x00\x00\x00\x00\x00\x00\x00\x00\x00\x00\x00\x00\x00\x00\x00\x00\x00\x00\x00\x00\x00\x00\x00\x00\x00\x00\x00\x00\x00\x00\x00\x00\x00\x00\x00\x00\x00\x00\x00\x00\x00\x00\x00\x00\x00\x00\x00\x00\x00\x00\x00\x00\x00\x00\x00\x00\x00\x00\x00\x00\x00\x00\x00\x00\x00\x00\x00\x00\x00\x00\x00\x00\x00\x00\x00\x00\x00\x00\x00\x00\x00\x00\x00\x00\x00\x00\x00\x00\x00\x00\x00\x00\x00\x00\x00\x00\x00\x00\x00\x00\x00\x00\x00\x00\x00\x00\x00\x00\x00\x00\x00\x00\x08\x00\x00\x00\x18\x1c\x00\x00\x00<>\x00\x00\x00~\x7f\x00\x00\x00\xff\xff\x80\x00\x01\xfe?\xc0\x00\x03\xfc\x1f\xe0\xff\x07\xf8\x0f\xe3\xff\xc7\xf0\x07\xff\xff\xff\xe0\x03\xff\xff\xff\xc0\x01\xff\xff\xff\x80\x00\x7f\x81\xfe\x00\x00\xfe\x00\x7f\x00\x00\xfc\x00?\x00\x01\xf8\x00\x1f\x80\x01\xf8\x00\x1f\x80\x01\xf0\x00\x0f\x80\x01\xf0\x00\x0f\x80\x01\xf0\x00\x0f\xc0\x03\xf0\x00\x0f\xc0\x01\xf0\x00\x0f\xc0\x01\xf0\x00\x0f\x80\x01\xf0\x00\x0f\x80\x01\xf8\x00\x1f\x80\x01\xf8\x00\x1f\x80\x00\xfc\x00?\x00\x00\xfe\x00\x7f\x00\x00\x7f\x81\xfe\x00\x01\xff\xff\xff\x80\x03\xff\xff\xff\xc0\x07\xff\xff\xff\xe0\x0f\xe7\xff\xe7\xf0\x1f\xe0\xff\x07\xf8?\xc0\x00\x03\xfc\x7f\x80\x00\x01\xfe\xff\x00\x00\x00\xff>\x00\x00\x00~\x1c\x00\x00\x00<\x08\x00\x00\x00\x08\x00\x00\x00\x00\x00\x00\x00\x00\x00\x00\x00\x00\x00\x00\x00\x00\x00\x00\x00\x00\x00\x00\x00\x00\x00\x00\x00\x00\x00\x00\x00\x00\x00\x00\x00\x00\x00\x00\x00\x00\x00\x00\x00\x00\x00\x00\x00\x00\x00\x00\x00\x00\x00\x00\x00\x00\x00\x00\x00\x00\x00\x00\x00\x00\x00\x00\x00\x00\x00\x00\x00\x00\x00\x00\x00\x00\x00\x00\x00\x00\x00\x00\x00\x00\x00\x00\x00\x00\x00\x00\x00\x00\x00\x00\x00\x00\x00\x00\x00\x00\x00\x00\x00\x00\x00\x00\x00\x00\x00\x00\x00\x00\x00\x00\x00\x00\x00\x00\x00\x00\x00\x00\x00\x00\x00\x00\x00\x00\x00\x00\x00\x00\x00\x00\x00\x00\x00\x00\x00\x00\x00\x00\x00\x00\x00\x00\x00\x00\x00\x00\x00\x00\x00\x00\x00(',
  165:b'\x00\x00\x00\x00\x00\x00\x00\x00\x00\x00\x00\x00\x00\x00\x00\x00\x00\x00\x00\x00\x00\x00\x00\x00\x00\x00\x00\x00\x00\x00\x00\x00\x00\x00\x00\x00\x00\x00\x00\x00\x00\x00\x00\x00\x00\x00\x00\x00\x00\x00\x00\x00\x00\x00\x00\x00\x00\x00\x00\x00\x00\x00\x00\x00\x00\x00\x00\x00\x00\x00\x00\x00\x00\x00\x00\x00\x00\x00\x00\x00\xff\x00\x00\x00\xff\x7f\x80\x00\x00\xfe\x7f\x80\x00\x00\xfe?\xc0\x00\x01\xfc?\xc0\x00\x01\xfc\x1f\xc0\x00\x03\xf8\x1f\xe0\x00\x03\xf8\x0f\xe0\x00\x03\xf8\x0f\xf0\x00\x07\xf0\x0f\xf0\x00\x07\xf0\x07\xf0\x00\x0f\xe0\x07\xf8\x00\x0f\xe0\x03\xf8\x00\x0f\xc0\x03\xfc\x00\x1f\xc0\x01\xfc\x00\x1f\x80\x01\xfe\x00?\x80\x00\xfe\x00?\x80\x00\xfe\x00?\x00\x00\x7f\x00\x7f\x00\x00\x7f\x00~\x00\x00\x7f\x80\xfe\x00\x00?\x80\xfc\x00\x00?\x80\xfc\x00\x00\x1f\xc1\xfc\x00\x00\x1f\xc1\xf8\x00\x00\x0f\xe3\xf8\x00\x00\x0f\xe3\xf0\x00\x00\x0f\xe3\xf0\x00\x00\x07\xf7\xe0\x00\x00\x07\xf7\xe0\x00\x00\x03\xf7\xc0\x00\x00\x03\xf7\xc0\x00\x00\x01\xff\xc0\x00\x00\xff\xff\xff\x00\x00\xff\xff\xff\x00\x00\xff\xff\xff\x00\x00\xff\xff\xff\x00\x00\xff\xff\xff\x00\x00\x00\x7f\x00\x00\x00\x00\x7f\x00\x00\x00\x00\x7f\x00\x00\x00\x00\x7f\x00\x00\x00\x00\x7f\x00\x00\x00\x00\x7f\x00\x00\x00\xff\xff\xff\x00\x00\xff\xff\xff\x00\x00\xff\xff\xff\x00\x00\xff\xff\xff\x00\x00\xff\xff\xff\x00\x00\x00\x7f\x00\x00\x00\x00\x7f\x00\x00\x00\x00\x7f\x00\x00\x00\x00\x7f\x00\x00\x00\x00\x7f\x00\x00\x00\x00\x7f\x00\x00\x00\x00\x7f\x00\x00\x00\x00\x7f\x00\x00\x00\x00\x7f\x00\x00\x00\x00\x7f\x00\x00\x00\x00\x7f\x00\x00\x00\x00\x7f\x00\x00\x00\x00\x7f\x00\x00\x00\x00\x00\x00\x00\x00\x00\x00\x00\x00\x00\x00\x00\x00\x00\x00\x00\x00\x00\x00\x00\x00\x00\x00\x00\x00\x00\x00\x00\x00\x00\x00\x00\x00\x00\x00\x00\x00\x00\x00\x00\x00\x00\x00\x00\x00\x00\x00\x00\x00\x00\x00\x00\x00\x00\x00\x00\x00\x00\x00\x00\x00\x00\x00\x00\x00\x00\x00\x00\x00\x00\x00\x00\x00\x00\x00\x00\x00\x00\x00\x00\x00\x00\x00\x00\x00\x00\x00\x00\x00\x00\x00\x00\x00\x00(',
  166:b'\x00\x00\x00\x00\x00\x00\x00\x00\x00\x00\x00\x00\x00\x00\x00\x00\x00\x00\x00\x00\x00\x00\x00\x00\x00\x00\x00\x00\x00\x00\x00\x00\x00\x00\x00\x00\x00\x00\x00\x00\x00\x00\x00\x00\x00\x00\x00\x00\x03\xe0\x00\x03\xe0\x00\x03\xe0\x00\x03\xe0\x00\x03\xe0\x00\x03\xe0\x00\x03\xe0\x00\x03\xe0\x00\x03\xe0\x00\x03\xe0\x00\x03\xe0\x00\x03\xe0\x00\x03\xe0\x00\x03\xe0\x00\x03\xe0\x00\x03\xe0\x00\x03\xe0\x00\x03\xe0\x00\x03\xe0\x00\x03\xe0\x00\x03\xe0\x00\x03\xe0\x00\x03\xe0\x00\x03\xe0\x00\x03\xe0\x00\x03\xe0\x00\x03\xe0\x00\x03\xe0\x00\x03\xe0\x00\x03\xe0\x00\x00\x00\x00\x00\x00\x00\x00\x00\x00\x00\x00\x00\x00\x00\x00\x00\x00\x00\x00\x00\x00\x00\x00\x00\x00\x00\x00\x00\x00\x00\x00\x00\x00\x00\x00\x00\x00\x00\x00\x00\x00\x00\x03\xe0\x00\x03\xe0\x00\x03\xe0\x00\x03\xe0\x00\x03\xe0\x00\x03\xe0\x00\x03\xe0\x00\x03\xe0\x00\x03\xe0\x00\x03\xe0\x00\x03\xe0\x00\x03\xe0\x00\x03\xe0\x00\x03\xe0\x00\x03\xe0\x00\x03\xe0\x00\x03\xe0\x00\x03\xe0\x00\x03\xe0\x00\x03\xe0\x00\x03\xe0\x00\x03\xe0\x00\x03\xe0\x00\x03\xe0\x00\x03\xe0\x00\x03\xe0\x00\x03\xe0\x00\x03\xe0\x00\x03\xe0\x00\x03\xe0\x00\x00\x00\x00\x00\x00\x00\x00\x00\x00\x00\x00\x00\x00\x00\x00\x00\x00\x00\x00\x00\x00\x11',
  167:b'\x00\x00\x00\x00\x00\x00\x00\x00\x00\x00\x00\x00\x00\x00\x00\x00\x00\x00\x00\x00\x00\x00\x00\x00\x00\x00\x00\x00\x00\x00\x00\x00\x00\x00\x00\x00\x00\x00\x00\x00\x00\x00\x00\x00\x00\x00\x00\x00\x00\x00\x00\x00\x00\x00\x00\x00\x00\x00\x00\x00\x00\x00\x00\x00\x00\x00\x00\x00\x00\x00\x00\x00\x00\x00\x00\x00\x03\xff\x00\x00\x00\x0f\xff\xf0\x00\x00?\xff\xfc\x00\x00\x7f\xff\xf8\x00\x00\xff\xff\xf8\x00\x00\xff\xff\xf8\x00\x01\xff\x00\xf8\x00\x01\xfe\x00\x10\x00\x01\xfc\x00\x00\x00\x01\xf8\x00\x00\x00\x01\xf8\x00\x00\x00\x01\xf8\x00\x00\x00\x01\xf8\x00\x00\x00\x01\xfc\x00\x00\x00\x01\xfc\x00\x00\x00\x01\xfe\x00\x00\x00\x00\xff\x80\x00\x00\x00\x7f\xc0\x00\x00\x00\x7f\xf0\x00\x00\x00?\xfe\x00\x00\x00\x1f\xff\x80\x00\x00\xff\xff\xc0\x00\x01\xff\xff\xf0\x00\x01\xfe\x7f\xf8\x00\x03\xf8\x1f\xfc\x00\x03\xf0\x07\xfc\x00\x07\xf0\x03\xfe\x00\x07\xe0\x00\xfe\x00\x0f\xe0\x00\xff\x00\x0f\xe0\x00\x7f\x00\x0f\xc0\x00\x7f\x00\x0f\xc0\x00?\x00\x0f\xc0\x00?\x00\x0f\xe0\x00?\x00\x0f\xe0\x00\x7f\x00\x0f\xf0\x00\x7f\x00\x07\xf0\x00~\x00\x07\xf8\x00\xfe\x00\x03\xfe\x01\xfe\x00\x01\xff\x81\xfc\x00\x01\xff\xe3\xfc\x00\x00\xff\xff\xf8\x00\x00?\xff\xf0\x00\x00\x1f\xff\xc0\x00\x00\x07\xff\x80\x00\x00\x00\xff\xc0\x00\x00\x00?\xe0\x00\x00\x00\x1f\xf0\x00\x00\x00\x07\xf8\x00\x00\x00\x03\xf8\x00\x00\x00\x03\xf8\x00\x00\x00\x01\xf8\x00\x00\x00\x01\xf8\x00\x00\x00\x01\xf8\x00\x00\x00\x01\xf8\x00\x00\x00\x03\xf8\x00\x00\x80\x03\xf8\x00\x01\xf0\x0f\xf8\x00\x01\xff\xff\xf0\x00\x01\xff\xff\xf0\x00\x01\xff\xff\xe0\x00\x03\xff\xff\xc0\x00\x00\xff\xff\x00\x00\x00\x0f\xf8\x00\x00\x00\x00\x00\x00\x00\x00\x00\x00\x00\x00\x00\x00\x00\x00\x00\x00\x00\x00\x00\x00\x00\x00\x00\x00\x00\x00\x00\x00\x00\x00\x00\x00\x00\x00\x00\x00\x00\x00\x00\x00\x00\x00\x00\x00\x00\x00\x00\x00\x00\x00\x00\x00\x00\x00\x00\x00\x00\x00\x00\x00\x00\x00\x00\x00\x00\x00\x00\x00\x00\x00\x00\x00\x00\x00\x00\x00\x00\x00\x00\x00\x00\x00\x00\x00\x00\x00\x00\x00\x00\x00$',
  168:b'\x00\x00\x00\x00\x00\x00\x00\x00\x00\x00\x00\x00\x00\x00\x00\x00\x00\x00\x00\x00\x00\x00\x00\x00\x00\x00\x00\x00\x00\x00\x00\x00\x00\x00\x00\x00\x00\x00\x00\x00\x00\x00\x00\x00\x00\x00\x00\x00\x00\x00\x00\x00\x00\x00\x00\x00\x00\x00\x00\x00\x00\x00\x00\x00\x01\xe0\x07\x80\x03\xf0\x0f\xc0\x03\xf8\x0f\xe0\x07\xf8\x0f\xe0\x07\xf8\x1f\xe0\x07\xf8\x0f\xe0\x03\xf8\x0f\xe0\x03\xf0\x0f\xc0\x01\xe0\x07\x80\x00\x00\x00\x00\x00\x00\x00\x00\x00\x00\x00\x00\x00\x00\x00\x00\x00\x00\x00\x00\x00\x00\x00\x00\x00\x00\x00\x00\x00\x00\x00\x00\x00\x00\x00\x00\x00\x00\x00\x00\x00\x00\x00\x00\x00\x00\x00\x00\x00\x00\x00\x00\x00\x00\x00\x00\x00\x00\x00\x00\x00\x00\x00\x00\x00\x00\x00\x00\x00\x00\x00\x00\x00\x00\x00\x00\x00\x00\x00\x00\x00\x00\x00\x00\x00\x00\x00\x00\x00\x00\x00\x00\x00\x00\x00\x00\x00\x00\x00\x00\x00\x00\x00\x00\x00\x00\x00\x00\x00\x00\x00\x00\x00\x00\x00\x00\x00\x00\x00\x00\x00\x00\x00\x00\x00\x00\x00\x00\x00\x00\x00\x00\x00\x00\x00\x00\x00\x00\x00\x00\x00\x00\x00\x00\x00\x00\x00\x00\x00\x00\x00\x00\x00\x00\x00\x00\x00\x00\x00\x00\x00\x00\x00\x00\x00\x00\x00\x00\x00\x00\x00\x00\x00\x00\x00\x00\x00\x00\x00\x00\x00\x00\x00\x00\x00\x00\x00\x00\x00\x00\x00\x00\x00\x00\x00\x00\x00\x00\x00\x00\x00\x00\x00\x00\x00\x00\x00\x00\x00\x00\x00\x00\x00\x00\x00\x00\x00\x00\x00\x00\x00\x00\x00\x00\x00\x00\x00\x00\x00\x00\x00\x00\x00\x00\x00\x00\x00\x00\x00\x00\x00\x00\x00\x00\x00\x00\x00\x00\x00\x00\x00\x00\x00\x00\x00\x00\x00\x00\x00\x00\x00\x00\x00\x00\x00\x00\x00\x00\x00\x00\x00\x00\x00\x00\x00\x00\x00\x00\x00\x00\x00\x00\x00\x00\x00\x00\x00\x00 ',
  169:b'\x00\x00\x00\x00\x00\x00\x00\x00\x00\x00\x00\x00\x00\x00\x00\x00\x00\x00\x00\x00\x00\x00\x00\x00\x00\x00\x00\x00\x00\x00\x00\x00\x00\x00\x00\x00\x00\x00\x00\x00\x00\x00\x00\x00\x00\x00\x00\x00\x00\x00\x00\x00\x00\x00\x00\x00\x00\x00\x00\x00\x00\x00\x00\x00\x00\x00\x00\x00\x00\x00\x00\x00\x00\x00\x00\x00\x00\x00\x00\x00\x00\x00\x00\x00\x00\x00\x00\x00\x00\x00\x00\x00\x00\x00\x00\x00\x00\x00\x00\x00\x00\x00\x00\x00\x00\x00\x00\x00\x00\x00\x00\x00\x00\x00\x00\x00\x00\x00\x00\x00\x00\x00\x00\x00\x00\x00\x00\x00\x00\x00\x00\x00\x00\x00\x00\x00\x00\x00\x00\x00\x00\x00\x00\x00\x00\x00\x00\x00\x00\x00\x00\x00\x00\x00\x00\x00\x00\x00\x00\x00\x00\x00\x00\x00\x00\x00\x00\x00\x00\x00\x00\x00\x00\x00\x00\x00\x00\x00\x00\x00\x00\x00\x00\x00\x00\x00\x00\x00\x00\x00\x00\x00\x00\x00\x00\x00\x00\x00\x00\x00\x00\x00\x00\x7f\xf0\x00\x00\x00\x00\x00\x03\xff\xff\x00\x00\x00\x00\x00\x1f\xff\xff\xe0\x00\x00\x00\x00\x7f\xff\xff\xf8\x00\x00\x00\x01\xff\xff\xff\xfc\x00\x00\x00\x03\xff\xc0\x0f\xff\x00\x00\x00\x07\xfc\x00\x01\xff\x80\x00\x00\x0f\xf0\x00\x00\x7f\xc0\x00\x00\x1f\xc0\x00\x00\x1f\xe0\x00\x00?\x80\x00\x00\x07\xf0\x00\x00\x7f\x00\x00\x00\x03\xf8\x00\x00~\x00\x00\x00\x01\xf8\x00\x00\xfc\x00\x1f\xe0\x00\xfc\x00\x01\xf8\x00\x7f\xfc\x00\xfc\x00\x01\xf8\x01\xff\xfe\x00~\x00\x03\xf0\x03\xff\xfe\x00~\x00\x03\xf0\x07\xff\xfc\x00?\x00\x03\xe0\x0f\xf8<\x00?\x00\x07\xe0\x0f\xe0\x08\x00\x1f\x00\x07\xe0\x1f\xc0\x00\x00\x1f\x80\x07\xc0\x1f\xc0\x00\x00\x1f\x80\x07\xc0\x1f\x80\x00\x00\x0f\x80\x07\xc0\x1f\x80\x00\x00\x0f\x80\x07\xc0?\x80\x00\x00\x0f\x80\x0f\xc0?\x80\x00\x00\x0f\x80\x0f\xc0?\x80\x00\x00\x0f\x80\x0f\xc0?\x80\x00\x00\x0f\x80\x0f\xc0?\x80\x00\x00\x0f\x80\x0f\xc0?\x80\x00\x00\x0f\x80\x07\xc0?\x80\x00\x00\x0f\x80\x07\xc0\x1f\x80\x00\x00\x0f\x80\x07\xc0\x1f\x80\x00\x00\x0f\x80\x07\xc0\x1f\xc0\x00\x00\x1f\x80\x07\xe0\x1f\xe0\x00\x00\x1f\x80\x07\xe0\x0f\xe0\x04\x00\x1f\x00\x03\xe0\x0f\xf8\x1e\x00?\x00\x03\xf0\x07\xff\xfe\x00?\x00\x03\xf0\x03\xff\xfe\x00~\x00\x01\xf8\x01\xff\xff\x00~\x00\x01\xf8\x00\xff\xfe\x00\xfc\x00\x00\xfc\x00\x1f\xf0\x00\xfc\x00\x00\xfe\x00\x00\x00\x01\xf8\x00\x00\x7f\x00\x00\x00\x03\xf8\x00\x00\x7f\x80\x00\x00\x07\xf0\x00\x00?\xe0\x00\x00\x1f\xe0\x00\x00\x1f\xf0\x00\x00?\xc0\x00\x00\x0f\xfc\x00\x01\xff\x80\x00\x00\x07\xff\xc0\x0f\xff\x00\x00\x00\x01\xff\xff\xff\xfc\x00\x00\x00\x00\xff\xff\xff\xf8\x00\x00\x00\x00?\xff\xff\xe0\x00\x00\x00\x00\x07\xff\xff\x00\x00\x00\x00\x00\x00\x7f\xf8\x00\x00\x00\x00\x00\x00\x00\x00\x00\x00\x00\x00\x00\x00\x00\x00\x00\x00\x00\x00\x00\x00\x00\x00\x00\x00\x00\x00\x00\x00\x00\x00\x00\x00\x00\x00\x00\x00\x00\x00\x00\x00\x00\x00\x00\x00\x00\x00\x00\x00\x00\x00\x00\x00\x00\x00\x00\x00\x00\x00\x00\x00\x00\x00\x00\x00\x00\x00\x00\x00\x00\x00\x00\x00\x00\x00\x00\x00\x00\x00\x00\x00\x00\x00\x00\x00\x00\x00\x00\x00\x00\x00\x00\x00\x00\x00\x00\x00\x00\x00\x00\x00\x00\x00\x00\x00\x00\x00\x00\x00\x00\x00\x00\x00\x00\x00\x00\x00\x00\x00\x00\x00\x00\x00\x00\x00\x00\x00\x00\x00\x00\x00\x00\x00\x00\x00\x00\x00\x00\x00\x00\x00\x00\x00\x00\x00\x00\x00\x00\x00\x00\x00\x00\x00\x00>',
  170:b'\x00\x00\x00\x00\x00\x00\x00\x00\x00\x00\x00\x00\x00\x00\x00\x00\x00\x00\x00\x00\x00\x00\x00\x00\x00\x00\x00\x00\x00\x00\x00\x00\x00\x00\x00\x00\x00\x00\x00\x00\x00\x00\x00\x00\x00\x00\x00\x00\x00\x00\x00\x00\x00\x00\x00\x00\x00\x00\x00\x00\x00\x1f\xf0\x00\x01\xff\xfc\x00\x07\xff\xfe\x00\x07\xff\xfe\x00\x07\xff\xff\x00\x03\xc0\x7f\x00\x02\x00?\x00\x00\x00\x1f\x00\x00\x00\x1f\x00\x00\x00\x1f\x00\x00\x00\x1f\x00\x00\x0f\xff\x00\x00\x7f\xff\x00\x01\xff\xff\x00\x03\xff\xff\x00\x07\xff\xff\x00\x0f\xf0\x1f\x00\x0f\xc0\x1f\x00\x0f\x80\x1f\x00\x1f\x80\x1f\x00\x1f\x80\x1f\x00\x1f\x80\x1f\x00\x1f\x80?\x00\x1f\xc0\x7f\x00\x0f\xe1\xff\x00\x0f\xff\xff\x00\x07\xff\xff\x00\x07\xff\xcf\x00\x03\xff\x8f\x00\x00\xfe\x0f\x80\x00\x00\x00\x00\x00\x00\x00\x00\x00\x00\x00\x00\x00\x00\x00\x00\x00\x00\x00\x00\x00\x00\x00\x00\x00\x00\x00\x00\x00\x00\x00\x00\x00\x00\x00\x00\x00\x00\x00\x00\x00\x00\x00\x00\x00\x00\x00\x00\x00\x00\x00\x00\x00\x00\x00\x00\x00\x00\x00\x00\x00\x00\x00\x00\x00\x00\x00\x00\x00\x00\x00\x00\x00\x00\x00\x00\x00\x00\x00\x00\x00\x00\x00\x00\x00\x00\x00\x00\x00\x00\x00\x00\x00\x00\x00\x00\x00\x00\x00\x00\x00\x00\x00\x00\x00\x00\x00\x00\x00\x00\x00\x00\x00\x00\x00\x00\x00\x00\x00\x00\x00\x00\x00\x00\x00\x00\x00\x00\x00\x00\x00\x00\x00\x00\x00\x00\x00\x00\x00\x00\x00\x00\x00\x00\x00\x00\x00\x00\x00\x00\x00\x00\x00\x00\x00\x00\x00\x00\x00\x00\x00\x00\x00\x00\x00\x00\x00\x00\x00\x00\x00\x00\x00\x00\x00\x00\x00\x00\x00\x00\x00\x00\x00\x00\x00\x00\x00\x00\x00\x00\x00\x00\x00\x00\x00\x00\x00\x00\x00\x00\x00\x00\x00\x00\x00\x00\x00\x00\x1c',
  171:b'\x00\x00\x00\x00\x00\x00\x00\x00\x00\x00\x00\x00\x00\x00\x00\x00\x00\x00\x00\x00\x00\x00\x00\x00\x00\x00\x00\x00\x00\x00\x00\x00\x00\x00\x00\x00\x00\x00\x00\x00\x00\x00\x00\x00\x00\x00\x00\x00\x00\x00\x00\x00\x00\x00\x00\x00\x00\x00\x00\x00\x00\x00\x00\x00\x00\x00\x00\x00\x00\x00\x00\x00\x00\x00\x00\x00\x00\x00\x00\x00\x00\x00\x00\x00\x00\x00\x00\x00\x00\x00\x00\x00\x00\x00\x00\x00\x00\x00\x00\x00\x00\x00\x00\x00\x00\x00\x00\x00\x00\x00\x00\x00\x00\x00\x00\x00\x00\x00\x00\x00\x00\x00\x00\x00\x00\x00\x00\x00\x00\x00\x00\x00\x00\x00\x00\x00\x00\x00\x00\x00\x00\x00\x00\x00\x00\x00\x00\x00\x00\x00\x00\x00\x00\x00\x00\x00\x00\x00\x00\x00\x00\x00\x00\x00\x00\x00\x00\x00\x00\x00\x00\x00\x00\x00\x00\x00\x02\x00\x10\x00\x00\x07\x008\x00\x00\x07\xc0>\x00\x00\x0f\xe0~\x00\x00\x0f\xc0~\x00\x00\x1f\x80\xfc\x00\x00?\x80\xfc\x00\x00?\x01\xf8\x00\x00\x7f\x03\xf8\x00\x00~\x03\xf0\x00\x00\xfe\x07\xf0\x00\x00\xfc\x07\xe0\x00\x01\xf8\x0f\xc0\x00\x03\xf8\x0f\xc0\x00\x03\xf0\x1f\x80\x00\x07\xf0\x1f\x80\x00\x07\xe0?\x00\x00\x0f\xc0\x7f\x00\x00\x0f\xc0~\x00\x00\x1f\x80\xfc\x00\x00\x1f\x00\xf8\x00\x00\x1f\x80\xfc\x00\x00\x0f\xc0~\x00\x00\x0f\xe0?\x00\x00\x07\xf0?\x80\x00\x03\xf0\x1f\x80\x00\x03\xf8\x0f\xc0\x00\x01\xfc\x0f\xe0\x00\x01\xfc\x07\xe0\x00\x00\xfe\x07\xf0\x00\x00~\x03\xf0\x00\x00\x7f\x01\xf8\x00\x00?\x01\xf8\x00\x00\x1f\x80\xfc\x00\x00\x1f\xc0\xfe\x00\x00\x0f\xc0~\x00\x00\x0f\xe0?\x00\x00\x07\xc0>\x00\x00\x03\x80\x18\x00\x00\x02\x00\x10\x00\x00\x00\x00\x00\x00\x00\x00\x00\x00\x00\x00\x00\x00\x00\x00\x00\x00\x00\x00\x00\x00\x00\x00\x00\x00\x00\x00\x00\x00\x00\x00\x00\x00\x00\x00\x00\x00\x00\x00\x00\x00\x00\x00\x00\x00\x00\x00\x00\x00\x00\x00\x00\x00\x00\x00\x00\x00\x00\x00\x00\x00\x00\x00\x00\x00\x00\x00\x00\x00\x00\x00\x00\x00\x00\x00\x00\x00\x00\x00\x00\x00\x00\x00\x00\x00\x00\x00\x00\x00\x00\x00\x00\x00\x00\x00\x00\x00\x00\x00\x00\x00\x00\x00\x00\x00\x00\x00\x00\x00\x00"',
  172:b'\x00\x00\x00\x00\x00\x00\x00\x00\x00\x00\x00\x00\x00\x00\x00\x00\x00\x00\x00\x00\x00\x00\x00\x00\x00\x00\x00\x00\x00\x00\x00\x00\x00\x00\x00\x00\x00\x00\x00\x00\x00\x00\x00\x00\x00\x00\x00\x00\x00\x00\x00\x00\x00\x00\x00\x00\x00\x00\x00\x00\x00\x00\x00\x00\x00\x00\x00\x00\x00\x00\x00\x00\x00\x00\x00\x00\x00\x00\x00\x00\x00\x00\x00\x00\x00\x00\x00\x00\x00\x00\x00\x00\x00\x00\x00\x00\x00\x00\x00\x00\x00\x00\x00\x00\x00\x00\x00\x00\x00\x00\x00\x00\x00\x00\x00\x00\x00\x00\x00\x00\x00\x00\x00\x00\x00\x00\x00\x00\x00\x00\x00\x00\x00\x00\x00\x00\x00\x00\x00\x00\x00\x00\x00\x00\x00\x00\x00\x00\x00\x00\x00\x00\x00\x00\x00\x00\x00\x00\x00\x00\x00\x00\x00\x00\x00\x00\x00\x00\x00\x00\x00\x00\x00\x00\x00\x00\x00\x00\x00\x00\x00\x00\x00\x00\x00\x00\x00\x00\x00\x00\x00\x00\x00\x00\x00\x00\x00\x00\x00\x00\x00\x00\x00\x00\x00\x00\x00\x00\x00\x00\x00\x00\x00\x00\x00\x1f\xff\xff\xff\xc0\x1f\xff\xff\xff\xc0\x1f\xff\xff\xff\xc0\x1f\xff\xff\xff\xc0\x1f\xff\xff\xff\xc0\x1f\xff\xff\xff\xc0\x00\x00\x00\x0f\xc0\x00\x00\x00\x0f\xc0\x00\x00\x00\x0f\xc0\x00\x00\x00\x0f\xc0\x00\x00\x00\x0f\xc0\x00\x00\x00\x0f\xc0\x00\x00\x00\x0f\xc0\x00\x00\x00\x0f\xc0\x00\x00\x00\x0f\xc0\x00\x00\x00\x0f\xc0\x00\x00\x00\x0f\xc0\x00\x00\x00\x00\x00\x00\x00\x00\x00\x00\x00\x00\x00\x00\x00\x00\x00\x00\x00\x00\x00\x00\x00\x00\x00\x00\x00\x00\x00\x00\x00\x00\x00\x00\x00\x00\x00\x00\x00\x00\x00\x00\x00\x00\x00\x00\x00\x00\x00\x00\x00\x00\x00\x00\x00\x00\x00\x00\x00\x00\x00\x00\x00\x00\x00\x00\x00\x00\x00\x00\x00\x00\x00\x00\x00\x00\x00\x00\x00\x00\x00\x00\x00\x00\x00\x00\x00\x00\x00\x00\x00\x00\x00\x00\x00\x00\x00\x00\x00\x00\x00\x00\x00\x00\x00\x00\x00\x00\x00\x00\x00\x00\x00\x00\x00\x00\x00\x00\x00\x00\x00\x00\x00\x00\x00\x00\x00\x00\x00\x00\x00\x00\x00\x00\x00\x00\x00\x00\x00\x00\x00\x00\x00\x00\x00\x00\x00\x00\x00\x00\x00\x00\x00\x00\x00\x00\x00\x00\x00\x00\x00\x00\x00\x00\x00\x00\x00\x00\x00\x00\x00\x00\x00\x00\x00\x00\x00\x00\x00\x00\x00\x00\x00\x00\x00%',
  173:b'\x00\x00\x00\x00\x00\x00\x00\x00\x00\x00\x00\x00\x00\x00\x00\x00\x00\x00\x00\x00\x00\x00\x00\x00\x00\x00\x00\x00\x00\x00\x00\x00\x00\x00\x00\x00\x00\x00\x00\x00\x00\x00\x00\x00\x00\x00\x00\x00\x00\x00\x00\x00\x00\x00\x00\x00\x00\x00\x00\x00\x00\x00\x00\x00\x00\x00\x00\x00\x00\x00\x00\x00\x00\x00\x00\x00\x00\x00\x00\x00\x00\x00\x00\x00\x00\x00\x00\x00\x00\x00\x00\x00\x00\x00\x00\x00\x00\x00\x00\x00\x00\x00\x00\x00\x00\x00\x00\x00\x00\x00\x00\x00\x00\x00\x00\x00\x00\x00\x00\x00\x00\x00\x00\x00\x00\x00\x00\x00\x00\x00\x00\x00\x00\x00\x00\x00\x00\x00\x00\x00\x00\x00\x00\x00\x00\x00\x00\x00\x00\x00\x00\x00\x00\x00\x00\x00\x00\x00\x00\x00\x00\x00\x00\x00\x00\x00\x00\x00\x00\x00\x00\x00\x00\x00\x00\x00\x00\x00\x00\x00\x00\x00\x00\x00\x00\x00\x00\x00\x00\x00\x00\x00\x00\x00\x00\x00\x00\x00\x00\x00\x0f\xff\xfc\x00\x0f\xff\xfc\x00\x0f\xff\xfc\x00\x0f\xff\xfc\x00\x0f\xff\xfc\x00\x0f\xff\xfc\x00\x00\x00\x00\x00\x00\x00\x00\x00\x00\x00\x00\x00\x00\x00\x00\x00\x00\x00\x00\x00\x00\x00\x00\x00\x00\x00\x00\x00\x00\x00\x00\x00\x00\x00\x00\x00\x00\x00\x00\x00\x00\x00\x00\x00\x00\x00\x00\x00\x00\x00\x00\x00\x00\x00\x00\x00\x00\x00\x00\x00\x00\x00\x00\x00\x00\x00\x00\x00\x00\x00\x00\x00\x00\x00\x00\x00\x00\x00\x00\x00\x00\x00\x00\x00\x00\x00\x00\x00\x00\x00\x00\x00\x00\x00\x00\x00\x00\x00\x00\x00\x00\x00\x00\x00\x00\x00\x00\x00\x00\x00\x00\x00\x00\x00\x00\x00\x00\x00\x00\x00\x00\x00\x00\x00\x00\x00\x00\x00\x00\x00\x00\x00\x00\x00\x00\x00\x00\x00\x00\x00\x00\x00\x00\x00\x00\x00\x00\x00\x00\x00\x00\x00\x00\x00\x00\x00\x00\x00\x00\x00\x00\x00\x00\x00\x1a',
  174:b'\x00\x00\x00\x00\x00\x00\x00\x00\x00\x00\x00\x00\x00\x00\x00\x00\x00\x00\x00\x00\x00\x00\x00\x00\x00\x00\x00\x00\x00\x00\x00\x00\x00\x00\x00\x00\x00\x00\x00\x00\x00\x00\x00\x00\x00\x00\x00\x00\x00\x00\x00\x00\x00\x00\x00\x00\x00\x00\x00\x00\x00\x00\x00\x00\x00\x00\x00\x00\x00\x00\x00\x00\x00\x00\x00\x00\x00\x00\x00\x00\x00\x00\x00\x00\x00\x00\x00\x00\x00\x00\x00\x00\x00\x00\x00\x00\x00\x00\x00\x00\x00\x00\x00\x00\x00\x00\x00\x07\xfe\x00\x00\x00\x00\x00?\xff\xe0\x00\x00\x00\x00\xff\xff\xf8\x00\x00\x00\x03\xff\xff\xfc\x00\x00\x00\x07\xfc\x03\xff\x00\x00\x00\x0f\xe0\x00\x7f\x80\x00\x00\x1f\x80\x00\x1f\xc0\x00\x00?\x00\x00\x0f\xc0\x00\x00>\x00\x00\x07\xe0\x00\x00|\x0f\xfc\x03\xf0\x00\x00\xf8\x1f\xff\x01\xf0\x00\x00\xf8\x1f\xff\x81\xf8\x00\x00\xf8\x1c\x0f\x80\xf8\x00\x01\xf0\x1c\x07\xc0\xf8\x00\x01\xf0\x1c\x03\xc0|\x00\x01\xf0\x1c\x07\xc0|\x00\x01\xe0\x1c\x07\x80|\x00\x03\xe0\x1c\x0f\x80|\x00\x03\xe0\x1f\xff\x00|\x00\x03\xe0\x1f\xf8\x00|\x00\x03\xe0\x1c\xfc\x00|\x00\x03\xe0\x1c>\x00|\x00\x01\xe0\x1c\x1f\x00|\x00\x01\xe0\x1c\x1f\x00|\x00\x01\xf0\x1c\x0f\x80|\x00\x01\xf0\x1c\x07\x80|\x00\x01\xf0\x1c\x07\xc0\xf8\x00\x00\xf8\x1c\x03\xe0\xf8\x00\x00\xf8\x1c\x03\xe0\xf8\x00\x00\xfc\x1c\x01\xf1\xf0\x00\x00|\x00\x00\x03\xf0\x00\x00~\x00\x00\x03\xe0\x00\x00?\x00\x00\x07\xc0\x00\x00\x1f\x80\x00\x1f\xc0\x00\x00\x0f\xe0\x00?\x80\x00\x00\x07\xfc\x01\xff\x00\x00\x00\x03\xff\xff\xfc\x00\x00\x00\x00\xff\xff\xf8\x00\x00\x00\x00?\xff\xe0\x00\x00\x00\x00\x07\xfe\x00\x00\x00\x00\x00\x00\x00\x00\x00\x00\x00\x00\x00\x00\x00\x00\x00\x00\x00\x00\x00\x00\x00\x00\x00\x00\x00\x00\x00\x00\x00\x00\x00\x00\x00\x00\x00\x00\x00\x00\x00\x00\x00\x00\x00\x00\x00\x00\x00\x00\x00\x00\x00\x00\x00\x00\x00\x00\x00\x00\x00\x00\x00\x00\x00\x00\x00\x00\x00\x00\x00\x00\x00\x00\x00\x00\x00\x00\x00\x00\x00\x00\x00\x00\x00\x00\x00\x00\x00\x00\x00\x00\x00\x00\x00\x00\x00\x00\x00\x00\x00\x00\x00\x00\x00\x00\x00\x00\x00\x00\x00\x00\x00\x00\x00\x00\x00\x00\x00\x00\x00\x00\x00\x00\x00\x00\x00\x00\x00\x00\x00\x00\x00\x00\x00\x00\x00\x00\x00\x00\x00\x00\x00\x00\x00\x00\x00\x00\x00\x00\x00\x00\x00\x00\x00\x00\x00\x00\x00\x00\x00\x00\x00\x00\x00\x00\x00\x00\x00\x00\x00\x00\x00\x00\x00\x00\x00\x00\x00\x00\x00\x00\x00\x00\x00\x00\x00\x00\x00\x00\x00\x00\x00\x00\x00\x00\x00\x00\x00\x00\x00\x00\x00\x00\x00\x00\x00\x00\x00\x00\x00\x00\x00\x00\x00\x00\x00\x00\x00\x00\x00\x00\x00\x00\x00\x00\x00\x00\x00\x00\x00\x00\x00\x00\x00\x00\x00\x00\x00\x00\x00\x00\x00\x00\x00\x00\x00\x00\x00\x00\x00\x00\x00\x00\x00\x00\x00\x00\x00\x00\x00\x00\x00\x00\x00\x00\x00\x00\x00\x00\x00\x00\x00\x00\x00\x00\x00\x00\x00\x00\x00\x00\x00\x00\x00\x00\x00\x00\x00\x00\x00\x00\x00\x00\x00\x00\x005',
  175:b'\x00\x00\x00\x00\x00\x00\x00\x00\x00\x00\x00\x00\x00\x00\x00\x00\x00\x00\x00\x00\x00\x00\x00\x00\x00\x00\x00\x00\x00\x00\x00\x00\x00\x00\x00\x00\x00\x00\x00\x00\x00\x00\x00\x00\x00\x00\x00\x00\x00\x00\x00\x00\x00\x00\x00\x00\x00\x00\x00\x00\x00\x00\x00\x00\x00\x00\x00\x00\x00\x00\x00\x00\x00\x00\x00\x00\x00\x00\x00\x00\x00\x00\x00\x00\x07\xff\xff\xe0\x07\xff\xff\xe0\x07\xff\xff\xe0\x07\xff\xff\xe0\x07\xff\xff\xe0\x00\x00\x00\x00\x00\x00\x00\x00\x00\x00\x00\x00\x00\x00\x00\x00\x00\x00\x00\x00\x00\x00\x00\x00\x00\x00\x00\x00\x00\x00\x00\x00\x00\x00\x00\x00\x00\x00\x00\x00\x00\x00\x00\x00\x00\x00\x00\x00\x00\x00\x00\x00\x00\x00\x00\x00\x00\x00\x00\x00\x00\x00\x00\x00\x00\x00\x00\x00\x00\x00\x00\x00\x00\x00\x00\x00\x00\x00\x00\x00\x00\x00\x00\x00\x00\x00\x00\x00\x00\x00\x00\x00\x00\x00\x00\x00\x00\x00\x00\x00\x00\x00\x00\x00\x00\x00\x00\x00\x00\x00\x00\x00\x00\x00\x00\x00\x00\x00\x00\x00\x00\x00\x00\x00\x00\x00\x00\x00\x00\x00\x00\x00\x00\x00\x00\x00\x00\x00\x00\x00\x00\x00\x00\x00\x00\x00\x00\x00\x00\x00\x00\x00\x00\x00\x00\x00\x00\x00\x00\x00\x00\x00\x00\x00\x00\x00\x00\x00\x00\x00\x00\x00\x00\x00\x00\x00\x00\x00\x00\x00\x00\x00\x00\x00\x00\x00\x00\x00\x00\x00\x00\x00\x00\x00\x00\x00\x00\x00\x00\x00\x00\x00\x00\x00\x00\x00\x00\x00\x00\x00\x00\x00\x00\x00\x00\x00\x00\x00\x00\x00\x00\x00\x00\x00\x00\x00\x00\x00\x00\x00\x00\x00\x00\x00\x00\x00\x00\x00\x00\x00\x00\x00\x00\x00\x00\x00\x00\x00\x00\x00\x00\x00\x00\x00\x00\x00\x00\x00\x00\x00\x00\x00\x00\x00\x00\x00\x00\x00\x00\x00\x00\x00\x00\x00\x00\x00\x00\x00\x00\x00\x00\x00\x00\x00 ',
  176:b'\x00\x00\x00\x00\x00\x00\x00\x00\x00\x00\x00\x00\x00\x00\x00\x00\x00\x00\x00\x00\x00\x00\x00\x00\x00\x00\x00\x00\x00\x00\x00\x00\x00\x00\x00\x00\x00\x00\x00\x00\x00\x00\x00\x00\x00\x00\x00\x00\x00\x00\x00\x00\x00\x00\x00\x00\x00\x00\x00\x00\x00\x07\xe0\x00\x00\x1f\xf8\x00\x00\x7f\xfe\x00\x00\xff\xff\x00\x00\xff\xff\x00\x01\xfc?\x80\x01\xf8\x1f\x80\x03\xf0\x0f\xc0\x03\xe0\x07\xc0\x03\xe0\x07\xc0\x03\xe0\x07\xc0\x03\xe0\x07\xc0\x03\xe0\x07\xc0\x03\xe0\x07\xc0\x03\xe0\x07\xc0\x03\xe0\x07\xc0\x03\xe0\x07\xc0\x03\xf0\x0f\xc0\x03\xf8\x1f\x80\x01\xfc?\x80\x01\xff\xff\x00\x00\xff\xff\x00\x00\x7f\xfe\x00\x00?\xf8\x00\x00\x0f\xe0\x00\x00\x00\x00\x00\x00\x00\x00\x00\x00\x00\x00\x00\x00\x00\x00\x00\x00\x00\x00\x00\x00\x00\x00\x00\x00\x00\x00\x00\x00\x00\x00\x00\x00\x00\x00\x00\x00\x00\x00\x00\x00\x00\x00\x00\x00\x00\x00\x00\x00\x00\x00\x00\x00\x00\x00\x00\x00\x00\x00\x00\x00\x00\x00\x00\x00\x00\x00\x00\x00\x00\x00\x00\x00\x00\x00\x00\x00\x00\x00\x00\x00\x00\x00\x00\x00\x00\x00\x00\x00\x00\x00\x00\x00\x00\x00\x00\x00\x00\x00\x00\x00\x00\x00\x00\x00\x00\x00\x00\x00\x00\x00\x00\x00\x00\x00\x00\x00\x00\x00\x00\x00\x00\x00\x00\x00\x00\x00\x00\x00\x00\x00\x00\x00\x00\x00\x00\x00\x00\x00\x00\x00\x00\x00\x00\x00\x00\x00\x00\x00\x00\x00\x00\x00\x00\x00\x00\x00\x00\x00\x00\x00\x00\x00\x00\x00\x00\x00\x00\x00\x00\x00\x00\x00\x00\x00\x00\x00\x00\x00\x00\x00\x00\x00\x00\x00\x00\x00\x00\x00\x00\x00\x00\x00\x00\x00\x00\x00\x00\x00\x00\x00\x00\x00\x00\x00\x00\x00\x00\x00\x00\x00\x00\x00\x00\x00\x00\x00\x00\x00\x00\x00\x00\x00\x00\x00\x00\x00\x00\x1e',
  177:b'\x00\x00\x00\x00\x00\x00\x00\x00\x00\x00\x00\x00\x00\x00\x00\x00\x00\x00\x00\x00\x00\x00\x00\x00\x00\x00\x00\x00\x00\x00\x00\x00\x00\x00\x00\x00\x00\x00\x00\x00\x00\x00\x00\x00\x00\x00\x00\x00\x00\x00\x00\x00\x00\x00\x00\x00\x00\x00\x00\x00\x00\x00\x00\x00\x00\x00\x00\x00\x00\x00\x00\x00\x00\x00\x00\x00\x00\x00\x00\x00\x00\x00\x00\x00\x00\x00\x00\x00\x00\x00\x00\x00\x00\x00\x00\x00\x00\x00\x00\x00\x00\x00\x00\x00\x00\x00\x00\x00\x00\x00\x00\x01\xf8\x00\x00\x00\x01\xf8\x00\x00\x00\x01\xf8\x00\x00\x00\x01\xf8\x00\x00\x00\x01\xf8\x00\x00\x00\x01\xf8\x00\x00\x00\x01\xf8\x00\x00\x00\x01\xf8\x00\x00\x00\x01\xf8\x00\x00\x00\x01\xf8\x00\x00\x00\x01\xf8\x00\x00\x00\x01\xf8\x00\x00\x00\x01\xf8\x00\x00\x00\x01\xf8\x00\x00\x1f\xff\xff\xff\xc0\x1f\xff\xff\xff\xc0\x1f\xff\xff\xff\xc0\x1f\xff\xff\xff\xc0\x1f\xff\xff\xff\xc0\x1f\xff\xff\xff\xc0\x00\x01\xf8\x00\x00\x00\x01\xf8\x00\x00\x00\x01\xf8\x00\x00\x00\x01\xf8\x00\x00\x00\x01\xf8\x00\x00\x00\x01\xf8\x00\x00\x00\x01\xf8\x00\x00\x00\x01\xf8\x00\x00\x00\x01\xf8\x00\x00\x00\x00\x00\x00\x00\x00\x00\x00\x00\x00\x00\x00\x00\x00\x00\x00\x00\x00\x00\x00\x00\x00\x00\x00\x00\x1f\xff\xff\xff\xc0\x1f\xff\xff\xff\xc0\x1f\xff\xff\xff\xc0\x1f\xff\xff\xff\xc0\x1f\xff\xff\xff\xc0\x1f\xff\xff\xff\xc0\x00\x00\x00\x00\x00\x00\x00\x00\x00\x00\x00\x00\x00\x00\x00\x00\x00\x00\x00\x00\x00\x00\x00\x00\x00\x00\x00\x00\x00\x00\x00\x00\x00\x00\x00\x00\x00\x00\x00\x00\x00\x00\x00\x00\x00\x00\x00\x00\x00\x00\x00\x00\x00\x00\x00\x00\x00\x00\x00\x00\x00\x00\x00\x00\x00\x00\x00\x00\x00\x00\x00\x00\x00\x00\x00\x00\x00\x00\x00\x00\x00\x00\x00\x00\x00\x00\x00\x00\x00\x00\x00\x00\x00\x00\x00\x00\x00\x00\x00\x00\x00\x00\x00\x00\x00\x00\x00\x00\x00\x00\x00\x00\x00\x00\x00\x00\x00\x00\x00\x00\x00\x00\x00\x00\x00\x00\x00\x00\x00\x00\x00\x00\x00\x00\x00\x00\x00\x00\x00\x00\x00\x00\x00\x00\x00\x00\x00\x00\x00\x00\x00\x00\x00\x00\x00\x00\x00\x00\x00\x00\x00\x00\x00\x00\x00\x00\x00\x00\x00\x00\x00\x00\x00\x00\x00%',
  178:b'\x00\x00\x00\x00\x00\x00\x00\x00\x00\x00\x00\x00\x00\x00\x00\x00\x00\x00\x00\x00\x00\x00\x00\x00\x00?\xc0\x00\x01\xff\xf0\x00\x07\xff\xf8\x00\x07\xff\xfc\x00\x07\xff\xfe\x00\x03\xc1\xfe\x00\x03\x00~\x00\x00\x00\x7f\x00\x00\x00?\x00\x00\x00?\x00\x00\x00?\x00\x00\x00?\x00\x00\x00?\x00\x00\x00>\x00\x00\x00>\x00\x00\x00~\x00\x00\x00~\x00\x00\x00|\x00\x00\x00\xfc\x00\x00\x00\xfc\x00\x00\x01\xf8\x00\x00\x03\xf8\x00\x00\x03\xf0\x00\x00\x07\xf0\x00\x00\x07\xe0\x00\x00\x0f\xc0\x00\x00\x1f\xc0\x00\x00?\x80\x00\x00?\x00\x00\x00\x7f\x00\x00\x00\xfe\x00\x00\x01\xfc\x00\x00\x03\xf8\x00\x00\x07\xf3\xff\x80\x07\xff\xff\x80\x0f\xff\xff\x80\x0f\xff\xff\x80\x0f\xff\xff\x80\x00\x00\x00\x00\x00\x00\x00\x00\x00\x00\x00\x00\x00\x00\x00\x00\x00\x00\x00\x00\x00\x00\x00\x00\x00\x00\x00\x00\x00\x00\x00\x00\x00\x00\x00\x00\x00\x00\x00\x00\x00\x00\x00\x00\x00\x00\x00\x00\x00\x00\x00\x00\x00\x00\x00\x00\x00\x00\x00\x00\x00\x00\x00\x00\x00\x00\x00\x00\x00\x00\x00\x00\x00\x00\x00\x00\x00\x00\x00\x00\x00\x00\x00\x00\x00\x00\x00\x00\x00\x00\x00\x00\x00\x00\x00\x00\x00\x00\x00\x00\x00\x00\x00\x00\x00\x00\x00\x00\x00\x00\x00\x00\x00\x00\x00\x00\x00\x00\x00\x00\x00\x00\x00\x00\x00\x00\x00\x00\x00\x00\x00\x00\x00\x00\x00\x00\x00\x00\x00\x00\x00\x00\x00\x00\x00\x00\x00\x00\x00\x00\x00\x00\x00\x00\x00\x00\x00\x00\x00\x00\x00\x00\x00\x00\x00\x00\x00\x00\x00\x00\x00\x00\x00\x00\x00\x00\x00\x00\x00\x00\x00\x00\x00\x00\x00\x00\x00\x00\x00\x00\x00\x00\x00\x00\x00\x00\x00\x00\x00\x00\x00\x00\x00\x00\x00\x00\x00\x00\x00\x00\x00\x00\x1d',
  179:b'\x00\x00\x00\x00\x00\x00\x00\x00\x00\x00\x00\x00\x00\x00\x00\x00\x00\x00\x00\x00\x00\x00\x00\x00\x00\x00\x00\x00\x07\xff\xff\x00\x07\xff\xff\x00\x07\xff\xff\x00\x07\xff\xff\x00\x07\xff\xfe\x00\x00\x00|\x00\x00\x00\xfc\x00\x00\x01\xf8\x00\x00\x01\xf0\x00\x00\x03\xf0\x00\x00\x03\xe0\x00\x00\x07\xe0\x00\x00\x0f\xc0\x00\x00\x0f\x80\x00\x00\x1f\x80\x00\x00\x1e\x00\x00\x00?\xf0\x00\x00\x7f\xfc\x00\x00\x7f\xfe\x00\x00\x7f\xfe\x00\x00\x7f\xff\x00\x00\x00\xff\x00\x00\x00?\x80\x00\x00\x1f\x80\x00\x00\x1f\x80\x00\x00\x1f\x80\x00\x00\x1f\x80\x00\x00\x1f\x80\x00\x00\x1f\x80\x00\x00\x1f\x80\x00\x00?\x00\x04\x00\x7f\x00\x03\x80\xff\x00\x03\xff\xfe\x00\x03\xff\xfc\x00\x07\xff\xf8\x00\x07\xff\xf0\x00\x00\xff\x80\x00\x00\x00\x00\x00\x00\x00\x00\x00\x00\x00\x00\x00\x00\x00\x00\x00\x00\x00\x00\x00\x00\x00\x00\x00\x00\x00\x00\x00\x00\x00\x00\x00\x00\x00\x00\x00\x00\x00\x00\x00\x00\x00\x00\x00\x00\x00\x00\x00\x00\x00\x00\x00\x00\x00\x00\x00\x00\x00\x00\x00\x00\x00\x00\x00\x00\x00\x00\x00\x00\x00\x00\x00\x00\x00\x00\x00\x00\x00\x00\x00\x00\x00\x00\x00\x00\x00\x00\x00\x00\x00\x00\x00\x00\x00\x00\x00\x00\x00\x00\x00\x00\x00\x00\x00\x00\x00\x00\x00\x00\x00\x00\x00\x00\x00\x00\x00\x00\x00\x00\x00\x00\x00\x00\x00\x00\x00\x00\x00\x00\x00\x00\x00\x00\x00\x00\x00\x00\x00\x00\x00\x00\x00\x00\x00\x00\x00\x00\x00\x00\x00\x00\x00\x00\x00\x00\x00\x00\x00\x00\x00\x00\x00\x00\x00\x00\x00\x00\x00\x00\x00\x00\x00\x00\x00\x00\x00\x00\x00\x00\x00\x00\x00\x00\x00\x00\x00\x00\x00\x00\x00\x00\x00\x00\x00\x00\x00\x00\x00\x00\x00\x00\x00\x00\x00\x00\x00\x00\x00\x1d',
  180:b'\x00\x00\x00\x00\x00\x00\x00\x00\x00\x00\x00\x00\x00\x00\x00\x00\x00\x00\x00\x00\x00\x00\x00\x00\x00\x00\x00\x00\x00\x00\x00\x00\x00\x00\x00\x00\x00\x00\x00\x00\x00\x00\x00\x7f\x00\x00\x7f\x00\x00\x7f\x00\x00\xfe\x00\x00\xfe\x00\x00\xfc\x00\x01\xf8\x00\x01\xf8\x00\x01\xf0\x00\x03\xe0\x00\x03\xe0\x00\x03\xc0\x00\x07\xc0\x00\x00\x00\x00\x00\x00\x00\x00\x00\x00\x00\x00\x00\x00\x00\x00\x00\x00\x00\x00\x00\x00\x00\x00\x00\x00\x00\x00\x00\x00\x00\x00\x00\x00\x00\x00\x00\x00\x00\x00\x00\x00\x00\x00\x00\x00\x00\x00\x00\x00\x00\x00\x00\x00\x00\x00\x00\x00\x00\x00\x00\x00\x00\x00\x00\x00\x00\x00\x00\x00\x00\x00\x00\x00\x00\x00\x00\x00\x00\x00\x00\x00\x00\x00\x00\x00\x00\x00\x00\x00\x00\x00\x00\x00\x00\x00\x00\x00\x00\x00\x00\x00\x00\x00\x00\x00\x00\x00\x00\x00\x00\x00\x00\x00\x00\x00\x00\x00\x00\x00\x00\x00\x00\x00\x00\x00\x00\x00\x00\x00\x00\x00\x00\x00\x00\x00\x00\x00\x00\x00\x00\x00\x00\x00\x00\x00\x00\x00\x00\x00\x00\x00\x00\x00\x00\x00\x00\x00\x00\x00\x00\x00\x00\x00\x00\x00\x00\x00\x00\x00\x00\x00\x00\x00\x00\x00\x00\x00\x00\x00\x00\x00\x00\x00\x00\x00\x00\x00\x00\x00\x00\x00\x00\x00\x00\x00\x00\x00\x00\x00\x00\x00\x00\x00\x00\x00\x00\x00\x00\x00\x00\x16',
  181:b'\x00\x00\x00\x00\x00\x00\x00\x00\x00\x00\x00\x00\x00\x00\x00\x00\x00\x00\x00\x00\x00\x00\x00\x00\x00\x00\x00\x00\x00\x00\x00\x00\x00\x00\x00\x00\x00\x00\x00\x00\x00\x00\x00\x00\x00\x00\x00\x00\x00\x00\x00\x00\x00\x00\x00\x00\x00\x00\x00\x00\x00\x00\x00\x00\x00\x00\x00\x00\x00\x00\x00\x00\x00\x00\x00\x00\x00\x00\x00\x00\x00\x00\x00\x00\x00\x00\x00\x00\x00\x00\x00\x00\x00\x00\x00\x00\x00\x00\x00\x00\x00\x00\x00\x00\x00\x00\x00\x00\x00\x00\x00\x00\x00\x00\x00\x00\x00\x00\x00\x00\x00\x00\x00\x00\x00\x00\x00\x00\x00\x00\x00\x00\x00\x00\x00\x00\x00\x00\x00\x00\x00\x00\x00\x00\x00\x00\x00\x00\x00\x00\x00\x00\x00\x00\x00\x00\x00\x00\x00\x00\x00\x00\x00\x00\x00\x07\xe0\x00\x07\xe0\x07\xe0\x00\x07\xe0\x07\xe0\x00\x07\xe0\x07\xe0\x00\x07\xe0\x07\xe0\x00\x07\xe0\x07\xe0\x00\x07\xe0\x07\xe0\x00\x07\xe0\x07\xe0\x00\x07\xe0\x07\xe0\x00\x07\xe0\x07\xe0\x00\x07\xe0\x07\xe0\x00\x07\xe0\x07\xe0\x00\x07\xe0\x07\xe0\x00\x07\xe0\x07\xe0\x00\x07\xe0\x07\xe0\x00\x07\xe0\x07\xe0\x00\x07\xe0\x07\xe0\x00\x07\xe0\x07\xe0\x00\x07\xe0\x07\xe0\x00\x07\xe0\x07\xe0\x00\x07\xe0\x07\xe0\x00\x07\xe0\x07\xe0\x00\x07\xe0\x07\xe0\x00\x07\xe0\x07\xe0\x00\x07\xe0\x07\xe0\x00\x07\xe0\x07\xe0\x00\x07\xe0\x07\xe0\x00\x07\xe0\x07\xe0\x00\x07\xe0\x07\xe0\x00\x07\xe0\x07\xe0\x00\x07\xe0\x07\xe0\x00\x07\xe0\x07\xe0\x00\x07\xe0\x07\xf0\x00\x07\xe0\x07\xf0\x00\x0f\xe0\x07\xf0\x00\x0f\xe0\x07\xf0\x00\x1f\xe0\x07\xf8\x00?\xe0\x07\xf8\x00\x7f\xe0\x07\xfc\x00\xff\xe0\x07\xff\x03\xfb\xf0\x07\xff\xff\xfb\xf0\x07\xff\xff\xf3\xf0\x07\xdf\xff\xe1\xf0\x07\xdf\xff\xc1\xf0\x07\xc7\xff\x80\xf0\x07\xc3\xfc\x00\x00\x07\xc0\x00\x00\x00\x07\xe0\x00\x00\x00\x07\xe0\x00\x00\x00\x07\xe0\x00\x00\x00\x07\xe0\x00\x00\x00\x07\xe0\x00\x00\x00\x07\xe0\x00\x00\x00\x07\xe0\x00\x00\x00\x07\xe0\x00\x00\x00\x07\xe0\x00\x00\x00\x07\xe0\x00\x00\x00\x07\xe0\x00\x00\x00\x07\xe0\x00\x00\x00\x07\xe0\x00\x00\x00\x07\xe0\x00\x00\x00\x07\xe0\x00\x00\x00\x07\xe0\x00\x00\x00\x00\x00\x00\x00\x00(',
  182:b'\x00\x00\x00\x00\x00\x00\x00\x00\x00\x00\x00\x00\x00\x00\x00\x00\x00\x00\x00\x00\x00\x00\x00\x00\x00\x00\x00\x00\x00\x00\x00\x00\x00\x00\x00\x00\x00\x00\x00\x00\x00\x00\x00\x00\x00\x00\x00\x00\x00\x00\x00\x00\x00\x00\x00\x00\x00\x00\x00\x00\x00\x00\x00\x00\x00\x00\x00\x00\x00\x00\x00\x00\x00\x00\x00\x00\x00\x00\x00\x00\x00\x0f\xe0|\x00\x00?\xe0|\x00\x00\xff\xe0|\x00\x01\xff\xe0|\x00\x03\xff\xe0|\x00\x03\xff\xe0|\x00\x07\xff\xe0|\x00\x07\xff\xe0|\x00\x0f\xff\xe0|\x00\x0f\xff\xe0|\x00\x1f\xff\xe0|\x00\x1f\xff\xe0|\x00\x1f\xff\xe0|\x00\x1f\xff\xe0|\x00\x1f\xff\xe0|\x00\x1f\xff\xe0|\x00\x1f\xff\xe0|\x00\x1f\xff\xe0|\x00\x1f\xff\xe0|\x00\x1f\xff\xe0|\x00\x1f\xff\xe0|\x00\x1f\xff\xe0|\x00\x1f\xff\xe0|\x00\x1f\xff\xe0|\x00\x1f\xff\xe0|\x00\x0f\xff\xe0|\x00\x0f\xff\xe0|\x00\x0f\xff\xe0|\x00\x07\xff\xe0|\x00\x07\xff\xe0|\x00\x03\xff\xe0|\x00\x01\xff\xe0|\x00\x00\xff\xe0|\x00\x00\x7f\xe0|\x00\x00?\xe0|\x00\x00\x07\xe0|\x00\x00\x07\xe0|\x00\x00\x07\xe0|\x00\x00\x07\xe0|\x00\x00\x07\xe0|\x00\x00\x07\xe0|\x00\x00\x07\xe0|\x00\x00\x07\xe0|\x00\x00\x07\xe0|\x00\x00\x07\xe0|\x00\x00\x07\xe0|\x00\x00\x07\xe0|\x00\x00\x07\xe0|\x00\x00\x07\xe0|\x00\x00\x07\xe0|\x00\x00\x07\xe0|\x00\x00\x07\xe0|\x00\x00\x07\xe0|\x00\x00\x07\xe0|\x00\x00\x07\xe0|\x00\x00\x07\xe0|\x00\x00\x07\xe0|\x00\x00\x07\xe0|\x00\x00\x07\xe0|\x00\x00\x07\xe0|\x00\x00\x07\xe0|\x00\x00\x07\xe0|\x00\x00\x07\xe0|\x00\x00\x07\xe0|\x00\x00\x07\xe0|\x00\x00\x07\xe0|\x00\x00\x07\xe0|\x00\x00\x07\xe0|\x00\x00\x07\xe0|\x00\x00\x07\xe0|\x00\x00\x07\xe0|\x00\x00\x07\xe0|\x00\x00\x07\xe0|\x00\x00\x07\xe0|\x00\x00\x00\x00\x00\x00\x00\x00\x00\x00\x00\x00\x00\x00\x00\x00\x00\x00\x00\x00\x00\x00\x00\x00\x00\x00\x00\x00\x00\x00\x00\x00\x00\x00\x00\x00$',
  183:b'\x00\x00\x00\x00\x00\x00\x00\x00\x00\x00\x00\x00\x00\x00\x00\x00\x00\x00\x00\x00\x00\x00\x00\x00\x00\x00\x00\x00\x00\x00\x00\x00\x00\x00\x00\x00\x00\x00\x00\x00\x00\x00\x00\x00\x00\x00\x00\x00\x00\x00\x00\x00\x00\x00\x00\x00\x00\x00\x00\x00\x00\x00\x00\x00\x00\x00\x00\x00\x00\x00\x00\x00\x00\x00\x00\x00\x00\x00\x00\x00\x00\x00\x00\x00\x00\x00\x00\x00\x00\x00\x00\x00\x00\x00\x00\x00\x00\x00\x00\x00\x00\x00\x00\x00\x00\x00\x00\x00\x00\x00\x00\x00\x00\x00\x00\x00\x00\x00\x00\x00\x00\x00\x00\x00\x00\x00\x00\x00\x00\x00\x00\x00\x00\x00\x00\x00\x00\x00\x00\x00\x00\x01\xf0\x00\x03\xf8\x00\x07\xfc\x00\x07\xfc\x00\x07\xfc\x00\x07\xfc\x00\x07\xfc\x00\x07\xfc\x00\x03\xf8\x00\x01\xf0\x00\x00\x00\x00\x00\x00\x00\x00\x00\x00\x00\x00\x00\x00\x00\x00\x00\x00\x00\x00\x00\x00\x00\x00\x00\x00\x00\x00\x00\x00\x00\x00\x00\x00\x00\x00\x00\x00\x00\x00\x00\x00\x00\x00\x00\x00\x00\x00\x00\x00\x00\x00\x00\x00\x00\x00\x00\x00\x00\x00\x00\x00\x00\x00\x00\x00\x00\x00\x00\x00\x00\x00\x00\x00\x00\x00\x00\x00\x00\x00\x00\x00\x00\x00\x00\x00\x00\x00\x00\x00\x00\x00\x00\x00\x00\x00\x00\x00\x00\x00\x00\x00\x00\x00\x00\x00\x00\x00\x00\x00\x00\x00\x00\x00\x00\x00\x00\x00\x00\x00\x00\x13',
  184:b'\x00\x00\x00\x00\x00\x00\x00\x00\x00\x00\x00\x00\x00\x00\x00\x00\x00\x00\x00\x00\x00\x00\x00\x00\x00\x00\x00\x00\x00\x00\x00\x00\x00\x00\x00\x00\x00\x00\x00\x00\x00\x00\x00\x00\x00\x00\x00\x00\x00\x00\x00\x00\x00\x00\x00\x00\x00\x00\x00\x00\x00\x00\x00\x00\x00\x00\x00\x00\x00\x00\x00\x00\x00\x00\x00\x00\x00\x00\x00\x00\x00\x00\x00\x00\x00\x00\x00\x00\x00\x00\x00\x00\x00\x00\x00\x00\x00\x00\x00\x00\x00\x00\x00\x00\x00\x00\x00\x00\x00\x00\x00\x00\x00\x00\x00\x00\x00\x00\x00\x00\x00\x00\x00\x00\x00\x00\x00\x00\x00\x00\x00\x00\x00\x00\x00\x00\x00\x00\x00\x00\x00\x00\x00\x00\x00\x00\x00\x00\x00\x00\x00\x00\x00\x00\x00\x00\x00\x00\x00\x00\x00\x00\x00\x00\x00\x00\x00\x00\x00\x00\x00\x00\x00\x00\x00\x00\x00\x00\x00\x00\x00\x00\x00\x00\x00\x00\x00\x00\x00\x00\x00\x00\x00\x00\x00\x00\x00\x00\x00\x00\x00\x00\x00\x00\x00\x00\x00\x00\x00\x00\x00\x00\x00\x00\x00\x00\x00\x00\x00\x00\x00\x00\x00\x00\x00\x00\x00\x00\x00\x00\x00\x00\x00\x00\x00|\x00\x00x\x00\x00\xf8\x00\x00\xf0\x00\x01\xfc\x00\x01\xff\x00\x01\xff\x80\x03\xff\x80\x00\xff\xc0\x00\x1f\xc0\x00\x0f\xc0\x00\x0f\xc0\x00\x0f\xc0\x00\x1f\xc0\x00?\x80\x03\xff\x80\x03\xff\x00\x03\xfc\x00\x07\xf0\x00\x17',
  185:b'\x00\x00\x00\x00\x00\x00\x00\x00\x00\x00\x00\x00\x00\x00\x00\x00\x00\x00\x00\x00\x00\x00\x00\x00\x00\x01\xe0\x00\x00\x07\xe0\x00\x00\x0f\xe0\x00\x00\x1f\xe0\x00\x00?\xe0\x00\x00\xff\xe0\x00\x01\xff\xe0\x00\x03\xff\xe0\x00\x07\xf7\xe0\x00\x0f\xf7\xe0\x00\x07\xc7\xe0\x00\x07\x87\xe0\x00\x02\x07\xe0\x00\x00\x07\xe0\x00\x00\x07\xe0\x00\x00\x07\xe0\x00\x00\x07\xe0\x00\x00\x07\xe0\x00\x00\x07\xe0\x00\x00\x07\xe0\x00\x00\x07\xe0\x00\x00\x07\xe0\x00\x00\x07\xe0\x00\x00\x07\xe0\x00\x00\x07\xe0\x00\x00\x07\xe0\x00\x00\x07\xe0\x00\x00\x07\xe0\x00\x00\x07\xe0\x00\x00\x07\xe0\x00\x00\x07\xe0\x00\x00\x07\xe0\x00\x00\x07\xe0\x00\x03\xff\xff\x80\x03\xff\xff\x80\x03\xff\xff\x80\x03\xff\xff\x80\x03\xff\xff\x80\x00\x00\x00\x00\x00\x00\x00\x00\x00\x00\x00\x00\x00\x00\x00\x00\x00\x00\x00\x00\x00\x00\x00\x00\x00\x00\x00\x00\x00\x00\x00\x00\x00\x00\x00\x00\x00\x00\x00\x00\x00\x00\x00\x00\x00\x00\x00\x00\x00\x00\x00\x00\x00\x00\x00\x00\x00\x00\x00\x00\x00\x00\x00\x00\x00\x00\x00\x00\x00\x00\x00\x00\x00\x00\x00\x00\x00\x00\x00\x00\x00\x00\x00\x00\x00\x00\x00\x00\x00\x00\x00\x00\x00\x00\x00\x00\x00\x00\x00\x00\x00\x00\x00\x00\x00\x00\x00\x00\x00\x00\x00\x00\x00\x00\x00\x00\x00\x00\x00\x00\x00\x00\x00\x00\x00\x00\x00\x00\x00\x00\x00\x00\x00\x00\x00\x00\x00\x00\x00\x00\x00\x00\x00\x00\x00\x00\x00\x00\x00\x00\x00\x00\x00\x00\x00\x00\x00\x00\x00\x00\x00\x00\x00\x00\x00\x00\x00\x00\x00\x00\x00\x00\x00\x00\x00\x00\x00\x00\x00\x00\x00\x00\x00\x00\x00\x00\x00\x00\x00\x00\x00\x00\x00\x00\x00\x00\x00\x00\x00\x00\x00\x00\x00\x00\x00\x00\x00\x00\x00\x00\x00\x00\x1d',
  186:b'\x00\x00\x00\x00\x00\x00\x00\x00\x00\x00\x00\x00\x00\x00\x00\x00\x00\x00\x00\x00\x00\x00\x00\x00\x00\x00\x00\x00\x00\x00\x00\x00\x00\x00\x00\x00\x00\x00\x00\x00\x00\x00\x00\x00\x00\x00\x00\x00\x00\x00\x00\x00\x00\x00\x00\x00\x00\x00\x00\x00\x00\x1f\xc0\x00\x00\xff\xf0\x00\x01\xff\xfc\x00\x03\xff\xfe\x00\x07\xff\xff\x00\x07\xf0\x7f\x00\x0f\xe0?\x80\x0f\xc0\x1f\x80\x0f\xc0\x1f\x80\x0f\x80\x1f\x80\x1f\x80\x0f\xc0\x1f\x80\x0f\xc0\x1f\x80\x0f\xc0\x1f\x80\x0f\xc0\x1f\x80\x0f\xc0\x1f\x80\x0f\xc0\x1f\x80\x0f\xc0\x1f\x80\x0f\xc0\x1f\x80\x0f\xc0\x1f\x80\x0f\xc0\x1f\x80\x1f\x80\x0f\xc0\x1f\x80\x0f\xc0\x1f\x80\x0f\xe0?\x80\x07\xf0\x7f\x00\x07\xff\xff\x00\x03\xff\xfe\x00\x01\xff\xfc\x00\x00\xff\xf8\x00\x00\x1f\xc0\x00\x00\x00\x00\x00\x00\x00\x00\x00\x00\x00\x00\x00\x00\x00\x00\x00\x00\x00\x00\x00\x00\x00\x00\x00\x00\x00\x00\x00\x00\x00\x00\x00\x00\x00\x00\x00\x00\x00\x00\x00\x00\x00\x00\x00\x00\x00\x00\x00\x00\x00\x00\x00\x00\x00\x00\x00\x00\x00\x00\x00\x00\x00\x00\x00\x00\x00\x00\x00\x00\x00\x00\x00\x00\x00\x00\x00\x00\x00\x00\x00\x00\x00\x00\x00\x00\x00\x00\x00\x00\x00\x00\x00\x00\x00\x00\x00\x00\x00\x00\x00\x00\x00\x00\x00\x00\x00\x00\x00\x00\x00\x00\x00\x00\x00\x00\x00\x00\x00\x00\x00\x00\x00\x00\x00\x00\x00\x00\x00\x00\x00\x00\x00\x00\x00\x00\x00\x00\x00\x00\x00\x00\x00\x00\x00\x00\x00\x00\x00\x00\x00\x00\x00\x00\x00\x00\x00\x00\x00\x00\x00\x00\x00\x00\x00\x00\x00\x00\x00\x00\x00\x00\x00\x00\x00\x00\x00\x00\x00\x00\x00\x00\x00\x00\x00\x00\x00\x00\x00\x00\x00\x00\x00\x00\x00\x00\x00\x00\x00\x00\x00\x00\x00\x00\x00\x00\x00\x00\x00\x1d',
  187:b'\x00\x00\x00\x00\x00\x00\x00\x00\x00\x00\x00\x00\x00\x00\x00\x00\x00\x00\x00\x00\x00\x00\x00\x00\x00\x00\x00\x00\x00\x00\x00\x00\x00\x00\x00\x00\x00\x00\x00\x00\x00\x00\x00\x00\x00\x00\x00\x00\x00\x00\x00\x00\x00\x00\x00\x00\x00\x00\x00\x00\x00\x00\x00\x00\x00\x00\x00\x00\x00\x00\x00\x00\x00\x00\x00\x00\x00\x00\x00\x00\x00\x00\x00\x00\x00\x00\x00\x00\x00\x00\x00\x00\x00\x00\x00\x00\x00\x00\x00\x00\x00\x00\x00\x00\x00\x00\x00\x00\x00\x00\x00\x00\x00\x00\x00\x00\x00\x00\x00\x00\x00\x00\x00\x00\x00\x00\x00\x00\x00\x00\x00\x00\x00\x00\x00\x00\x00\x00\x00\x00\x00\x00\x00\x00\x00\x00\x00\x00\x00\x00\x00\x00\x00\x00\x00\x00\x00\x00\x00\x00\x00\x00\x00\x00\x00\x00\x00\x00\x00\x00\x00\x00\x00\x00\x00\x02\x00\x10\x00\x00\x07\x008\x00\x00\x1f\x00\xf8\x00\x00?\x81\xfc\x00\x00\x1f\x80\xfe\x00\x00\x0f\xc0~\x00\x00\x0f\xe0\x7f\x00\x00\x07\xe0?\x00\x00\x03\xf0?\x80\x00\x03\xf0\x1f\xc0\x00\x01\xf8\x0f\xc0\x00\x01\xfc\x0f\xe0\x00\x00\xfc\x07\xe0\x00\x00\xfe\x07\xf0\x00\x00~\x03\xf8\x00\x00\x7f\x01\xf8\x00\x00?\x81\xfc\x00\x00\x1f\x80\xfe\x00\x00\x0f\xc0~\x00\x00\x07\xc0?\x00\x00\x07\xe0>\x00\x00\x0f\x80~\x00\x00\x1f\x80\xfc\x00\x00?\x01\xfc\x00\x00\x7f\x03\xf8\x00\x00~\x03\xf0\x00\x00\xfe\x07\xf0\x00\x00\xfc\x07\xe0\x00\x01\xfc\x0f\xe0\x00\x01\xf8\x0f\xc0\x00\x03\xf0\x1f\xc0\x00\x03\xf0\x1f\x80\x00\x07\xe0?\x80\x00\x07\xe0?\x00\x00\x0f\xc0~\x00\x00\x0f\xc0~\x00\x00\x1f\x80\xfc\x00\x00\x0f\x80\xfc\x00\x00\x07\x008\x00\x00\x02\x00\x18\x00\x00\x00\x00\x00\x00\x00\x00\x00\x00\x00\x00\x00\x00\x00\x00\x00\x00\x00\x00\x00\x00\x00\x00\x00\x00\x00\x00\x00\x00\x00\x00\x00\x00\x00\x00\x00\x00\x00\x00\x00\x00\x00\x00\x00\x00\x00\x00\x00\x00\x00\x00\x00\x00\x00\x00\x00\x00\x00\x00\x00\x00\x00\x00\x00\x00\x00\x00\x00\x00\x00\x00\x00\x00\x00\x00\x00\x00\x00\x00\x00\x00\x00\x00\x00\x00\x00\x00\x00\x00\x00\x00\x00\x00\x00\x00\x00\x00\x00\x00\x00\x00\x00\x00\x00\x00\x00\x00\x00\x00\x00\x00"',
  188:b'\x00\x00\x00\x00\x00\x00\x00\x00\x00\x00\x00\x00\x00\x00\x00\x00\x00\x00\x00\x00\x00\x00\x00\x00\x00\x00\x00\x00\x00\x00\x00\x00\x00\x00\x00\x00\x00\x00\x00\x00\x00\x00\x00\x00\x00\x00\x00\x00\x00\x00\x00\x00\x00\x00\x00\x00\x00\x00\x00\x00\x00\x00\x00\x00\x00\x00\x00\x00\x00\x00\x00\x00\x00\x00\x00\x00\x00\x00\x00\x00\x00\x00\x00\x00\x00\x00\x00\x00\x00\x00\x00\x00\x00\x00\x00\x00\x00\x00\x00\x00\x00\x00\x00\x00\x00\x00\x00\x00\x00\x00\x00\x00\x00\x00\x00\x00\x00\x00\x00\x00\x00\x07\xc0\x00\x00\x04\x00\x00\x00\x0f\xc0\x00\x00\x0f\x00\x00\x00\x1f\xc0\x00\x00\x0f\x80\x00\x00?\xc0\x00\x00\x1f\x80\x00\x00\x7f\xc0\x00\x00?\x00\x00\x01\xff\xc0\x00\x00?\x00\x00\x03\xff\xc0\x00\x00~\x00\x00\x07\xff\xc0\x00\x00|\x00\x00\x0f\xef\xc0\x00\x00\xfc\x00\x00\x1f\xcf\xc0\x00\x00\xf8\x00\x00\x0f\x8f\xc0\x00\x01\xf8\x00\x00\x0f\x0f\xc0\x00\x01\xf0\x00\x00\x04\x0f\xc0\x00\x03\xf0\x00\x00\x00\x0f\xc0\x00\x07\xe0\x00\x00\x00\x0f\xc0\x00\x07\xe0\x00\x00\x00\x0f\xc0\x00\x0f\xc0\x00\x00\x00\x0f\xc0\x00\x0f\x80\x00\x00\x00\x0f\xc0\x00\x1f\x80\x00\x00\x00\x0f\xc0\x00\x1f\x00\x00\x00\x00\x0f\xc0\x00?\x00\x00\x00\x00\x0f\xc0\x00>\x00\x00\x00\x00\x0f\xc0\x00~\x00\x00\x00\x00\x0f\xc0\x00\xfc\x00\x00\x00\x00\x0f\xc0\x00\xfc\x00\x00\x00\x00\x0f\xc0\x01\xf8\x00\x00\x00\x00\x0f\xc0\x01\xf0\x03\xe0\x00\x00\x0f\xc0\x03\xf0\x03\xe0\x00\x00\x0f\xc0\x03\xe0\x07\xe0\x00\x00\x0f\xc0\x07\xe0\x07\xe0\x00\x00\x0f\xc0\x0f\xc0\x0f\xe0\x00\x00\x0f\xc0\x0f\xc0\x0f\xe0\x00\x00\x0f\xc0\x1f\x80\x1f\xe0\x00\x00\x0f\xc0\x1f\x80?\xe0\x00\x00\x0f\xc0?\x00?\xe0\x00\x00\x0f\xc0?\x00{\xe0\x00\x00\x0f\xc0~\x00{\xe0\x00\x00\x0f\xc0|\x00\xfb\xe0\x00\x00\x0f\xc0\xfc\x01\xf3\xe0\x00\x00\x00\x01\xf8\x01\xf7\xe0\x00\x00\x00\x01\xf8\x03\xe7\xe0\x00\x00\x00\x03\xf0\x03\xe7\xe0\x00\x00\x00\x03\xf0\x07\xc7\xe0\x00\x00\x00\x07\xe0\x0f\xc7\xe0\x00\x00\x00\x07\xe0\x0f\x87\xe0\x00\x00\x00\x0f\xc0\x1f\x87\xe0\x00\x00\x00\x0f\x80\x1f\x07\xe0\x00\x00\x00\x1f\x80>\x07\xe0\x00\x00\x00?\x00~\x07\xe0\x00\x00\x00?\x00|\x07\xe0\x00\x00\x00~\x00\xf8\x07\xe0\x00\x00\x00~\x00\xff\xff\xff\x80\x00\x00\xfc\x01\xff\xff\xff\x80\x00\x00\xfc\x01\xff\xff\xff\x80\x00\x01\xf8\x01\xff\xff\xff\x80\x00\x01\xf0\x01\xff\xff\xff\x80\x00\x03\xf0\x00\x00\x07\xe0\x00\x00\x07\xe0\x00\x00\x07\xe0\x00\x00\x07\xe0\x00\x00\x07\xe0\x00\x00\x0f\xc0\x00\x00\x07\xe0\x00\x00\x0f\xc0\x00\x00\x07\xe0\x00\x00\x1f\x80\x00\x00\x07\xe0\x00\x00\x1f\x80\x00\x00\x07\xe0\x00\x00\x0f\x00\x00\x00\x07\xe0\x00\x00\x02\x00\x00\x00\x00\x00\x00\x00\x00\x00\x00\x00\x00\x00\x00\x00\x00\x00\x00\x00\x00\x00\x00\x00\x00\x00\x00\x00\x00\x00\x00\x00\x00\x00\x00\x00\x00\x00\x00\x00\x00\x00\x00\x00\x00\x00\x00\x00\x00\x00\x00\x00\x00\x00\x00\x00\x00\x00\x00\x00\x00\x00\x00\x00\x00\x00\x00\x00\x00\x00\x00\x00\x00\x00\x00\x00\x00\x00\x00\x00\x00\x00\x00\x00\x00\x00\x00\x00\x00\x00\x00\x00\x00\x00\x00\x00\x00\x00\x00\x00\x00\x00\x00\x00\x00\x00\x00\x00\x00\x00\x00\x00\x00\x00\x00\x00\x00\x00\x00\x00\x00\x00\x00\x00\x00\x00\x00\x00\x00\x00\x00\x00\x00\x00\x00\x00\x00\x00\x00\x00\x00\x00\x00\x00\x00\x00\x00\x00\x00\x00\x00=',
  189:b'\x00\x00\x00\x00\x00\x00\x00\x00\x00\x00\x00\x00\x00\x00\x00\x00\x00\x00\x00\x00\x00\x00\x00\x00\x00\x00\x00\x00\x00\x00\x00\x00\x00\x00\x00\x00\x00\x00\x00\x00\x00\x00\x00\x00\x00\x00\x00\x00\x00\x00\x00\x00\x00\x00\x00\x00\x00\x00\x00\x00\x00\x00\x00\x00\x00\x00\x00\x00\x00\x00\x00\x00\x00\x00\x00\x00\x00\x00\x00\x00\x00\x00\x00\x00\x00\x00\x00\x00\x00\x00\x00\x00\x00\x00\x00\x00\x00\x00\x00\x00\x00\x00\x00\x00\x00\x00\x00\x00\x00\x00\x00\x00\x00\x00\x00\x00\x00\x00\x00\x00\x00\x07\xc0\x00\x00\x04\x00\x00\x00\x0f\xc0\x00\x00\x0f\x00\x00\x00\x1f\xc0\x00\x00\x0f\x80\x00\x00?\xc0\x00\x00\x1f\x80\x00\x00\x7f\xc0\x00\x00?\x00\x00\x01\xff\xc0\x00\x00?\x00\x00\x03\xff\xc0\x00\x00~\x00\x00\x07\xff\xc0\x00\x00|\x00\x00\x0f\xef\xc0\x00\x00\xfc\x00\x00\x1f\xcf\xc0\x00\x00\xf8\x00\x00\x0f\x8f\xc0\x00\x01\xf8\x00\x00\x0f\x0f\xc0\x00\x01\xf0\x00\x00\x04\x0f\xc0\x00\x03\xf0\x00\x00\x00\x0f\xc0\x00\x07\xe0\x00\x00\x00\x0f\xc0\x00\x07\xe0\x00\x00\x00\x0f\xc0\x00\x0f\xc0\x00\x00\x00\x0f\xc0\x00\x0f\x80\x00\x00\x00\x0f\xc0\x00\x1f\x80\x00\x00\x00\x0f\xc0\x00\x1f\x00\x00\x00\x00\x0f\xc0\x00?\x00\x00\x00\x00\x0f\xc0\x00>\x00\x00\x00\x00\x0f\xc0\x00~\x00\x00\x00\x00\x0f\xc0\x00\xfc\x00\x00\x00\x00\x0f\xc0\x00\xfc\x00\x00\x00\x00\x0f\xc0\x01\xf8\x00\x00\x00\x00\x0f\xc0\x01\xf0\x1f\xe0\x00\x00\x0f\xc0\x03\xf0\xff\xf8\x00\x00\x0f\xc0\x03\xe3\xff\xfc\x00\x00\x0f\xc0\x07\xe3\xff\xfe\x00\x00\x0f\xc0\x0f\xc1\xff\xff\x00\x00\x0f\xc0\x0f\xc1\xe0\x7f\x00\x00\x0f\xc0\x1f\x81\x80?\x80\x00\x0f\xc0\x1f\x80\x00\x1f\x80\x00\x0f\xc0?\x00\x00\x1f\x80\x00\x0f\xc0?\x00\x00\x1f\x80\x00\x0f\xc0~\x00\x00\x1f\x80\x00\x0f\xc0|\x00\x00\x1f\x80\x00\x0f\xc0\xfc\x00\x00\x1f\x80\x00\x00\x01\xf8\x00\x00\x1f\x80\x00\x00\x01\xf8\x00\x00\x1f\x00\x00\x00\x03\xf0\x00\x00?\x00\x00\x00\x03\xf0\x00\x00?\x00\x00\x00\x07\xe0\x00\x00?\x00\x00\x00\x07\xe0\x00\x00~\x00\x00\x00\x0f\xc0\x00\x00~\x00\x00\x00\x0f\x80\x00\x00\xfc\x00\x00\x00\x1f\x80\x00\x00\xfc\x00\x00\x00?\x00\x00\x01\xf8\x00\x00\x00?\x00\x00\x03\xf8\x00\x00\x00~\x00\x00\x03\xf0\x00\x00\x00~\x00\x00\x07\xf0\x00\x00\x00\xfc\x00\x00\x0f\xe0\x00\x00\x00\xfc\x00\x00\x0f\xc0\x00\x00\x01\xf8\x00\x00\x1f\xc0\x00\x00\x01\xf0\x00\x00?\x80\x00\x00\x03\xf0\x00\x00\x7f\x00\x00\x00\x07\xe0\x00\x00\xfe\x00\x00\x00\x07\xe0\x00\x00\xfc\x00\x00\x00\x0f\xc0\x00\x01\xf9\xff\xc0\x00\x0f\xc0\x00\x03\xff\xff\xc0\x00\x1f\x80\x00\x07\xff\xff\xc0\x00\x1f\x80\x00\x07\xff\xff\xc0\x00\x0f\x00\x00\x07\xff\xff\xc0\x00\x02\x00\x00\x00\x00\x00\x00\x00\x00\x00\x00\x00\x00\x00\x00\x00\x00\x00\x00\x00\x00\x00\x00\x00\x00\x00\x00\x00\x00\x00\x00\x00\x00\x00\x00\x00\x00\x00\x00\x00\x00\x00\x00\x00\x00\x00\x00\x00\x00\x00\x00\x00\x00\x00\x00\x00\x00\x00\x00\x00\x00\x00\x00\x00\x00\x00\x00\x00\x00\x00\x00\x00\x00\x00\x00\x00\x00\x00\x00\x00\x00\x00\x00\x00\x00\x00\x00\x00\x00\x00\x00\x00\x00\x00\x00\x00\x00\x00\x00\x00\x00\x00\x00\x00\x00\x00\x00\x00\x00\x00\x00\x00\x00\x00\x00\x00\x00\x00\x00\x00\x00\x00\x00\x00\x00\x00\x00\x00\x00\x00\x00\x00\x00\x00\x00\x00\x00\x00\x00\x00\x00\x00\x00\x00\x00\x00\x00\x00\x00\x00\x00>',
  190:b'\x00\x00\x00\x00\x00\x00\x00\x00\x00\x00\x00\x00\x00\x00\x00\x00\x00\x00\x00\x00\x00\x00\x00\x00\x00\x00\x00\x00\x00\x00\x00\x00\x00\x00\x00\x00\x00\x00\x00\x00\x00\x00\x00\x00\x00\x00\x00\x00\x00\x00\x00\x00\x00\x00\x00\x00\x00\x00\x00\x00\x00\x00\x00\x00\x00\x00\x00\x00\x00\x00\x00\x00\x00\x00\x00\x00\x00\x00\x00\x00\x00\x00\x00\x00\x00\x00\x00\x00\x00\x00\x00\x00\x00\x00\x00\x00\x00\x00\x00\x00\x00\x00\x00\x00\x00\x00\x00\x00\x00\x00\x00\x00\x00\x00\x00\x00\x00\x00\x00\x00\x00\x00\x00\x00\x00\x01\x00\x00\x0f\xff\xfe\x00\x00\x01\xc0\x00\x0f\xff\xfe\x00\x00\x03\xf0\x00\x0f\xff\xfe\x00\x00\x07\xe0\x00\x0f\xff\xfe\x00\x00\x07\xe0\x00\x0f\xff\xfc\x00\x00\x0f\xc0\x00\x00\x00\xf8\x00\x00\x0f\xc0\x00\x00\x01\xf8\x00\x00\x1f\x80\x00\x00\x03\xf0\x00\x00\x1f\x00\x00\x00\x03\xf0\x00\x00?\x00\x00\x00\x07\xe0\x00\x00>\x00\x00\x00\x07\xc0\x00\x00~\x00\x00\x00\x0f\xc0\x00\x00\xfc\x00\x00\x00\x1f\x80\x00\x00\xfc\x00\x00\x00\x1f\x00\x00\x01\xf8\x00\x00\x00?\x00\x00\x01\xf8\x00\x00\x00>\x00\x00\x03\xf0\x00\x00\x00\x7f\xe0\x00\x03\xe0\x00\x00\x00\x7f\xf8\x00\x07\xe0\x00\x00\x00\xff\xfc\x00\x07\xc0\x00\x00\x00\xff\xfc\x00\x0f\xc0\x00\x00\x00\xff\xfe\x00\x1f\x80\x00\x00\x00\x01\xfe\x00\x1f\x80\x00\x00\x00\x00\x7f\x00?\x00\x00\x00\x00\x00?\x00?\x00\x00\x00\x00\x00?\x00~\x00x\x00\x00\x00?\x00|\x00\xf8\x00\x00\x00?\x00\xfc\x00\xf8\x00\x00\x00?\x00\xf8\x01\xf8\x00\x00\x00?\x01\xf8\x01\xf8\x00\x00\x00?\x03\xf0\x03\xf8\x00\x00\x00\x7f\x03\xf0\x07\xf8\x00\x08\x00~\x07\xe0\x07\xf8\x00\x07\x01\xfe\x07\xe0\x0f\xf8\x00\x07\xff\xfc\x0f\xc0\x0f\xf8\x00\x07\xff\xf8\x0f\x80\x1f\xf8\x00\x0f\xff\xf0\x1f\x80>\xf8\x00\x0f\xff\xe0\x1f\x00>\xf8\x00\x01\xff\x00?\x00~\xf8\x00\x00\x00\x00~\x00|\xf8\x00\x00\x00\x00~\x00\xf8\xf8\x00\x00\x00\x00\xfc\x01\xf8\xf8\x00\x00\x00\x00\xfc\x01\xf0\xf8\x00\x00\x00\x01\xf8\x03\xf0\xf8\x00\x00\x00\x01\xf0\x03\xe0\xf8\x00\x00\x00\x03\xf0\x07\xe0\xf8\x00\x00\x00\x03\xe0\x0f\xc0\xf8\x00\x00\x00\x07\xe0\x0f\x80\xf8\x00\x00\x00\x0f\xc0\x1f\x80\xf8\x00\x00\x00\x0f\xc0\x1f\x00\xf8\x00\x00\x00\x1f\x80?\xff\xff\xe0\x00\x00\x1f\x80\x7f\xff\xff\xe0\x00\x00?\x00\x7f\xff\xff\xe0\x00\x00>\x00\x7f\xff\xff\xe0\x00\x00~\x00\x7f\xff\xff\xe0\x00\x00|\x00\x00\x00\xf8\x00\x00\x00\xfc\x00\x00\x00\xf8\x00\x00\x01\xf8\x00\x00\x00\xf8\x00\x00\x01\xf8\x00\x00\x00\xf8\x00\x00\x03\xf0\x00\x00\x00\xf8\x00\x00\x03\xf0\x00\x00\x00\xf8\x00\x00\x07\xe0\x00\x00\x00\xf8\x00\x00\x01\xc0\x00\x00\x00\xf8\x00\x00\x00@\x00\x00\x00\x00\x00\x00\x00\x00\x00\x00\x00\x00\x00\x00\x00\x00\x00\x00\x00\x00\x00\x00\x00\x00\x00\x00\x00\x00\x00\x00\x00\x00\x00\x00\x00\x00\x00\x00\x00\x00\x00\x00\x00\x00\x00\x00\x00\x00\x00\x00\x00\x00\x00\x00\x00\x00\x00\x00\x00\x00\x00\x00\x00\x00\x00\x00\x00\x00\x00\x00\x00\x00\x00\x00\x00\x00\x00\x00\x00\x00\x00\x00\x00\x00\x00\x00\x00\x00\x00\x00\x00\x00\x00\x00\x00\x00\x00\x00\x00\x00\x00\x00\x00\x00\x00\x00\x00\x00\x00\x00\x00\x00\x00\x00\x00\x00\x00\x00\x00\x00\x00\x00\x00\x00\x00\x00\x00\x00\x00\x00\x00\x00\x00\x00\x00\x00\x00\x00\x00\x00\x00\x00\x00\x00\x00\x00\x00\x00\x00?',
  191:b'\x00\x00\x00\x00\x00\x00\x00\x00\x00\x00\x00\x00\x00\x00\x00\x00\x00\x00\x00\x00\x00\x00\x00\x00\x00\x00\x00\x00\x00\x00\x00\x00\x00\x00\x00\x00\x00\x00\x00\x00\x00\x00\x00\x00\x00\x00\x00\x00\x00\x00\x00\x00\x00\x00\x00\x00\x00\x00\x00\x00\x00\x00\x00\x00\x00\x00\x00\x00\x00\x00\x00\x00\x00\x00\x00\x00\x00\x00\x00\x00\x00\x00\x00\x00\x00\x00\x00\x00\x00\x00\x00\x00\x00\x00\x00\x00\x00\x00\x00\x00\x00\x00\x00\x00\x00\x00\x00\x00\x00\x00\x00\x00\x00\x00\x00\x00\x00\x00\x00\x00\x00\x00\x00\x00\x00\x00\x00\x00\x00\x00\xf0\x00\x00\x01\xfc\x00\x00\x03\xfc\x00\x00\x03\xfc\x00\x00\x03\xfe\x00\x00\x03\xfe\x00\x00\x03\xfc\x00\x00\x03\xfc\x00\x00\x01\xfc\x00\x00\x00\xf0\x00\x00\x00\x00\x00\x00\x00\x00\x00\x00\x00\x00\x00\x00\x00\x00\x00\x00\x00\x00\x00\x00\x00\x00\x00\x00\x00\x00\x00\x00\x00\xf8\x00\x00\x00\xf8\x00\x00\x00\xf8\x00\x00\x00\xf8\x00\x00\x01\xf8\x00\x00\x01\xf8\x00\x00\x01\xf8\x00\x00\x03\xf8\x00\x00\x03\xf0\x00\x00\x03\xf0\x00\x00\x07\xf0\x00\x00\x0f\xe0\x00\x00\x0f\xe0\x00\x00\x1f\xc0\x00\x00\x1f\x80\x00\x00?\x80\x00\x00\x7f\x00\x00\x00\xfe\x00\x00\x00\xfe\x00\x00\x01\xfc\x00\x00\x03\xf8\x00\x00\x03\xf8\x00\x00\x07\xf0\x00\x00\x07\xf0\x00\x00\x0f\xe0\x00\x00\x0f\xe0\x00\x00\x0f\xc0\x00\x00\x1f\xc0\x00\x00\x1f\xc0\x00\x00\x1f\xc0\x00\x00\x1f\xc0\x00\x00\x1f\xc0\x00\x00\x1f\xc0\x00\x00\x1f\xc0\x00\x00\x1f\xc0\x00\x00\x1f\xc0\x00\x00\x1f\xc0\x00\x00\x1f\xe0\x00\x00\x0f\xe0\x00 \x0f\xf0\x00\xf0\x0f\xfc\x07\xf0\x07\xff\xff\xf8\x07\xff\xff\xf8\x03\xff\xff\xf0\x01\xff\xff\xe0\x00\x7f\xff\x00\x00\x1f\xf8\x00\x00\x00\x00\x00 ',
  192:b'\x00?\xe0\x00\x00\x00\x00?\xf0\x00\x00\x00\x00?\xf0\x00\x00\x00\x00\x0f\xf8\x00\x00\x00\x00\x07\xfc\x00\x00\x00\x00\x03\xfe\x00\x00\x00\x00\x01\xff\x00\x00\x00\x00\x00\x7f\x00\x00\x00\x00\x00?\x80\x00\x00\x00\x00\x1f\xc0\x00\x00\x00\x00\x0f\xe0\x00\x00\x00\x00\x00\x00\x00\x00\x00\x00\x00\x00\x00\x00\x00\x00\x00\x00\x00\x00\x00\x00\x00\x00\x00\x00\x00\x00\x1e\x00\x00\x00\x00\x00\x1e\x00\x00\x00\x00\x00?\x00\x00\x00\x00\x00?\x00\x00\x00\x00\x00?\x00\x00\x00\x00\x00?\x80\x00\x00\x00\x00\x7f\x80\x00\x00\x00\x00\x7f\x80\x00\x00\x00\x00\x7f\x80\x00\x00\x00\x00\xff\xc0\x00\x00\x00\x00\xff\xc0\x00\x00\x00\x00\xff\xc0\x00\x00\x00\x01\xff\xe0\x00\x00\x00\x01\xf7\xe0\x00\x00\x00\x01\xf3\xe0\x00\x00\x00\x01\xf3\xf0\x00\x00\x00\x03\xf3\xf0\x00\x00\x00\x03\xf3\xf0\x00\x00\x00\x03\xe3\xf0\x00\x00\x00\x07\xe3\xf8\x00\x00\x00\x07\xe1\xf8\x00\x00\x00\x07\xe1\xf8\x00\x00\x00\x07\xe1\xfc\x00\x00\x00\x0f\xc1\xfc\x00\x00\x00\x0f\xc0\xfc\x00\x00\x00\x0f\xc0\xfc\x00\x00\x00\x1f\xc0\xfe\x00\x00\x00\x1f\x80~\x00\x00\x00\x1f\x80~\x00\x00\x00?\x80\x7f\x00\x00\x00?\x00\x7f\x00\x00\x00?\x00?\x00\x00\x00?\x00?\x80\x00\x00\x7f\x00?\x80\x00\x00~\x00?\x80\x00\x00~\x00\x1f\x80\x00\x00\xfe\x00\x1f\xc0\x00\x00\xfc\x00\x1f\xc0\x00\x00\xfc\x00\x0f\xc0\x00\x01\xfc\x00\x0f\xe0\x00\x01\xff\xff\xff\xe0\x00\x01\xff\xff\xff\xe0\x00\x01\xff\xff\xff\xf0\x00\x03\xff\xff\xff\xf0\x00\x03\xff\xff\xff\xf0\x00\x03\xff\xff\xff\xf0\x00\x07\xf0\x00\x03\xf8\x00\x07\xf0\x00\x03\xf8\x00\x07\xe0\x00\x03\xf8\x00\x0f\xe0\x00\x01\xfc\x00\x0f\xe0\x00\x01\xfc\x00\x0f\xc0\x00\x01\xfc\x00\x0f\xc0\x00\x00\xfe\x00\x1f\xc0\x00\x00\xfe\x00\x1f\xc0\x00\x00\xfe\x00\x1f\x80\x00\x00\xfe\x00?\x80\x00\x00\x7f\x00?\x80\x00\x00\x7f\x00?\x00\x00\x00\x7f\x00\x7f\x00\x00\x00?\x80\x7f\x00\x00\x00?\x80~\x00\x00\x00?\x80\xfe\x00\x00\x00\x1f\xc0\x00\x00\x00\x00\x00\x00\x00\x00\x00\x00\x00\x00\x00\x00\x00\x00\x00\x00\x00\x00\x00\x00\x00\x00\x00\x00\x00\x00\x00\x00\x00\x00\x00\x00\x00\x00\x00\x00\x00\x00\x00\x00\x00\x00\x00\x00\x00\x00\x00\x00\x00\x00\x00\x00\x00\x00\x00\x00\x00\x00\x00\x00\x00\x00\x00\x00\x00\x00\x00\x00\x00\x00\x00\x00\x00\x00\x00\x00\x00\x00\x00\x00\x00\x00\x00\x00\x00\x00\x00\x00\x00\x00\x00\x00\x00\x00\x00\x00\x00\x00\x00\x00\x00\x00\x00\x00\x00\x00\x00\x00\x00\x00\x00\x00*',
  193:b'\x00\x00\x01\xff\x00\x00\x00\x00\x03\xff\x00\x00\x00\x00\x07\xfe\x00\x00\x00\x00\x07\xfc\x00\x00\x00\x00\x0f\xf8\x00\x00\x00\x00\x1f\xf0\x00\x00\x00\x00?\xc0\x00\x00\x00\x00?\x80\x00\x00\x00\x00\x7f\x00\x00\x00\x00\x00\xfc\x00\x00\x00\x00\x01\xf8\x00\x00\x00\x00\x00\x00\x00\x00\x00\x00\x00\x00\x00\x00\x00\x00\x00\x00\x00\x00\x00\x00\x00\x00\x00\x00\x00\x00\x00\x1e\x00\x00\x00\x00\x00\x1e\x00\x00\x00\x00\x00?\x00\x00\x00\x00\x00?\x00\x00\x00\x00\x00?\x00\x00\x00\x00\x00?\x80\x00\x00\x00\x00\x7f\x80\x00\x00\x00\x00\x7f\x80\x00\x00\x00\x00\x7f\x80\x00\x00\x00\x00\xff\xc0\x00\x00\x00\x00\xff\xc0\x00\x00\x00\x00\xff\xc0\x00\x00\x00\x01\xff\xe0\x00\x00\x00\x01\xf7\xe0\x00\x00\x00\x01\xf3\xe0\x00\x00\x00\x01\xf3\xf0\x00\x00\x00\x03\xf3\xf0\x00\x00\x00\x03\xf3\xf0\x00\x00\x00\x03\xe3\xf0\x00\x00\x00\x07\xe3\xf8\x00\x00\x00\x07\xe1\xf8\x00\x00\x00\x07\xe1\xf8\x00\x00\x00\x07\xe1\xfc\x00\x00\x00\x0f\xc1\xfc\x00\x00\x00\x0f\xc0\xfc\x00\x00\x00\x0f\xc0\xfc\x00\x00\x00\x1f\xc0\xfe\x00\x00\x00\x1f\x80~\x00\x00\x00\x1f\x80~\x00\x00\x00?\x80\x7f\x00\x00\x00?\x00\x7f\x00\x00\x00?\x00?\x00\x00\x00?\x00?\x80\x00\x00\x7f\x00?\x80\x00\x00~\x00?\x80\x00\x00~\x00\x1f\x80\x00\x00\xfe\x00\x1f\xc0\x00\x00\xfc\x00\x1f\xc0\x00\x00\xfc\x00\x0f\xc0\x00\x01\xfc\x00\x0f\xe0\x00\x01\xff\xff\xff\xe0\x00\x01\xff\xff\xff\xe0\x00\x01\xff\xff\xff\xf0\x00\x03\xff\xff\xff\xf0\x00\x03\xff\xff\xff\xf0\x00\x03\xff\xff\xff\xf0\x00\x07\xf0\x00\x03\xf8\x00\x07\xf0\x00\x03\xf8\x00\x07\xe0\x00\x03\xf8\x00\x0f\xe0\x00\x01\xfc\x00\x0f\xe0\x00\x01\xfc\x00\x0f\xc0\x00\x01\xfc\x00\x0f\xc0\x00\x00\xfe\x00\x1f\xc0\x00\x00\xfe\x00\x1f\xc0\x00\x00\xfe\x00\x1f\x80\x00\x00\xfe\x00?\x80\x00\x00\x7f\x00?\x80\x00\x00\x7f\x00?\x00\x00\x00\x7f\x00\x7f\x00\x00\x00?\x80\x7f\x00\x00\x00?\x80~\x00\x00\x00?\x80\xfe\x00\x00\x00\x1f\xc0\x00\x00\x00\x00\x00\x00\x00\x00\x00\x00\x00\x00\x00\x00\x00\x00\x00\x00\x00\x00\x00\x00\x00\x00\x00\x00\x00\x00\x00\x00\x00\x00\x00\x00\x00\x00\x00\x00\x00\x00\x00\x00\x00\x00\x00\x00\x00\x00\x00\x00\x00\x00\x00\x00\x00\x00\x00\x00\x00\x00\x00\x00\x00\x00\x00\x00\x00\x00\x00\x00\x00\x00\x00\x00\x00\x00\x00\x00\x00\x00\x00\x00\x00\x00\x00\x00\x00\x00\x00\x00\x00\x00\x00\x00\x00\x00\x00\x00\x00\x00\x00\x00\x00\x00\x00\x00\x00\x00\x00\x00\x00\x00\x00\x00*',
  194:b'\x00\x00\x00\x00\x00\x00\x00\x00?\x00\x00\x00\x00\x00\x7f\x80\x00\x00\x00\x00\xff\xc0\x00\x00\x00\x01\xff\xe0\x00\x00\x00\x03\xfb\xf0\x00\x00\x00\x07\xf3\xf8\x00\x00\x00\x0f\xf3\xfc\x00\x00\x00\x1f\xe1\xfe\x00\x00\x00?\xc0\xff\x00\x00\x00\x7f\x80\x7f\x00\x00\x00\x7f\x00?\x00\x00\x00\x00\x00\x00\x00\x00\x00\x00\x00\x00\x00\x00\x00\x00\x00\x00\x00\x00\x00\x00\x1e\x00\x00\x00\x00\x00\x1e\x00\x00\x00\x00\x00?\x00\x00\x00\x00\x00?\x00\x00\x00\x00\x00?\x00\x00\x00\x00\x00?\x80\x00\x00\x00\x00\x7f\x80\x00\x00\x00\x00\x7f\x80\x00\x00\x00\x00\x7f\x80\x00\x00\x00\x00\xff\xc0\x00\x00\x00\x00\xff\xc0\x00\x00\x00\x00\xff\xc0\x00\x00\x00\x01\xff\xe0\x00\x00\x00\x01\xf7\xe0\x00\x00\x00\x01\xf3\xe0\x00\x00\x00\x01\xf3\xf0\x00\x00\x00\x03\xf3\xf0\x00\x00\x00\x03\xf3\xf0\x00\x00\x00\x03\xe3\xf0\x00\x00\x00\x07\xe3\xf8\x00\x00\x00\x07\xe1\xf8\x00\x00\x00\x07\xe1\xf8\x00\x00\x00\x07\xe1\xfc\x00\x00\x00\x0f\xc1\xfc\x00\x00\x00\x0f\xc0\xfc\x00\x00\x00\x0f\xc0\xfc\x00\x00\x00\x1f\xc0\xfe\x00\x00\x00\x1f\x80~\x00\x00\x00\x1f\x80~\x00\x00\x00?\x80\x7f\x00\x00\x00?\x00\x7f\x00\x00\x00?\x00?\x00\x00\x00?\x00?\x80\x00\x00\x7f\x00?\x80\x00\x00~\x00?\x80\x00\x00~\x00\x1f\x80\x00\x00\xfe\x00\x1f\xc0\x00\x00\xfc\x00\x1f\xc0\x00\x00\xfc\x00\x0f\xc0\x00\x01\xfc\x00\x0f\xe0\x00\x01\xff\xff\xff\xe0\x00\x01\xff\xff\xff\xe0\x00\x01\xff\xff\xff\xf0\x00\x03\xff\xff\xff\xf0\x00\x03\xff\xff\xff\xf0\x00\x03\xff\xff\xff\xf0\x00\x07\xf0\x00\x03\xf8\x00\x07\xf0\x00\x03\xf8\x00\x07\xe0\x00\x03\xf8\x00\x0f\xe0\x00\x01\xfc\x00\x0f\xe0\x00\x01\xfc\x00\x0f\xc0\x00\x01\xfc\x00\x0f\xc0\x00\x00\xfe\x00\x1f\xc0\x00\x00\xfe\x00\x1f\xc0\x00\x00\xfe\x00\x1f\x80\x00\x00\xfe\x00?\x80\x00\x00\x7f\x00?\x80\x00\x00\x7f\x00?\x00\x00\x00\x7f\x00\x7f\x00\x00\x00?\x80\x7f\x00\x00\x00?\x80~\x00\x00\x00?\x80\xfe\x00\x00\x00\x1f\xc0\x00\x00\x00\x00\x00\x00\x00\x00\x00\x00\x00\x00\x00\x00\x00\x00\x00\x00\x00\x00\x00\x00\x00\x00\x00\x00\x00\x00\x00\x00\x00\x00\x00\x00\x00\x00\x00\x00\x00\x00\x00\x00\x00\x00\x00\x00\x00\x00\x00\x00\x00\x00\x00\x00\x00\x00\x00\x00\x00\x00\x00\x00\x00\x00\x00\x00\x00\x00\x00\x00\x00\x00\x00\x00\x00\x00\x00\x00\x00\x00\x00\x00\x00\x00\x00\x00\x00\x00\x00\x00\x00\x00\x00\x00\x00\x00\x00\x00\x00\x00\x00\x00\x00\x00\x00\x00\x00\x00\x00\x00\x00\x00\x00\x00*',
  195:b'\x00\x00\x00\x00\x00\x00\x00\x00\x00\x00\x00\x00\x00\x00\x00\x00\x00\x00\x00\x01\xf0\x00\x00\x00\x00\x07\xfe\x02\x00\x00\x00\x0f\xff\x87\x00\x00\x00\x1f\xff\xff\x80\x00\x00?\xff\xff\x80\x00\x00\x7f\xff\xff\x00\x00\x00|\x1f\xff\x00\x00\x000\x07\xfc\x00\x00\x00 \x01\xf0\x00\x00\x00\x00\x00\x00\x00\x00\x00\x00\x00\x00\x00\x00\x00\x00\x00\x00\x00\x00\x00\x00\x1e\x00\x00\x00\x00\x00\x1e\x00\x00\x00\x00\x00?\x00\x00\x00\x00\x00?\x00\x00\x00\x00\x00?\x00\x00\x00\x00\x00?\x80\x00\x00\x00\x00\x7f\x80\x00\x00\x00\x00\x7f\x80\x00\x00\x00\x00\x7f\x80\x00\x00\x00\x00\xff\xc0\x00\x00\x00\x00\xff\xc0\x00\x00\x00\x00\xff\xc0\x00\x00\x00\x01\xff\xe0\x00\x00\x00\x01\xf7\xe0\x00\x00\x00\x01\xf3\xe0\x00\x00\x00\x01\xf3\xf0\x00\x00\x00\x03\xf3\xf0\x00\x00\x00\x03\xf3\xf0\x00\x00\x00\x03\xe3\xf0\x00\x00\x00\x07\xe3\xf8\x00\x00\x00\x07\xe1\xf8\x00\x00\x00\x07\xe1\xf8\x00\x00\x00\x07\xe1\xfc\x00\x00\x00\x0f\xc1\xfc\x00\x00\x00\x0f\xc0\xfc\x00\x00\x00\x0f\xc0\xfc\x00\x00\x00\x1f\xc0\xfe\x00\x00\x00\x1f\x80~\x00\x00\x00\x1f\x80~\x00\x00\x00?\x80\x7f\x00\x00\x00?\x00\x7f\x00\x00\x00?\x00?\x00\x00\x00?\x00?\x80\x00\x00\x7f\x00?\x80\x00\x00~\x00?\x80\x00\x00~\x00\x1f\x80\x00\x00\xfe\x00\x1f\xc0\x00\x00\xfc\x00\x1f\xc0\x00\x00\xfc\x00\x0f\xc0\x00\x01\xfc\x00\x0f\xe0\x00\x01\xff\xff\xff\xe0\x00\x01\xff\xff\xff\xe0\x00\x01\xff\xff\xff\xf0\x00\x03\xff\xff\xff\xf0\x00\x03\xff\xff\xff\xf0\x00\x03\xff\xff\xff\xf0\x00\x07\xf0\x00\x03\xf8\x00\x07\xf0\x00\x03\xf8\x00\x07\xe0\x00\x03\xf8\x00\x0f\xe0\x00\x01\xfc\x00\x0f\xe0\x00\x01\xfc\x00\x0f\xc0\x00\x01\xfc\x00\x0f\xc0\x00\x00\xfe\x00\x1f\xc0\x00\x00\xfe\x00\x1f\xc0\x00\x00\xfe\x00\x1f\x80\x00\x00\xfe\x00?\x80\x00\x00\x7f\x00?\x80\x00\x00\x7f\x00?\x00\x00\x00\x7f\x00\x7f\x00\x00\x00?\x80\x7f\x00\x00\x00?\x80~\x00\x00\x00?\x80\xfe\x00\x00\x00\x1f\xc0\x00\x00\x00\x00\x00\x00\x00\x00\x00\x00\x00\x00\x00\x00\x00\x00\x00\x00\x00\x00\x00\x00\x00\x00\x00\x00\x00\x00\x00\x00\x00\x00\x00\x00\x00\x00\x00\x00\x00\x00\x00\x00\x00\x00\x00\x00\x00\x00\x00\x00\x00\x00\x00\x00\x00\x00\x00\x00\x00\x00\x00\x00\x00\x00\x00\x00\x00\x00\x00\x00\x00\x00\x00\x00\x00\x00\x00\x00\x00\x00\x00\x00\x00\x00\x00\x00\x00\x00\x00\x00\x00\x00\x00\x00\x00\x00\x00\x00\x00\x00\x00\x00\x00\x00\x00\x00\x00\x00\x00\x00\x00\x00\x00\x00*',
  196:b'\x00\x00\x00\x00\x00\x00\x00\x00\x00\x00\x00\x00\x00\x00\x00\x00\x00\x00\x00\x0f\x00<\x00\x00\x00\x1f\x80~\x00\x00\x00?\xc0\xff\x00\x00\x00?\xc0\xff\x00\x00\x00?\xc0\xff\x00\x00\x00?\xc0\xff\x00\x00\x00\x1f\x80~\x00\x00\x00\x0f\x00<\x00\x00\x00\x00\x00\x00\x00\x00\x00\x00\x00\x00\x00\x00\x00\x00\x00\x00\x00\x00\x00\x00\x00\x00\x00\x00\x00\x00\x1e\x00\x00\x00\x00\x00\x1e\x00\x00\x00\x00\x00?\x00\x00\x00\x00\x00?\x00\x00\x00\x00\x00?\x00\x00\x00\x00\x00?\x80\x00\x00\x00\x00\x7f\x80\x00\x00\x00\x00\x7f\x80\x00\x00\x00\x00\x7f\x80\x00\x00\x00\x00\xff\xc0\x00\x00\x00\x00\xff\xc0\x00\x00\x00\x00\xff\xc0\x00\x00\x00\x01\xff\xe0\x00\x00\x00\x01\xf7\xe0\x00\x00\x00\x01\xf3\xe0\x00\x00\x00\x01\xf3\xf0\x00\x00\x00\x03\xf3\xf0\x00\x00\x00\x03\xf3\xf0\x00\x00\x00\x03\xe3\xf0\x00\x00\x00\x07\xe3\xf8\x00\x00\x00\x07\xe1\xf8\x00\x00\x00\x07\xe1\xf8\x00\x00\x00\x07\xe1\xfc\x00\x00\x00\x0f\xc1\xfc\x00\x00\x00\x0f\xc0\xfc\x00\x00\x00\x0f\xc0\xfc\x00\x00\x00\x1f\xc0\xfe\x00\x00\x00\x1f\x80~\x00\x00\x00\x1f\x80~\x00\x00\x00?\x80\x7f\x00\x00\x00?\x00\x7f\x00\x00\x00?\x00?\x00\x00\x00?\x00?\x80\x00\x00\x7f\x00?\x80\x00\x00~\x00?\x80\x00\x00~\x00\x1f\x80\x00\x00\xfe\x00\x1f\xc0\x00\x00\xfc\x00\x1f\xc0\x00\x00\xfc\x00\x0f\xc0\x00\x01\xfc\x00\x0f\xe0\x00\x01\xff\xff\xff\xe0\x00\x01\xff\xff\xff\xe0\x00\x01\xff\xff\xff\xf0\x00\x03\xff\xff\xff\xf0\x00\x03\xff\xff\xff\xf0\x00\x03\xff\xff\xff\xf0\x00\x07\xf0\x00\x03\xf8\x00\x07\xf0\x00\x03\xf8\x00\x07\xe0\x00\x03\xf8\x00\x0f\xe0\x00\x01\xfc\x00\x0f\xe0\x00\x01\xfc\x00\x0f\xc0\x00\x01\xfc\x00\x0f\xc0\x00\x00\xfe\x00\x1f\xc0\x00\x00\xfe\x00\x1f\xc0\x00\x00\xfe\x00\x1f\x80\x00\x00\xfe\x00?\x80\x00\x00\x7f\x00?\x80\x00\x00\x7f\x00?\x00\x00\x00\x7f\x00\x7f\x00\x00\x00?\x80\x7f\x00\x00\x00?\x80~\x00\x00\x00?\x80\xfe\x00\x00\x00\x1f\xc0\x00\x00\x00\x00\x00\x00\x00\x00\x00\x00\x00\x00\x00\x00\x00\x00\x00\x00\x00\x00\x00\x00\x00\x00\x00\x00\x00\x00\x00\x00\x00\x00\x00\x00\x00\x00\x00\x00\x00\x00\x00\x00\x00\x00\x00\x00\x00\x00\x00\x00\x00\x00\x00\x00\x00\x00\x00\x00\x00\x00\x00\x00\x00\x00\x00\x00\x00\x00\x00\x00\x00\x00\x00\x00\x00\x00\x00\x00\x00\x00\x00\x00\x00\x00\x00\x00\x00\x00\x00\x00\x00\x00\x00\x00\x00\x00\x00\x00\x00\x00\x00\x00\x00\x00\x00\x00\x00\x00\x00\x00\x00\x00\x00\x00*',
  197:b'\x00\x00\x00\x00\x00\x00\x00\x00\x00\x00\x00\x00\x00\x00\x7f\x80\x00\x00\x00\x00\xff\xe0\x00\x00\x00\x01\xff\xf0\x00\x00\x00\x03\xff\xf0\x00\x00\x00\x03\xe1\xf8\x00\x00\x00\x07\xc0\xf8\x00\x00\x00\x07\xc0\xf8\x00\x00\x00\x07\xc0\xf8\x00\x00\x00\x07\xc0\xf8\x00\x00\x00\x07\xc0\xf8\x00\x00\x00\x03\xe1\xf8\x00\x00\x00\x03\xff\xf0\x00\x00\x00\x01\xff\xf0\x00\x00\x00\x00\xff\xe0\x00\x00\x00\x00\x7f\x80\x00\x00\x00\x00?\x00\x00\x00\x00\x00?\x00\x00\x00\x00\x00?\x00\x00\x00\x00\x00?\x80\x00\x00\x00\x00\x7f\x80\x00\x00\x00\x00\x7f\x80\x00\x00\x00\x00\x7f\x80\x00\x00\x00\x00\xff\xc0\x00\x00\x00\x00\xff\xc0\x00\x00\x00\x00\xff\xc0\x00\x00\x00\x01\xf7\xe0\x00\x00\x00\x01\xf7\xe0\x00\x00\x00\x01\xf3\xe0\x00\x00\x00\x01\xf3\xf0\x00\x00\x00\x03\xf3\xf0\x00\x00\x00\x03\xf3\xf0\x00\x00\x00\x03\xe3\xf0\x00\x00\x00\x07\xe3\xf8\x00\x00\x00\x07\xe1\xf8\x00\x00\x00\x07\xe1\xf8\x00\x00\x00\x0f\xe1\xfc\x00\x00\x00\x0f\xc1\xfc\x00\x00\x00\x0f\xc0\xfc\x00\x00\x00\x0f\xc0\xfe\x00\x00\x00\x1f\x80\xfe\x00\x00\x00\x1f\x80~\x00\x00\x00\x1f\x80~\x00\x00\x00?\x80\x7f\x00\x00\x00?\x00\x7f\x00\x00\x00?\x00?\x00\x00\x00?\x00?\x80\x00\x00\x7f\x00?\x80\x00\x00~\x00\x1f\x80\x00\x00~\x00\x1f\x80\x00\x00\xfe\x00\x1f\xc0\x00\x00\xfc\x00\x1f\xc0\x00\x00\xfc\x00\x0f\xc0\x00\x01\xfc\x00\x0f\xe0\x00\x01\xff\xff\xff\xe0\x00\x01\xff\xff\xff\xe0\x00\x01\xff\xff\xff\xf0\x00\x03\xff\xff\xff\xf0\x00\x03\xff\xff\xff\xf0\x00\x03\xff\xff\xff\xf0\x00\x07\xf0\x00\x03\xf8\x00\x07\xf0\x00\x03\xf8\x00\x07\xe0\x00\x03\xf8\x00\x0f\xe0\x00\x01\xfc\x00\x0f\xe0\x00\x01\xfc\x00\x0f\xc0\x00\x01\xfc\x00\x0f\xc0\x00\x00\xfe\x00\x1f\xc0\x00\x00\xfe\x00\x1f\xc0\x00\x00\xfe\x00\x1f\x80\x00\x00\xfe\x00?\x80\x00\x00\x7f\x00?\x80\x00\x00\x7f\x00?\x00\x00\x00\x7f\x00\x7f\x00\x00\x00?\x80\x7f\x00\x00\x00?\x80~\x00\x00\x00?\x80\xfe\x00\x00\x00\x1f\xc0\x00\x00\x00\x00\x00\x00\x00\x00\x00\x00\x00\x00\x00\x00\x00\x00\x00\x00\x00\x00\x00\x00\x00\x00\x00\x00\x00\x00\x00\x00\x00\x00\x00\x00\x00\x00\x00\x00\x00\x00\x00\x00\x00\x00\x00\x00\x00\x00\x00\x00\x00\x00\x00\x00\x00\x00\x00\x00\x00\x00\x00\x00\x00\x00\x00\x00\x00\x00\x00\x00\x00\x00\x00\x00\x00\x00\x00\x00\x00\x00\x00\x00\x00\x00\x00\x00\x00\x00\x00\x00\x00\x00\x00\x00\x00\x00\x00\x00\x00\x00\x00\x00\x00\x00\x00\x00\x00\x00\x00\x00\x00\x00\x00\x00*',
  198:b'\x00\x00\x00\x00\x00\x00\x00\x00\x00\x00\x00\x00\x00\x00\x00\x00\x00\x00\x00\x00\x00\x00\x00\x00\x00\x00\x00\x00\x00\x00\x00\x00\x00\x00\x00\x00\x00\x00\x00\x00\x00\x00\x00\x00\x00\x00\x00\x00\x00\x00\x00\x00\x00\x00\x00\x00\x00\x00\x00\x00\x00\x00\x00\x00\x00\x00\x00\x00\x00\x00\x00\x00\x00\x00\x00\x00\x00\x00\x00\x00\x00\x00\x00\x00\x00\x00\x00\x00\x00\x00\x00\x00\x00\x00\x00\x00\x00\x00\x00\x00\x00\x00\x00\x00\x00\x00\x00\x00\x00\x00\x00\x00\x00\x00\x00\x00\x00\x00\x00\x00\x00\x00\x00\x00\x00\x00\x00\x00\x00\x00\x00\x03\xff\xff\xff\xc0\x00\x00\x00\x07\xff\xff\xff\xc0\x00\x00\x00\x07\xff\xff\xff\xc0\x00\x00\x00\x07\xff\xff\xff\xc0\x00\x00\x00\x0f\xff\xff\xff\xc0\x00\x00\x00\x0f\xff\xff\xff\xc0\x00\x00\x00\x1f\xf8\x00\x00\x00\x00\x00\x00\x1f\xf8\x00\x00\x00\x00\x00\x00?\xf8\x00\x00\x00\x00\x00\x00?\xf8\x00\x00\x00\x00\x00\x00\x7f\xf8\x00\x00\x00\x00\x00\x00\x7f\xf8\x00\x00\x00\x00\x00\x00\xfb\xf8\x00\x00\x00\x00\x00\x00\xfb\xf8\x00\x00\x00\x00\x00\x01\xfb\xf8\x00\x00\x00\x00\x00\x01\xfb\xf8\x00\x00\x00\x00\x00\x03\xf3\xf8\x00\x00\x00\x00\x00\x03\xf3\xf8\x00\x00\x00\x00\x00\x07\xf3\xf8\x00\x00\x00\x00\x00\x07\xe3\xf8\x00\x00\x00\x00\x00\x0f\xe3\xf8\x00\x00\x00\x00\x00\x0f\xc3\xf8\x00\x00\x00\x00\x00\x1f\xc3\xf8\x00\x00\x00\x00\x00\x1f\x83\xf8\x00\x00\x00\x00\x00?\x83\xf8\x00\x00\x00\x00\x00?\x03\xf8\x00\x00\x00\x00\x00\x7f\x03\xf8\x00\x00\x00\x00\x00~\x03\xff\xff\xff\x00\x00\x00\xfe\x03\xff\xff\xff\x00\x00\x00\xfe\x03\xff\xff\xff\x00\x00\x00\xfc\x03\xff\xff\xff\x00\x00\x01\xfc\x03\xff\xff\xff\x00\x00\x01\xf8\x03\xff\xff\xff\x00\x00\x03\xf8\x03\xf8\x00\x00\x00\x00\x03\xf0\x03\xf8\x00\x00\x00\x00\x07\xf0\x03\xf8\x00\x00\x00\x00\x07\xe0\x03\xf8\x00\x00\x00\x00\x0f\xe0\x03\xf8\x00\x00\x00\x00\x0f\xff\xff\xf8\x00\x00\x00\x00\x1f\xff\xff\xf8\x00\x00\x00\x00\x1f\xff\xff\xf8\x00\x00\x00\x00?\xff\xff\xf8\x00\x00\x00\x00?\xff\xff\xf8\x00\x00\x00\x00\x7f\xff\xff\xf8\x00\x00\x00\x00~\x00\x03\xf8\x00\x00\x00\x00\xfe\x00\x03\xf8\x00\x00\x00\x00\xfe\x00\x03\xf8\x00\x00\x00\x01\xfc\x00\x03\xf8\x00\x00\x00\x01\xfc\x00\x03\xf8\x00\x00\x00\x03\xf8\x00\x03\xf8\x00\x00\x00\x03\xf8\x00\x03\xf8\x00\x00\x00\x07\xf0\x00\x03\xf8\x00\x00\x00\x07\xf0\x00\x03\xf8\x00\x00\x00\x0f\xe0\x00\x03\xf8\x00\x00\x00\x0f\xe0\x00\x03\xf8\x00\x00\x00\x1f\xe0\x00\x03\xf8\x00\x00\x00\x1f\xc0\x00\x03\xff\xff\xff\xc0\x1f\xc0\x00\x03\xff\xff\xff\xc0?\x80\x00\x03\xff\xff\xff\xc0?\x80\x00\x03\xff\xff\xff\xc0\x7f\x00\x00\x03\xff\xff\xff\xc0\xff\x00\x00\x03\xff\xff\xff\xc0\x00\x00\x00\x00\x00\x00\x00\x00\x00\x00\x00\x00\x00\x00\x00\x00\x00\x00\x00\x00\x00\x00\x00\x00\x00\x00\x00\x00\x00\x00\x00\x00\x00\x00\x00\x00\x00\x00\x00\x00\x00\x00\x00\x00\x00\x00\x00\x00\x00\x00\x00\x00\x00\x00\x00\x00\x00\x00\x00\x00\x00\x00\x00\x00\x00\x00\x00\x00\x00\x00\x00\x00\x00\x00\x00\x00\x00\x00\x00\x00\x00\x00\x00\x00\x00\x00\x00\x00\x00\x00\x00\x00\x00\x00\x00\x00\x00\x00\x00\x00\x00\x00\x00\x00\x00\x00\x00\x00\x00\x00\x00\x00\x00\x00\x00\x00\x00\x00\x00\x00\x00\x00\x00\x00\x00\x00\x00\x00\x00\x00\x00\x00\x00\x00\x00\x00\x00\x00\x00\x00\x00\x00\x00\x00\x00\x00\x00\x00\x00\x00\x00\x00=',
  199:b'\x00\x00\x00\x00\x00\x00\x00\x00\x00\x00\x00\x00\x00\x00\x00\x00\x00\x00\x00\x00\x00\x00\x00\x00\x00\x00\x00\x00\x00\x00\x00\x00\x00\x00\x00\x00\x00\x00\x00\x00\x00\x00\x00\x00\x00\x00\x00\x00\x00\x00\x00\x00\x00\x00\x00\x00\x00\x00\x00\x00\x00\x00\x00\x00\x00\x00\x00\x00\x00\x00\x00\x00\x00\x00\x00\x00\x00\x00\x00\x00\x00\x00\x00\x00\x00\x00\x00\x00\x00\x00\x00\x00\x07\xff\x00\x00\x00\x00?\xff\xf0\x00\x00\x00\xff\xff\xfc\x00\x00\x03\xff\xff\xf8\x00\x00\x07\xff\xff\xf8\x00\x00\x0f\xff\xff\xf8\x00\x00\x1f\xfe\x01\xf0\x00\x00?\xf0\x00\x10\x00\x00?\xe0\x00\x00\x00\x00\x7f\x80\x00\x00\x00\x00\xff\x00\x00\x00\x00\x00\xff\x00\x00\x00\x00\x01\xfe\x00\x00\x00\x00\x01\xfc\x00\x00\x00\x00\x01\xfc\x00\x00\x00\x00\x03\xfc\x00\x00\x00\x00\x03\xf8\x00\x00\x00\x00\x03\xf8\x00\x00\x00\x00\x07\xf0\x00\x00\x00\x00\x07\xf0\x00\x00\x00\x00\x07\xf0\x00\x00\x00\x00\x07\xf0\x00\x00\x00\x00\x0f\xf0\x00\x00\x00\x00\x0f\xe0\x00\x00\x00\x00\x0f\xe0\x00\x00\x00\x00\x0f\xe0\x00\x00\x00\x00\x0f\xe0\x00\x00\x00\x00\x0f\xe0\x00\x00\x00\x00\x0f\xe0\x00\x00\x00\x00\x0f\xe0\x00\x00\x00\x00\x0f\xe0\x00\x00\x00\x00\x0f\xe0\x00\x00\x00\x00\x0f\xe0\x00\x00\x00\x00\x0f\xe0\x00\x00\x00\x00\x0f\xe0\x00\x00\x00\x00\x0f\xe0\x00\x00\x00\x00\x0f\xe0\x00\x00\x00\x00\x0f\xe0\x00\x00\x00\x00\x0f\xe0\x00\x00\x00\x00\x0f\xe0\x00\x00\x00\x00\x0f\xe0\x00\x00\x00\x00\x0f\xf0\x00\x00\x00\x00\x07\xf0\x00\x00\x00\x00\x07\xf0\x00\x00\x00\x00\x07\xf0\x00\x00\x00\x00\x07\xf8\x00\x00\x00\x00\x07\xf8\x00\x00\x00\x00\x03\xf8\x00\x00\x00\x00\x03\xfc\x00\x00\x00\x00\x03\xfc\x00\x00\x00\x00\x01\xfe\x00\x00\x00\x00\x01\xfe\x00\x00\x00\x00\x01\xff\x00\x00\x00\x00\x00\xff\x80\x00\x00\x00\x00\xff\xc0\x00\x00\x00\x00\x7f\xe0\x00\x08\x00\x00?\xf8\x008\x00\x00?\xfe\x01\xf8\x00\x00\x1f\xff\xff\xfc\x00\x00\x0f\xff\xff\xfc\x00\x00\x03\xff\xff\xfc\x00\x00\x01\xff\xff\xf8\x00\x00\x00\x7f\xff\xe0\x00\x00\x00\x0f\xff\x00\x00\x00\x00\x01\xf0\x00\x00\x00\x00\x01\xe0\x00\x00\x00\x00\x03\xe0\x00\x00\x00\x00\x03\xf0\x00\x00\x00\x00\x07\xfc\x00\x00\x00\x00\x07\xfe\x00\x00\x00\x00\x0f\xff\x00\x00\x00\x00\x01\xff\x00\x00\x00\x00\x00\x7f\x00\x00\x00\x00\x00?\x00\x00\x00\x00\x00?\x00\x00\x00\x00\x00?\x00\x00\x00\x00\x00?\x00\x00\x00\x00\x00~\x00\x00\x00\x00\x0f\xfe\x00\x00\x00\x00\x0f\xfc\x00\x00\x00\x00\x0f\xf8\x00\x00\x00\x00\x0f\xc0\x00\x00)',
  200:b'\x01\xff\x00\x00\x00\x01\xff\x80\x00\x00\x01\xff\x80\x00\x00\x00\x7f\xc0\x00\x00\x00?\xe0\x00\x00\x00\x1f\xf0\x00\x00\x00\x0f\xf0\x00\x00\x00\x03\xf8\x00\x00\x00\x01\xfc\x00\x00\x00\x00\xfe\x00\x00\x00\x00~\x00\x00\x00\x00\x01\x00\x00\x00\x00\x00\x00\x00\x00\x00\x00\x00\x00\x00\x00\x00\x00\x00\x00\x00\x00\x00\x00\x03\xff\xff\xff\x80\x03\xff\xff\xff\x80\x03\xff\xff\xff\x80\x03\xff\xff\xff\x80\x03\xff\xff\xff\x80\x03\xff\xff\xff\x80\x03\xf0\x00\x00\x00\x03\xf0\x00\x00\x00\x03\xf0\x00\x00\x00\x03\xf0\x00\x00\x00\x03\xf0\x00\x00\x00\x03\xf0\x00\x00\x00\x03\xf0\x00\x00\x00\x03\xf0\x00\x00\x00\x03\xf0\x00\x00\x00\x03\xf0\x00\x00\x00\x03\xf0\x00\x00\x00\x03\xf0\x00\x00\x00\x03\xf0\x00\x00\x00\x03\xf0\x00\x00\x00\x03\xf0\x00\x00\x00\x03\xf0\x00\x00\x00\x03\xf0\x00\x00\x00\x03\xf0\x00\x00\x00\x03\xf0\x00\x00\x00\x03\xf0\x00\x00\x00\x03\xf0\x00\x00\x00\x03\xff\xff\xff\x00\x03\xff\xff\xff\x00\x03\xff\xff\xff\x00\x03\xff\xff\xff\x00\x03\xff\xff\xff\x00\x03\xff\xff\xff\x00\x03\xf0\x00\x00\x00\x03\xf0\x00\x00\x00\x03\xf0\x00\x00\x00\x03\xf0\x00\x00\x00\x03\xf0\x00\x00\x00\x03\xf0\x00\x00\x00\x03\xf0\x00\x00\x00\x03\xf0\x00\x00\x00\x03\xf0\x00\x00\x00\x03\xf0\x00\x00\x00\x03\xf0\x00\x00\x00\x03\xf0\x00\x00\x00\x03\xf0\x00\x00\x00\x03\xf0\x00\x00\x00\x03\xf0\x00\x00\x00\x03\xf0\x00\x00\x00\x03\xf0\x00\x00\x00\x03\xf0\x00\x00\x00\x03\xf0\x00\x00\x00\x03\xf0\x00\x00\x00\x03\xf0\x00\x00\x00\x03\xf0\x00\x00\x00\x03\xf0\x00\x00\x00\x03\xff\xff\xff\xc0\x03\xff\xff\xff\xc0\x03\xff\xff\xff\xc0\x03\xff\xff\xff\xc0\x03\xff\xff\xff\xc0\x03\xff\xff\xff\xc0\x00\x00\x00\x00\x00\x00\x00\x00\x00\x00\x00\x00\x00\x00\x00\x00\x00\x00\x00\x00\x00\x00\x00\x00\x00\x00\x00\x00\x00\x00\x00\x00\x00\x00\x00\x00\x00\x00\x00\x00\x00\x00\x00\x00\x00\x00\x00\x00\x00\x00\x00\x00\x00\x00\x00\x00\x00\x00\x00\x00\x00\x00\x00\x00\x00\x00\x00\x00\x00\x00\x00\x00\x00\x00\x00\x00\x00\x00\x00\x00\x00\x00\x00\x00\x00\x00\x00\x00\x00\x00\x00\x00\x00\x00\x00&',
  201:b'\x00\x00\x01\xff\x00\x00\x00\x03\xff\x00\x00\x00\x07\xfe\x00\x00\x00\x0f\xfc\x00\x00\x00\x0f\xf8\x00\x00\x00\x1f\xe0\x00\x00\x00?\xc0\x00\x00\x00\x7f\x80\x00\x00\x00~\x00\x00\x00\x00\xfc\x00\x00\x00\x01\xf8\x00\x00\x00\x00\x00\x00\x00\x00\x00\x00\x00\x00\x00\x00\x00\x00\x00\x00\x00\x00\x00\x00\x00\x00\x00\x00\x00\x03\xff\xff\xff\x80\x03\xff\xff\xff\x80\x03\xff\xff\xff\x80\x03\xff\xff\xff\x80\x03\xff\xff\xff\x80\x03\xff\xff\xff\x80\x03\xf0\x00\x00\x00\x03\xf0\x00\x00\x00\x03\xf0\x00\x00\x00\x03\xf0\x00\x00\x00\x03\xf0\x00\x00\x00\x03\xf0\x00\x00\x00\x03\xf0\x00\x00\x00\x03\xf0\x00\x00\x00\x03\xf0\x00\x00\x00\x03\xf0\x00\x00\x00\x03\xf0\x00\x00\x00\x03\xf0\x00\x00\x00\x03\xf0\x00\x00\x00\x03\xf0\x00\x00\x00\x03\xf0\x00\x00\x00\x03\xf0\x00\x00\x00\x03\xf0\x00\x00\x00\x03\xf0\x00\x00\x00\x03\xf0\x00\x00\x00\x03\xf0\x00\x00\x00\x03\xf0\x00\x00\x00\x03\xff\xff\xff\x00\x03\xff\xff\xff\x00\x03\xff\xff\xff\x00\x03\xff\xff\xff\x00\x03\xff\xff\xff\x00\x03\xff\xff\xff\x00\x03\xf0\x00\x00\x00\x03\xf0\x00\x00\x00\x03\xf0\x00\x00\x00\x03\xf0\x00\x00\x00\x03\xf0\x00\x00\x00\x03\xf0\x00\x00\x00\x03\xf0\x00\x00\x00\x03\xf0\x00\x00\x00\x03\xf0\x00\x00\x00\x03\xf0\x00\x00\x00\x03\xf0\x00\x00\x00\x03\xf0\x00\x00\x00\x03\xf0\x00\x00\x00\x03\xf0\x00\x00\x00\x03\xf0\x00\x00\x00\x03\xf0\x00\x00\x00\x03\xf0\x00\x00\x00\x03\xf0\x00\x00\x00\x03\xf0\x00\x00\x00\x03\xf0\x00\x00\x00\x03\xf0\x00\x00\x00\x03\xf0\x00\x00\x00\x03\xf0\x00\x00\x00\x03\xff\xff\xff\xc0\x03\xff\xff\xff\xc0\x03\xff\xff\xff\xc0\x03\xff\xff\xff\xc0\x03\xff\xff\xff\xc0\x03\xff\xff\xff\xc0\x00\x00\x00\x00\x00\x00\x00\x00\x00\x00\x00\x00\x00\x00\x00\x00\x00\x00\x00\x00\x00\x00\x00\x00\x00\x00\x00\x00\x00\x00\x00\x00\x00\x00\x00\x00\x00\x00\x00\x00\x00\x00\x00\x00\x00\x00\x00\x00\x00\x00\x00\x00\x00\x00\x00\x00\x00\x00\x00\x00\x00\x00\x00\x00\x00\x00\x00\x00\x00\x00\x00\x00\x00\x00\x00\x00\x00\x00\x00\x00\x00\x00\x00\x00\x00\x00\x00\x00\x00\x00\x00\x00\x00\x00\x00&',
  202:b'\x00\x00\x00\x00\x00\x00\x00|\x00\x00\x00\x01\xfe\x00\x00\x00\x03\xff\x00\x00\x00\x07\xff\x80\x00\x00\x0f\xef\xc0\x00\x00\x1f\xcf\xe0\x00\x00?\xcf\xf0\x00\x00\x7f\x87\xf8\x00\x00\xff\x03\xfc\x00\x00\xfe\x01\xfe\x00\x00\xfc\x00\xfe\x00\x00\x00\x00\x00\x00\x00\x00\x00\x00\x00\x00\x00\x00\x00\x00\x00\x00\x00\x00\x00\x03\xff\xff\xff\x80\x03\xff\xff\xff\x80\x03\xff\xff\xff\x80\x03\xff\xff\xff\x80\x03\xff\xff\xff\x80\x03\xff\xff\xff\x80\x03\xf0\x00\x00\x00\x03\xf0\x00\x00\x00\x03\xf0\x00\x00\x00\x03\xf0\x00\x00\x00\x03\xf0\x00\x00\x00\x03\xf0\x00\x00\x00\x03\xf0\x00\x00\x00\x03\xf0\x00\x00\x00\x03\xf0\x00\x00\x00\x03\xf0\x00\x00\x00\x03\xf0\x00\x00\x00\x03\xf0\x00\x00\x00\x03\xf0\x00\x00\x00\x03\xf0\x00\x00\x00\x03\xf0\x00\x00\x00\x03\xf0\x00\x00\x00\x03\xf0\x00\x00\x00\x03\xf0\x00\x00\x00\x03\xf0\x00\x00\x00\x03\xf0\x00\x00\x00\x03\xf0\x00\x00\x00\x03\xff\xff\xff\x00\x03\xff\xff\xff\x00\x03\xff\xff\xff\x00\x03\xff\xff\xff\x00\x03\xff\xff\xff\x00\x03\xff\xff\xff\x00\x03\xf0\x00\x00\x00\x03\xf0\x00\x00\x00\x03\xf0\x00\x00\x00\x03\xf0\x00\x00\x00\x03\xf0\x00\x00\x00\x03\xf0\x00\x00\x00\x03\xf0\x00\x00\x00\x03\xf0\x00\x00\x00\x03\xf0\x00\x00\x00\x03\xf0\x00\x00\x00\x03\xf0\x00\x00\x00\x03\xf0\x00\x00\x00\x03\xf0\x00\x00\x00\x03\xf0\x00\x00\x00\x03\xf0\x00\x00\x00\x03\xf0\x00\x00\x00\x03\xf0\x00\x00\x00\x03\xf0\x00\x00\x00\x03\xf0\x00\x00\x00\x03\xf0\x00\x00\x00\x03\xf0\x00\x00\x00\x03\xf0\x00\x00\x00\x03\xf0\x00\x00\x00\x03\xff\xff\xff\xc0\x03\xff\xff\xff\xc0\x03\xff\xff\xff\xc0\x03\xff\xff\xff\xc0\x03\xff\xff\xff\xc0\x03\xff\xff\xff\xc0\x00\x00\x00\x00\x00\x00\x00\x00\x00\x00\x00\x00\x00\x00\x00\x00\x00\x00\x00\x00\x00\x00\x00\x00\x00\x00\x00\x00\x00\x00\x00\x00\x00\x00\x00\x00\x00\x00\x00\x00\x00\x00\x00\x00\x00\x00\x00\x00\x00\x00\x00\x00\x00\x00\x00\x00\x00\x00\x00\x00\x00\x00\x00\x00\x00\x00\x00\x00\x00\x00\x00\x00\x00\x00\x00\x00\x00\x00\x00\x00\x00\x00\x00\x00\x00\x00\x00\x00\x00\x00\x00\x00\x00\x00\x00&',
  203:b'\x00\x00\x00\x00\x00\x00\x00\x00\x00\x00\x00\x00\x00\x00\x00\x00<\x00\xf0\x00\x00~\x01\xfc\x00\x00\xff\x03\xfc\x00\x00\xff\x03\xfc\x00\x00\xff\x03\xfc\x00\x00\xff\x03\xfc\x00\x00\x7f\x01\xfc\x00\x00<\x00\xf0\x00\x00\x00\x00\x00\x00\x00\x00\x00\x00\x00\x00\x00\x00\x00\x00\x00\x00\x00\x00\x00\x00\x00\x00\x00\x00\x03\xff\xff\xff\x80\x03\xff\xff\xff\x80\x03\xff\xff\xff\x80\x03\xff\xff\xff\x80\x03\xff\xff\xff\x80\x03\xff\xff\xff\x80\x03\xf0\x00\x00\x00\x03\xf0\x00\x00\x00\x03\xf0\x00\x00\x00\x03\xf0\x00\x00\x00\x03\xf0\x00\x00\x00\x03\xf0\x00\x00\x00\x03\xf0\x00\x00\x00\x03\xf0\x00\x00\x00\x03\xf0\x00\x00\x00\x03\xf0\x00\x00\x00\x03\xf0\x00\x00\x00\x03\xf0\x00\x00\x00\x03\xf0\x00\x00\x00\x03\xf0\x00\x00\x00\x03\xf0\x00\x00\x00\x03\xf0\x00\x00\x00\x03\xf0\x00\x00\x00\x03\xf0\x00\x00\x00\x03\xf0\x00\x00\x00\x03\xf0\x00\x00\x00\x03\xf0\x00\x00\x00\x03\xff\xff\xff\x00\x03\xff\xff\xff\x00\x03\xff\xff\xff\x00\x03\xff\xff\xff\x00\x03\xff\xff\xff\x00\x03\xff\xff\xff\x00\x03\xf0\x00\x00\x00\x03\xf0\x00\x00\x00\x03\xf0\x00\x00\x00\x03\xf0\x00\x00\x00\x03\xf0\x00\x00\x00\x03\xf0\x00\x00\x00\x03\xf0\x00\x00\x00\x03\xf0\x00\x00\x00\x03\xf0\x00\x00\x00\x03\xf0\x00\x00\x00\x03\xf0\x00\x00\x00\x03\xf0\x00\x00\x00\x03\xf0\x00\x00\x00\x03\xf0\x00\x00\x00\x03\xf0\x00\x00\x00\x03\xf0\x00\x00\x00\x03\xf0\x00\x00\x00\x03\xf0\x00\x00\x00\x03\xf0\x00\x00\x00\x03\xf0\x00\x00\x00\x03\xf0\x00\x00\x00\x03\xf0\x00\x00\x00\x03\xf0\x00\x00\x00\x03\xff\xff\xff\xc0\x03\xff\xff\xff\xc0\x03\xff\xff\xff\xc0\x03\xff\xff\xff\xc0\x03\xff\xff\xff\xc0\x03\xff\xff\xff\xc0\x00\x00\x00\x00\x00\x00\x00\x00\x00\x00\x00\x00\x00\x00\x00\x00\x00\x00\x00\x00\x00\x00\x00\x00\x00\x00\x00\x00\x00\x00\x00\x00\x00\x00\x00\x00\x00\x00\x00\x00\x00\x00\x00\x00\x00\x00\x00\x00\x00\x00\x00\x00\x00\x00\x00\x00\x00\x00\x00\x00\x00\x00\x00\x00\x00\x00\x00\x00\x00\x00\x00\x00\x00\x00\x00\x00\x00\x00\x00\x00\x00\x00\x00\x00\x00\x00\x00\x00\x00\x00\x00\x00\x00\x00\x00&',
  204:b'\xff\x80\x00\xff\xc0\x00\x7f\xe0\x00?\xe0\x00\x1f\xf0\x00\x0f\xf8\x00\x03\xfc\x00\x01\xfc\x00\x00\xfe\x00\x00\x7f\x00\x00\x1f\x80\x00\x00\x00\x00\x00\x00\x00\x00\x00\x00\x00\x00\x00\x00\x00\x01\xfc\x00\x01\xfc\x00\x01\xfc\x00\x01\xfc\x00\x01\xfc\x00\x01\xfc\x00\x01\xfc\x00\x01\xfc\x00\x01\xfc\x00\x01\xfc\x00\x01\xfc\x00\x01\xfc\x00\x01\xfc\x00\x01\xfc\x00\x01\xfc\x00\x01\xfc\x00\x01\xfc\x00\x01\xfc\x00\x01\xfc\x00\x01\xfc\x00\x01\xfc\x00\x01\xfc\x00\x01\xfc\x00\x01\xfc\x00\x01\xfc\x00\x01\xfc\x00\x01\xfc\x00\x01\xfc\x00\x01\xfc\x00\x01\xfc\x00\x01\xfc\x00\x01\xfc\x00\x01\xfc\x00\x01\xfc\x00\x01\xfc\x00\x01\xfc\x00\x01\xfc\x00\x01\xfc\x00\x01\xfc\x00\x01\xfc\x00\x01\xfc\x00\x01\xfc\x00\x01\xfc\x00\x01\xfc\x00\x01\xfc\x00\x01\xfc\x00\x01\xfc\x00\x01\xfc\x00\x01\xfc\x00\x01\xfc\x00\x01\xfc\x00\x01\xfc\x00\x01\xfc\x00\x01\xfc\x00\x01\xfc\x00\x01\xfc\x00\x01\xfc\x00\x01\xfc\x00\x01\xfc\x00\x01\xfc\x00\x01\xfc\x00\x01\xfc\x00\x00\x00\x00\x00\x00\x00\x00\x00\x00\x00\x00\x00\x00\x00\x00\x00\x00\x00\x00\x00\x00\x00\x00\x00\x00\x00\x00\x00\x00\x00\x00\x00\x00\x00\x00\x00\x00\x00\x00\x00\x00\x00\x00\x00\x00\x00\x00\x00\x00\x00\x00\x00\x00\x00\x00\x00\x00\x15',
  205:b'\x00\x0f\xf8\x00\x1f\xf8\x00\x1f\xf8\x00?\xe0\x00\x7f\xc0\x00\xff\x80\x00\xff\x00\x01\xfc\x00\x03\xf8\x00\x07\xf0\x00\x07\xc0\x00\x08\x00\x00\x00\x00\x00\x00\x00\x00\x00\x00\x00\x00\x00\x00\x01\xfc\x00\x01\xfc\x00\x01\xfc\x00\x01\xfc\x00\x01\xfc\x00\x01\xfc\x00\x01\xfc\x00\x01\xfc\x00\x01\xfc\x00\x01\xfc\x00\x01\xfc\x00\x01\xfc\x00\x01\xfc\x00\x01\xfc\x00\x01\xfc\x00\x01\xfc\x00\x01\xfc\x00\x01\xfc\x00\x01\xfc\x00\x01\xfc\x00\x01\xfc\x00\x01\xfc\x00\x01\xfc\x00\x01\xfc\x00\x01\xfc\x00\x01\xfc\x00\x01\xfc\x00\x01\xfc\x00\x01\xfc\x00\x01\xfc\x00\x01\xfc\x00\x01\xfc\x00\x01\xfc\x00\x01\xfc\x00\x01\xfc\x00\x01\xfc\x00\x01\xfc\x00\x01\xfc\x00\x01\xfc\x00\x01\xfc\x00\x01\xfc\x00\x01\xfc\x00\x01\xfc\x00\x01\xfc\x00\x01\xfc\x00\x01\xfc\x00\x01\xfc\x00\x01\xfc\x00\x01\xfc\x00\x01\xfc\x00\x01\xfc\x00\x01\xfc\x00\x01\xfc\x00\x01\xfc\x00\x01\xfc\x00\x01\xfc\x00\x01\xfc\x00\x01\xfc\x00\x01\xfc\x00\x01\xfc\x00\x01\xfc\x00\x01\xfc\x00\x00\x00\x00\x00\x00\x00\x00\x00\x00\x00\x00\x00\x00\x00\x00\x00\x00\x00\x00\x00\x00\x00\x00\x00\x00\x00\x00\x00\x00\x00\x00\x00\x00\x00\x00\x00\x00\x00\x00\x00\x00\x00\x00\x00\x00\x00\x00\x00\x00\x00\x00\x00\x00\x00\x00\x00\x00\x15',
  206:b'\x00\x00\x00\x00|\x00\x00\xfe\x00\x01\xff\x00\x03\xff\x80\x07\xef\xc0\x0f\xef\xe0?\xc7\xf0\x7f\x83\xf8\xff\x01\xfc\xfe\x00\xfe\xfc\x00~\x00\x00\x00\x00\x00\x00\x00\x00\x00\x00\x00\x00\x00\xfe\x00\x00\xfe\x00\x00\xfe\x00\x00\xfe\x00\x00\xfe\x00\x00\xfe\x00\x00\xfe\x00\x00\xfe\x00\x00\xfe\x00\x00\xfe\x00\x00\xfe\x00\x00\xfe\x00\x00\xfe\x00\x00\xfe\x00\x00\xfe\x00\x00\xfe\x00\x00\xfe\x00\x00\xfe\x00\x00\xfe\x00\x00\xfe\x00\x00\xfe\x00\x00\xfe\x00\x00\xfe\x00\x00\xfe\x00\x00\xfe\x00\x00\xfe\x00\x00\xfe\x00\x00\xfe\x00\x00\xfe\x00\x00\xfe\x00\x00\xfe\x00\x00\xfe\x00\x00\xfe\x00\x00\xfe\x00\x00\xfe\x00\x00\xfe\x00\x00\xfe\x00\x00\xfe\x00\x00\xfe\x00\x00\xfe\x00\x00\xfe\x00\x00\xfe\x00\x00\xfe\x00\x00\xfe\x00\x00\xfe\x00\x00\xfe\x00\x00\xfe\x00\x00\xfe\x00\x00\xfe\x00\x00\xfe\x00\x00\xfe\x00\x00\xfe\x00\x00\xfe\x00\x00\xfe\x00\x00\xfe\x00\x00\xfe\x00\x00\xfe\x00\x00\xfe\x00\x00\xfe\x00\x00\xfe\x00\x00\xfe\x00\x00\xfe\x00\x00\x00\x00\x00\x00\x00\x00\x00\x00\x00\x00\x00\x00\x00\x00\x00\x00\x00\x00\x00\x00\x00\x00\x00\x00\x00\x00\x00\x00\x00\x00\x00\x00\x00\x00\x00\x00\x00\x00\x00\x00\x00\x00\x00\x00\x00\x00\x00\x00\x00\x00\x00\x00\x00\x00\x00\x00\x17',
  207:b'\x00\x00\x00\x00\x00\x00\x00\x00\x00>\x00\xf8\x7f\x01\xfc\x7f\x01\xfc\xff\x83\xfe\xff\x83\xfe\x7f\x01\xfc\x7f\x01\xfc>\x00\xf8\x00\x00\x00\x00\x00\x00\x00\x00\x00\x00\x00\x00\x00\x00\x00\x00\xfe\x00\x00\xfe\x00\x00\xfe\x00\x00\xfe\x00\x00\xfe\x00\x00\xfe\x00\x00\xfe\x00\x00\xfe\x00\x00\xfe\x00\x00\xfe\x00\x00\xfe\x00\x00\xfe\x00\x00\xfe\x00\x00\xfe\x00\x00\xfe\x00\x00\xfe\x00\x00\xfe\x00\x00\xfe\x00\x00\xfe\x00\x00\xfe\x00\x00\xfe\x00\x00\xfe\x00\x00\xfe\x00\x00\xfe\x00\x00\xfe\x00\x00\xfe\x00\x00\xfe\x00\x00\xfe\x00\x00\xfe\x00\x00\xfe\x00\x00\xfe\x00\x00\xfe\x00\x00\xfe\x00\x00\xfe\x00\x00\xfe\x00\x00\xfe\x00\x00\xfe\x00\x00\xfe\x00\x00\xfe\x00\x00\xfe\x00\x00\xfe\x00\x00\xfe\x00\x00\xfe\x00\x00\xfe\x00\x00\xfe\x00\x00\xfe\x00\x00\xfe\x00\x00\xfe\x00\x00\xfe\x00\x00\xfe\x00\x00\xfe\x00\x00\xfe\x00\x00\xfe\x00\x00\xfe\x00\x00\xfe\x00\x00\xfe\x00\x00\xfe\x00\x00\xfe\x00\x00\xfe\x00\x00\xfe\x00\x00\xfe\x00\x00\xfe\x00\x00\x00\x00\x00\x00\x00\x00\x00\x00\x00\x00\x00\x00\x00\x00\x00\x00\x00\x00\x00\x00\x00\x00\x00\x00\x00\x00\x00\x00\x00\x00\x00\x00\x00\x00\x00\x00\x00\x00\x00\x00\x00\x00\x00\x00\x00\x00\x00\x00\x00\x00\x00\x00\x00\x00\x00\x00\x17',
  208:b'\x00\x00\x00\x00\x00\x00\x00\x00\x00\x00\x00\x00\x00\x00\x00\x00\x00\x00\x00\x00\x00\x00\x00\x00\x00\x00\x00\x00\x00\x00\x00\x00\x00\x00\x00\x00\x00\x00\x00\x00\x00\x00\x00\x00\x00\x00\x00\x00\x00\x00\x00\x00\x00\x00\x00\x00\x00\x00\x00\x00\x00\x00\x00\x00\x00\x00\x00\x00\x00\x00\x00\x00\x00\x00\x00\x00\x00\x00\x00\x00\x00\x00\x00\x00\x00\x00\x00\x00\x00\x00\x00\xff\xff\x80\x00\x00\x03\xff\xff\xf8\x00\x00\x03\xff\xff\xfe\x00\x00\x03\xff\xff\xff\x80\x00\x03\xff\xff\xff\xc0\x00\x03\xff\xff\xff\xe0\x00\x03\xf8\x00\xff\xf0\x00\x03\xf8\x00\x1f\xf8\x00\x03\xf8\x00\x07\xfc\x00\x03\xf8\x00\x03\xfe\x00\x03\xf8\x00\x01\xfe\x00\x03\xf8\x00\x00\xff\x00\x03\xf8\x00\x00\xff\x00\x03\xf8\x00\x00\x7f\x80\x03\xf8\x00\x00\x7f\x80\x03\xf8\x00\x00?\x80\x03\xf8\x00\x00?\xc0\x03\xf8\x00\x00\x1f\xc0\x03\xf8\x00\x00\x1f\xc0\x03\xf8\x00\x00\x1f\xc0\x03\xf8\x00\x00\x1f\xe0\x03\xf8\x00\x00\x0f\xe0\x03\xf8\x00\x00\x0f\xe0\x03\xf8\x00\x00\x0f\xe0\x03\xf8\x00\x00\x0f\xe0\x03\xf8\x00\x00\x0f\xe0\x03\xf8\x00\x00\x0f\xe0\x03\xf8\x00\x00\x0f\xe0\xff\xff\xfe\x00\x0f\xe0\xff\xff\xfe\x00\x0f\xe0\xff\xff\xfe\x00\x0f\xe0\xff\xff\xfe\x00\x0f\xe0\xff\xff\xfe\x00\x0f\xe0\x03\xf8\x00\x00\x0f\xe0\x03\xf8\x00\x00\x0f\xe0\x03\xf8\x00\x00\x0f\xe0\x03\xf8\x00\x00\x0f\xe0\x03\xf8\x00\x00\x0f\xe0\x03\xf8\x00\x00\x0f\xe0\x03\xf8\x00\x00\x0f\xe0\x03\xf8\x00\x00\x0f\xe0\x03\xf8\x00\x00\x0f\xe0\x03\xf8\x00\x00\x1f\xe0\x03\xf8\x00\x00\x1f\xc0\x03\xf8\x00\x00\x1f\xc0\x03\xf8\x00\x00\x1f\xc0\x03\xf8\x00\x00?\xc0\x03\xf8\x00\x00?\x80\x03\xf8\x00\x00?\x80\x03\xf8\x00\x00\x7f\x80\x03\xf8\x00\x00\x7f\x00\x03\xf8\x00\x00\xff\x00\x03\xf8\x00\x01\xfe\x00\x03\xf8\x00\x03\xfe\x00\x03\xf8\x00\x07\xfc\x00\x03\xf8\x00\x0f\xf8\x00\x03\xf8\x00\x1f\xf8\x00\x03\xf8\x00\xff\xf0\x00\x03\xff\xff\xff\xe0\x00\x03\xff\xff\xff\x80\x00\x03\xff\xff\xff\x00\x00\x03\xff\xff\xfc\x00\x00\x03\xff\xff\xf0\x00\x00\x00\xff\xff\x00\x00\x00\x00\x00\x00\x00\x00\x00\x00\x00\x00\x00\x00\x00\x00\x00\x00\x00\x00\x00\x00\x00\x00\x00\x00\x00\x00\x00\x00\x00\x00\x00\x00\x00\x00\x00\x00\x00\x00\x00\x00\x00\x00\x00\x00\x00\x00\x00\x00\x00\x00\x00\x00\x00\x00\x00\x00\x00\x00\x00\x00\x00\x00\x00\x00\x00\x00\x00\x00\x00\x00\x00\x00\x00\x00\x00\x00\x00\x00\x00\x00\x00\x00\x00\x00\x00\x00\x00\x00\x00\x00\x00\x00\x00\x00\x00\x00\x00\x00\x00\x00\x00\x00\x00\x00\x00\x00\x00\x00\x00/',
  209:b'\x00\x00\x00\x00\x00\x00\x00\x00\x00\x00\x00\x00\x00\x00\x00\x00\x00\x00\x00\x00>\x00\x00\x00\x00\x00\xff\xc0 \x00\x00\x01\xff\xf0\xe0\x00\x00\x03\xff\xff\xf0\x00\x00\x07\xff\xff\xf0\x00\x00\x0f\xff\xff\xf0\x00\x00\x07\x83\xff\xe0\x00\x00\x07\x00\xff\x80\x00\x00\x02\x00?\x00\x00\x00\x00\x00\x00\x00\x00\x00\x00\x00\x00\x00\x00\x00\x00\x00\x00\x00\x00\x03\xc0\x00\x00\x00\x00\x03\xe0\x00\x00\x0f\xc0\x03\xe0\x00\x00\x0f\xc0\x03\xf0\x00\x00\x0f\xc0\x03\xf0\x00\x00\x0f\xc0\x03\xf8\x00\x00\x0f\xc0\x03\xf8\x00\x00\x0f\xc0\x03\xfc\x00\x00\x0f\xc0\x03\xfe\x00\x00\x0f\xc0\x03\xfe\x00\x00\x0f\xc0\x03\xff\x00\x00\x0f\xc0\x03\xff\x00\x00\x0f\xc0\x03\xff\x80\x00\x0f\xc0\x03\xff\x80\x00\x0f\xc0\x03\xef\xc0\x00\x0f\xc0\x03\xef\xe0\x00\x0f\xc0\x03\xef\xe0\x00\x0f\xc0\x03\xe7\xf0\x00\x0f\xc0\x03\xf7\xf0\x00\x0f\xc0\x03\xf3\xf8\x00\x0f\xc0\x03\xf3\xf8\x00\x0f\xc0\x03\xf3\xfc\x00\x0f\xc0\x03\xf1\xfe\x00\x0f\xc0\x03\xf1\xfe\x00\x0f\xc0\x03\xf0\xff\x00\x0f\xc0\x03\xf0\xff\x00\x0f\xc0\x03\xf0\x7f\x80\x0f\xc0\x03\xf0\x7f\x80\x0f\xc0\x03\xf0?\xc0\x0f\xc0\x03\xf0\x1f\xe0\x0f\xc0\x03\xf0\x1f\xe0\x0f\xc0\x03\xf0\x0f\xf0\x0f\xc0\x03\xf0\x0f\xf0\x0f\xc0\x03\xf0\x07\xf8\x0f\xc0\x03\xf0\x07\xf8\x0f\xc0\x03\xf0\x03\xfc\x0f\xc0\x03\xf0\x03\xfe\x0f\xc0\x03\xf0\x01\xfe\x0f\xc0\x03\xf0\x00\xff\x0f\xc0\x03\xf0\x00\xff\x0f\xc0\x03\xf0\x00\x7f\x8f\xc0\x03\xf0\x00\x7f\x8f\xc0\x03\xf0\x00?\xcf\xc0\x03\xf0\x00?\xcf\xc0\x03\xf0\x00\x1f\xcf\xc0\x03\xf0\x00\x0f\xef\xc0\x03\xf0\x00\x0f\xef\xc0\x03\xf0\x00\x07\xf7\xc0\x03\xf0\x00\x07\xf7\xc0\x03\xf0\x00\x03\xff\xc0\x03\xf0\x00\x03\xff\xc0\x03\xf0\x00\x01\xff\xc0\x03\xf0\x00\x00\xff\xc0\x03\xf0\x00\x00\xff\xc0\x03\xf0\x00\x00\x7f\xc0\x03\xf0\x00\x00\x7f\xc0\x03\xf0\x00\x00?\xc0\x03\xf0\x00\x00?\xc0\x03\xf0\x00\x00\x1f\xc0\x03\xf0\x00\x00\x0f\xc0\x03\xf0\x00\x00\x0f\xc0\x03\xf0\x00\x00\x07\xc0\x03\xf0\x00\x00\x07\xc0\x00\x00\x00\x00\x03\xc0\x00\x00\x00\x00\x00\x00\x00\x00\x00\x00\x00\x00\x00\x00\x00\x00\x00\x00\x00\x00\x00\x00\x00\x00\x00\x00\x00\x00\x00\x00\x00\x00\x00\x00\x00\x00\x00\x00\x00\x00\x00\x00\x00\x00\x00\x00\x00\x00\x00\x00\x00\x00\x00\x00\x00\x00\x00\x00\x00\x00\x00\x00\x00\x00\x00\x00\x00\x00\x00\x00\x00\x00\x00\x00\x00\x00\x00\x00\x00\x00\x00\x00\x00\x00\x00\x00\x00\x00\x00\x00\x00\x00\x00\x00\x00\x00\x00\x00\x00\x00\x00\x00\x00\x00\x00\x00\x00\x000',
  210:b'\x00\x07\xfc\x00\x00\x00\x00\x00\x07\xfc\x00\x00\x00\x00\x00\x07\xfe\x00\x00\x00\x00\x00\x03\xff\x00\x00\x00\x00\x00\x00\xff\x80\x00\x00\x00\x00\x00\x7f\xc0\x00\x00\x00\x00\x00?\xc0\x00\x00\x00\x00\x00\x1f\xe0\x00\x00\x00\x00\x00\x07\xf0\x00\x00\x00\x00\x00\x03\xf8\x00\x00\x00\x00\x00\x01\xf8\x00\x00\x00\x00\x00\x00\x04\x00\x00\x00\x00\x00\x00\x00\x00\x00\x00\x00\x00\x00\x00\x00\x00\x00\x00\x00\x00\x00\x00\x00\x00\x00\x00\x0f\xf8\x00\x00\x00\x00\x00\xff\xff\x00\x00\x00\x00\x03\xff\xff\xc0\x00\x00\x00\x07\xff\xff\xf0\x00\x00\x00\x0f\xff\xff\xf8\x00\x00\x00\x1f\xff\xff\xfc\x00\x00\x00?\xf8\x0f\xfe\x00\x00\x00\x7f\xe0\x03\xff\x00\x00\x00\x7f\x80\x01\xff\x00\x00\x00\xff\x00\x00\xff\x80\x00\x00\xfe\x00\x00\x7f\x80\x00\x01\xfe\x00\x00?\xc0\x00\x01\xfc\x00\x00?\xc0\x00\x03\xfc\x00\x00\x1f\xc0\x00\x03\xf8\x00\x00\x1f\xe0\x00\x03\xf8\x00\x00\x0f\xe0\x00\x07\xf8\x00\x00\x0f\xe0\x00\x07\xf0\x00\x00\x0f\xf0\x00\x07\xf0\x00\x00\x0f\xf0\x00\x07\xf0\x00\x00\x07\xf0\x00\x07\xf0\x00\x00\x07\xf0\x00\x0f\xf0\x00\x00\x07\xf0\x00\x0f\xe0\x00\x00\x07\xf0\x00\x0f\xe0\x00\x00\x07\xf8\x00\x0f\xe0\x00\x00\x03\xf8\x00\x0f\xe0\x00\x00\x03\xf8\x00\x0f\xe0\x00\x00\x03\xf8\x00\x0f\xe0\x00\x00\x03\xf8\x00\x0f\xe0\x00\x00\x03\xf8\x00\x0f\xe0\x00\x00\x03\xf8\x00\x0f\xe0\x00\x00\x03\xf8\x00\x0f\xe0\x00\x00\x03\xf8\x00\x0f\xe0\x00\x00\x03\xf8\x00\x0f\xe0\x00\x00\x03\xf8\x00\x0f\xe0\x00\x00\x03\xf8\x00\x0f\xe0\x00\x00\x03\xf8\x00\x0f\xe0\x00\x00\x03\xf8\x00\x0f\xe0\x00\x00\x03\xf8\x00\x0f\xe0\x00\x00\x03\xf8\x00\x0f\xe0\x00\x00\x03\xf8\x00\x0f\xe0\x00\x00\x03\xf8\x00\x0f\xf0\x00\x00\x07\xf0\x00\x0f\xf0\x00\x00\x07\xf0\x00\x07\xf0\x00\x00\x07\xf0\x00\x07\xf0\x00\x00\x07\xf0\x00\x07\xf0\x00\x00\x07\xf0\x00\x07\xf8\x00\x00\x0f\xf0\x00\x07\xf8\x00\x00\x0f\xe0\x00\x03\xf8\x00\x00\x0f\xe0\x00\x03\xfc\x00\x00\x1f\xe0\x00\x03\xfc\x00\x00\x1f\xc0\x00\x01\xfe\x00\x00\x1f\xc0\x00\x01\xfe\x00\x00?\xc0\x00\x00\xff\x00\x00\x7f\x80\x00\x00\xff\x80\x00\x7f\x80\x00\x00\x7f\xc0\x01\xff\x00\x00\x00\x7f\xe0\x03\xfe\x00\x00\x00?\xf8\x0f\xfe\x00\x00\x00\x1f\xff\xff\xfc\x00\x00\x00\x0f\xff\xff\xf8\x00\x00\x00\x07\xff\xff\xf0\x00\x00\x00\x01\xff\xff\xc0\x00\x00\x00\x00\xff\xff\x00\x00\x00\x00\x00\x1f\xf8\x00\x00\x00\x00\x00\x00\x00\x00\x00\x00\x00\x00\x00\x00\x00\x00\x00\x00\x00\x00\x00\x00\x00\x00\x00\x00\x00\x00\x00\x00\x00\x00\x00\x00\x00\x00\x00\x00\x00\x00\x00\x00\x00\x00\x00\x00\x00\x00\x00\x00\x00\x00\x00\x00\x00\x00\x00\x00\x00\x00\x00\x00\x00\x00\x00\x00\x00\x00\x00\x00\x00\x00\x00\x00\x00\x00\x00\x00\x00\x00\x00\x00\x00\x00\x00\x00\x00\x00\x00\x00\x00\x00\x00\x00\x00\x00\x00\x00\x00\x00\x00\x00\x00\x00\x00\x00\x00\x00\x00\x00\x00\x00\x00\x00\x00\x00\x00\x00\x00\x00\x00\x00\x00\x00\x00\x00\x00\x00\x001',
  211:b'\x00\x00\x00\x07\xfe\x00\x00\x00\x00\x00\x07\xfe\x00\x00\x00\x00\x00\x0f\xfc\x00\x00\x00\x00\x00\x1f\xf8\x00\x00\x00\x00\x00?\xe0\x00\x00\x00\x00\x00?\xc0\x00\x00\x00\x00\x00\x7f\x80\x00\x00\x00\x00\x00\xfe\x00\x00\x00\x00\x00\x01\xfc\x00\x00\x00\x00\x00\x01\xf8\x00\x00\x00\x00\x00\x03\xf0\x00\x00\x00\x00\x00\x00\x00\x00\x00\x00\x00\x00\x00\x00\x00\x00\x00\x00\x00\x00\x00\x00\x00\x00\x00\x00\x00\x00\x00\x00\x00\x00\x00\x0f\xf8\x00\x00\x00\x00\x00\xff\xff\x00\x00\x00\x00\x03\xff\xff\xc0\x00\x00\x00\x07\xff\xff\xf0\x00\x00\x00\x0f\xff\xff\xf8\x00\x00\x00\x1f\xff\xff\xfc\x00\x00\x00?\xf8\x0f\xfe\x00\x00\x00\x7f\xe0\x03\xff\x00\x00\x00\x7f\x80\x01\xff\x00\x00\x00\xff\x00\x00\xff\x80\x00\x00\xfe\x00\x00\x7f\x80\x00\x01\xfe\x00\x00?\xc0\x00\x01\xfc\x00\x00?\xc0\x00\x03\xfc\x00\x00\x1f\xc0\x00\x03\xf8\x00\x00\x1f\xe0\x00\x03\xf8\x00\x00\x0f\xe0\x00\x07\xf8\x00\x00\x0f\xe0\x00\x07\xf0\x00\x00\x0f\xf0\x00\x07\xf0\x00\x00\x0f\xf0\x00\x07\xf0\x00\x00\x07\xf0\x00\x07\xf0\x00\x00\x07\xf0\x00\x0f\xf0\x00\x00\x07\xf0\x00\x0f\xe0\x00\x00\x07\xf0\x00\x0f\xe0\x00\x00\x07\xf8\x00\x0f\xe0\x00\x00\x03\xf8\x00\x0f\xe0\x00\x00\x03\xf8\x00\x0f\xe0\x00\x00\x03\xf8\x00\x0f\xe0\x00\x00\x03\xf8\x00\x0f\xe0\x00\x00\x03\xf8\x00\x0f\xe0\x00\x00\x03\xf8\x00\x0f\xe0\x00\x00\x03\xf8\x00\x0f\xe0\x00\x00\x03\xf8\x00\x0f\xe0\x00\x00\x03\xf8\x00\x0f\xe0\x00\x00\x03\xf8\x00\x0f\xe0\x00\x00\x03\xf8\x00\x0f\xe0\x00\x00\x03\xf8\x00\x0f\xe0\x00\x00\x03\xf8\x00\x0f\xe0\x00\x00\x03\xf8\x00\x0f\xe0\x00\x00\x03\xf8\x00\x0f\xe0\x00\x00\x03\xf8\x00\x0f\xe0\x00\x00\x03\xf8\x00\x0f\xf0\x00\x00\x07\xf0\x00\x0f\xf0\x00\x00\x07\xf0\x00\x07\xf0\x00\x00\x07\xf0\x00\x07\xf0\x00\x00\x07\xf0\x00\x07\xf0\x00\x00\x07\xf0\x00\x07\xf8\x00\x00\x0f\xf0\x00\x07\xf8\x00\x00\x0f\xe0\x00\x03\xf8\x00\x00\x0f\xe0\x00\x03\xfc\x00\x00\x1f\xe0\x00\x03\xfc\x00\x00\x1f\xc0\x00\x01\xfe\x00\x00\x1f\xc0\x00\x01\xfe\x00\x00?\xc0\x00\x00\xff\x00\x00\x7f\x80\x00\x00\xff\x80\x00\x7f\x80\x00\x00\x7f\xc0\x01\xff\x00\x00\x00\x7f\xe0\x03\xfe\x00\x00\x00?\xf8\x0f\xfe\x00\x00\x00\x1f\xff\xff\xfc\x00\x00\x00\x0f\xff\xff\xf8\x00\x00\x00\x07\xff\xff\xf0\x00\x00\x00\x01\xff\xff\xc0\x00\x00\x00\x00\xff\xff\x00\x00\x00\x00\x00\x1f\xf8\x00\x00\x00\x00\x00\x00\x00\x00\x00\x00\x00\x00\x00\x00\x00\x00\x00\x00\x00\x00\x00\x00\x00\x00\x00\x00\x00\x00\x00\x00\x00\x00\x00\x00\x00\x00\x00\x00\x00\x00\x00\x00\x00\x00\x00\x00\x00\x00\x00\x00\x00\x00\x00\x00\x00\x00\x00\x00\x00\x00\x00\x00\x00\x00\x00\x00\x00\x00\x00\x00\x00\x00\x00\x00\x00\x00\x00\x00\x00\x00\x00\x00\x00\x00\x00\x00\x00\x00\x00\x00\x00\x00\x00\x00\x00\x00\x00\x00\x00\x00\x00\x00\x00\x00\x00\x00\x00\x00\x00\x00\x00\x00\x00\x00\x00\x00\x00\x00\x00\x00\x00\x00\x00\x00\x00\x00\x00\x00\x001',
  212:b'\x00\x00\x00\x00\x00\x00\x00\x00\x00\x03\xe0\x00\x00\x00\x00\x00\x07\xf0\x00\x00\x00\x00\x00\x0f\xf8\x00\x00\x00\x00\x00\x1f\xfc\x00\x00\x00\x00\x00\x7f~\x00\x00\x00\x00\x00\xff\x7f\x00\x00\x00\x00\x01\xfe?\x80\x00\x00\x00\x03\xfc\x1f\xc0\x00\x00\x00\x07\xf8\x0f\xe0\x00\x00\x00\x07\xf0\x0f\xf0\x00\x00\x00\x07\xe0\x07\xf0\x00\x00\x00\x00\x00\x00\x00\x00\x00\x00\x00\x00\x00\x00\x00\x00\x00\x00\x00\x00\x00\x00\x00\x00\x00\x0f\xf8\x00\x00\x00\x00\x00\xff\xff\x00\x00\x00\x00\x03\xff\xff\xc0\x00\x00\x00\x07\xff\xff\xf0\x00\x00\x00\x0f\xff\xff\xf8\x00\x00\x00\x1f\xff\xff\xfc\x00\x00\x00?\xf8\x0f\xfe\x00\x00\x00\x7f\xe0\x03\xff\x00\x00\x00\x7f\x80\x01\xff\x00\x00\x00\xff\x00\x00\xff\x80\x00\x00\xfe\x00\x00\x7f\x80\x00\x01\xfe\x00\x00?\xc0\x00\x01\xfc\x00\x00?\xc0\x00\x03\xfc\x00\x00\x1f\xc0\x00\x03\xf8\x00\x00\x1f\xe0\x00\x03\xf8\x00\x00\x0f\xe0\x00\x07\xf8\x00\x00\x0f\xe0\x00\x07\xf0\x00\x00\x0f\xf0\x00\x07\xf0\x00\x00\x0f\xf0\x00\x07\xf0\x00\x00\x07\xf0\x00\x07\xf0\x00\x00\x07\xf0\x00\x0f\xf0\x00\x00\x07\xf0\x00\x0f\xe0\x00\x00\x07\xf0\x00\x0f\xe0\x00\x00\x07\xf8\x00\x0f\xe0\x00\x00\x03\xf8\x00\x0f\xe0\x00\x00\x03\xf8\x00\x0f\xe0\x00\x00\x03\xf8\x00\x0f\xe0\x00\x00\x03\xf8\x00\x0f\xe0\x00\x00\x03\xf8\x00\x0f\xe0\x00\x00\x03\xf8\x00\x0f\xe0\x00\x00\x03\xf8\x00\x0f\xe0\x00\x00\x03\xf8\x00\x0f\xe0\x00\x00\x03\xf8\x00\x0f\xe0\x00\x00\x03\xf8\x00\x0f\xe0\x00\x00\x03\xf8\x00\x0f\xe0\x00\x00\x03\xf8\x00\x0f\xe0\x00\x00\x03\xf8\x00\x0f\xe0\x00\x00\x03\xf8\x00\x0f\xe0\x00\x00\x03\xf8\x00\x0f\xe0\x00\x00\x03\xf8\x00\x0f\xe0\x00\x00\x03\xf8\x00\x0f\xf0\x00\x00\x07\xf0\x00\x0f\xf0\x00\x00\x07\xf0\x00\x07\xf0\x00\x00\x07\xf0\x00\x07\xf0\x00\x00\x07\xf0\x00\x07\xf0\x00\x00\x07\xf0\x00\x07\xf8\x00\x00\x0f\xf0\x00\x07\xf8\x00\x00\x0f\xe0\x00\x03\xf8\x00\x00\x0f\xe0\x00\x03\xfc\x00\x00\x1f\xe0\x00\x03\xfc\x00\x00\x1f\xc0\x00\x01\xfe\x00\x00\x1f\xc0\x00\x01\xfe\x00\x00?\xc0\x00\x00\xff\x00\x00\x7f\x80\x00\x00\xff\x80\x00\x7f\x80\x00\x00\x7f\xc0\x01\xff\x00\x00\x00\x7f\xe0\x03\xfe\x00\x00\x00?\xf8\x0f\xfe\x00\x00\x00\x1f\xff\xff\xfc\x00\x00\x00\x0f\xff\xff\xf8\x00\x00\x00\x07\xff\xff\xf0\x00\x00\x00\x01\xff\xff\xc0\x00\x00\x00\x00\xff\xff\x00\x00\x00\x00\x00\x1f\xf8\x00\x00\x00\x00\x00\x00\x00\x00\x00\x00\x00\x00\x00\x00\x00\x00\x00\x00\x00\x00\x00\x00\x00\x00\x00\x00\x00\x00\x00\x00\x00\x00\x00\x00\x00\x00\x00\x00\x00\x00\x00\x00\x00\x00\x00\x00\x00\x00\x00\x00\x00\x00\x00\x00\x00\x00\x00\x00\x00\x00\x00\x00\x00\x00\x00\x00\x00\x00\x00\x00\x00\x00\x00\x00\x00\x00\x00\x00\x00\x00\x00\x00\x00\x00\x00\x00\x00\x00\x00\x00\x00\x00\x00\x00\x00\x00\x00\x00\x00\x00\x00\x00\x00\x00\x00\x00\x00\x00\x00\x00\x00\x00\x00\x00\x00\x00\x00\x00\x00\x00\x00\x00\x00\x00\x00\x00\x00\x00\x001',
  213:b'\x00\x00\x00\x00\x00\x00\x00\x00\x00\x00\x00\x00\x00\x00\x00\x00\x00\x00\x00\x00\x00\x00\x00?\x00\x00\x00\x00\x00\x00\xff\xc0 \x00\x00\x00\x01\xff\xf0p\x00\x00\x00\x03\xff\xff\xf0\x00\x00\x00\x07\xff\xff\xf8\x00\x00\x00\x0f\xff\xff\xf0\x00\x00\x00\x07\x83\xff\xe0\x00\x00\x00\x03\x00\xff\xc0\x00\x00\x00\x02\x00\x1f\x00\x00\x00\x00\x00\x00\x00\x00\x00\x00\x00\x00\x00\x00\x00\x00\x00\x00\x00\x00\x00\x00\x00\x00\x00\x00\x0f\xf8\x00\x00\x00\x00\x00\xff\xff\x00\x00\x00\x00\x03\xff\xff\xc0\x00\x00\x00\x07\xff\xff\xf0\x00\x00\x00\x0f\xff\xff\xf8\x00\x00\x00\x1f\xff\xff\xfc\x00\x00\x00?\xf8\x0f\xfe\x00\x00\x00\x7f\xe0\x03\xff\x00\x00\x00\x7f\x80\x01\xff\x00\x00\x00\xff\x00\x00\xff\x80\x00\x00\xfe\x00\x00\x7f\x80\x00\x01\xfe\x00\x00?\xc0\x00\x01\xfc\x00\x00?\xc0\x00\x03\xfc\x00\x00\x1f\xc0\x00\x03\xf8\x00\x00\x1f\xe0\x00\x03\xf8\x00\x00\x0f\xe0\x00\x07\xf8\x00\x00\x0f\xe0\x00\x07\xf0\x00\x00\x0f\xf0\x00\x07\xf0\x00\x00\x0f\xf0\x00\x07\xf0\x00\x00\x07\xf0\x00\x07\xf0\x00\x00\x07\xf0\x00\x0f\xf0\x00\x00\x07\xf0\x00\x0f\xe0\x00\x00\x07\xf0\x00\x0f\xe0\x00\x00\x07\xf8\x00\x0f\xe0\x00\x00\x03\xf8\x00\x0f\xe0\x00\x00\x03\xf8\x00\x0f\xe0\x00\x00\x03\xf8\x00\x0f\xe0\x00\x00\x03\xf8\x00\x0f\xe0\x00\x00\x03\xf8\x00\x0f\xe0\x00\x00\x03\xf8\x00\x0f\xe0\x00\x00\x03\xf8\x00\x0f\xe0\x00\x00\x03\xf8\x00\x0f\xe0\x00\x00\x03\xf8\x00\x0f\xe0\x00\x00\x03\xf8\x00\x0f\xe0\x00\x00\x03\xf8\x00\x0f\xe0\x00\x00\x03\xf8\x00\x0f\xe0\x00\x00\x03\xf8\x00\x0f\xe0\x00\x00\x03\xf8\x00\x0f\xe0\x00\x00\x03\xf8\x00\x0f\xe0\x00\x00\x03\xf8\x00\x0f\xe0\x00\x00\x03\xf8\x00\x0f\xf0\x00\x00\x07\xf0\x00\x0f\xf0\x00\x00\x07\xf0\x00\x07\xf0\x00\x00\x07\xf0\x00\x07\xf0\x00\x00\x07\xf0\x00\x07\xf0\x00\x00\x07\xf0\x00\x07\xf8\x00\x00\x0f\xf0\x00\x07\xf8\x00\x00\x0f\xe0\x00\x03\xf8\x00\x00\x0f\xe0\x00\x03\xfc\x00\x00\x1f\xe0\x00\x03\xfc\x00\x00\x1f\xc0\x00\x01\xfe\x00\x00\x1f\xc0\x00\x01\xfe\x00\x00?\xc0\x00\x00\xff\x00\x00\x7f\x80\x00\x00\xff\x80\x00\x7f\x80\x00\x00\x7f\xc0\x01\xff\x00\x00\x00\x7f\xe0\x03\xfe\x00\x00\x00?\xf8\x0f\xfe\x00\x00\x00\x1f\xff\xff\xfc\x00\x00\x00\x0f\xff\xff\xf8\x00\x00\x00\x07\xff\xff\xf0\x00\x00\x00\x01\xff\xff\xc0\x00\x00\x00\x00\xff\xff\x00\x00\x00\x00\x00\x1f\xf8\x00\x00\x00\x00\x00\x00\x00\x00\x00\x00\x00\x00\x00\x00\x00\x00\x00\x00\x00\x00\x00\x00\x00\x00\x00\x00\x00\x00\x00\x00\x00\x00\x00\x00\x00\x00\x00\x00\x00\x00\x00\x00\x00\x00\x00\x00\x00\x00\x00\x00\x00\x00\x00\x00\x00\x00\x00\x00\x00\x00\x00\x00\x00\x00\x00\x00\x00\x00\x00\x00\x00\x00\x00\x00\x00\x00\x00\x00\x00\x00\x00\x00\x00\x00\x00\x00\x00\x00\x00\x00\x00\x00\x00\x00\x00\x00\x00\x00\x00\x00\x00\x00\x00\x00\x00\x00\x00\x00\x00\x00\x00\x00\x00\x00\x00\x00\x00\x00\x00\x00\x00\x00\x00\x00\x00\x00\x00\x00\x001',
  214:b'\x00\x00\x00\x00\x00\x00\x00\x00\x00\x00\x00\x00\x00\x00\x00\x00\x00\x00\x00\x00\x00\x00\x01\xf0\x07\xc0\x00\x00\x00\x03\xf8\x0f\xe0\x00\x00\x00\x07\xf8\x0f\xe0\x00\x00\x00\x07\xf8\x1f\xf0\x00\x00\x00\x07\xfc\x1f\xf0\x00\x00\x00\x07\xf8\x0f\xe0\x00\x00\x00\x03\xf8\x0f\xe0\x00\x00\x00\x01\xf0\x07\xc0\x00\x00\x00\x00\x00\x00\x00\x00\x00\x00\x00\x00\x00\x00\x00\x00\x00\x00\x00\x00\x00\x00\x00\x00\x00\x00\x00\x00\x00\x00\x00\x00\x0f\xf8\x00\x00\x00\x00\x00\xff\xff\x00\x00\x00\x00\x03\xff\xff\xc0\x00\x00\x00\x07\xff\xff\xf0\x00\x00\x00\x0f\xff\xff\xf8\x00\x00\x00\x1f\xff\xff\xfc\x00\x00\x00?\xf8\x0f\xfe\x00\x00\x00\x7f\xe0\x03\xff\x00\x00\x00\x7f\x80\x01\xff\x00\x00\x00\xff\x00\x00\xff\x80\x00\x00\xfe\x00\x00\x7f\x80\x00\x01\xfe\x00\x00?\xc0\x00\x01\xfc\x00\x00?\xc0\x00\x03\xfc\x00\x00\x1f\xc0\x00\x03\xf8\x00\x00\x1f\xe0\x00\x03\xf8\x00\x00\x0f\xe0\x00\x07\xf8\x00\x00\x0f\xe0\x00\x07\xf0\x00\x00\x0f\xf0\x00\x07\xf0\x00\x00\x0f\xf0\x00\x07\xf0\x00\x00\x07\xf0\x00\x07\xf0\x00\x00\x07\xf0\x00\x0f\xf0\x00\x00\x07\xf0\x00\x0f\xe0\x00\x00\x07\xf0\x00\x0f\xe0\x00\x00\x07\xf8\x00\x0f\xe0\x00\x00\x03\xf8\x00\x0f\xe0\x00\x00\x03\xf8\x00\x0f\xe0\x00\x00\x03\xf8\x00\x0f\xe0\x00\x00\x03\xf8\x00\x0f\xe0\x00\x00\x03\xf8\x00\x0f\xe0\x00\x00\x03\xf8\x00\x0f\xe0\x00\x00\x03\xf8\x00\x0f\xe0\x00\x00\x03\xf8\x00\x0f\xe0\x00\x00\x03\xf8\x00\x0f\xe0\x00\x00\x03\xf8\x00\x0f\xe0\x00\x00\x03\xf8\x00\x0f\xe0\x00\x00\x03\xf8\x00\x0f\xe0\x00\x00\x03\xf8\x00\x0f\xe0\x00\x00\x03\xf8\x00\x0f\xe0\x00\x00\x03\xf8\x00\x0f\xe0\x00\x00\x03\xf8\x00\x0f\xe0\x00\x00\x03\xf8\x00\x0f\xf0\x00\x00\x07\xf0\x00\x0f\xf0\x00\x00\x07\xf0\x00\x07\xf0\x00\x00\x07\xf0\x00\x07\xf0\x00\x00\x07\xf0\x00\x07\xf0\x00\x00\x07\xf0\x00\x07\xf8\x00\x00\x0f\xf0\x00\x07\xf8\x00\x00\x0f\xe0\x00\x03\xf8\x00\x00\x0f\xe0\x00\x03\xfc\x00\x00\x1f\xe0\x00\x03\xfc\x00\x00\x1f\xc0\x00\x01\xfe\x00\x00\x1f\xc0\x00\x01\xfe\x00\x00?\xc0\x00\x00\xff\x00\x00\x7f\x80\x00\x00\xff\x80\x00\x7f\x80\x00\x00\x7f\xc0\x01\xff\x00\x00\x00\x7f\xe0\x03\xfe\x00\x00\x00?\xf8\x0f\xfe\x00\x00\x00\x1f\xff\xff\xfc\x00\x00\x00\x0f\xff\xff\xf8\x00\x00\x00\x07\xff\xff\xf0\x00\x00\x00\x01\xff\xff\xc0\x00\x00\x00\x00\xff\xff\x00\x00\x00\x00\x00\x1f\xf8\x00\x00\x00\x00\x00\x00\x00\x00\x00\x00\x00\x00\x00\x00\x00\x00\x00\x00\x00\x00\x00\x00\x00\x00\x00\x00\x00\x00\x00\x00\x00\x00\x00\x00\x00\x00\x00\x00\x00\x00\x00\x00\x00\x00\x00\x00\x00\x00\x00\x00\x00\x00\x00\x00\x00\x00\x00\x00\x00\x00\x00\x00\x00\x00\x00\x00\x00\x00\x00\x00\x00\x00\x00\x00\x00\x00\x00\x00\x00\x00\x00\x00\x00\x00\x00\x00\x00\x00\x00\x00\x00\x00\x00\x00\x00\x00\x00\x00\x00\x00\x00\x00\x00\x00\x00\x00\x00\x00\x00\x00\x00\x00\x00\x00\x00\x00\x00\x00\x00\x00\x00\x00\x00\x00\x00\x00\x00\x00\x001',
  215:b'\x00\x00\x00\x00\x00\x00\x00\x00\x00\x00\x00\x00\x00\x00\x00\x00\x00\x00\x00\x00\x00\x00\x00\x00\x00\x00\x00\x00\x00\x00\x00\x00\x00\x00\x00\x00\x00\x00\x00\x00\x00\x00\x00\x00\x00\x00\x00\x00\x00\x00\x00\x00\x00\x00\x00\x00\x00\x00\x00\x00\x00\x00\x00\x00\x00\x00\x00\x00\x00\x00\x00\x00\x00\x00\x00\x00\x00\x00\x00\x00\x00\x00\x00\x00\x00\x00\x00\x00\x00\x00\x00\x00\x00\x00\x00\x00\x00\x00\x00\x00\x00\x00\x00\x00\x00\x00\x00\x00\x00\x00\x00\x00\x00\x00\x00\x00\x00\x00\x00\x00\x00\x00\x00\x00\x00\x00\x00\x00\x00\x00\x00\x00\x00\x00\x00\x00\x00\x00\x00\x00\x00\x00\x00\x00\x00\x00\x00\x00\x00\x00\x00\x00\x00\x00\x00\x00\x00\x00\x00\x00\x00@\x00\x10\x00\x00\xe0\x00\x18\x00\x01\xe0\x00>\x00\x07\xf0\x00\x7f\x00\x07\xf8\x00\xff\x00\x03\xfc\x01\xfe\x00\x01\xfe\x03\xfc\x00\x00\xff\x07\xf8\x00\x00\x7f\x87\xf0\x00\x00\x7f\x8f\xf0\x00\x00?\xdf\xe0\x00\x00\x1f\xff\xc0\x00\x00\x0f\xff\x80\x00\x00\x07\xff\x00\x00\x00\x03\xfe\x00\x00\x00\x03\xfe\x00\x00\x00\x03\xfe\x00\x00\x00\x07\xff\x00\x00\x00\x0f\xff\x80\x00\x00\x1f\xff\xc0\x00\x00?\xdf\xe0\x00\x00\x7f\x8f\xf0\x00\x00\x7f\x07\xf8\x00\x00\xff\x07\xf8\x00\x01\xfe\x03\xfc\x00\x03\xfc\x01\xfe\x00\x07\xf8\x00\xff\x00\x07\xf0\x00\x7f\x00\x03\xe0\x00>\x00\x01\xc0\x00\x18\x00\x00@\x00\x10\x00\x00\x00\x00\x00\x00\x00\x00\x00\x00\x00\x00\x00\x00\x00\x00\x00\x00\x00\x00\x00\x00\x00\x00\x00\x00\x00\x00\x00\x00\x00\x00\x00\x00\x00\x00\x00\x00\x00\x00\x00\x00\x00\x00\x00\x00\x00\x00\x00\x00\x00\x00\x00\x00\x00\x00\x00\x00\x00\x00\x00\x00\x00\x00\x00\x00\x00\x00\x00\x00\x00\x00\x00\x00\x00\x00\x00\x00\x00\x00\x00\x00\x00\x00\x00\x00\x00\x00\x00\x00\x00\x00\x00\x00\x00\x00\x00\x00\x00\x00\x00\x00\x00\x00\x00\x00\x00\x00\x00\x00\x00\x00\x00\x00\x00\x00\x00\x00\x00\x00\x00\x00\x00\x00\x00\x00\x00\x00\x00\x00\x00\x00\x00\x00\x00\x00\x00\x00\x00\x00\x00\x00\x00\x00\x00\x00\x00\x00\x00\x00\x00\x00\x00\x00\x00\x00\x00\x00\x00\x00\x00\x00\x00\x00\x00\x00\x00\x00\x00\x00\x00%',
  216:b'\x00\x00\x00\x00\x00\x00\x00\x00\x00\x00\x00\x00\x00\x00\x00\x00\x00\x00\x00\x00\x00\x00\x00\x00\x00\x00\x00\x00\x00\x00\x00\x00\x00\x00\x00\x00\x00\x00\x00\x00\x00\x00\x00\x00\x00\x00\x00\x00\x00\x00\x00\x00\x00\x00\x00\x00\x00\x00\x00\x00\x00\x00\x00\x00\x00\x00\x00\x00\x00\x00\x00\x00\x00\x00\x00\x00\x00\x00\x00\x00\x00\x00\x00\x00\x00\x00\x00\x00\x00\x00\x00\x00\x00\x00\x00\x00\x00\x00\x00\x00\x00\x00\x00\x00\x00\x00\x00\x0f\xf8\x01\x80\x00\x00\x00\xff\xff\x01\xe0\x00\x00\x03\xff\xff\xc3\xf0\x00\x00\x07\xff\xff\xf3\xe0\x00\x00\x0f\xff\xff\xff\xe0\x00\x00\x1f\xff\xff\xff\xc0\x00\x00?\xf8\x0f\xff\xc0\x00\x00\x7f\xe0\x03\xff\x80\x00\x00\x7f\x80\x01\xff\x00\x00\x00\xff\x00\x00\xff\x80\x00\x00\xfe\x00\x00\x7f\x80\x00\x01\xfe\x00\x00\x7f\xc0\x00\x01\xfc\x00\x00\x7f\xc0\x00\x03\xfc\x00\x00\xff\xc0\x00\x03\xf8\x00\x01\xff\xe0\x00\x03\xf8\x00\x01\xff\xe0\x00\x07\xf8\x00\x03\xff\xe0\x00\x07\xf0\x00\x03\xef\xf0\x00\x07\xf0\x00\x07\xef\xf0\x00\x07\xf0\x00\x07\xc7\xf0\x00\x07\xf0\x00\x0f\xc7\xf0\x00\x0f\xf0\x00\x0f\x87\xf0\x00\x0f\xe0\x00\x1f\x87\xf0\x00\x0f\xe0\x00?\x07\xf8\x00\x0f\xe0\x00?\x03\xf8\x00\x0f\xe0\x00~\x03\xf8\x00\x0f\xe0\x00|\x03\xf8\x00\x0f\xe0\x00\xfc\x03\xf8\x00\x0f\xe0\x00\xf8\x03\xf8\x00\x0f\xe0\x01\xf8\x03\xf8\x00\x0f\xe0\x03\xf0\x03\xf8\x00\x0f\xe0\x03\xf0\x03\xf8\x00\x0f\xe0\x07\xe0\x03\xf8\x00\x0f\xe0\x07\xe0\x03\xf8\x00\x0f\xe0\x0f\xc0\x03\xf8\x00\x0f\xe0\x0f\x80\x03\xf8\x00\x0f\xe0\x1f\x80\x03\xf8\x00\x0f\xe0\x1f\x00\x03\xf8\x00\x0f\xe0?\x00\x03\xf8\x00\x0f\xe0~\x00\x03\xf8\x00\x0f\xe0~\x00\x03\xf8\x00\x0f\xf0\xfc\x00\x07\xf0\x00\x0f\xf0\xfc\x00\x07\xf0\x00\x07\xf1\xf8\x00\x07\xf0\x00\x07\xf1\xf0\x00\x07\xf0\x00\x07\xf3\xf0\x00\x07\xf0\x00\x07\xfb\xe0\x00\x0f\xf0\x00\x07\xff\xe0\x00\x0f\xe0\x00\x03\xff\xc0\x00\x0f\xe0\x00\x03\xff\xc0\x00\x1f\xe0\x00\x03\xff\x80\x00\x1f\xc0\x00\x01\xff\x80\x00\x1f\xc0\x00\x01\xff\x00\x00?\xc0\x00\x01\xff\x00\x00\x7f\x80\x00\x00\xff\x80\x00\x7f\x80\x00\x00\xff\xc0\x01\xff\x00\x00\x00\xff\xe0\x03\xfe\x00\x00\x01\xff\xf8\x0f\xfe\x00\x00\x01\xff\xff\xff\xfc\x00\x00\x03\xff\xff\xff\xf8\x00\x00\x03\xe7\xff\xff\xf0\x00\x00\x07\xe3\xff\xff\xc0\x00\x00\x01\xc0\xff\xff\x00\x00\x00\x00@\x0f\xf8\x00\x00\x00\x00\x00\x00\x00\x00\x00\x00\x00\x00\x00\x00\x00\x00\x00\x00\x00\x00\x00\x00\x00\x00\x00\x00\x00\x00\x00\x00\x00\x00\x00\x00\x00\x00\x00\x00\x00\x00\x00\x00\x00\x00\x00\x00\x00\x00\x00\x00\x00\x00\x00\x00\x00\x00\x00\x00\x00\x00\x00\x00\x00\x00\x00\x00\x00\x00\x00\x00\x00\x00\x00\x00\x00\x00\x00\x00\x00\x00\x00\x00\x00\x00\x00\x00\x00\x00\x00\x00\x00\x00\x00\x00\x00\x00\x00\x00\x00\x00\x00\x00\x00\x00\x00\x00\x00\x00\x00\x00\x00\x00\x00\x00\x00\x00\x00\x00\x00\x00\x00\x00\x00\x00\x00\x00\x00\x00\x001',
  217:b'\x00\x0f\xf8\x00\x00\x00\x00\x0f\xfc\x00\x00\x00\x00\x07\xfe\x00\x00\x00\x00\x03\xfe\x00\x00\x00\x00\x01\xff\x00\x00\x00\x00\x00\xff\x80\x00\x00\x00\x00?\xc0\x00\x00\x00\x00\x1f\xc0\x00\x00\x00\x00\x0f\xe0\x00\x00\x00\x00\x07\xf0\x00\x00\x00\x00\x01\xf8\x00\x00\x00\x00\x00\x00\x00\x00\x00\x00\x00\x00\x00\x00\x00\x00\x00\x00\x00\x00\x00\x00\x00\x00\x00\x00\x00\x00\x00\x00\x00\x00\x03\xf0\x00\x00?\x80\x03\xf0\x00\x00?\x80\x03\xf0\x00\x00?\x80\x03\xf0\x00\x00?\x80\x03\xf0\x00\x00?\x80\x03\xf0\x00\x00?\x80\x03\xf0\x00\x00?\x80\x03\xf0\x00\x00?\x80\x03\xf0\x00\x00?\x80\x03\xf0\x00\x00?\x80\x03\xf0\x00\x00?\x80\x03\xf0\x00\x00?\x80\x03\xf0\x00\x00?\x80\x03\xf0\x00\x00?\x80\x03\xf0\x00\x00?\x80\x03\xf0\x00\x00?\x80\x03\xf0\x00\x00?\x80\x03\xf0\x00\x00?\x80\x03\xf0\x00\x00?\x80\x03\xf0\x00\x00?\x80\x03\xf0\x00\x00?\x80\x03\xf0\x00\x00?\x80\x03\xf0\x00\x00?\x80\x03\xf0\x00\x00?\x80\x03\xf0\x00\x00?\x80\x03\xf0\x00\x00?\x80\x03\xf0\x00\x00?\x80\x03\xf0\x00\x00?\x80\x03\xf0\x00\x00?\x80\x03\xf0\x00\x00?\x80\x03\xf0\x00\x00?\x80\x03\xf0\x00\x00?\x80\x03\xf0\x00\x00?\x80\x03\xf0\x00\x00?\x80\x03\xf0\x00\x00?\x80\x03\xf0\x00\x00?\x80\x03\xf0\x00\x00?\x80\x03\xf0\x00\x00?\x80\x03\xf0\x00\x00?\x80\x03\xf0\x00\x00?\x80\x03\xf0\x00\x00?\x80\x03\xf0\x00\x00?\x80\x03\xf0\x00\x00?\x80\x03\xf0\x00\x00?\x80\x03\xf8\x00\x00?\x80\x03\xf8\x00\x00?\x80\x03\xf8\x00\x00?\x00\x03\xf8\x00\x00?\x00\x03\xf8\x00\x00\x7f\x00\x03\xf8\x00\x00\x7f\x00\x03\xfc\x00\x00\x7f\x00\x01\xfc\x00\x00\x7f\x00\x01\xfe\x00\x00\xfe\x00\x01\xfe\x00\x00\xfe\x00\x00\xff\x00\x01\xfc\x00\x00\xff\x80\x03\xfc\x00\x00\x7f\xf0\x1f\xf8\x00\x00\x7f\xff\xff\xf8\x00\x00?\xff\xff\xf0\x00\x00\x1f\xff\xff\xe0\x00\x00\x07\xff\xff\x80\x00\x00\x01\xff\xfe\x00\x00\x00\x00?\xf8\x00\x00\x00\x00\x00\x00\x00\x00\x00\x00\x00\x00\x00\x00\x00\x00\x00\x00\x00\x00\x00\x00\x00\x00\x00\x00\x00\x00\x00\x00\x00\x00\x00\x00\x00\x00\x00\x00\x00\x00\x00\x00\x00\x00\x00\x00\x00\x00\x00\x00\x00\x00\x00\x00\x00\x00\x00\x00\x00\x00\x00\x00\x00\x00\x00\x00\x00\x00\x00\x00\x00\x00\x00\x00\x00\x00\x00\x00\x00\x00\x00\x00\x00\x00\x00\x00\x00\x00\x00\x00\x00\x00\x00\x00\x00\x00\x00\x00\x00\x00\x00\x00\x00\x00\x00\x00\x00\x00\x00\x00.',
  218:b'\x00\x00\x00\x1f\xf0\x00\x00\x00\x00\x1f\xf0\x00\x00\x00\x00?\xf0\x00\x00\x00\x00\x7f\xe0\x00\x00\x00\x00\xff\x80\x00\x00\x00\x00\xff\x00\x00\x00\x00\x01\xfe\x00\x00\x00\x00\x03\xf8\x00\x00\x00\x00\x07\xf0\x00\x00\x00\x00\x07\xe0\x00\x00\x00\x00\x0f\x80\x00\x00\x00\x00\x10\x00\x00\x00\x00\x00\x00\x00\x00\x00\x00\x00\x00\x00\x00\x00\x00\x00\x00\x00\x00\x00\x00\x00\x00\x00\x00\x00\x03\xf0\x00\x00?\x80\x03\xf0\x00\x00?\x80\x03\xf0\x00\x00?\x80\x03\xf0\x00\x00?\x80\x03\xf0\x00\x00?\x80\x03\xf0\x00\x00?\x80\x03\xf0\x00\x00?\x80\x03\xf0\x00\x00?\x80\x03\xf0\x00\x00?\x80\x03\xf0\x00\x00?\x80\x03\xf0\x00\x00?\x80\x03\xf0\x00\x00?\x80\x03\xf0\x00\x00?\x80\x03\xf0\x00\x00?\x80\x03\xf0\x00\x00?\x80\x03\xf0\x00\x00?\x80\x03\xf0\x00\x00?\x80\x03\xf0\x00\x00?\x80\x03\xf0\x00\x00?\x80\x03\xf0\x00\x00?\x80\x03\xf0\x00\x00?\x80\x03\xf0\x00\x00?\x80\x03\xf0\x00\x00?\x80\x03\xf0\x00\x00?\x80\x03\xf0\x00\x00?\x80\x03\xf0\x00\x00?\x80\x03\xf0\x00\x00?\x80\x03\xf0\x00\x00?\x80\x03\xf0\x00\x00?\x80\x03\xf0\x00\x00?\x80\x03\xf0\x00\x00?\x80\x03\xf0\x00\x00?\x80\x03\xf0\x00\x00?\x80\x03\xf0\x00\x00?\x80\x03\xf0\x00\x00?\x80\x03\xf0\x00\x00?\x80\x03\xf0\x00\x00?\x80\x03\xf0\x00\x00?\x80\x03\xf0\x00\x00?\x80\x03\xf0\x00\x00?\x80\x03\xf0\x00\x00?\x80\x03\xf0\x00\x00?\x80\x03\xf0\x00\x00?\x80\x03\xf0\x00\x00?\x80\x03\xf8\x00\x00?\x80\x03\xf8\x00\x00?\x80\x03\xf8\x00\x00?\x00\x03\xf8\x00\x00?\x00\x03\xf8\x00\x00\x7f\x00\x03\xf8\x00\x00\x7f\x00\x03\xfc\x00\x00\x7f\x00\x01\xfc\x00\x00\x7f\x00\x01\xfe\x00\x00\xfe\x00\x01\xfe\x00\x00\xfe\x00\x00\xff\x00\x01\xfc\x00\x00\xff\x80\x03\xfc\x00\x00\x7f\xf0\x1f\xf8\x00\x00\x7f\xff\xff\xf8\x00\x00?\xff\xff\xf0\x00\x00\x1f\xff\xff\xe0\x00\x00\x07\xff\xff\x80\x00\x00\x01\xff\xfe\x00\x00\x00\x00?\xf8\x00\x00\x00\x00\x00\x00\x00\x00\x00\x00\x00\x00\x00\x00\x00\x00\x00\x00\x00\x00\x00\x00\x00\x00\x00\x00\x00\x00\x00\x00\x00\x00\x00\x00\x00\x00\x00\x00\x00\x00\x00\x00\x00\x00\x00\x00\x00\x00\x00\x00\x00\x00\x00\x00\x00\x00\x00\x00\x00\x00\x00\x00\x00\x00\x00\x00\x00\x00\x00\x00\x00\x00\x00\x00\x00\x00\x00\x00\x00\x00\x00\x00\x00\x00\x00\x00\x00\x00\x00\x00\x00\x00\x00\x00\x00\x00\x00\x00\x00\x00\x00\x00\x00\x00\x00\x00\x00\x00\x00\x00.',
  219:b'\x00\x00\x00\x00\x00\x00\x00\x00\x07\xc0\x00\x00\x00\x00\x0f\xe0\x00\x00\x00\x00\x1f\xf0\x00\x00\x00\x00?\xf8\x00\x00\x00\x00~\xfc\x00\x00\x00\x00\xfe\xfe\x00\x00\x00\x03\xfc\x7f\x00\x00\x00\x07\xf8?\x80\x00\x00\x0f\xf0\x1f\xc0\x00\x00\x0f\xe0\x0f\xe0\x00\x00\x0f\xc0\x07\xe0\x00\x00\x00\x00\x00\x00\x00\x00\x00\x00\x00\x00\x00\x00\x00\x00\x00\x00\x00\x00\x00\x00\x00\x00\x00\x03\xf0\x00\x00?\x80\x03\xf0\x00\x00?\x80\x03\xf0\x00\x00?\x80\x03\xf0\x00\x00?\x80\x03\xf0\x00\x00?\x80\x03\xf0\x00\x00?\x80\x03\xf0\x00\x00?\x80\x03\xf0\x00\x00?\x80\x03\xf0\x00\x00?\x80\x03\xf0\x00\x00?\x80\x03\xf0\x00\x00?\x80\x03\xf0\x00\x00?\x80\x03\xf0\x00\x00?\x80\x03\xf0\x00\x00?\x80\x03\xf0\x00\x00?\x80\x03\xf0\x00\x00?\x80\x03\xf0\x00\x00?\x80\x03\xf0\x00\x00?\x80\x03\xf0\x00\x00?\x80\x03\xf0\x00\x00?\x80\x03\xf0\x00\x00?\x80\x03\xf0\x00\x00?\x80\x03\xf0\x00\x00?\x80\x03\xf0\x00\x00?\x80\x03\xf0\x00\x00?\x80\x03\xf0\x00\x00?\x80\x03\xf0\x00\x00?\x80\x03\xf0\x00\x00?\x80\x03\xf0\x00\x00?\x80\x03\xf0\x00\x00?\x80\x03\xf0\x00\x00?\x80\x03\xf0\x00\x00?\x80\x03\xf0\x00\x00?\x80\x03\xf0\x00\x00?\x80\x03\xf0\x00\x00?\x80\x03\xf0\x00\x00?\x80\x03\xf0\x00\x00?\x80\x03\xf0\x00\x00?\x80\x03\xf0\x00\x00?\x80\x03\xf0\x00\x00?\x80\x03\xf0\x00\x00?\x80\x03\xf0\x00\x00?\x80\x03\xf0\x00\x00?\x80\x03\xf0\x00\x00?\x80\x03\xf8\x00\x00?\x80\x03\xf8\x00\x00?\x80\x03\xf8\x00\x00?\x00\x03\xf8\x00\x00?\x00\x03\xf8\x00\x00\x7f\x00\x03\xf8\x00\x00\x7f\x00\x03\xfc\x00\x00\x7f\x00\x01\xfc\x00\x00\x7f\x00\x01\xfe\x00\x00\xfe\x00\x01\xfe\x00\x00\xfe\x00\x00\xff\x00\x01\xfc\x00\x00\xff\x80\x03\xfc\x00\x00\x7f\xf0\x1f\xf8\x00\x00\x7f\xff\xff\xf8\x00\x00?\xff\xff\xf0\x00\x00\x1f\xff\xff\xe0\x00\x00\x07\xff\xff\x80\x00\x00\x01\xff\xfe\x00\x00\x00\x00?\xf8\x00\x00\x00\x00\x00\x00\x00\x00\x00\x00\x00\x00\x00\x00\x00\x00\x00\x00\x00\x00\x00\x00\x00\x00\x00\x00\x00\x00\x00\x00\x00\x00\x00\x00\x00\x00\x00\x00\x00\x00\x00\x00\x00\x00\x00\x00\x00\x00\x00\x00\x00\x00\x00\x00\x00\x00\x00\x00\x00\x00\x00\x00\x00\x00\x00\x00\x00\x00\x00\x00\x00\x00\x00\x00\x00\x00\x00\x00\x00\x00\x00\x00\x00\x00\x00\x00\x00\x00\x00\x00\x00\x00\x00\x00\x00\x00\x00\x00\x00\x00\x00\x00\x00\x00\x00\x00\x00\x00\x00\x00.',
  220:b'\x00\x00\x00\x00\x00\x00\x00\x00\x00\x00\x00\x00\x00\x00\x00\x00\x00\x00\x00\x03\xc0\x0f\x00\x00\x00\x07\xe0\x1f\xc0\x00\x00\x0f\xf0?\xc0\x00\x00\x0f\xf0?\xc0\x00\x00\x0f\xf0?\xc0\x00\x00\x0f\xf0?\xc0\x00\x00\x07\xf0\x1f\xc0\x00\x00\x03\xc0\x0f\x00\x00\x00\x00\x00\x00\x00\x00\x00\x00\x00\x00\x00\x00\x00\x00\x00\x00\x00\x00\x00\x00\x00\x00\x00\x00\x00\x00\x00\x00\x00\x00\x03\xf0\x00\x00?\x80\x03\xf0\x00\x00?\x80\x03\xf0\x00\x00?\x80\x03\xf0\x00\x00?\x80\x03\xf0\x00\x00?\x80\x03\xf0\x00\x00?\x80\x03\xf0\x00\x00?\x80\x03\xf0\x00\x00?\x80\x03\xf0\x00\x00?\x80\x03\xf0\x00\x00?\x80\x03\xf0\x00\x00?\x80\x03\xf0\x00\x00?\x80\x03\xf0\x00\x00?\x80\x03\xf0\x00\x00?\x80\x03\xf0\x00\x00?\x80\x03\xf0\x00\x00?\x80\x03\xf0\x00\x00?\x80\x03\xf0\x00\x00?\x80\x03\xf0\x00\x00?\x80\x03\xf0\x00\x00?\x80\x03\xf0\x00\x00?\x80\x03\xf0\x00\x00?\x80\x03\xf0\x00\x00?\x80\x03\xf0\x00\x00?\x80\x03\xf0\x00\x00?\x80\x03\xf0\x00\x00?\x80\x03\xf0\x00\x00?\x80\x03\xf0\x00\x00?\x80\x03\xf0\x00\x00?\x80\x03\xf0\x00\x00?\x80\x03\xf0\x00\x00?\x80\x03\xf0\x00\x00?\x80\x03\xf0\x00\x00?\x80\x03\xf0\x00\x00?\x80\x03\xf0\x00\x00?\x80\x03\xf0\x00\x00?\x80\x03\xf0\x00\x00?\x80\x03\xf0\x00\x00?\x80\x03\xf0\x00\x00?\x80\x03\xf0\x00\x00?\x80\x03\xf0\x00\x00?\x80\x03\xf0\x00\x00?\x80\x03\xf0\x00\x00?\x80\x03\xf0\x00\x00?\x80\x03\xf8\x00\x00?\x80\x03\xf8\x00\x00?\x80\x03\xf8\x00\x00?\x00\x03\xf8\x00\x00?\x00\x03\xf8\x00\x00\x7f\x00\x03\xf8\x00\x00\x7f\x00\x03\xfc\x00\x00\x7f\x00\x01\xfc\x00\x00\x7f\x00\x01\xfe\x00\x00\xfe\x00\x01\xfe\x00\x00\xfe\x00\x00\xff\x00\x01\xfc\x00\x00\xff\x80\x03\xfc\x00\x00\x7f\xf0\x1f\xf8\x00\x00\x7f\xff\xff\xf8\x00\x00?\xff\xff\xf0\x00\x00\x1f\xff\xff\xe0\x00\x00\x07\xff\xff\x80\x00\x00\x01\xff\xfe\x00\x00\x00\x00?\xf8\x00\x00\x00\x00\x00\x00\x00\x00\x00\x00\x00\x00\x00\x00\x00\x00\x00\x00\x00\x00\x00\x00\x00\x00\x00\x00\x00\x00\x00\x00\x00\x00\x00\x00\x00\x00\x00\x00\x00\x00\x00\x00\x00\x00\x00\x00\x00\x00\x00\x00\x00\x00\x00\x00\x00\x00\x00\x00\x00\x00\x00\x00\x00\x00\x00\x00\x00\x00\x00\x00\x00\x00\x00\x00\x00\x00\x00\x00\x00\x00\x00\x00\x00\x00\x00\x00\x00\x00\x00\x00\x00\x00\x00\x00\x00\x00\x00\x00\x00\x00\x00\x00\x00\x00\x00\x00\x00\x00\x00\x00.',
  221:b'\x00\x00\x00\x7f\xc0\x00\x00\x00\x00\xff\xc0\x00\x00\x00\x01\xff\x80\x00\x00\x00\x03\xff\x00\x00\x00\x00\x03\xfe\x00\x00\x00\x00\x07\xf8\x00\x00\x00\x00\x0f\xf0\x00\x00\x00\x00\x1f\xe0\x00\x00\x00\x00\x1f\x80\x00\x00\x00\x00?\x00\x00\x00\x00\x00~\x00\x00\x00\x00\x00\x00\x00\x00\x00\x00\x00\x00\x00\x00\x00\x00\x00\x00\x00\x00\x00\x00\x00\x00\x00\x00\x00\x00\x00\x00\x00\x00\x00\xff\x00\x00\x00\x7f\x00\x7f\x80\x00\x00\xfe\x00?\x80\x00\x00\xfe\x00?\xc0\x00\x01\xfe\x00?\xc0\x00\x01\xfc\x00\x1f\xe0\x00\x01\xfc\x00\x1f\xe0\x00\x03\xf8\x00\x0f\xe0\x00\x03\xf8\x00\x0f\xf0\x00\x07\xf0\x00\x07\xf0\x00\x07\xf0\x00\x07\xf8\x00\x07\xe0\x00\x03\xf8\x00\x0f\xe0\x00\x03\xf8\x00\x0f\xe0\x00\x03\xfc\x00\x1f\xc0\x00\x01\xfc\x00\x1f\xc0\x00\x01\xfe\x00\x1f\x80\x00\x00\xfe\x00?\x80\x00\x00\xff\x00?\x00\x00\x00\x7f\x00\x7f\x00\x00\x00\x7f\x00~\x00\x00\x00?\x80~\x00\x00\x00?\x80\xfe\x00\x00\x00?\xc0\xfc\x00\x00\x00\x1f\xc1\xfc\x00\x00\x00\x1f\xc1\xf8\x00\x00\x00\x0f\xe1\xf8\x00\x00\x00\x0f\xe3\xf0\x00\x00\x00\x07\xf3\xf0\x00\x00\x00\x07\xf3\xf0\x00\x00\x00\x03\xf7\xe0\x00\x00\x00\x03\xf7\xe0\x00\x00\x00\x03\xf7\xc0\x00\x00\x00\x01\xff\xc0\x00\x00\x00\x01\xff\x80\x00\x00\x00\x00\xff\x80\x00\x00\x00\x00\xff\x00\x00\x00\x00\x00\x7f\x00\x00\x00\x00\x00\x7f\x00\x00\x00\x00\x00\x7f\x00\x00\x00\x00\x00\x7f\x00\x00\x00\x00\x00\x7f\x00\x00\x00\x00\x00\x7f\x00\x00\x00\x00\x00\x7f\x00\x00\x00\x00\x00\x7f\x00\x00\x00\x00\x00\x7f\x00\x00\x00\x00\x00\x7f\x00\x00\x00\x00\x00\x7f\x00\x00\x00\x00\x00\x7f\x00\x00\x00\x00\x00\x7f\x00\x00\x00\x00\x00\x7f\x00\x00\x00\x00\x00\x7f\x00\x00\x00\x00\x00\x7f\x00\x00\x00\x00\x00\x7f\x00\x00\x00\x00\x00\x7f\x00\x00\x00\x00\x00\x7f\x00\x00\x00\x00\x00\x7f\x00\x00\x00\x00\x00\x7f\x00\x00\x00\x00\x00\x7f\x00\x00\x00\x00\x00\x7f\x00\x00\x00\x00\x00\x7f\x00\x00\x00\x00\x00\x7f\x00\x00\x00\x00\x00\x7f\x00\x00\x00\x00\x00\x00\x00\x00\x00\x00\x00\x00\x00\x00\x00\x00\x00\x00\x00\x00\x00\x00\x00\x00\x00\x00\x00\x00\x00\x00\x00\x00\x00\x00\x00\x00\x00\x00\x00\x00\x00\x00\x00\x00\x00\x00\x00\x00\x00\x00\x00\x00\x00\x00\x00\x00\x00\x00\x00\x00\x00\x00\x00\x00\x00\x00\x00\x00\x00\x00\x00\x00\x00\x00\x00\x00\x00\x00\x00\x00\x00\x00\x00\x00\x00\x00\x00\x00\x00\x00\x00\x00\x00\x00\x00\x00\x00\x00\x00\x00\x00\x00\x00\x00\x00\x00\x00\x00\x00\x00\x00\x00\x00\x00\x00\x00\x00)',
  222:b'\x00\x00\x00\x00\x00\x00\x00\x00\x00\x00\x00\x00\x00\x00\x00\x00\x00\x00\x00\x00\x00\x00\x00\x00\x00\x00\x00\x00\x00\x00\x00\x00\x00\x00\x00\x00\x00\x00\x00\x00\x00\x00\x00\x00\x00\x00\x00\x00\x00\x00\x00\x00\x00\x00\x00\x00\x00\x00\x00\x00\x00\x00\x00\x00\x00\x00\x00\x00\x00\x00\x00\x00\x00\x00\x00\x00\x00\x00\x00\x00\x03\xf0\x00\x00\x00\x03\xf0\x00\x00\x00\x03\xf0\x00\x00\x00\x03\xf0\x00\x00\x00\x03\xf0\x00\x00\x00\x03\xf0\x00\x00\x00\x03\xf0\x00\x00\x00\x03\xff\xff\x00\x00\x03\xff\xff\xe0\x00\x03\xff\xff\xfc\x00\x03\xff\xff\xfe\x00\x03\xff\xff\xff\x00\x03\xff\xff\xff\x80\x03\xf0\x03\xff\xc0\x03\xf0\x00\x7f\xe0\x03\xf0\x00\x1f\xe0\x03\xf0\x00\x0f\xf0\x03\xf0\x00\x0f\xf0\x03\xf0\x00\x07\xf8\x03\xf0\x00\x03\xf8\x03\xf0\x00\x03\xf8\x03\xf0\x00\x03\xf8\x03\xf0\x00\x03\xfc\x03\xf0\x00\x01\xfc\x03\xf0\x00\x01\xfc\x03\xf0\x00\x01\xfc\x03\xf0\x00\x01\xfc\x03\xf0\x00\x01\xfc\x03\xf0\x00\x01\xfc\x03\xf0\x00\x03\xfc\x03\xf0\x00\x03\xf8\x03\xf0\x00\x03\xf8\x03\xf0\x00\x03\xf8\x03\xf0\x00\x07\xf8\x03\xf0\x00\x07\xf0\x03\xf0\x00\x0f\xf0\x03\xf0\x00\x1f\xf0\x03\xf0\x00?\xe0\x03\xf0\x00\x7f\xc0\x03\xf0\x03\xff\xc0\x03\xff\xff\xff\x80\x03\xff\xff\xff\x00\x03\xff\xff\xfc\x00\x03\xff\xff\xf8\x00\x03\xff\xff\xe0\x00\x03\xff\xfe\x00\x00\x03\xf0\x00\x00\x00\x03\xf0\x00\x00\x00\x03\xf0\x00\x00\x00\x03\xf0\x00\x00\x00\x03\xf0\x00\x00\x00\x03\xf0\x00\x00\x00\x03\xf0\x00\x00\x00\x03\xf0\x00\x00\x00\x03\xf0\x00\x00\x00\x03\xf0\x00\x00\x00\x03\xf0\x00\x00\x00\x03\xf0\x00\x00\x00\x03\xf0\x00\x00\x00\x03\xf0\x00\x00\x00\x03\xf0\x00\x00\x00\x03\xf0\x00\x00\x00\x00\x00\x00\x00\x00\x00\x00\x00\x00\x00\x00\x00\x00\x00\x00\x00\x00\x00\x00\x00\x00\x00\x00\x00\x00\x00\x00\x00\x00\x00\x00\x00\x00\x00\x00\x00\x00\x00\x00\x00\x00\x00\x00\x00\x00\x00\x00\x00\x00\x00\x00\x00\x00\x00\x00\x00\x00\x00\x00\x00\x00\x00\x00\x00\x00\x00\x00\x00\x00\x00\x00\x00\x00\x00\x00\x00\x00\x00\x00\x00\x00\x00\x00\x00\x00\x00\x00\x00\x00\x00\x00\x00\x00\x00\x00(',
  223:b'\x00\x00\x00\x00\x00\x00\x00\x00\x00\x00\x00\x00\x00\x00\x00\x00\x00\x00\x00\x00\x00\x00\x00\x00\x00\x00\x00\x00\x00\x00\x00\x00\x00\x00\x00\x00\x00\x00\x00\x00\x00\x00\x00\x00\x00\x00\x00\x00\x00\x00\x00\x00\x00\x00\x00\x00\x00\x00\x00\x00\x00\x00\x00\x00\x00\x00\x00\x00\x00\x00\x00\x00\x00\x00\x00\x00\x00\x00\x00\x00\x00\x00\x00\x00\x00\x00\x00\x00\x00\x00\x00\x00\xff\x80\x00\x00\x00\x07\xff\xf0\x00\x00\x00\x0f\xff\xfc\x00\x00\x00\x1f\xff\xfe\x00\x00\x00?\xff\xff\x00\x00\x00\x7f\xff\xff\x80\x00\x00\xff\xc1\xff\x80\x00\x00\xff\x00\x7f\xc0\x00\x00\xfe\x00?\xc0\x00\x01\xfe\x00\x1f\xc0\x00\x01\xfc\x00\x0f\xc0\x00\x01\xfc\x00\x0f\xe0\x00\x01\xfc\x00\x0f\xe0\x00\x01\xfc\x00\x0f\xc0\x00\x01\xf8\x00\x0f\xc0\x00\x01\xf8\x00\x1f\xc0\x00\x01\xf8\x00\x1f\xc0\x00\x01\xf8\x00?\x80\x00\x7f\xf8\x00\x7f\x00\x00\x7f\xf8\x00\xfe\x00\x00\x7f\xf8\x01\xfe\x00\x00\x7f\xf8\x03\xfc\x00\x00\x7f\xf8\x07\xf8\x00\x00\x7f\xf8\x0f\xf0\x00\x00\x01\xf8\x0f\xe0\x00\x00\x01\xf8\x1f\xc0\x00\x00\x01\xf8\x1f\xc0\x00\x00\x01\xf8\x1f\xc0\x00\x00\x01\xf8\x1f\xc0\x00\x00\x01\xf8\x1f\xc0\x00\x00\x01\xf8\x1f\xc0\x00\x00\x01\xf8\x1f\xc0\x00\x00\x01\xf8\x0f\xe0\x00\x00\x01\xf8\x0f\xf0\x00\x00\x01\xf8\x0f\xfc\x00\x00\x01\xf8\x07\xfe\x00\x00\x01\xf8\x03\xff\x00\x00\x01\xf8\x01\xff\xc0\x00\x01\xf8\x00\xff\xe0\x00\x01\xf8\x00\x7f\xf0\x00\x01\xf8\x00\x1f\xf8\x00\x01\xf8\x00\x0f\xfc\x00\x01\xf8\x00\x03\xfc\x00\x01\xf8\x00\x01\xfe\x00\x01\xf8\x00\x00\xfe\x00\x01\xf8\x00\x00\x7f\x00\x01\xf8\x00\x00\x7f\x00\x01\xf8\x00\x00?\x00\x01\xf8\x00\x00?\x00\x01\xf8\x00\x00?\x00\x01\xf8\x00\x00?\x00\x01\xf8\x00\x00?\x80\x01\xf8\x00\x00?\x00\x01\xf8\x00\x00?\x00\x01\xf8\x00\x00\x7f\x00\x01\xf8\x00\x00\xff\x00\x01\xf8\x10\x01\xfe\x00\x01\xf8\x1e\x07\xfe\x00\x01\xf8\x1f\xff\xfc\x00\x01\xf8?\xff\xf8\x00\x01\xf8?\xff\xf0\x00\x01\xf8?\xff\xe0\x00\x01\xf8\x1f\xff\xc0\x00\x00\x00\x03\xfe\x00\x00\x00\x00\x00\x00\x00\x00\x00\x00\x00\x00\x00\x00\x00\x00\x00\x00\x00\x00\x00\x00\x00\x00\x00\x00\x00\x00\x00\x00\x00\x00\x00\x00\x00\x00\x00\x00\x00\x00\x00\x00\x00\x00\x00\x00\x00\x00\x00\x00\x00\x00\x00\x00\x00\x00\x00\x00\x00\x00\x00\x00\x00\x00\x00\x00\x00\x00\x00\x00\x00\x00\x00\x00\x00\x00\x00\x00\x00\x00\x00\x00\x00\x00\x00\x00\x00\x00\x00\x00\x00\x00\x00\x00\x00\x00\x00\x00\x00\x00\x00\x00\x00\x00\x00\x00\x00\x00\x00\x00+',
  224:b'\x00\x00\x00\x00\x00\x00\x00\x00\x00\x00\x00\x00\x00\x00\x00\x00\x00\x00\x00\x00\x00\x00\x00\x00\x00\x00\x00\x00\x00\x00\x00\x00\x00\x00\x00\x00\x00\x00\x00\x00\x00\x00\x00\x00\x00\x00\x00\x00\x00\x00\x00\x00\x00\x00\x00\x00\x00\x00\x00\x00\x00\x00\x00\x00\x00\x00\x00\x00\x00\x00\x00?\x80\x00\x00\x00?\xc0\x00\x00\x00?\xc0\x00\x00\x00\x1f\xc0\x00\x00\x00\x0f\xe0\x00\x00\x00\x0f\xe0\x00\x00\x00\x07\xe0\x00\x00\x00\x03\xf0\x00\x00\x00\x01\xf0\x00\x00\x00\x01\xf0\x00\x00\x00\x00\xf8\x00\x00\x00\x00x\x00\x00\x00\x00<\x00\x00\x00\x00\x00\x00\x00\x00\x00\x00\x00\x00\x00\x00\x00\x00\x00\x00\x00\x00\x00\x00\x00\x00\x00\x00\x00\x00\x00\x00\x00\x00\x00\x07\xfe\x00\x00\x00\x7f\xff\xc0\x00\x03\xff\xff\xe0\x00\x07\xff\xff\xf0\x00\x07\xff\xff\xf8\x00\x03\xff\xff\xf8\x00\x03\xf8\x07\xfc\x00\x01\x80\x03\xfc\x00\x00\x00\x01\xfc\x00\x00\x00\x00\xfc\x00\x00\x00\x00\xfc\x00\x00\x00\x00\xfc\x00\x00\x00\x00\xfe\x00\x00\x00\x00\xfe\x00\x00\x00\x00\xfe\x00\x00\x00\x00\xfe\x00\x00\x00\x00\xfe\x00\x00\x00\x00\xfc\x00\x00\x00\x00\xfc\x00\x00\x00\x00\xfc\x00\x00\x03\xff\xfc\x00\x00?\xff\xfc\x00\x00\xff\xff\xfc\x00\x01\xff\xff\xfc\x00\x03\xff\xff\xfc\x00\x07\xff\x00\xfc\x00\x0f\xf8\x00\xfc\x00\x0f\xe0\x00\xfc\x00\x1f\xc0\x00\xfc\x00\x1f\xc0\x00\xfc\x00\x1f\xc0\x00\xfc\x00\x1f\x80\x00\xfc\x00\x1f\x80\x00\xfc\x00\x1f\x80\x00\xfc\x00\x1f\xc0\x00\xfc\x00\x1f\xc0\x00\xfc\x00\x1f\xc0\x01\xfc\x00\x1f\xe0\x03\xfc\x00\x1f\xe0\x07\xfc\x00\x0f\xf8\x1f\xfc\x00\x0f\xff\xff|\x00\x07\xff\xff|\x00\x07\xff\xfe~\x00\x03\xff\xfc>\x00\x00\xff\xf0>\x00\x00?\xc0\x00\x00\x00\x00\x00\x00\x00\x00\x00\x00\x00\x00\x00\x00\x00\x00\x00\x00\x00\x00\x00\x00\x00\x00\x00\x00\x00\x00\x00\x00\x00\x00\x00\x00\x00\x00\x00\x00\x00\x00\x00\x00\x00\x00\x00\x00\x00\x00\x00\x00\x00\x00\x00\x00\x00\x00\x00\x00\x00\x00\x00\x00\x00\x00\x00\x00\x00\x00\x00\x00\x00\x00\x00\x00\x00\x00\x00\x00\x00\x00\x00\x00\x00\x00\x00\x00\x00\x00\x00\x00\x00\x00$',
  225:b'\x00\x00\x00\x00\x00\x00\x00\x00\x00\x00\x00\x00\x00\x00\x00\x00\x00\x00\x00\x00\x00\x00\x00\x00\x00\x00\x00\x00\x00\x00\x00\x00\x00\x00\x00\x00\x00\x00\x00\x00\x00\x00\x00\x00\x00\x00\x00\x00\x00\x00\x00\x00\x00\x00\x00\x00\x00\x00\x00\x00\x00\x00\x00\x00\x00\x00\x00\x00\x00\x00\x00\x00\x7f\x00\x00\x00\x00\x7f\x00\x00\x00\x00\xff\x00\x00\x00\x00\xfe\x00\x00\x00\x00\xfc\x00\x00\x00\x01\xfc\x00\x00\x00\x01\xf8\x00\x00\x00\x01\xf8\x00\x00\x00\x01\xf0\x00\x00\x00\x03\xe0\x00\x00\x00\x03\xe0\x00\x00\x00\x03\xc0\x00\x00\x00\x07\x80\x00\x00\x00\x00\x00\x00\x00\x00\x00\x00\x00\x00\x00\x00\x00\x00\x00\x00\x00\x00\x00\x00\x00\x00\x00\x00\x00\x00\x00\x00\x00\x00\x00\x07\xfe\x00\x00\x00\x7f\xff\xc0\x00\x03\xff\xff\xe0\x00\x07\xff\xff\xf0\x00\x07\xff\xff\xf8\x00\x03\xff\xff\xf8\x00\x03\xf8\x07\xfc\x00\x01\x80\x03\xfc\x00\x00\x00\x01\xfc\x00\x00\x00\x00\xfc\x00\x00\x00\x00\xfc\x00\x00\x00\x00\xfc\x00\x00\x00\x00\xfe\x00\x00\x00\x00\xfe\x00\x00\x00\x00\xfe\x00\x00\x00\x00\xfe\x00\x00\x00\x00\xfe\x00\x00\x00\x00\xfc\x00\x00\x00\x00\xfc\x00\x00\x00\x00\xfc\x00\x00\x03\xff\xfc\x00\x00?\xff\xfc\x00\x00\xff\xff\xfc\x00\x01\xff\xff\xfc\x00\x03\xff\xff\xfc\x00\x07\xff\x00\xfc\x00\x0f\xf8\x00\xfc\x00\x0f\xe0\x00\xfc\x00\x1f\xc0\x00\xfc\x00\x1f\xc0\x00\xfc\x00\x1f\xc0\x00\xfc\x00\x1f\x80\x00\xfc\x00\x1f\x80\x00\xfc\x00\x1f\x80\x00\xfc\x00\x1f\xc0\x00\xfc\x00\x1f\xc0\x00\xfc\x00\x1f\xc0\x01\xfc\x00\x1f\xe0\x03\xfc\x00\x1f\xe0\x07\xfc\x00\x0f\xf8\x1f\xfc\x00\x0f\xff\xff|\x00\x07\xff\xff|\x00\x07\xff\xfe~\x00\x03\xff\xfc>\x00\x00\xff\xf0>\x00\x00?\xc0\x00\x00\x00\x00\x00\x00\x00\x00\x00\x00\x00\x00\x00\x00\x00\x00\x00\x00\x00\x00\x00\x00\x00\x00\x00\x00\x00\x00\x00\x00\x00\x00\x00\x00\x00\x00\x00\x00\x00\x00\x00\x00\x00\x00\x00\x00\x00\x00\x00\x00\x00\x00\x00\x00\x00\x00\x00\x00\x00\x00\x00\x00\x00\x00\x00\x00\x00\x00\x00\x00\x00\x00\x00\x00\x00\x00\x00\x00\x00\x00\x00\x00\x00\x00\x00\x00\x00\x00\x00\x00\x00\x00$',
  226:b'\x00\x00\x00\x00\x00\x00\x00\x00\x00\x00\x00\x00\x00\x00\x00\x00\x00\x00\x00\x00\x00\x00\x00\x00\x00\x00\x00\x00\x00\x00\x00\x00\x00\x00\x00\x00\x00\x00\x00\x00\x00\x00\x00\x00\x00\x00\x00\x00\x00\x00\x00\x00\x00\x00\x00\x00\x00\x00\x00\x00\x00\x00\x00\x00\x00\x00\x00p\x00\x00\x00\x00\xf8\x00\x00\x00\x00\xf8\x00\x00\x00\x01\xfc\x00\x00\x00\x03\xfc\x00\x00\x00\x03\xfe\x00\x00\x00\x07\xfe\x00\x00\x00\x07\x9f\x00\x00\x00\x0f\x9f\x00\x00\x00\x0f\x9f\x80\x00\x00\x1f\x0f\x80\x00\x00\x1f\x0f\xc0\x00\x00>\x07\xc0\x00\x00~\x07\xe0\x00\x00|\x03\xe0\x00\x00\xfc\x03\xf0\x00\x00\x00\x00\x00\x00\x00\x00\x00\x00\x00\x00\x00\x00\x00\x00\x00\x00\x00\x00\x00\x00\x07\xfe\x00\x00\x00\x7f\xff\xc0\x00\x03\xff\xff\xe0\x00\x07\xff\xff\xf0\x00\x07\xff\xff\xf8\x00\x03\xff\xff\xf8\x00\x03\xf8\x07\xfc\x00\x01\x80\x03\xfc\x00\x00\x00\x01\xfc\x00\x00\x00\x00\xfc\x00\x00\x00\x00\xfc\x00\x00\x00\x00\xfc\x00\x00\x00\x00\xfe\x00\x00\x00\x00\xfe\x00\x00\x00\x00\xfe\x00\x00\x00\x00\xfe\x00\x00\x00\x00\xfe\x00\x00\x00\x00\xfc\x00\x00\x00\x00\xfc\x00\x00\x00\x00\xfc\x00\x00\x03\xff\xfc\x00\x00?\xff\xfc\x00\x00\xff\xff\xfc\x00\x01\xff\xff\xfc\x00\x03\xff\xff\xfc\x00\x07\xff\x00\xfc\x00\x0f\xf8\x00\xfc\x00\x0f\xe0\x00\xfc\x00\x1f\xc0\x00\xfc\x00\x1f\xc0\x00\xfc\x00\x1f\xc0\x00\xfc\x00\x1f\x80\x00\xfc\x00\x1f\x80\x00\xfc\x00\x1f\x80\x00\xfc\x00\x1f\xc0\x00\xfc\x00\x1f\xc0\x00\xfc\x00\x1f\xc0\x01\xfc\x00\x1f\xe0\x03\xfc\x00\x1f\xe0\x07\xfc\x00\x0f\xf8\x1f\xfc\x00\x0f\xff\xff|\x00\x07\xff\xff|\x00\x07\xff\xfe~\x00\x03\xff\xfc>\x00\x00\xff\xf0>\x00\x00?\xc0\x00\x00\x00\x00\x00\x00\x00\x00\x00\x00\x00\x00\x00\x00\x00\x00\x00\x00\x00\x00\x00\x00\x00\x00\x00\x00\x00\x00\x00\x00\x00\x00\x00\x00\x00\x00\x00\x00\x00\x00\x00\x00\x00\x00\x00\x00\x00\x00\x00\x00\x00\x00\x00\x00\x00\x00\x00\x00\x00\x00\x00\x00\x00\x00\x00\x00\x00\x00\x00\x00\x00\x00\x00\x00\x00\x00\x00\x00\x00\x00\x00\x00\x00\x00\x00\x00\x00\x00\x00\x00\x00\x00$',
  227:b'\x00\x00\x00\x00\x00\x00\x00\x00\x00\x00\x00\x00\x00\x00\x00\x00\x00\x00\x00\x00\x00\x00\x00\x00\x00\x00\x00\x00\x00\x00\x00\x00\x00\x00\x00\x00\x00\x00\x00\x00\x00\x00\x00\x00\x00\x00\x00\x00\x00\x00\x00\x00\x00\x00\x00\x00\x00\x00\x00\x00\x00\x00\x00\x00\x00\x00\x00\x00\x00\x00\x00\x00\x00\x00\x00\x00\x07\x80\x00\x00\x00\x1f\xe0 \x00\x00\x7f\xf8`\x00\x00\xff\xff\xf0\x00\x00\xff\xff\xf8\x00\x01\xff\xff\xf0\x00\x00\xe1\xff\xe0\x00\x00@\x7f\xc0\x00\x00\x00\x1f\x00\x00\x00\x00\x00\x00\x00\x00\x00\x00\x00\x00\x00\x00\x00\x00\x00\x00\x00\x00\x00\x00\x00\x00\x00\x00\x00\x00\x00\x00\x00\x00\x00\x00\x00\x00\x00\x00\x00\x00\x00\x00\x00\x00\x00\x00\x00\x00\x07\xfe\x00\x00\x00\x7f\xff\xc0\x00\x03\xff\xff\xe0\x00\x07\xff\xff\xf0\x00\x07\xff\xff\xf8\x00\x03\xff\xff\xf8\x00\x03\xf8\x07\xfc\x00\x01\x80\x03\xfc\x00\x00\x00\x01\xfc\x00\x00\x00\x00\xfc\x00\x00\x00\x00\xfc\x00\x00\x00\x00\xfc\x00\x00\x00\x00\xfe\x00\x00\x00\x00\xfe\x00\x00\x00\x00\xfe\x00\x00\x00\x00\xfe\x00\x00\x00\x00\xfe\x00\x00\x00\x00\xfc\x00\x00\x00\x00\xfc\x00\x00\x00\x00\xfc\x00\x00\x03\xff\xfc\x00\x00?\xff\xfc\x00\x00\xff\xff\xfc\x00\x01\xff\xff\xfc\x00\x03\xff\xff\xfc\x00\x07\xff\x00\xfc\x00\x0f\xf8\x00\xfc\x00\x0f\xe0\x00\xfc\x00\x1f\xc0\x00\xfc\x00\x1f\xc0\x00\xfc\x00\x1f\xc0\x00\xfc\x00\x1f\x80\x00\xfc\x00\x1f\x80\x00\xfc\x00\x1f\x80\x00\xfc\x00\x1f\xc0\x00\xfc\x00\x1f\xc0\x00\xfc\x00\x1f\xc0\x01\xfc\x00\x1f\xe0\x03\xfc\x00\x1f\xe0\x07\xfc\x00\x0f\xf8\x1f\xfc\x00\x0f\xff\xff|\x00\x07\xff\xff|\x00\x07\xff\xfe~\x00\x03\xff\xfc>\x00\x00\xff\xf0>\x00\x00?\xc0\x00\x00\x00\x00\x00\x00\x00\x00\x00\x00\x00\x00\x00\x00\x00\x00\x00\x00\x00\x00\x00\x00\x00\x00\x00\x00\x00\x00\x00\x00\x00\x00\x00\x00\x00\x00\x00\x00\x00\x00\x00\x00\x00\x00\x00\x00\x00\x00\x00\x00\x00\x00\x00\x00\x00\x00\x00\x00\x00\x00\x00\x00\x00\x00\x00\x00\x00\x00\x00\x00\x00\x00\x00\x00\x00\x00\x00\x00\x00\x00\x00\x00\x00\x00\x00\x00\x00\x00\x00\x00\x00\x00$',
  228:b'\x00\x00\x00\x00\x00\x00\x00\x00\x00\x00\x00\x00\x00\x00\x00\x00\x00\x00\x00\x00\x00\x00\x00\x00\x00\x00\x00\x00\x00\x00\x00\x00\x00\x00\x00\x00\x00\x00\x00\x00\x00\x00\x00\x00\x00\x00\x00\x00\x00\x00\x00\x00\x00\x00\x00\x00\x00\x00\x00\x00\x00\x00\x00\x00\x00\x00\x00\x00\x00\x00\x00\x00\x00\x00\x00\x00\x00\x00\x00\x00\x00x\x01\xe0\x00\x00\xfc\x03\xf0\x00\x01\xfc\x07\xf0\x00\x01\xfe\x07\xf8\x00\x01\xfe\x07\xf8\x00\x01\xfe\x07\xf8\x00\x01\xfc\x07\xf0\x00\x00\xfc\x03\xf0\x00\x00x\x01\xe0\x00\x00\x00\x00\x00\x00\x00\x00\x00\x00\x00\x00\x00\x00\x00\x00\x00\x00\x00\x00\x00\x00\x00\x00\x00\x00\x00\x00\x00\x00\x00\x00\x00\x00\x00\x00\x00\x00\x00\x00\x00\x00\x07\xfe\x00\x00\x00\x7f\xff\xc0\x00\x03\xff\xff\xe0\x00\x07\xff\xff\xf0\x00\x07\xff\xff\xf8\x00\x03\xff\xff\xf8\x00\x03\xf8\x07\xfc\x00\x01\x80\x03\xfc\x00\x00\x00\x01\xfc\x00\x00\x00\x00\xfc\x00\x00\x00\x00\xfc\x00\x00\x00\x00\xfc\x00\x00\x00\x00\xfe\x00\x00\x00\x00\xfe\x00\x00\x00\x00\xfe\x00\x00\x00\x00\xfe\x00\x00\x00\x00\xfe\x00\x00\x00\x00\xfc\x00\x00\x00\x00\xfc\x00\x00\x00\x00\xfc\x00\x00\x03\xff\xfc\x00\x00?\xff\xfc\x00\x00\xff\xff\xfc\x00\x01\xff\xff\xfc\x00\x03\xff\xff\xfc\x00\x07\xff\x00\xfc\x00\x0f\xf8\x00\xfc\x00\x0f\xe0\x00\xfc\x00\x1f\xc0\x00\xfc\x00\x1f\xc0\x00\xfc\x00\x1f\xc0\x00\xfc\x00\x1f\x80\x00\xfc\x00\x1f\x80\x00\xfc\x00\x1f\x80\x00\xfc\x00\x1f\xc0\x00\xfc\x00\x1f\xc0\x00\xfc\x00\x1f\xc0\x01\xfc\x00\x1f\xe0\x03\xfc\x00\x1f\xe0\x07\xfc\x00\x0f\xf8\x1f\xfc\x00\x0f\xff\xff|\x00\x07\xff\xff|\x00\x07\xff\xfe~\x00\x03\xff\xfc>\x00\x00\xff\xf0>\x00\x00?\xc0\x00\x00\x00\x00\x00\x00\x00\x00\x00\x00\x00\x00\x00\x00\x00\x00\x00\x00\x00\x00\x00\x00\x00\x00\x00\x00\x00\x00\x00\x00\x00\x00\x00\x00\x00\x00\x00\x00\x00\x00\x00\x00\x00\x00\x00\x00\x00\x00\x00\x00\x00\x00\x00\x00\x00\x00\x00\x00\x00\x00\x00\x00\x00\x00\x00\x00\x00\x00\x00\x00\x00\x00\x00\x00\x00\x00\x00\x00\x00\x00\x00\x00\x00\x00\x00\x00\x00\x00\x00\x00\x00\x00$',
  229:b'\x00\x00\x00\x00\x00\x00\x00\x00\x00\x00\x00\x00\x00\x00\x00\x00\x00\x00\x00\x00\x00\x00\x00\x00\x00\x00\x00\x00\x00\x00\x00\x00\x00\x00\x00\x00\x00\x00\x00\x00\x00\x00\x00\x00\x00\x00\x00\x00\x00\x00\x00\x00\x00\x00\x00\x00\x00\x00\x00\x00\x00\x00\x00\x00\x00\x00\x01\xf8\x00\x00\x00\x07\xfe\x00\x00\x00\x0f\xff\x00\x00\x00\x1f\xff\x00\x00\x00\x1f\x1f\x80\x00\x00\x1e\x0f\x80\x00\x00\x1e\x07\x80\x00\x00>\x07\x80\x00\x00>\x07\x80\x00\x00\x1e\x07\x80\x00\x00\x1e\x0f\x80\x00\x00\x1f\x0f\x80\x00\x00\x1f\xff\x00\x00\x00\x0f\xfe\x00\x00\x00\x07\xfe\x00\x00\x00\x01\xf8\x00\x00\x00\x00\x00\x00\x00\x00\x00\x00\x00\x00\x00\x00\x00\x00\x00\x00\x00\x00\x00\x00\x00\x07\xfe\x00\x00\x00\x7f\xff\xc0\x00\x03\xff\xff\xe0\x00\x07\xff\xff\xf0\x00\x07\xff\xff\xf8\x00\x03\xff\xff\xf8\x00\x03\xf8\x07\xfc\x00\x01\x80\x03\xfc\x00\x00\x00\x01\xfc\x00\x00\x00\x00\xfc\x00\x00\x00\x00\xfc\x00\x00\x00\x00\xfc\x00\x00\x00\x00\xfe\x00\x00\x00\x00\xfe\x00\x00\x00\x00\xfe\x00\x00\x00\x00\xfe\x00\x00\x00\x00\xfe\x00\x00\x00\x00\xfc\x00\x00\x00\x00\xfc\x00\x00\x00\x00\xfc\x00\x00\x03\xff\xfc\x00\x00?\xff\xfc\x00\x00\xff\xff\xfc\x00\x01\xff\xff\xfc\x00\x03\xff\xff\xfc\x00\x07\xff\x00\xfc\x00\x0f\xf8\x00\xfc\x00\x0f\xe0\x00\xfc\x00\x1f\xc0\x00\xfc\x00\x1f\xc0\x00\xfc\x00\x1f\xc0\x00\xfc\x00\x1f\x80\x00\xfc\x00\x1f\x80\x00\xfc\x00\x1f\x80\x00\xfc\x00\x1f\xc0\x00\xfc\x00\x1f\xc0\x00\xfc\x00\x1f\xc0\x01\xfc\x00\x1f\xe0\x03\xfc\x00\x1f\xe0\x07\xfc\x00\x0f\xf8\x1f\xfc\x00\x0f\xff\xff|\x00\x07\xff\xff|\x00\x07\xff\xfe~\x00\x03\xff\xfc>\x00\x00\xff\xf0>\x00\x00?\xc0\x00\x00\x00\x00\x00\x00\x00\x00\x00\x00\x00\x00\x00\x00\x00\x00\x00\x00\x00\x00\x00\x00\x00\x00\x00\x00\x00\x00\x00\x00\x00\x00\x00\x00\x00\x00\x00\x00\x00\x00\x00\x00\x00\x00\x00\x00\x00\x00\x00\x00\x00\x00\x00\x00\x00\x00\x00\x00\x00\x00\x00\x00\x00\x00\x00\x00\x00\x00\x00\x00\x00\x00\x00\x00\x00\x00\x00\x00\x00\x00\x00\x00\x00\x00\x00\x00\x00\x00\x00\x00\x00\x00$',
  230:b'\x00\x00\x00\x00\x00\x00\x00\x00\x00\x00\x00\x00\x00\x00\x00\x00\x00\x00\x00\x00\x00\x00\x00\x00\x00\x00\x00\x00\x00\x00\x00\x00\x00\x00\x00\x00\x00\x00\x00\x00\x00\x00\x00\x00\x00\x00\x00\x00\x00\x00\x00\x00\x00\x00\x00\x00\x00\x00\x00\x00\x00\x00\x00\x00\x00\x00\x00\x00\x00\x00\x00\x00\x00\x00\x00\x00\x00\x00\x00\x00\x00\x00\x00\x00\x00\x00\x00\x00\x00\x00\x00\x00\x00\x00\x00\x00\x00\x00\x00\x00\x00\x00\x00\x00\x00\x00\x00\x00\x00\x00\x00\x00\x00\x00\x00\x00\x00\x00\x00\x00\x00\x00\x00\x00\x00\x00\x00\x00\x00\x00\x00\x00\x00\x00\x00\x00\x00\x00\x00\x00\x00\x00\x00\x00\x00\x00\x00\x00\x00\x00\x00\x00\x00\x00\x00\x00\x00\x00\x00\x00\x00\x00\x00\x00\x00\x00\x00\x00\x00\x00\x00\x00\x00\x00\x00\x00\x00\x00\x00\x00\x00\x00\x00\x00\x00\x00\x00\x00\x00\x00\x00\x00\x00\x00\x00\x00\x00\x00\x00\x00\x00\x00\x00\x00\x00\x00\x00\x00\x00\x00\x00\x00\x00\x00\x00\x00\x00\x00\x00\x00\x00\x00\x00\x00\x00\x00\x00\x00\x00\x00\x00\x00\x00\x00\x00\x00\x00\x00\x00\x00\x00\x00\x00\x00\x00\x00\x00\x00\x00\x00\x00\x00\x00\x00\x00\x00\x00\x00\x00\x00\x0f\xf0\x00\x00\x00\x07\xfe\x00?\xfe\x00\x00\x00\x7f\xff\x80\xff\xff\x00\x00\x01\xff\xff\xc1\xff\xff\x80\x00\x07\xff\xff\xe3\xff\xff\xc0\x00\x07\xff\xff\xf7\xff\xff\xe0\x00\x07\xff\xff\xf7\xf8?\xe0\x00\x03\xf8\x07\xff\xe0\x0f\xf0\x00\x03\xc0\x03\xff\xc0\x07\xf0\x00\x02\x00\x01\xff\x80\x03\xf8\x00\x00\x00\x00\xff\x80\x03\xf8\x00\x00\x00\x00\xff\x00\x03\xf8\x00\x00\x00\x00\xff\x00\x01\xf8\x00\x00\x00\x00\xfe\x00\x01\xf8\x00\x00\x00\x00\xfe\x00\x01\xf8\x00\x00\x00\x00\xfe\x00\x01\xf8\x00\x00\x00\x00\xfe\x00\x01\xf8\x00\x00\x00\x00\xfe\x00\x01\xf8\x00\x00\x00\x00\xfe\x00\x01\xf8\x00\x00\x00\x00\xff\xff\xff\xf8\x00\x00\x00\x00\xff\xff\xff\xf8\x00\x00\x03\xff\xff\xff\xff\xf8\x00\x00?\xff\xff\xff\xff\xf8\x00\x00\xff\xff\xff\xff\xff\xf8\x00\x01\xff\xff\xfe\x00\x00\x00\x00\x03\xff\xff\xfe\x00\x00\x00\x00\x07\xff\x00\xfe\x00\x00\x00\x00\x0f\xf8\x00\xfe\x00\x00\x00\x00\x0f\xe0\x00\xfe\x00\x00\x00\x00\x1f\xc0\x00\xfe\x00\x00\x00\x00\x1f\xc0\x00\xfe\x00\x00\x00\x00\x1f\x80\x00\xfe\x00\x00\x00\x00\x1f\x80\x00\xfe\x00\x00\x00\x00\x1f\x80\x00\xff\x00\x00\x00\x00\x1f\x80\x00\xff\x00\x00\x00\x00\x1f\x80\x00\xff\x00\x00\x00\x00\x1f\xc0\x01\xff\x80\x00\x00\x00\x1f\xc0\x01\xff\xc0\x00\x00\x00\x1f\xe0\x03\xff\xc0\x00@\x00\x1f\xf0\x07\xff\xf0\x00\xe0\x00\x0f\xf8\x1f\xdf\xfc\x07\xe0\x00\x0f\xff\xff\x8f\xff\xff\xf0\x00\x07\xff\xff\x0f\xff\xff\xf0\x00\x03\xff\xfe\x07\xff\xff\xf0\x00\x01\xff\xfc\x01\xff\xff\xc0\x00\x00\xff\xf0\x00\xff\xff\x00\x00\x00?\xc0\x00\x1f\xf8\x00\x00\x00\x00\x00\x00\x00\x00\x00\x00\x00\x00\x00\x00\x00\x00\x00\x00\x00\x00\x00\x00\x00\x00\x00\x00\x00\x00\x00\x00\x00\x00\x00\x00\x00\x00\x00\x00\x00\x00\x00\x00\x00\x00\x00\x00\x00\x00\x00\x00\x00\x00\x00\x00\x00\x00\x00\x00\x00\x00\x00\x00\x00\x00\x00\x00\x00\x00\x00\x00\x00\x00\x00\x00\x00\x00\x00\x00\x00\x00\x00\x00\x00\x00\x00\x00\x00\x00\x00\x00\x00\x00\x00\x00\x00\x00\x00\x00\x00\x00\x00\x00\x00\x00\x00\x00\x00\x00\x00\x00\x00\x00\x00\x00\x00\x00\x00\x00\x00\x00\x00\x00\x00\x00\x00\x00\x00\x00\x00\x00\x00\x00\x00\x00\x00\x00\x00\x00\x00\x00\x00\x00\x00\x00\x00\x009',
  231:b'\x00\x00\x00\x00\x00\x00\x00\x00\x00\x00\x00\x00\x00\x00\x00\x00\x00\x00\x00\x00\x00\x00\x00\x00\x00\x00\x00\x00\x00\x00\x00\x00\x00\x00\x00\x00\x00\x00\x00\x00\x00\x00\x00\x00\x00\x00\x00\x00\x00\x00\x00\x00\x00\x00\x00\x00\x00\x00\x00\x00\x00\x00\x00\x00\x00\x00\x00\x00\x00\x00\x00\x00\x00\x00\x00\x00\x00\x00\x00\x00\x00\x00\x00\x00\x00\x00\x00\x00\x00\x00\x00\x00\x00\x00\x00\x00\x00\x00\x00\x00\x00\x00\x00\x00\x00\x00\x00\x00\x00\x00\x00\x00\x00\x00\x00\x00\x00\x00\x00\x00\x00\x00\x00\x00\x00\x00\x00\x00\x00\x01\xff\x00\x00\x0f\xff\xe0\x00\x1f\xff\xf8\x00\x7f\xff\xf8\x00\xff\xff\xf8\x00\xff\xff\xf0\x01\xff\x80\xf0\x03\xfe\x00\x10\x03\xfc\x00\x00\x03\xf8\x00\x00\x07\xf0\x00\x00\x07\xf0\x00\x00\x07\xe0\x00\x00\x0f\xe0\x00\x00\x0f\xe0\x00\x00\x0f\xe0\x00\x00\x0f\xc0\x00\x00\x0f\xc0\x00\x00\x1f\xc0\x00\x00\x1f\xc0\x00\x00\x1f\xc0\x00\x00\x1f\xc0\x00\x00\x1f\xc0\x00\x00\x1f\xc0\x00\x00\x1f\xc0\x00\x00\x1f\xc0\x00\x00\x1f\xc0\x00\x00\x1f\xc0\x00\x00\x1f\xc0\x00\x00\x0f\xc0\x00\x00\x0f\xe0\x00\x00\x0f\xe0\x00\x00\x0f\xe0\x00\x00\x0f\xe0\x00\x00\x0f\xf0\x00\x00\x07\xf0\x00\x00\x07\xf8\x00\x00\x07\xf8\x00\x00\x03\xfc\x00\x10\x03\xfe\x000\x01\xff\x80\xf8\x01\xff\xff\xf8\x00\xff\xff\xf8\x00\x7f\xff\xfc\x00?\xff\xf8\x00\x0f\xff\xe0\x00\x03\xff\x00\x00\x00x\x00\x00\x00\xf8\x00\x00\x00\xf0\x00\x00\x01\xfc\x00\x00\x01\xff\x00\x00\x01\xff\x80\x00\x03\xff\x80\x00\x00\xff\xc0\x00\x00\x1f\xc0\x00\x00\x0f\xc0\x00\x00\x0f\xc0\x00\x00\x0f\xc0\x00\x00\x0f\xc0\x00\x00?\x80\x00\x03\xff\x80\x00\x03\xff\x00\x00\x03\xfc\x00\x00\x07\xf0\x00 ',
  232:b'\x00\x00\x00\x00\x00\x00\x00\x00\x00\x00\x00\x00\x00\x00\x00\x00\x00\x00\x00\x00\x00\x00\x00\x00\x00\x00\x00\x00\x00\x00\x00\x00\x00\x00\x00\x00\x00\x00\x00\x00\x00\x00\x00\x00\x00\x00\x00\x00\x00\x00\x00\x00\x00\x00\x00\x00\x00\x00\x00\x00\x00\x00\x00\x00\x00\x00\x00\x00\x00\x00\x00\x1f\xe0\x00\x00\x00\x1f\xe0\x00\x00\x00\x0f\xf0\x00\x00\x00\x0f\xf0\x00\x00\x00\x07\xf0\x00\x00\x00\x03\xf8\x00\x00\x00\x01\xf8\x00\x00\x00\x01\xf8\x00\x00\x00\x00\xfc\x00\x00\x00\x00|\x00\x00\x00\x00<\x00\x00\x00\x00>\x00\x00\x00\x00\x1e\x00\x00\x00\x00\x00\x00\x00\x00\x00\x00\x00\x00\x00\x00\x00\x00\x00\x00\x00\x00\x00\x00\x00\x00\x00\x00\x00\x00\x01\xff\x00\x00\x00\x07\xff\xc0\x00\x00\x1f\xff\xf0\x00\x00?\xff\xf8\x00\x00\x7f\xff\xfc\x00\x00\xff\xff\xfe\x00\x01\xff\x03\xfe\x00\x01\xfe\x00\xfe\x00\x03\xf8\x00\x7f\x00\x03\xf8\x00\x7f\x00\x07\xf0\x00?\x00\x07\xf0\x00?\x80\x07\xe0\x00?\x80\x0f\xe0\x00\x1f\x80\x0f\xe0\x00\x1f\x80\x0f\xc0\x00\x1f\x80\x0f\xc0\x00\x1f\x80\x0f\xc0\x00\x1f\x80\x1f\xc0\x00\x1f\x80\x1f\xff\xff\xff\x80\x1f\xff\xff\xff\x80\x1f\xff\xff\xff\x80\x1f\xff\xff\xff\x80\x1f\xff\xff\xff\x80\x1f\xc0\x00\x00\x00\x1f\xc0\x00\x00\x00\x1f\xc0\x00\x00\x00\x1f\xc0\x00\x00\x00\x0f\xc0\x00\x00\x00\x0f\xc0\x00\x00\x00\x0f\xc0\x00\x00\x00\x0f\xe0\x00\x00\x00\x0f\xe0\x00\x00\x00\x0f\xe0\x00\x00\x00\x07\xf0\x00\x00\x00\x07\xf0\x00\x00\x00\x07\xf8\x00\x00\x00\x03\xf8\x00\x00\x00\x03\xfc\x00\x04\x00\x01\xff\x00\x1c\x00\x01\xff\xc0~\x00\x00\xff\xff\xfe\x00\x00\x7f\xff\xff\x00\x00?\xff\xfe\x00\x00\x1f\xff\xfc\x00\x00\x0f\xff\xf0\x00\x00\x01\xff\x00\x00\x00\x00\x00\x00\x00\x00\x00\x00\x00\x00\x00\x00\x00\x00\x00\x00\x00\x00\x00\x00\x00\x00\x00\x00\x00\x00\x00\x00\x00\x00\x00\x00\x00\x00\x00\x00\x00\x00\x00\x00\x00\x00\x00\x00\x00\x00\x00\x00\x00\x00\x00\x00\x00\x00\x00\x00\x00\x00\x00\x00\x00\x00\x00\x00\x00\x00\x00\x00\x00\x00\x00\x00\x00\x00\x00\x00\x00\x00\x00\x00\x00\x00\x00\x00\x00\x00\x00\x00\x00\x00%',
  233:b'\x00\x00\x00\x00\x00\x00\x00\x00\x00\x00\x00\x00\x00\x00\x00\x00\x00\x00\x00\x00\x00\x00\x00\x00\x00\x00\x00\x00\x00\x00\x00\x00\x00\x00\x00\x00\x00\x00\x00\x00\x00\x00\x00\x00\x00\x00\x00\x00\x00\x00\x00\x00\x00\x00\x00\x00\x00\x00\x00\x00\x00\x00\x00\x00\x00\x00\x00\x00\x00\x00\x00\x00\x0f\xf0\x00\x00\x00\x0f\xf0\x00\x00\x00\x0f\xe0\x00\x00\x00\x1f\xe0\x00\x00\x00\x1f\xc0\x00\x00\x00\x1f\x80\x00\x00\x00\x1f\x80\x00\x00\x00?\x00\x00\x00\x00>\x00\x00\x00\x00>\x00\x00\x00\x00|\x00\x00\x00\x00x\x00\x00\x00\x00x\x00\x00\x00\x00\x80\x00\x00\x00\x00\x00\x00\x00\x00\x00\x00\x00\x00\x00\x00\x00\x00\x00\x00\x00\x00\x00\x00\x00\x01\xff\x00\x00\x00\x07\xff\xc0\x00\x00\x1f\xff\xf0\x00\x00?\xff\xf8\x00\x00\x7f\xff\xfc\x00\x00\xff\xff\xfe\x00\x01\xff\x03\xfe\x00\x01\xfe\x00\xfe\x00\x03\xf8\x00\x7f\x00\x03\xf8\x00\x7f\x00\x07\xf0\x00?\x00\x07\xf0\x00?\x80\x07\xe0\x00?\x80\x0f\xe0\x00\x1f\x80\x0f\xe0\x00\x1f\x80\x0f\xc0\x00\x1f\x80\x0f\xc0\x00\x1f\x80\x0f\xc0\x00\x1f\x80\x1f\xc0\x00\x1f\x80\x1f\xff\xff\xff\x80\x1f\xff\xff\xff\x80\x1f\xff\xff\xff\x80\x1f\xff\xff\xff\x80\x1f\xff\xff\xff\x80\x1f\xc0\x00\x00\x00\x1f\xc0\x00\x00\x00\x1f\xc0\x00\x00\x00\x1f\xc0\x00\x00\x00\x0f\xc0\x00\x00\x00\x0f\xc0\x00\x00\x00\x0f\xc0\x00\x00\x00\x0f\xe0\x00\x00\x00\x0f\xe0\x00\x00\x00\x0f\xe0\x00\x00\x00\x07\xf0\x00\x00\x00\x07\xf0\x00\x00\x00\x07\xf8\x00\x00\x00\x03\xf8\x00\x00\x00\x03\xfc\x00\x04\x00\x01\xff\x00\x1c\x00\x01\xff\xc0~\x00\x00\xff\xff\xfe\x00\x00\x7f\xff\xff\x00\x00?\xff\xfe\x00\x00\x1f\xff\xfc\x00\x00\x0f\xff\xf0\x00\x00\x01\xff\x00\x00\x00\x00\x00\x00\x00\x00\x00\x00\x00\x00\x00\x00\x00\x00\x00\x00\x00\x00\x00\x00\x00\x00\x00\x00\x00\x00\x00\x00\x00\x00\x00\x00\x00\x00\x00\x00\x00\x00\x00\x00\x00\x00\x00\x00\x00\x00\x00\x00\x00\x00\x00\x00\x00\x00\x00\x00\x00\x00\x00\x00\x00\x00\x00\x00\x00\x00\x00\x00\x00\x00\x00\x00\x00\x00\x00\x00\x00\x00\x00\x00\x00\x00\x00\x00\x00\x00\x00\x00\x00\x00%',
  234:b'\x00\x00\x00\x00\x00\x00\x00\x00\x00\x00\x00\x00\x00\x00\x00\x00\x00\x00\x00\x00\x00\x00\x00\x00\x00\x00\x00\x00\x00\x00\x00\x00\x00\x00\x00\x00\x00\x00\x00\x00\x00\x00\x00\x00\x00\x00\x00\x00\x00\x00\x00\x00\x00\x00\x00\x00\x00\x00\x00\x00\x00\x00\x00\x00\x00\x00\x00x\x00\x00\x00\x00x\x00\x00\x00\x00\xfc\x00\x00\x00\x00\xfc\x00\x00\x00\x01\xfe\x00\x00\x00\x03\xfe\x00\x00\x00\x03\xdf\x00\x00\x00\x07\xdf\x00\x00\x00\x07\xcf\x80\x00\x00\x0f\x8f\x80\x00\x00\x0f\x8f\xc0\x00\x00\x1f\x07\xc0\x00\x00\x1f\x07\xe0\x00\x00>\x03\xe0\x00\x00>\x03\xf0\x00\x00|\x01\xf0\x00\x00\x00\x00\x08\x00\x00\x00\x00\x00\x00\x00\x00\x00\x00\x00\x00\x01\xff\x00\x00\x00\x07\xff\xc0\x00\x00\x1f\xff\xf0\x00\x00?\xff\xf8\x00\x00\x7f\xff\xfc\x00\x00\xff\xff\xfe\x00\x01\xff\x03\xfe\x00\x01\xfe\x00\xfe\x00\x03\xf8\x00\x7f\x00\x03\xf8\x00\x7f\x00\x07\xf0\x00?\x00\x07\xf0\x00?\x80\x07\xe0\x00?\x80\x0f\xe0\x00\x1f\x80\x0f\xe0\x00\x1f\x80\x0f\xc0\x00\x1f\x80\x0f\xc0\x00\x1f\x80\x0f\xc0\x00\x1f\x80\x1f\xc0\x00\x1f\x80\x1f\xff\xff\xff\x80\x1f\xff\xff\xff\x80\x1f\xff\xff\xff\x80\x1f\xff\xff\xff\x80\x1f\xff\xff\xff\x80\x1f\xc0\x00\x00\x00\x1f\xc0\x00\x00\x00\x1f\xc0\x00\x00\x00\x1f\xc0\x00\x00\x00\x0f\xc0\x00\x00\x00\x0f\xc0\x00\x00\x00\x0f\xc0\x00\x00\x00\x0f\xe0\x00\x00\x00\x0f\xe0\x00\x00\x00\x0f\xe0\x00\x00\x00\x07\xf0\x00\x00\x00\x07\xf0\x00\x00\x00\x07\xf8\x00\x00\x00\x03\xf8\x00\x00\x00\x03\xfc\x00\x04\x00\x01\xff\x00\x1c\x00\x01\xff\xc0~\x00\x00\xff\xff\xfe\x00\x00\x7f\xff\xff\x00\x00?\xff\xfe\x00\x00\x1f\xff\xfc\x00\x00\x0f\xff\xf0\x00\x00\x01\xff\x00\x00\x00\x00\x00\x00\x00\x00\x00\x00\x00\x00\x00\x00\x00\x00\x00\x00\x00\x00\x00\x00\x00\x00\x00\x00\x00\x00\x00\x00\x00\x00\x00\x00\x00\x00\x00\x00\x00\x00\x00\x00\x00\x00\x00\x00\x00\x00\x00\x00\x00\x00\x00\x00\x00\x00\x00\x00\x00\x00\x00\x00\x00\x00\x00\x00\x00\x00\x00\x00\x00\x00\x00\x00\x00\x00\x00\x00\x00\x00\x00\x00\x00\x00\x00\x00\x00\x00\x00\x00\x00\x00%',
  235:b'\x00\x00\x00\x00\x00\x00\x00\x00\x00\x00\x00\x00\x00\x00\x00\x00\x00\x00\x00\x00\x00\x00\x00\x00\x00\x00\x00\x00\x00\x00\x00\x00\x00\x00\x00\x00\x00\x00\x00\x00\x00\x00\x00\x00\x00\x00\x00\x00\x00\x00\x00\x00\x00\x00\x00\x00\x00\x00\x00\x00\x00\x00\x00\x00\x00\x00\x00\x00\x00\x00\x00\x00\x00\x00\x00\x00\x00\x00\x00\x00\x00<\x00\xf0\x00\x00~\x01\xf8\x00\x00\x7f\x01\xfc\x00\x00\xff\x03\xfc\x00\x00\xff\x03\xfc\x00\x00\xff\x03\xfc\x00\x00\x7f\x01\xfc\x00\x00~\x01\xf8\x00\x00<\x00\xf0\x00\x00\x00\x00\x00\x00\x00\x00\x00\x00\x00\x00\x00\x00\x00\x00\x00\x00\x00\x00\x00\x00\x00\x00\x00\x00\x00\x00\x00\x00\x00\x00\x00\x00\x00\x00\x00\x01\xff\x00\x00\x00\x07\xff\xc0\x00\x00\x1f\xff\xf0\x00\x00?\xff\xf8\x00\x00\x7f\xff\xfc\x00\x00\xff\xff\xfe\x00\x01\xff\x03\xfe\x00\x01\xfe\x00\xfe\x00\x03\xf8\x00\x7f\x00\x03\xf8\x00\x7f\x00\x07\xf0\x00?\x00\x07\xf0\x00?\x80\x07\xe0\x00?\x80\x0f\xe0\x00\x1f\x80\x0f\xe0\x00\x1f\x80\x0f\xc0\x00\x1f\x80\x0f\xc0\x00\x1f\x80\x0f\xc0\x00\x1f\x80\x1f\xc0\x00\x1f\x80\x1f\xff\xff\xff\x80\x1f\xff\xff\xff\x80\x1f\xff\xff\xff\x80\x1f\xff\xff\xff\x80\x1f\xff\xff\xff\x80\x1f\xc0\x00\x00\x00\x1f\xc0\x00\x00\x00\x1f\xc0\x00\x00\x00\x1f\xc0\x00\x00\x00\x0f\xc0\x00\x00\x00\x0f\xc0\x00\x00\x00\x0f\xc0\x00\x00\x00\x0f\xe0\x00\x00\x00\x0f\xe0\x00\x00\x00\x0f\xe0\x00\x00\x00\x07\xf0\x00\x00\x00\x07\xf0\x00\x00\x00\x07\xf8\x00\x00\x00\x03\xf8\x00\x00\x00\x03\xfc\x00\x04\x00\x01\xff\x00\x1c\x00\x01\xff\xc0~\x00\x00\xff\xff\xfe\x00\x00\x7f\xff\xff\x00\x00?\xff\xfe\x00\x00\x1f\xff\xfc\x00\x00\x0f\xff\xf0\x00\x00\x01\xff\x00\x00\x00\x00\x00\x00\x00\x00\x00\x00\x00\x00\x00\x00\x00\x00\x00\x00\x00\x00\x00\x00\x00\x00\x00\x00\x00\x00\x00\x00\x00\x00\x00\x00\x00\x00\x00\x00\x00\x00\x00\x00\x00\x00\x00\x00\x00\x00\x00\x00\x00\x00\x00\x00\x00\x00\x00\x00\x00\x00\x00\x00\x00\x00\x00\x00\x00\x00\x00\x00\x00\x00\x00\x00\x00\x00\x00\x00\x00\x00\x00\x00\x00\x00\x00\x00\x00\x00\x00\x00\x00\x00%',
  236:b'\x00\x00\x00\x00\x00\x00\x00\x00\x00\x00\x00\x00\x00\x00\x00\x00\x00\x00\x00\x00\x00\x00\x00\x00\x00\x00\x00\x00\x00\x00\x00\x00\x00\x00\x00\x00\x00\x00\x00\x00\x00\x00\xff\x00\x00\xff\x00\x00\x7f\x80\x00?\x80\x00?\x80\x00\x1f\xc0\x00\x0f\xc0\x00\x07\xe0\x00\x07\xe0\x00\x03\xe0\x00\x01\xf0\x00\x00\xf0\x00\x00\xf0\x00\x00\x00\x00\x00\x00\x00\x00\x00\x00\x00\x00\x00\x00\x00\x00\x00\x00\x00\x03\xf8\x00\x03\xf8\x00\x03\xf8\x00\x03\xf8\x00\x03\xf8\x00\x03\xf8\x00\x03\xf8\x00\x03\xf8\x00\x03\xf8\x00\x03\xf8\x00\x03\xf8\x00\x03\xf8\x00\x03\xf8\x00\x03\xf8\x00\x03\xf8\x00\x03\xf8\x00\x03\xf8\x00\x03\xf8\x00\x03\xf8\x00\x03\xf8\x00\x03\xf8\x00\x03\xf8\x00\x03\xf8\x00\x03\xf8\x00\x03\xf8\x00\x03\xf8\x00\x03\xf8\x00\x03\xf8\x00\x03\xf8\x00\x03\xf8\x00\x03\xf8\x00\x03\xf8\x00\x03\xf8\x00\x03\xf8\x00\x03\xf8\x00\x03\xf8\x00\x03\xf8\x00\x03\xf8\x00\x03\xf8\x00\x03\xf8\x00\x03\xf8\x00\x03\xf8\x00\x03\xf8\x00\x03\xf8\x00\x03\xf8\x00\x00\x00\x00\x00\x00\x00\x00\x00\x00\x00\x00\x00\x00\x00\x00\x00\x00\x00\x00\x00\x00\x00\x00\x00\x00\x00\x00\x00\x00\x00\x00\x00\x00\x00\x00\x00\x00\x00\x00\x00\x00\x00\x00\x00\x00\x00\x00\x00\x00\x00\x00\x00\x00\x00\x00\x00\x00\x13',
  237:b'\x00\x00\x00\x00\x00\x00\x00\x00\x00\x00\x00\x00\x00\x00\x00\x00\x00\x00\x00\x00\x00\x00\x00\x00\x00\x00\x00\x00\x00\x00\x00\x00\x00\x00\x00\x00\x00\x00\x00\x00\x00\x00\x00\x1f\xc0\x00?\xc0\x00?\x80\x00?\x80\x00\x7f\x00\x00\x7f\x00\x00~\x00\x00|\x00\x00\xfc\x00\x00\xf8\x00\x00\xf0\x00\x01\xf0\x00\x01\xe0\x00\x00\x00\x00\x00\x00\x00\x00\x00\x00\x00\x00\x00\x00\x00\x00\x00\x00\x00\x03\xf8\x00\x03\xf8\x00\x03\xf8\x00\x03\xf8\x00\x03\xf8\x00\x03\xf8\x00\x03\xf8\x00\x03\xf8\x00\x03\xf8\x00\x03\xf8\x00\x03\xf8\x00\x03\xf8\x00\x03\xf8\x00\x03\xf8\x00\x03\xf8\x00\x03\xf8\x00\x03\xf8\x00\x03\xf8\x00\x03\xf8\x00\x03\xf8\x00\x03\xf8\x00\x03\xf8\x00\x03\xf8\x00\x03\xf8\x00\x03\xf8\x00\x03\xf8\x00\x03\xf8\x00\x03\xf8\x00\x03\xf8\x00\x03\xf8\x00\x03\xf8\x00\x03\xf8\x00\x03\xf8\x00\x03\xf8\x00\x03\xf8\x00\x03\xf8\x00\x03\xf8\x00\x03\xf8\x00\x03\xf8\x00\x03\xf8\x00\x03\xf8\x00\x03\xf8\x00\x03\xf8\x00\x03\xf8\x00\x03\xf8\x00\x00\x00\x00\x00\x00\x00\x00\x00\x00\x00\x00\x00\x00\x00\x00\x00\x00\x00\x00\x00\x00\x00\x00\x00\x00\x00\x00\x00\x00\x00\x00\x00\x00\x00\x00\x00\x00\x00\x00\x00\x00\x00\x00\x00\x00\x00\x00\x00\x00\x00\x00\x00\x00\x00\x00\x00\x00\x13',
  238:b'\x00\x00\x00\x00\x00\x00\x00\x00\x00\x00\x00\x00\x00\x00\x00\x00\x00\x00\x00\x00\x00\x00\x00\x00\x00\x00\x00\x00\x00\x00\x00\x00\x00\x00\x00\x00\x00\x00\x00\x00\xf0\x00\x00\xf0\x00\x01\xf8\x00\x03\xf8\x00\x03\xfc\x00\x07\xbc\x00\x07\xbe\x00\x0f\xbe\x00\x0f\xbf\x00\x1f\x1f\x00\x1f\x1f\x80>\x0f\x80~\x0f\xc0|\x07\xc0\xfc\x07\xe0\xf8\x03\xe0\x00\x00\x00\x00\x00\x00\x00\x00\x00\x00\x00\x00\x03\xf8\x00\x03\xf8\x00\x03\xf8\x00\x03\xf8\x00\x03\xf8\x00\x03\xf8\x00\x03\xf8\x00\x03\xf8\x00\x03\xf8\x00\x03\xf8\x00\x03\xf8\x00\x03\xf8\x00\x03\xf8\x00\x03\xf8\x00\x03\xf8\x00\x03\xf8\x00\x03\xf8\x00\x03\xf8\x00\x03\xf8\x00\x03\xf8\x00\x03\xf8\x00\x03\xf8\x00\x03\xf8\x00\x03\xf8\x00\x03\xf8\x00\x03\xf8\x00\x03\xf8\x00\x03\xf8\x00\x03\xf8\x00\x03\xf8\x00\x03\xf8\x00\x03\xf8\x00\x03\xf8\x00\x03\xf8\x00\x03\xf8\x00\x03\xf8\x00\x03\xf8\x00\x03\xf8\x00\x03\xf8\x00\x03\xf8\x00\x03\xf8\x00\x03\xf8\x00\x03\xf8\x00\x03\xf8\x00\x03\xf8\x00\x00\x00\x00\x00\x00\x00\x00\x00\x00\x00\x00\x00\x00\x00\x00\x00\x00\x00\x00\x00\x00\x00\x00\x00\x00\x00\x00\x00\x00\x00\x00\x00\x00\x00\x00\x00\x00\x00\x00\x00\x00\x00\x00\x00\x00\x00\x00\x00\x00\x00\x00\x00\x00\x00\x00\x00\x00\x13',
  239:b'\x00\x00\x00\x00\x00\x00\x00\x00\x00\x00\x00\x00\x00\x00\x00\x00\x00\x00\x00\x00\x00\x00\x00\x00\x00\x00\x00\x00\x00\x00\x00\x00\x00\x00\x00\x00\x00\x00\x00\x00\x00\x00\x00\x00\x00\x00\x00\x00<\x00\xf0~\x01\xf8\xfe\x03\xf8\xfe\x03\xfc\xfe\x03\xfc\xff\x03\xfc\xfe\x03\xf8~\x01\xf8<\x00\xf0\x00\x00\x00\x00\x00\x00\x00\x00\x00\x00\x00\x00\x00\x00\x00\x00\x00\x00\x00\x00\x00\x00\x00\x00\x01\xfc\x00\x01\xfc\x00\x01\xfc\x00\x01\xfc\x00\x01\xfc\x00\x01\xfc\x00\x01\xfc\x00\x01\xfc\x00\x01\xfc\x00\x01\xfc\x00\x01\xfc\x00\x01\xfc\x00\x01\xfc\x00\x01\xfc\x00\x01\xfc\x00\x01\xfc\x00\x01\xfc\x00\x01\xfc\x00\x01\xfc\x00\x01\xfc\x00\x01\xfc\x00\x01\xfc\x00\x01\xfc\x00\x01\xfc\x00\x01\xfc\x00\x01\xfc\x00\x01\xfc\x00\x01\xfc\x00\x01\xfc\x00\x01\xfc\x00\x01\xfc\x00\x01\xfc\x00\x01\xfc\x00\x01\xfc\x00\x01\xfc\x00\x01\xfc\x00\x01\xfc\x00\x01\xfc\x00\x01\xfc\x00\x01\xfc\x00\x01\xfc\x00\x01\xfc\x00\x01\xfc\x00\x01\xfc\x00\x01\xfc\x00\x00\x00\x00\x00\x00\x00\x00\x00\x00\x00\x00\x00\x00\x00\x00\x00\x00\x00\x00\x00\x00\x00\x00\x00\x00\x00\x00\x00\x00\x00\x00\x00\x00\x00\x00\x00\x00\x00\x00\x00\x00\x00\x00\x00\x00\x00\x00\x00\x00\x00\x00\x00\x00\x00\x00\x00\x00\x16',
  240:b'\x00\x00\x00\x00\x00\x00\x00\x00\x00\x00\x00\x00\x00\x00\x00\x00\x00\x00\x00\x00\x00\x00\x00\x00\x00\x00\x00\x00\x00\x00\x00\x00\x00\x00\x00\x00\x00\x00\x00\x00\x00\x00\x00\x00\x00\x00\x00\x00\x00\x00\x00\x00\x00\x00\x00\x00\x00\x00\x00\x00\x00\x00\x00\x00\x00\x00\x00\x00\x00\x00\x00\x00\x00\x00\x00\x00\x00@\x00\x00\x00\x00\xf0\x04\x00\x00\x00\xfc\x0e\x00\x00\x01\xfe>\x00\x00\x03\xff\xff\x00\x00\x00\xff\xfc\x00\x00\x00?\xf8\x00\x00\x00\x0f\xf0\x00\x00\x00?\xf0\x00\x00\x00\x7f\xf8\x00\x00\x01\xff\xfc\x00\x00\x00\xf8\xfe\x00\x00\x00\xf0~\x00\x00\x00@\x7f\x00\x00\x00\x00?\x00\x00\x00\x00\x1f\x80\x00\x00\x00\x1f\x80\x00\x00\x00\x1f\x80\x00\x00\xff\x0f\xc0\x00\x07\xff\xcf\xc0\x00\x0f\xff\xf7\xc0\x00?\xff\xff\xe0\x00\x7f\xff\xff\xe0\x00\x7f\xff\xff\xe0\x00\xff\x80\xff\xe0\x01\xfe\x00?\xe0\x01\xfc\x00\x0f\xf0\x03\xf8\x00\x07\xf0\x03\xf8\x00\x07\xf0\x07\xf0\x00\x03\xf0\x07\xf0\x00\x03\xf0\x07\xe0\x00\x03\xf0\x0f\xe0\x00\x03\xf0\x0f\xe0\x00\x03\xf0\x0f\xe0\x00\x03\xf0\x0f\xe0\x00\x03\xf0\x0f\xc0\x00\x03\xf0\x0f\xc0\x00\x03\xf0\x0f\xc0\x00\x03\xf0\x0f\xc0\x00\x03\xf0\x0f\xc0\x00\x03\xf0\x0f\xc0\x00\x03\xf0\x0f\xc0\x00\x03\xf0\x0f\xc0\x00\x03\xf0\x0f\xc0\x00\x03\xf0\x0f\xc0\x00\x03\xf0\x0f\xe0\x00\x07\xf0\x0f\xe0\x00\x07\xf0\x0f\xe0\x00\x07\xe0\x0f\xe0\x00\x07\xe0\x07\xe0\x00\x0f\xe0\x07\xf0\x00\x0f\xe0\x07\xf0\x00\x0f\xc0\x07\xf8\x00\x1f\xc0\x03\xf8\x00\x1f\x80\x03\xfc\x00?\x80\x01\xff\x00\x7f\x00\x01\xff\x81\xff\x00\x00\xff\xff\xfe\x00\x00\x7f\xff\xfc\x00\x00?\xff\xf8\x00\x00\x1f\xff\xf0\x00\x00\x07\xff\xe0\x00\x00\x01\xff\x00\x00\x00\x00\x00\x00\x00\x00\x00\x00\x00\x00\x00\x00\x00\x00\x00\x00\x00\x00\x00\x00\x00\x00\x00\x00\x00\x00\x00\x00\x00\x00\x00\x00\x00\x00\x00\x00\x00\x00\x00\x00\x00\x00\x00\x00\x00\x00\x00\x00\x00\x00\x00\x00\x00\x00\x00\x00\x00\x00\x00\x00\x00\x00\x00\x00\x00\x00\x00\x00\x00\x00\x00\x00\x00\x00\x00\x00\x00\x00\x00\x00\x00\x00\x00\x00\x00\x00\x00\x00\x00\x00(',
  241:b"\x00\x00\x00\x00\x00\x00\x00\x00\x00\x00\x00\x00\x00\x00\x00\x00\x00\x00\x00\x00\x00\x00\x00\x00\x00\x00\x00\x00\x00\x00\x00\x00\x00\x00\x00\x00\x00\x00\x00\x00\x00\x00\x00\x00\x00\x00\x00\x00\x00\x00\x00\x00\x00\x00\x00\x00\x00\x00\x00\x00\x00\x00\x00\x00\x00\x00\x00\x00\x00\x00\x00\x00\x00\x00\x00\x00\x03\xe0\x00\x00\x00\x0f\xf8\x10\x00\x00\x1f\xfe\x18\x00\x00?\xff\xfc\x00\x00\x7f\xff\xfc\x00\x00\x7f\xff\xfc\x00\x008\x7f\xf8\x00\x00\x10\x1f\xf0\x00\x00\x00\x07\xc0\x00\x00\x00\x00\x00\x00\x00\x00\x00\x00\x00\x00\x00\x00\x00\x00\x00\x00\x00\x00\x00\x00\x00\x00\x00\x00\x00\x00\x00\x00\x00\x00\x00\x00\x00\x00\x00\x00\x00\x00\x00\x00\x00\x1f\xe0\x00\x07\xc0\xff\xf8\x00\x07\xc1\xff\xfe\x00\x07\xc7\xff\xfe\x00\x07\xef\xff\xff\x00\x07\xef\xff\xff\x80\x07\xff\xc0\xff\x80\x07\xff\x00\x7f\x80\x07\xfe\x00?\xc0\x07\xfc\x00\x1f\xc0\x07\xf8\x00\x1f\xc0\x07\xf0\x00\x1f\xc0\x07\xf0\x00\x0f\xc0\x07\xf0\x00\x0f\xc0\x07\xf0\x00\x0f\xc0\x07\xf0\x00\x0f\xc0\x07\xf0\x00\x0f\xc0\x07\xf0\x00\x0f\xc0\x07\xf0\x00\x0f\xc0\x07\xf0\x00\x0f\xc0\x07\xf0\x00\x0f\xc0\x07\xf0\x00\x0f\xc0\x07\xf0\x00\x0f\xc0\x07\xf0\x00\x0f\xc0\x07\xf0\x00\x0f\xc0\x07\xf0\x00\x0f\xc0\x07\xf0\x00\x0f\xc0\x07\xf0\x00\x0f\xc0\x07\xf0\x00\x0f\xc0\x07\xf0\x00\x0f\xc0\x07\xf0\x00\x0f\xc0\x07\xf0\x00\x0f\xc0\x07\xf0\x00\x0f\xc0\x07\xf0\x00\x0f\xc0\x07\xf0\x00\x0f\xc0\x07\xf0\x00\x0f\xc0\x07\xf0\x00\x0f\xc0\x07\xf0\x00\x0f\xc0\x07\xf0\x00\x0f\xc0\x07\xf0\x00\x0f\xc0\x07\xf0\x00\x0f\xc0\x07\xf0\x00\x0f\xc0\x07\xf0\x00\x0f\xc0\x07\xf0\x00\x0f\xc0\x07\xf0\x00\x0f\xc0\x07\xf0\x00\x0f\xc0\x00\x00\x00\x00\x00\x00\x00\x00\x00\x00\x00\x00\x00\x00\x00\x00\x00\x00\x00\x00\x00\x00\x00\x00\x00\x00\x00\x00\x00\x00\x00\x00\x00\x00\x00\x00\x00\x00\x00\x00\x00\x00\x00\x00\x00\x00\x00\x00\x00\x00\x00\x00\x00\x00\x00\x00\x00\x00\x00\x00\x00\x00\x00\x00\x00\x00\x00\x00\x00\x00\x00\x00\x00\x00\x00\x00\x00\x00\x00\x00\x00\x00\x00\x00\x00\x00\x00\x00\x00\x00\x00\x00\x00\x00\x00'",
  242:b'\x00\x00\x00\x00\x00\x00\x00\x00\x00\x00\x00\x00\x00\x00\x00\x00\x00\x00\x00\x00\x00\x00\x00\x00\x00\x00\x00\x00\x00\x00\x00\x00\x00\x00\x00\x00\x00\x00\x00\x00\x00\x00\x00\x00\x00\x00\x00\x00\x00\x00\x00\x00\x00\x00\x00\x00\x00\x00\x00\x00\x00\x00\x00\x00\x00\x00\x00\x00\x00\x00\x00\x1f\xc0\x00\x00\x00\x1f\xe0\x00\x00\x00\x1f\xe0\x00\x00\x00\x0f\xe0\x00\x00\x00\x07\xf0\x00\x00\x00\x07\xf0\x00\x00\x00\x03\xf0\x00\x00\x00\x01\xf8\x00\x00\x00\x00\xf8\x00\x00\x00\x00\xf8\x00\x00\x00\x00|\x00\x00\x00\x00<\x00\x00\x00\x00\x1c\x00\x00\x00\x00\x02\x00\x00\x00\x00\x00\x00\x00\x00\x00\x00\x00\x00\x00\x00\x00\x00\x00\x00\x00\x00\x00\x00\x00\x01\xff\x00\x00\x00\x0f\xff\xc0\x00\x00\x1f\xff\xf0\x00\x00\x7f\xff\xf8\x00\x00\xff\xff\xfc\x00\x00\xff\xff\xfe\x00\x01\xff\x03\xff\x00\x03\xfe\x00\xff\x00\x03\xf8\x00\x7f\x80\x07\xf8\x00?\x80\x07\xf0\x00?\x80\x07\xf0\x00\x1f\xc0\x0f\xe0\x00\x1f\xc0\x0f\xe0\x00\x1f\xc0\x0f\xe0\x00\x0f\xc0\x0f\xe0\x00\x0f\xe0\x0f\xc0\x00\x0f\xe0\x0f\xc0\x00\x0f\xe0\x1f\xc0\x00\x0f\xe0\x1f\xc0\x00\x0f\xe0\x1f\xc0\x00\x0f\xe0\x1f\xc0\x00\x0f\xe0\x1f\xc0\x00\x0f\xe0\x1f\xc0\x00\x0f\xe0\x1f\xc0\x00\x0f\xe0\x1f\xc0\x00\x0f\xe0\x1f\xc0\x00\x0f\xe0\x1f\xc0\x00\x0f\xe0\x1f\xc0\x00\x0f\xe0\x0f\xc0\x00\x0f\xe0\x0f\xc0\x00\x0f\xe0\x0f\xe0\x00\x0f\xe0\x0f\xe0\x00\x0f\xc0\x0f\xe0\x00\x1f\xc0\x0f\xe0\x00\x1f\xc0\x07\xf0\x00\x1f\xc0\x07\xf0\x00?\x80\x07\xf8\x00?\x80\x03\xfc\x00\x7f\x80\x03\xfe\x00\xff\x00\x01\xff\x03\xff\x00\x01\xff\xff\xfe\x00\x00\xff\xff\xfc\x00\x00\x7f\xff\xf8\x00\x00?\xff\xf0\x00\x00\x0f\xff\xc0\x00\x00\x01\xff\x00\x00\x00\x00\x00\x00\x00\x00\x00\x00\x00\x00\x00\x00\x00\x00\x00\x00\x00\x00\x00\x00\x00\x00\x00\x00\x00\x00\x00\x00\x00\x00\x00\x00\x00\x00\x00\x00\x00\x00\x00\x00\x00\x00\x00\x00\x00\x00\x00\x00\x00\x00\x00\x00\x00\x00\x00\x00\x00\x00\x00\x00\x00\x00\x00\x00\x00\x00\x00\x00\x00\x00\x00\x00\x00\x00\x00\x00\x00\x00\x00\x00\x00\x00\x00\x00\x00\x00\x00\x00\x00\x00&',
  243:b'\x00\x00\x00\x00\x00\x00\x00\x00\x00\x00\x00\x00\x00\x00\x00\x00\x00\x00\x00\x00\x00\x00\x00\x00\x00\x00\x00\x00\x00\x00\x00\x00\x00\x00\x00\x00\x00\x00\x00\x00\x00\x00\x00\x00\x00\x00\x00\x00\x00\x00\x00\x00\x00\x00\x00\x00\x00\x00\x00\x00\x00\x00\x00\x00\x00\x00\x00\x00\x00\x00\x00\x00\x0f\xe0\x00\x00\x00\x0f\xe0\x00\x00\x00\x1f\xe0\x00\x00\x00\x1f\xc0\x00\x00\x00\x1f\x80\x00\x00\x00?\x80\x00\x00\x00?\x00\x00\x00\x00>\x00\x00\x00\x00~\x00\x00\x00\x00|\x00\x00\x00\x00|\x00\x00\x00\x00\xf8\x00\x00\x00\x00\xf0\x00\x00\x00\x00\x00\x00\x00\x00\x00\x00\x00\x00\x00\x00\x00\x00\x00\x00\x00\x00\x00\x00\x00\x00\x00\x00\x00\x00\x01\xff\x00\x00\x00\x0f\xff\xc0\x00\x00\x1f\xff\xf0\x00\x00\x7f\xff\xf8\x00\x00\xff\xff\xfc\x00\x00\xff\xff\xfe\x00\x01\xff\x03\xff\x00\x03\xfe\x00\xff\x00\x03\xf8\x00\x7f\x80\x07\xf8\x00?\x80\x07\xf0\x00?\x80\x07\xf0\x00\x1f\xc0\x0f\xe0\x00\x1f\xc0\x0f\xe0\x00\x1f\xc0\x0f\xe0\x00\x0f\xc0\x0f\xe0\x00\x0f\xe0\x0f\xc0\x00\x0f\xe0\x0f\xc0\x00\x0f\xe0\x1f\xc0\x00\x0f\xe0\x1f\xc0\x00\x0f\xe0\x1f\xc0\x00\x0f\xe0\x1f\xc0\x00\x0f\xe0\x1f\xc0\x00\x0f\xe0\x1f\xc0\x00\x0f\xe0\x1f\xc0\x00\x0f\xe0\x1f\xc0\x00\x0f\xe0\x1f\xc0\x00\x0f\xe0\x1f\xc0\x00\x0f\xe0\x1f\xc0\x00\x0f\xe0\x0f\xc0\x00\x0f\xe0\x0f\xc0\x00\x0f\xe0\x0f\xe0\x00\x0f\xe0\x0f\xe0\x00\x0f\xc0\x0f\xe0\x00\x1f\xc0\x0f\xe0\x00\x1f\xc0\x07\xf0\x00\x1f\xc0\x07\xf0\x00?\x80\x07\xf8\x00?\x80\x03\xfc\x00\x7f\x80\x03\xfe\x00\xff\x00\x01\xff\x03\xff\x00\x01\xff\xff\xfe\x00\x00\xff\xff\xfc\x00\x00\x7f\xff\xf8\x00\x00?\xff\xf0\x00\x00\x0f\xff\xc0\x00\x00\x01\xff\x00\x00\x00\x00\x00\x00\x00\x00\x00\x00\x00\x00\x00\x00\x00\x00\x00\x00\x00\x00\x00\x00\x00\x00\x00\x00\x00\x00\x00\x00\x00\x00\x00\x00\x00\x00\x00\x00\x00\x00\x00\x00\x00\x00\x00\x00\x00\x00\x00\x00\x00\x00\x00\x00\x00\x00\x00\x00\x00\x00\x00\x00\x00\x00\x00\x00\x00\x00\x00\x00\x00\x00\x00\x00\x00\x00\x00\x00\x00\x00\x00\x00\x00\x00\x00\x00\x00\x00\x00\x00\x00\x00&',
  244:b'\x00\x00\x00\x00\x00\x00\x00\x00\x00\x00\x00\x00\x00\x00\x00\x00\x00\x00\x00\x00\x00\x00\x00\x00\x00\x00\x00\x00\x00\x00\x00\x00\x00\x00\x00\x00\x00\x00\x00\x00\x00\x00\x00\x00\x00\x00\x00\x00\x00\x00\x00\x00\x00\x00\x00\x00\x00\x00\x00\x00\x00\x00\x00\x00\x00\x00\x00<\x00\x00\x00\x00<\x00\x00\x00\x00~\x00\x00\x00\x00\xfe\x00\x00\x00\x00\xff\x00\x00\x00\x01\xef\x00\x00\x00\x01\xef\x80\x00\x00\x03\xef\x80\x00\x00\x03\xcf\xc0\x00\x00\x07\xc7\xc0\x00\x00\x07\xc7\xe0\x00\x00\x0f\x83\xe0\x00\x00\x1f\x83\xf0\x00\x00\x1f\x01\xf0\x00\x00?\x01\xf8\x00\x00>\x00\xf8\x00\x00\x00\x00\x00\x00\x00\x00\x00\x00\x00\x00\x00\x00\x00\x00\x00\x01\xff\x00\x00\x00\x0f\xff\xc0\x00\x00\x1f\xff\xf0\x00\x00\x7f\xff\xf8\x00\x00\xff\xff\xfc\x00\x00\xff\xff\xfe\x00\x01\xff\x03\xff\x00\x03\xfe\x00\xff\x00\x03\xf8\x00\x7f\x80\x07\xf8\x00?\x80\x07\xf0\x00?\x80\x07\xf0\x00\x1f\xc0\x0f\xe0\x00\x1f\xc0\x0f\xe0\x00\x1f\xc0\x0f\xe0\x00\x0f\xc0\x0f\xe0\x00\x0f\xe0\x0f\xc0\x00\x0f\xe0\x0f\xc0\x00\x0f\xe0\x1f\xc0\x00\x0f\xe0\x1f\xc0\x00\x0f\xe0\x1f\xc0\x00\x0f\xe0\x1f\xc0\x00\x0f\xe0\x1f\xc0\x00\x0f\xe0\x1f\xc0\x00\x0f\xe0\x1f\xc0\x00\x0f\xe0\x1f\xc0\x00\x0f\xe0\x1f\xc0\x00\x0f\xe0\x1f\xc0\x00\x0f\xe0\x1f\xc0\x00\x0f\xe0\x0f\xc0\x00\x0f\xe0\x0f\xc0\x00\x0f\xe0\x0f\xe0\x00\x0f\xe0\x0f\xe0\x00\x0f\xc0\x0f\xe0\x00\x1f\xc0\x0f\xe0\x00\x1f\xc0\x07\xf0\x00\x1f\xc0\x07\xf0\x00?\x80\x07\xf8\x00?\x80\x03\xfc\x00\x7f\x80\x03\xfe\x00\xff\x00\x01\xff\x03\xff\x00\x01\xff\xff\xfe\x00\x00\xff\xff\xfc\x00\x00\x7f\xff\xf8\x00\x00?\xff\xf0\x00\x00\x0f\xff\xc0\x00\x00\x01\xff\x00\x00\x00\x00\x00\x00\x00\x00\x00\x00\x00\x00\x00\x00\x00\x00\x00\x00\x00\x00\x00\x00\x00\x00\x00\x00\x00\x00\x00\x00\x00\x00\x00\x00\x00\x00\x00\x00\x00\x00\x00\x00\x00\x00\x00\x00\x00\x00\x00\x00\x00\x00\x00\x00\x00\x00\x00\x00\x00\x00\x00\x00\x00\x00\x00\x00\x00\x00\x00\x00\x00\x00\x00\x00\x00\x00\x00\x00\x00\x00\x00\x00\x00\x00\x00\x00\x00\x00\x00\x00\x00\x00&',
  245:b'\x00\x00\x00\x00\x00\x00\x00\x00\x00\x00\x00\x00\x00\x00\x00\x00\x00\x00\x00\x00\x00\x00\x00\x00\x00\x00\x00\x00\x00\x00\x00\x00\x00\x00\x00\x00\x00\x00\x00\x00\x00\x00\x00\x00\x00\x00\x00\x00\x00\x00\x00\x00\x00\x00\x00\x00\x00\x00\x00\x00\x00\x00\x00\x00\x00\x00\x00\x00\x00\x00\x00\x00\x00\x00\x00\x00\x03\xe0\x00\x00\x00\x0f\xf8\x10\x00\x00\x1f\xfe8\x00\x00?\xff\xf8\x00\x00\x7f\xff\xfc\x00\x00\x7f\xff\xf8\x00\x008\x7f\xf0\x00\x00 \x1f\xe0\x00\x00\x00\x07\x80\x00\x00\x00\x00\x00\x00\x00\x00\x00\x00\x00\x00\x00\x00\x00\x00\x00\x00\x00\x00\x00\x00\x00\x00\x00\x00\x00\x00\x00\x00\x00\x00\x00\x00\x00\x00\x00\x00\x00\x00\x00\x00\x01\xff\x00\x00\x00\x0f\xff\xc0\x00\x00\x1f\xff\xf0\x00\x00\x7f\xff\xf8\x00\x00\xff\xff\xfc\x00\x00\xff\xff\xfe\x00\x01\xff\x03\xff\x00\x03\xfe\x00\xff\x00\x03\xf8\x00\x7f\x80\x07\xf8\x00?\x80\x07\xf0\x00?\x80\x07\xf0\x00\x1f\xc0\x0f\xe0\x00\x1f\xc0\x0f\xe0\x00\x1f\xc0\x0f\xe0\x00\x0f\xc0\x0f\xe0\x00\x0f\xe0\x0f\xc0\x00\x0f\xe0\x0f\xc0\x00\x0f\xe0\x1f\xc0\x00\x0f\xe0\x1f\xc0\x00\x0f\xe0\x1f\xc0\x00\x0f\xe0\x1f\xc0\x00\x0f\xe0\x1f\xc0\x00\x0f\xe0\x1f\xc0\x00\x0f\xe0\x1f\xc0\x00\x0f\xe0\x1f\xc0\x00\x0f\xe0\x1f\xc0\x00\x0f\xe0\x1f\xc0\x00\x0f\xe0\x1f\xc0\x00\x0f\xe0\x0f\xc0\x00\x0f\xe0\x0f\xc0\x00\x0f\xe0\x0f\xe0\x00\x0f\xe0\x0f\xe0\x00\x0f\xc0\x0f\xe0\x00\x1f\xc0\x0f\xe0\x00\x1f\xc0\x07\xf0\x00\x1f\xc0\x07\xf0\x00?\x80\x07\xf8\x00?\x80\x03\xfc\x00\x7f\x80\x03\xfe\x00\xff\x00\x01\xff\x03\xff\x00\x01\xff\xff\xfe\x00\x00\xff\xff\xfc\x00\x00\x7f\xff\xf8\x00\x00?\xff\xf0\x00\x00\x0f\xff\xc0\x00\x00\x01\xff\x00\x00\x00\x00\x00\x00\x00\x00\x00\x00\x00\x00\x00\x00\x00\x00\x00\x00\x00\x00\x00\x00\x00\x00\x00\x00\x00\x00\x00\x00\x00\x00\x00\x00\x00\x00\x00\x00\x00\x00\x00\x00\x00\x00\x00\x00\x00\x00\x00\x00\x00\x00\x00\x00\x00\x00\x00\x00\x00\x00\x00\x00\x00\x00\x00\x00\x00\x00\x00\x00\x00\x00\x00\x00\x00\x00\x00\x00\x00\x00\x00\x00\x00\x00\x00\x00\x00\x00\x00\x00\x00\x00&',
  246:b'\x00\x00\x00\x00\x00\x00\x00\x00\x00\x00\x00\x00\x00\x00\x00\x00\x00\x00\x00\x00\x00\x00\x00\x00\x00\x00\x00\x00\x00\x00\x00\x00\x00\x00\x00\x00\x00\x00\x00\x00\x00\x00\x00\x00\x00\x00\x00\x00\x00\x00\x00\x00\x00\x00\x00\x00\x00\x00\x00\x00\x00\x00\x00\x00\x00\x00\x00\x00\x00\x00\x00\x00\x00\x00\x00\x00\x00\x00\x00\x00\x00<\x00\xf0\x00\x00~\x01\xf8\x00\x00\x7f\x01\xfc\x00\x00\xff\x01\xfc\x00\x00\xff\x01\xfc\x00\x00\xff\x01\xfc\x00\x00\x7f\x01\xfc\x00\x00~\x01\xf8\x00\x00<\x00\xf0\x00\x00\x00\x00\x00\x00\x00\x00\x00\x00\x00\x00\x00\x00\x00\x00\x00\x00\x00\x00\x00\x00\x00\x00\x00\x00\x00\x00\x00\x00\x00\x00\x00\x00\x00\x00\x00\x01\xff\x00\x00\x00\x0f\xff\xc0\x00\x00\x1f\xff\xf0\x00\x00\x7f\xff\xf8\x00\x00\xff\xff\xfc\x00\x00\xff\xff\xfe\x00\x01\xff\x03\xff\x00\x03\xfe\x00\xff\x00\x03\xf8\x00\x7f\x80\x07\xf8\x00?\x80\x07\xf0\x00?\x80\x07\xf0\x00\x1f\xc0\x0f\xe0\x00\x1f\xc0\x0f\xe0\x00\x1f\xc0\x0f\xe0\x00\x0f\xc0\x0f\xe0\x00\x0f\xe0\x0f\xc0\x00\x0f\xe0\x0f\xc0\x00\x0f\xe0\x1f\xc0\x00\x0f\xe0\x1f\xc0\x00\x0f\xe0\x1f\xc0\x00\x0f\xe0\x1f\xc0\x00\x0f\xe0\x1f\xc0\x00\x0f\xe0\x1f\xc0\x00\x0f\xe0\x1f\xc0\x00\x0f\xe0\x1f\xc0\x00\x0f\xe0\x1f\xc0\x00\x0f\xe0\x1f\xc0\x00\x0f\xe0\x1f\xc0\x00\x0f\xe0\x0f\xc0\x00\x0f\xe0\x0f\xc0\x00\x0f\xe0\x0f\xe0\x00\x0f\xe0\x0f\xe0\x00\x0f\xc0\x0f\xe0\x00\x1f\xc0\x0f\xe0\x00\x1f\xc0\x07\xf0\x00\x1f\xc0\x07\xf0\x00?\x80\x07\xf8\x00?\x80\x03\xfc\x00\x7f\x80\x03\xfe\x00\xff\x00\x01\xff\x03\xff\x00\x01\xff\xff\xfe\x00\x00\xff\xff\xfc\x00\x00\x7f\xff\xf8\x00\x00?\xff\xf0\x00\x00\x0f\xff\xc0\x00\x00\x01\xff\x00\x00\x00\x00\x00\x00\x00\x00\x00\x00\x00\x00\x00\x00\x00\x00\x00\x00\x00\x00\x00\x00\x00\x00\x00\x00\x00\x00\x00\x00\x00\x00\x00\x00\x00\x00\x00\x00\x00\x00\x00\x00\x00\x00\x00\x00\x00\x00\x00\x00\x00\x00\x00\x00\x00\x00\x00\x00\x00\x00\x00\x00\x00\x00\x00\x00\x00\x00\x00\x00\x00\x00\x00\x00\x00\x00\x00\x00\x00\x00\x00\x00\x00\x00\x00\x00\x00\x00\x00\x00\x00\x00&',
  247:b'\x00\x00\x00\x00\x00\x00\x00\x00\x00\x00\x00\x00\x00\x00\x00\x00\x00\x00\x00\x00\x00\x00\x00\x00\x00\x00\x00\x00\x00\x00\x00\x00\x00\x00\x00\x00\x00\x00\x00\x00\x00\x00\x00\x00\x00\x00\x00\x00\x00\x00\x00\x00\x00\x00\x00\x00\x00\x00\x00\x00\x00\x00\x00\x00\x00\x00\x00\x00\x00\x00\x00\x00\x00\x00\x00\x00\x00\x00\x00\x00\x00\x00\x00\x00\x00\x00\x00\x00\x00\x00\x00\x00\x00\x00\x00\x00\x00\x00\x00\x00\x00\x00\x00\x00\x00\x00\x00\x00\x00\x00\x00\x00\x00\x00\x00\x00\x00\x00\x00\x00\x00\x00\x00\x00\x00\x00\x00\x00\x00\x00\x00\x00\x00\x00\x00\x00\x00\x00\x00\x00\x00\x00\xf8\x00\x00\x00\x01\xfc\x00\x00\x00\x03\xfc\x00\x00\x00\x03\xfe\x00\x00\x00\x03\xfe\x00\x00\x00\x03\xfe\x00\x00\x00\x03\xfe\x00\x00\x00\x03\xfc\x00\x00\x00\x01\xfc\x00\x00\x00\x00\xf8\x00\x00\x00\x00\x00\x00\x00\x00\x00\x00\x00\x00\x00\x00\x00\x00\x00\x00\x00\x00\x00\x00\x00\x00\x00\x00\x00\x00\x00\x00\x00\x00\x00\x00\x00\x00\x00\x1f\xff\xff\xff\xc0\x1f\xff\xff\xff\xc0\x1f\xff\xff\xff\xc0\x1f\xff\xff\xff\xc0\x1f\xff\xff\xff\xc0\x1f\xff\xff\xff\xc0\x00\x00\x00\x00\x00\x00\x00\x00\x00\x00\x00\x00\x00\x00\x00\x00\x00\x00\x00\x00\x00\x00\x00\x00\x00\x00\x00\x00\x00\x00\x00\x00\x00\x00\x00\x00\x00\xf8\x00\x00\x00\x01\xfc\x00\x00\x00\x03\xfc\x00\x00\x00\x03\xfe\x00\x00\x00\x03\xfe\x00\x00\x00\x03\xfe\x00\x00\x00\x03\xfe\x00\x00\x00\x03\xfc\x00\x00\x00\x01\xfc\x00\x00\x00\x00\xf8\x00\x00\x00\x00\x00\x00\x00\x00\x00\x00\x00\x00\x00\x00\x00\x00\x00\x00\x00\x00\x00\x00\x00\x00\x00\x00\x00\x00\x00\x00\x00\x00\x00\x00\x00\x00\x00\x00\x00\x00\x00\x00\x00\x00\x00\x00\x00\x00\x00\x00\x00\x00\x00\x00\x00\x00\x00\x00\x00\x00\x00\x00\x00\x00\x00\x00\x00\x00\x00\x00\x00\x00\x00\x00\x00\x00\x00\x00\x00\x00\x00\x00\x00\x00\x00\x00\x00\x00\x00\x00\x00\x00\x00\x00\x00\x00\x00\x00\x00\x00\x00\x00\x00\x00\x00\x00\x00\x00\x00\x00\x00\x00\x00\x00\x00\x00\x00\x00\x00\x00\x00\x00\x00\x00\x00\x00\x00\x00\x00\x00\x00\x00\x00\x00\x00\x00\x00\x00\x00\x00\x00\x00\x00\x00\x00\x00\x00%',
  248:b"\x00\x00\x00\x00\x00\x00\x00\x00\x00\x00\x00\x00\x00\x00\x00\x00\x00\x00\x00\x00\x00\x00\x00\x00\x00\x00\x00\x00\x00\x00\x00\x00\x00\x00\x00\x00\x00\x00\x00\x00\x00\x00\x00\x00\x00\x00\x00\x00\x00\x00\x00\x00\x00\x00\x00\x00\x00\x00\x00\x00\x00\x00\x00\x00\x00\x00\x00\x00\x00\x00\x00\x00\x00\x00\x00\x00\x00\x00\x00\x00\x00\x00\x00\x00\x00\x00\x00\x00\x00\x00\x00\x00\x00\x00\x00\x00\x00\x00\x00\x00\x00\x00\x00\x00\x00\x00\x00\x00\x00\x00\x00\x00\x00\x00\x00\x00\x00\x00\x00\x00\x00\x00\x00\x00\x00\x00\x00\x00\x00\x00\x00\x00\x00\x00\x00\x00\x00\x00\x00\x00\x00\x00\x00\x00\x00\x00\x00\x00\x00\x00\x00\x00\x00\x00\x00\x00\x00\x00\x00\x00\x00\x01\xff\x06\x00\x00\x07\xff\xc7\x80\x00\x1f\xff\xff\xc0\x00?\xff\xff\xc0\x00\x7f\xff\xff\x80\x00\xff\xff\xff\x80\x01\xff\x83\xff\x00\x01\xfe\x00\xff\x00\x03\xfc\x00\x7f\x80\x03\xf8\x00\x7f\x80\x07\xf0\x00\xff\xc0\x07\xf0\x01\xff\xc0\x07\xf0\x01\xff\xc0\x07\xe0\x03\xff\xc0\x0f\xe0\x03\xef\xe0\x0f\xe0\x07\xef\xe0\x0f\xe0\x07\xcf\xe0\x0f\xe0\x0f\x8f\xe0\x0f\xc0\x1f\x87\xe0\x0f\xc0\x1f\x07\xe0\x0f\xc0?\x07\xe0\x0f\xc0>\x07\xe0\x0f\xc0|\x07\xe0\x0f\xc0|\x07\xe0\x0f\xc0\xf8\x07\xe0\x0f\xc1\xf8\x07\xe0\x0f\xc1\xf0\x07\xe0\x0f\xc3\xf0\x07\xe0\x0f\xc3\xe0\x07\xe0\x0f\xc7\xc0\x0f\xe0\x0f\xe7\xc0\x0f\xe0\x0f\xef\x80\x0f\xe0\x0f\xff\x80\x0f\xe0\x07\xff\x00\x0f\xc0\x07\xfe\x00\x1f\xc0\x07\xfe\x00\x1f\xc0\x07\xfc\x00\x1f\xc0\x03\xfc\x00?\x80\x03\xfc\x00\x7f\x80\x01\xfe\x00\xff\x00\x03\xff\x83\xff\x00\x03\xff\xff\xfe\x00\x07\xff\xff\xfc\x00\x07\xff\xff\xf8\x00\x0f\xdf\xff\xf0\x00\x03\x8f\xff\xc0\x00\x01\x81\xff\x00\x00\x00\x00\x00\x00\x00\x00\x00\x00\x00\x00\x00\x00\x00\x00\x00\x00\x00\x00\x00\x00\x00\x00\x00\x00\x00\x00\x00\x00\x00\x00\x00\x00\x00\x00\x00\x00\x00\x00\x00\x00\x00\x00\x00\x00\x00\x00\x00\x00\x00\x00\x00\x00\x00\x00\x00\x00\x00\x00\x00\x00\x00\x00\x00\x00\x00\x00\x00\x00\x00\x00\x00\x00\x00\x00\x00\x00\x00\x00\x00\x00\x00\x00\x00\x00\x00\x00\x00\x00\x00\x00'",
  249:b"\x00\x00\x00\x00\x00\x00\x00\x00\x00\x00\x00\x00\x00\x00\x00\x00\x00\x00\x00\x00\x00\x00\x00\x00\x00\x00\x00\x00\x00\x00\x00\x00\x00\x00\x00\x00\x00\x00\x00\x00\x00\x00\x00\x00\x00\x00\x00\x00\x00\x00\x00\x00\x00\x00\x00\x00\x00\x00\x00\x00\x00\x00\x00\x00\x00\x00\x00\x00\x00\x00\x00?\xc0\x00\x00\x00?\xc0\x00\x00\x00\x1f\xc0\x00\x00\x00\x1f\xe0\x00\x00\x00\x0f\xe0\x00\x00\x00\x07\xe0\x00\x00\x00\x03\xf0\x00\x00\x00\x03\xf0\x00\x00\x00\x01\xf8\x00\x00\x00\x00\xf8\x00\x00\x00\x00x\x00\x00\x00\x00|\x00\x00\x00\x00<\x00\x00\x00\x00\x00\x00\x00\x00\x00\x00\x00\x00\x00\x00\x00\x00\x00\x00\x00\x00\x00\x00\x00\x00\x00\x00\x00\x00\x00\x00\x00\x00\x07\xe0\x00\x1f\x80\x07\xe0\x00\x1f\x80\x07\xe0\x00\x1f\x80\x07\xe0\x00\x1f\x80\x07\xe0\x00\x1f\x80\x07\xe0\x00\x1f\x80\x07\xe0\x00\x1f\x80\x07\xe0\x00\x1f\x80\x07\xe0\x00\x1f\x80\x07\xe0\x00\x1f\x80\x07\xe0\x00\x1f\x80\x07\xe0\x00\x1f\x80\x07\xe0\x00\x1f\x80\x07\xe0\x00\x1f\x80\x07\xe0\x00\x1f\x80\x07\xe0\x00\x1f\x80\x07\xe0\x00\x1f\x80\x07\xe0\x00\x1f\x80\x07\xe0\x00\x1f\x80\x07\xe0\x00\x1f\x80\x07\xe0\x00\x1f\x80\x07\xe0\x00\x1f\x80\x07\xe0\x00\x1f\x80\x07\xe0\x00\x1f\x80\x07\xe0\x00\x1f\x80\x07\xe0\x00\x1f\x80\x07\xe0\x00\x1f\x80\x07\xe0\x00\x1f\x80\x07\xe0\x00\x1f\x80\x07\xe0\x00\x1f\x80\x07\xe0\x00\x1f\x80\x07\xe0\x00\x1f\x80\x07\xe0\x00?\x80\x07\xe0\x00?\x80\x07\xf0\x00\x7f\x80\x07\xf0\x00\x7f\x80\x07\xf0\x00\xff\x80\x07\xf8\x01\xff\x80\x03\xf8\x03\xff\x80\x03\xfe\x0f\xef\xc0\x03\xff\xff\xef\xc0\x01\xff\xff\xc7\xc0\x00\xff\xff\x87\xc0\x00\xff\xff\x07\xc0\x00?\xfc\x03\xc0\x00\x0f\xf0\x00\x00\x00\x00\x00\x00\x00\x00\x00\x00\x00\x00\x00\x00\x00\x00\x00\x00\x00\x00\x00\x00\x00\x00\x00\x00\x00\x00\x00\x00\x00\x00\x00\x00\x00\x00\x00\x00\x00\x00\x00\x00\x00\x00\x00\x00\x00\x00\x00\x00\x00\x00\x00\x00\x00\x00\x00\x00\x00\x00\x00\x00\x00\x00\x00\x00\x00\x00\x00\x00\x00\x00\x00\x00\x00\x00\x00\x00\x00\x00\x00\x00\x00\x00\x00\x00\x00\x00\x00\x00\x00\x00'",
  250:b"\x00\x00\x00\x00\x00\x00\x00\x00\x00\x00\x00\x00\x00\x00\x00\x00\x00\x00\x00\x00\x00\x00\x00\x00\x00\x00\x00\x00\x00\x00\x00\x00\x00\x00\x00\x00\x00\x00\x00\x00\x00\x00\x00\x00\x00\x00\x00\x00\x00\x00\x00\x00\x00\x00\x00\x00\x00\x00\x00\x00\x00\x00\x00\x00\x00\x00\x00\x00\x00\x00\x00\x00\x0f\xe0\x00\x00\x00\x0f\xe0\x00\x00\x00\x1f\xe0\x00\x00\x00\x1f\xc0\x00\x00\x00\x1f\x80\x00\x00\x00?\x80\x00\x00\x00?\x00\x00\x00\x00>\x00\x00\x00\x00~\x00\x00\x00\x00|\x00\x00\x00\x00x\x00\x00\x00\x00\xf8\x00\x00\x00\x00\xf0\x00\x00\x00\x00\x00\x00\x00\x00\x00\x00\x00\x00\x00\x00\x00\x00\x00\x00\x00\x00\x00\x00\x00\x00\x00\x00\x00\x00\x00\x00\x00\x00\x07\xe0\x00\x1f\x80\x07\xe0\x00\x1f\x80\x07\xe0\x00\x1f\x80\x07\xe0\x00\x1f\x80\x07\xe0\x00\x1f\x80\x07\xe0\x00\x1f\x80\x07\xe0\x00\x1f\x80\x07\xe0\x00\x1f\x80\x07\xe0\x00\x1f\x80\x07\xe0\x00\x1f\x80\x07\xe0\x00\x1f\x80\x07\xe0\x00\x1f\x80\x07\xe0\x00\x1f\x80\x07\xe0\x00\x1f\x80\x07\xe0\x00\x1f\x80\x07\xe0\x00\x1f\x80\x07\xe0\x00\x1f\x80\x07\xe0\x00\x1f\x80\x07\xe0\x00\x1f\x80\x07\xe0\x00\x1f\x80\x07\xe0\x00\x1f\x80\x07\xe0\x00\x1f\x80\x07\xe0\x00\x1f\x80\x07\xe0\x00\x1f\x80\x07\xe0\x00\x1f\x80\x07\xe0\x00\x1f\x80\x07\xe0\x00\x1f\x80\x07\xe0\x00\x1f\x80\x07\xe0\x00\x1f\x80\x07\xe0\x00\x1f\x80\x07\xe0\x00\x1f\x80\x07\xe0\x00\x1f\x80\x07\xe0\x00?\x80\x07\xe0\x00?\x80\x07\xf0\x00\x7f\x80\x07\xf0\x00\x7f\x80\x07\xf0\x00\xff\x80\x07\xf8\x01\xff\x80\x03\xf8\x03\xff\x80\x03\xfe\x0f\xef\xc0\x03\xff\xff\xef\xc0\x01\xff\xff\xc7\xc0\x00\xff\xff\x87\xc0\x00\xff\xff\x07\xc0\x00?\xfc\x03\xc0\x00\x0f\xf0\x00\x00\x00\x00\x00\x00\x00\x00\x00\x00\x00\x00\x00\x00\x00\x00\x00\x00\x00\x00\x00\x00\x00\x00\x00\x00\x00\x00\x00\x00\x00\x00\x00\x00\x00\x00\x00\x00\x00\x00\x00\x00\x00\x00\x00\x00\x00\x00\x00\x00\x00\x00\x00\x00\x00\x00\x00\x00\x00\x00\x00\x00\x00\x00\x00\x00\x00\x00\x00\x00\x00\x00\x00\x00\x00\x00\x00\x00\x00\x00\x00\x00\x00\x00\x00\x00\x00\x00\x00\x00\x00\x00'",
  251:b"\x00\x00\x00\x00\x00\x00\x00\x00\x00\x00\x00\x00\x00\x00\x00\x00\x00\x00\x00\x00\x00\x00\x00\x00\x00\x00\x00\x00\x00\x00\x00\x00\x00\x00\x00\x00\x00\x00\x00\x00\x00\x00\x00\x00\x00\x00\x00\x00\x00\x00\x00\x00\x00\x00\x00\x00\x00\x00\x00\x00\x00\x00\x00\x00\x00\x00\x008\x00\x00\x00\x00|\x00\x00\x00\x00|\x00\x00\x00\x00\xfe\x00\x00\x00\x00\xfe\x00\x00\x00\x01\xff\x00\x00\x00\x03\xef\x00\x00\x00\x03\xef\x80\x00\x00\x07\xcf\x80\x00\x00\x07\xcf\xc0\x00\x00\x0f\xc7\xc0\x00\x00\x0f\x87\xe0\x00\x00\x1f\x03\xe0\x00\x00\x1f\x03\xf0\x00\x00>\x01\xf0\x00\x00>\x01\xf8\x00\x00@\x00\x00\x00\x00\x00\x00\x00\x00\x00\x00\x00\x00\x00\x00\x00\x00\x00\x00\x07\xe0\x00\x1f\x80\x07\xe0\x00\x1f\x80\x07\xe0\x00\x1f\x80\x07\xe0\x00\x1f\x80\x07\xe0\x00\x1f\x80\x07\xe0\x00\x1f\x80\x07\xe0\x00\x1f\x80\x07\xe0\x00\x1f\x80\x07\xe0\x00\x1f\x80\x07\xe0\x00\x1f\x80\x07\xe0\x00\x1f\x80\x07\xe0\x00\x1f\x80\x07\xe0\x00\x1f\x80\x07\xe0\x00\x1f\x80\x07\xe0\x00\x1f\x80\x07\xe0\x00\x1f\x80\x07\xe0\x00\x1f\x80\x07\xe0\x00\x1f\x80\x07\xe0\x00\x1f\x80\x07\xe0\x00\x1f\x80\x07\xe0\x00\x1f\x80\x07\xe0\x00\x1f\x80\x07\xe0\x00\x1f\x80\x07\xe0\x00\x1f\x80\x07\xe0\x00\x1f\x80\x07\xe0\x00\x1f\x80\x07\xe0\x00\x1f\x80\x07\xe0\x00\x1f\x80\x07\xe0\x00\x1f\x80\x07\xe0\x00\x1f\x80\x07\xe0\x00\x1f\x80\x07\xe0\x00\x1f\x80\x07\xe0\x00?\x80\x07\xe0\x00?\x80\x07\xf0\x00\x7f\x80\x07\xf0\x00\x7f\x80\x07\xf0\x00\xff\x80\x07\xf8\x01\xff\x80\x03\xf8\x03\xff\x80\x03\xfe\x0f\xef\xc0\x03\xff\xff\xef\xc0\x01\xff\xff\xc7\xc0\x00\xff\xff\x87\xc0\x00\xff\xff\x07\xc0\x00?\xfc\x03\xc0\x00\x0f\xf0\x00\x00\x00\x00\x00\x00\x00\x00\x00\x00\x00\x00\x00\x00\x00\x00\x00\x00\x00\x00\x00\x00\x00\x00\x00\x00\x00\x00\x00\x00\x00\x00\x00\x00\x00\x00\x00\x00\x00\x00\x00\x00\x00\x00\x00\x00\x00\x00\x00\x00\x00\x00\x00\x00\x00\x00\x00\x00\x00\x00\x00\x00\x00\x00\x00\x00\x00\x00\x00\x00\x00\x00\x00\x00\x00\x00\x00\x00\x00\x00\x00\x00\x00\x00\x00\x00\x00\x00\x00\x00\x00\x00'",
  252:b"\x00\x00\x00\x00\x00\x00\x00\x00\x00\x00\x00\x00\x00\x00\x00\x00\x00\x00\x00\x00\x00\x00\x00\x00\x00\x00\x00\x00\x00\x00\x00\x00\x00\x00\x00\x00\x00\x00\x00\x00\x00\x00\x00\x00\x00\x00\x00\x00\x00\x00\x00\x00\x00\x00\x00\x00\x00\x00\x00\x00\x00\x00\x00\x00\x00\x00\x00\x00\x00\x00\x00\x00\x00\x00\x00\x00\x00\x00\x00\x00\x00<\x00\xf0\x00\x00~\x01\xf8\x00\x00\x7f\x01\xfc\x00\x00\x7f\x01\xfc\x00\x00\xff\x01\xfc\x00\x00\x7f\x01\xfc\x00\x00\x7f\x01\xfc\x00\x00~\x01\xf8\x00\x00<\x00\xf0\x00\x00\x00\x00\x00\x00\x00\x00\x00\x00\x00\x00\x00\x00\x00\x00\x00\x00\x00\x00\x00\x00\x00\x00\x00\x00\x00\x00\x00\x00\x00\x00\x00\x00\x00\x00\x00\x00\x00\x00\x00\x07\xe0\x00\x1f\x80\x07\xe0\x00\x1f\x80\x07\xe0\x00\x1f\x80\x07\xe0\x00\x1f\x80\x07\xe0\x00\x1f\x80\x07\xe0\x00\x1f\x80\x07\xe0\x00\x1f\x80\x07\xe0\x00\x1f\x80\x07\xe0\x00\x1f\x80\x07\xe0\x00\x1f\x80\x07\xe0\x00\x1f\x80\x07\xe0\x00\x1f\x80\x07\xe0\x00\x1f\x80\x07\xe0\x00\x1f\x80\x07\xe0\x00\x1f\x80\x07\xe0\x00\x1f\x80\x07\xe0\x00\x1f\x80\x07\xe0\x00\x1f\x80\x07\xe0\x00\x1f\x80\x07\xe0\x00\x1f\x80\x07\xe0\x00\x1f\x80\x07\xe0\x00\x1f\x80\x07\xe0\x00\x1f\x80\x07\xe0\x00\x1f\x80\x07\xe0\x00\x1f\x80\x07\xe0\x00\x1f\x80\x07\xe0\x00\x1f\x80\x07\xe0\x00\x1f\x80\x07\xe0\x00\x1f\x80\x07\xe0\x00\x1f\x80\x07\xe0\x00\x1f\x80\x07\xe0\x00\x1f\x80\x07\xe0\x00?\x80\x07\xe0\x00?\x80\x07\xf0\x00\x7f\x80\x07\xf0\x00\x7f\x80\x07\xf0\x00\xff\x80\x07\xf8\x01\xff\x80\x03\xf8\x03\xff\x80\x03\xfe\x0f\xef\xc0\x03\xff\xff\xef\xc0\x01\xff\xff\xc7\xc0\x00\xff\xff\x87\xc0\x00\xff\xff\x07\xc0\x00?\xfc\x03\xc0\x00\x0f\xf0\x00\x00\x00\x00\x00\x00\x00\x00\x00\x00\x00\x00\x00\x00\x00\x00\x00\x00\x00\x00\x00\x00\x00\x00\x00\x00\x00\x00\x00\x00\x00\x00\x00\x00\x00\x00\x00\x00\x00\x00\x00\x00\x00\x00\x00\x00\x00\x00\x00\x00\x00\x00\x00\x00\x00\x00\x00\x00\x00\x00\x00\x00\x00\x00\x00\x00\x00\x00\x00\x00\x00\x00\x00\x00\x00\x00\x00\x00\x00\x00\x00\x00\x00\x00\x00\x00\x00\x00\x00\x00\x00\x00'",
  253:b'\x00\x00\x00\x00\x00\x00\x00\x00\x00\x00\x00\x00\x00\x00\x00\x00\x00\x00\x00\x00\x00\x00\x00\x00\x00\x00\x00\x00\x00\x00\x00\x00\x00\x00\x00\x00\x00\x00\x00\x00\x00\x00\x00\x00\x00\x00\x00\x00\x00\x00\x00\x00\x00\x00\x00\x00\x00\x00\x00\x00\x00\x00\x00\x00\x00\x00\x00\x00\x00\x00\x00\x00\x1f\xc0\x00\x00\x00\x1f\xc0\x00\x00\x00\x1f\xc0\x00\x00\x00?\x80\x00\x00\x00?\x80\x00\x00\x00?\x00\x00\x00\x00~\x00\x00\x00\x00~\x00\x00\x00\x00|\x00\x00\x00\x00\xf8\x00\x00\x00\x00\xf8\x00\x00\x00\x00\xf0\x00\x00\x00\x01\xe0\x00\x00\x00\x00\x00\x00\x00\x00\x00\x00\x00\x00\x00\x00\x00\x00\x00\x00\x00\x00\x00\x00\x00\x00\x00\x00\x00\x00\x00\x00\x00\x00\x7f\x00\x00\x1f\x80\x7f\x00\x00?\x80\x7f\x80\x00?\x80?\x80\x00?\x00?\x80\x00?\x00?\xc0\x00\x7f\x00\x1f\xc0\x00\x7f\x00\x1f\xc0\x00~\x00\x1f\xc0\x00~\x00\x0f\xe0\x00\xfe\x00\x0f\xe0\x00\xfc\x00\x0f\xe0\x00\xfc\x00\x07\xf0\x00\xfc\x00\x07\xf0\x00\xfc\x00\x07\xf0\x01\xf8\x00\x03\xf0\x01\xf8\x00\x03\xf8\x01\xf8\x00\x03\xf8\x01\xf8\x00\x01\xf8\x03\xf0\x00\x01\xfc\x03\xf0\x00\x01\xfc\x03\xf0\x00\x00\xfc\x03\xf0\x00\x00\xfc\x07\xe0\x00\x00\xfe\x07\xe0\x00\x00\xfe\x07\xe0\x00\x00~\x07\xc0\x00\x00\x7f\x0f\xc0\x00\x00\x7f\x0f\xc0\x00\x00?\x0f\xc0\x00\x00?\x0f\x80\x00\x00?\x8f\x80\x00\x00\x1f\x8f\x80\x00\x00\x1f\x9f\x80\x00\x00\x1f\x9f\x00\x00\x00\x0f\xdf\x00\x00\x00\x0f\xdf\x00\x00\x00\x0f\xdf\x00\x00\x00\x07\xde\x00\x00\x00\x07\xfe\x00\x00\x00\x07\xfe\x00\x00\x00\x03\xfe\x00\x00\x00\x03\xfc\x00\x00\x00\x03\xfc\x00\x00\x00\x01\xfc\x00\x00\x00\x01\xf8\x00\x00\x00\x01\xf8\x00\x00\x00\x01\xf8\x00\x00\x00\x01\xf8\x00\x00\x00\x03\xf0\x00\x00\x00\x03\xf0\x00\x00\x00\x03\xf0\x00\x00\x00\x07\xe0\x00\x00\x00\x07\xe0\x00\x00\x00\x0f\xe0\x00\x00\x00\x0f\xc0\x00\x00\x00\x1f\xc0\x00\x00\x00?\x80\x00\x00\x03\xff\x80\x00\x00\x03\xff\x00\x00\x00\x03\xff\x00\x00\x00\x03\xfe\x00\x00\x00\x03\xfc\x00\x00\x00\x07\xf0\x00\x00\x00\x00\x00\x00\x00\x00!',
  254:b"\x00\x00\x00\x00\x00\x00\x00\x00\x00\x00\x00\x00\x00\x00\x00\x00\x00\x00\x00\x00\x00\x00\x00\x00\x00\x00\x00\x00\x00\x00\x00\x00\x00\x00\x00\x00\x00\x00\x00\x00\x00\x00\x00\x00\x00\x00\x00\x00\x00\x00\x00\x00\x00\x00\x00\x00\x00\x00\x00\x00\x00\x00\x00\x00\x00\x00\x00\x00\x00\x00\x00\x00\x00\x00\x00\x00\x00\x00\x00\x00\x07\xf0\x00\x00\x00\x07\xf0\x00\x00\x00\x07\xf0\x00\x00\x00\x07\xf0\x00\x00\x00\x07\xf0\x00\x00\x00\x07\xf0\x00\x00\x00\x07\xf0\x00\x00\x00\x07\xf0\x00\x00\x00\x07\xf0\x00\x00\x00\x07\xf0\x00\x00\x00\x07\xf0\x00\x00\x00\x07\xf0\x00\x00\x00\x07\xf0\x00\x00\x00\x07\xf0\x00\x00\x00\x07\xf0\x00\x00\x00\x07\xf0\x00\x00\x00\x07\xf0?\x80\x00\x07\xf1\xff\xf0\x00\x07\xf3\xff\xf8\x00\x07\xf7\xff\xfe\x00\x07\xff\xff\xfe\x00\x07\xff\xff\xff\x00\x07\xff\x81\xff\x80\x07\xfe\x00\xff\x80\x07\xfc\x00\x7f\xc0\x07\xf8\x00?\xc0\x07\xf8\x00\x1f\xc0\x07\xf0\x00\x1f\xc0\x07\xf0\x00\x1f\xe0\x07\xf0\x00\x0f\xe0\x07\xf0\x00\x0f\xe0\x07\xf0\x00\x0f\xe0\x07\xf0\x00\x0f\xe0\x07\xf0\x00\x0f\xe0\x07\xf0\x00\x07\xe0\x07\xf0\x00\x07\xe0\x07\xf0\x00\x07\xe0\x07\xf0\x00\x07\xe0\x07\xf0\x00\x07\xe0\x07\xf0\x00\x07\xe0\x07\xf0\x00\x07\xe0\x07\xf0\x00\x07\xe0\x07\xf0\x00\x07\xe0\x07\xf0\x00\x0f\xe0\x07\xf0\x00\x0f\xe0\x07\xf0\x00\x0f\xe0\x07\xf0\x00\x0f\xe0\x07\xf0\x00\x0f\xe0\x07\xf0\x00\x0f\xc0\x07\xf0\x00\x1f\xc0\x07\xf0\x00\x1f\xc0\x07\xf0\x00?\x80\x07\xf0\x00?\x80\x07\xf0\x00\x7f\x80\x07\xf0\x00\xff\x00\x07\xf8\x01\xff\x00\x07\xfe\x07\xfe\x00\x07\xff\xff\xfc\x00\x07\xff\xff\xf8\x00\x07\xff\xff\xf0\x00\x07\xff\xff\xe0\x00\x07\xff\xff\x80\x00\x07\xf3\xfe\x00\x00\x07\xf0\x00\x00\x00\x07\xf0\x00\x00\x00\x07\xf0\x00\x00\x00\x07\xf0\x00\x00\x00\x07\xf0\x00\x00\x00\x07\xf0\x00\x00\x00\x07\xf0\x00\x00\x00\x07\xf0\x00\x00\x00\x07\xf0\x00\x00\x00\x07\xf0\x00\x00\x00\x07\xf0\x00\x00\x00\x07\xf0\x00\x00\x00\x07\xf0\x00\x00\x00\x07\xf0\x00\x00\x00\x07\xf0\x00\x00\x00\x07\xf0\x00\x00\x00\x07\xf0\x00\x00\x00\x00\x00\x00\x00\x00'",
  255:b'\x00\x00\x00\x00\x00\x00\x00\x00\x00\x00\x00\x00\x00\x00\x00\x00\x00\x00\x00\x00\x00\x00\x00\x00\x00\x00\x00\x00\x00\x00\x00\x00\x00\x00\x00\x00\x00\x00\x00\x00\x00\x00\x00\x00\x00\x00\x00\x00\x00\x00\x00\x00\x00\x00\x00\x00\x00\x00\x00\x00\x00\x00\x00\x00\x00\x00\x00\x00\x00\x00\x00\x00\x00\x00\x00\x00\x00\x00\x00\x00\x00\xf0\x03\xc0\x00\x01\xf8\x07\xe0\x00\x03\xf8\x0f\xe0\x00\x03\xf8\x0f\xf0\x00\x03\xfc\x0f\xf0\x00\x03\xf8\x0f\xf0\x00\x03\xf8\x0f\xe0\x00\x01\xf8\x07\xe0\x00\x00\xf0\x03\xc0\x00\x00\x00\x00\x00\x00\x00\x00\x00\x00\x00\x00\x00\x00\x00\x00\x00\x00\x00\x00\x00\x00\x00\x00\x00\x00\x00\x00\x00\x00\x00\x00\x00\x00\x00\x00\x00\x00\x00\x00\x00\x7f\x00\x00\x1f\x80\x7f\x00\x00?\x80\x7f\x80\x00?\x80?\x80\x00?\x00?\x80\x00?\x00?\xc0\x00\x7f\x00\x1f\xc0\x00\x7f\x00\x1f\xc0\x00~\x00\x1f\xc0\x00~\x00\x0f\xe0\x00\xfe\x00\x0f\xe0\x00\xfc\x00\x0f\xe0\x00\xfc\x00\x07\xf0\x00\xfc\x00\x07\xf0\x00\xfc\x00\x07\xf0\x01\xf8\x00\x03\xf0\x01\xf8\x00\x03\xf8\x01\xf8\x00\x03\xf8\x01\xf8\x00\x01\xf8\x03\xf0\x00\x01\xfc\x03\xf0\x00\x01\xfc\x03\xf0\x00\x00\xfc\x03\xf0\x00\x00\xfc\x07\xe0\x00\x00\xfe\x07\xe0\x00\x00\xfe\x07\xe0\x00\x00~\x07\xc0\x00\x00\x7f\x0f\xc0\x00\x00\x7f\x0f\xc0\x00\x00?\x0f\xc0\x00\x00?\x0f\x80\x00\x00?\x8f\x80\x00\x00\x1f\x8f\x80\x00\x00\x1f\x9f\x80\x00\x00\x1f\x9f\x00\x00\x00\x0f\xdf\x00\x00\x00\x0f\xdf\x00\x00\x00\x0f\xdf\x00\x00\x00\x07\xde\x00\x00\x00\x07\xfe\x00\x00\x00\x07\xfe\x00\x00\x00\x03\xfe\x00\x00\x00\x03\xfc\x00\x00\x00\x03\xfc\x00\x00\x00\x01\xfc\x00\x00\x00\x01\xf8\x00\x00\x00\x01\xf8\x00\x00\x00\x01\xf8\x00\x00\x00\x01\xf8\x00\x00\x00\x03\xf0\x00\x00\x00\x03\xf0\x00\x00\x00\x03\xf0\x00\x00\x00\x07\xe0\x00\x00\x00\x07\xe0\x00\x00\x00\x0f\xe0\x00\x00\x00\x0f\xc0\x00\x00\x00\x1f\xc0\x00\x00\x00?\x80\x00\x00\x03\xff\x80\x00\x00\x03\xff\x00\x00\x00\x03\xff\x00\x00\x00\x03\xfe\x00\x00\x00\x03\xfc\x00\x00\x00\x07\xf0\x00\x00\x00\x00\x00\x00\x00\x00!',
}

def get_ch(ch):
    c = ord(ch)
    if c not in _g.keys():
        return None, 0, 0
    return memoryview(_g[c]), 97, int(_g[c][-1])
