'''
    ezFBfont_PTSansNarrow_36_latin_56 : generated as part of the microPyEZfonts repository
      https://github.com/easytarget/microPyEZfonts

    This font definition can be used with the "ezFBfont" class provided there.
    It can also be used with the "writer" class from Peter Hinches micropython
      font-to-py tool: https://github.com/peterhinch/micropython-font-to-py

    Original PTSansNarrow_36.bdf font file was sourced from the U8G2 project:
      https://github.com/olikraus/u8g2

'''
# Code generated by bdf2dict.py
# Font: PTSansNarrow_36
# Cmd: ['bdf2dict.py'], ['./PTSansNarrow-36.bdf', '_', './latin-char.set']
# Date: 2025-05-29 13:11:10
'''
    Original Copyright, Comments and Notices from source:

    COPYRIGHT Sourced from Google Fonts, Wed 28 May 2025
    COPYRIGHT https://fonts.google.com/specimen/PT+Sans+Narrow
    COPYRIGHT 
    COPYRIGHT Distributed there under the SIL Open Font License, Version 1.1
    COPYRIGHT 
    COPYRIGHT -----------------------------------------------------------
    COPYRIGHT Copyright (c) 2010, ParaType Ltd. (http://www.paratype.com/public),
    COPYRIGHT with Reserved Font Names "PT Sans" and "ParaType".
    COPYRIGHT 
    COPYRIGHT This Font Software is licensed under the SIL Open Font License, Version 1.1.
    COPYRIGHT This license is copied below, and is also available with a FAQ at:
    COPYRIGHT https://openfontlicense.org
    COPYRIGHT 
    COPYRIGHT 
    COPYRIGHT -----------------------------------------------------------
    COPYRIGHT SIL OPEN FONT LICENSE Version 1.1 - 26 February 2007
    COPYRIGHT -----------------------------------------------------------
    COPYRIGHT 
    COPYRIGHT PREAMBLE
    COPYRIGHT The goals of the Open Font License (OFL) are to stimulate worldwide
    COPYRIGHT development of collaborative font projects, to support the font creation
    COPYRIGHT efforts of academic and linguistic communities, and to provide a free and
    COPYRIGHT open framework in which fonts may be shared and improved in partnership
    COPYRIGHT with others.
    COPYRIGHT 
    COPYRIGHT The OFL allows the licensed fonts to be used, studied, modified and
    COPYRIGHT redistributed freely as long as they are not sold by themselves. The
    COPYRIGHT fonts, including any derivative works, can be bundled, embedded,
    COPYRIGHT redistributed and/or sold with any software provided that any reserved
    COPYRIGHT names are not used by derivative works. The fonts and derivatives,
    COPYRIGHT however, cannot be released under any other type of license. The
    COPYRIGHT requirement for fonts to remain under this license does not apply
    COPYRIGHT to any document created using the fonts or their derivatives.
    COPYRIGHT 
    COPYRIGHT DEFINITIONS
    COPYRIGHT "Font Software" refers to the set of files released by the Copyright
    COPYRIGHT Holder(s) under this license and clearly marked as such. This may
    COPYRIGHT include source files, build scripts and documentation.
    COPYRIGHT 
    COPYRIGHT "Reserved Font Name" refers to any names specified as such after the
    COPYRIGHT copyright statement(s).
    COPYRIGHT 
    COPYRIGHT "Original Version" refers to the collection of Font Software components as
    COPYRIGHT distributed by the Copyright Holder(s).
    COPYRIGHT 
    COPYRIGHT "Modified Version" refers to any derivative made by adding to, deleting,
    COPYRIGHT or substituting -- in part or in whole -- any of the components of the
    COPYRIGHT Original Version, by changing formats or by porting the Font Software to a
    COPYRIGHT new environment.
    COPYRIGHT 
    COPYRIGHT "Author" refers to any designer, engineer, programmer, technical
    COPYRIGHT writer or other person who contributed to the Font Software.
    COPYRIGHT 
    COPYRIGHT PERMISSION & CONDITIONS
    COPYRIGHT Permission is hereby granted, free of charge, to any person obtaining
    COPYRIGHT a copy of the Font Software, to use, study, copy, merge, embed, modify,
    COPYRIGHT redistribute, and sell modified and unmodified copies of the Font
    COPYRIGHT Software, subject to the following conditions:
    COPYRIGHT 
    COPYRIGHT 1) Neither the Font Software nor any of its individual components,
    COPYRIGHT in Original or Modified Versions, may be sold by itself.
    COPYRIGHT 
    COPYRIGHT 2) Original or Modified Versions of the Font Software may be bundled,
    COPYRIGHT redistributed and/or sold with any software, provided that each copy
    COPYRIGHT contains the above copyright notice and this license. These can be
    COPYRIGHT included either as stand-alone text files, human-readable headers or
    COPYRIGHT in the appropriate machine-readable metadata fields within text or
    COPYRIGHT binary files as long as those fields can be easily viewed by the user.
    COPYRIGHT 
    COPYRIGHT 3) No Modified Version of the Font Software may use the Reserved Font
    COPYRIGHT Name(s) unless explicit written permission is granted by the corresponding
    COPYRIGHT Copyright Holder. This restriction only applies to the primary font name as
    COPYRIGHT presented to the users.
    COPYRIGHT 
    COPYRIGHT 4) The name(s) of the Copyright Holder(s) or the Author(s) of the Font
    COPYRIGHT Software shall not be used to promote, endorse or advertise any
    COPYRIGHT Modified Version, except to acknowledge the contribution(s) of the
    COPYRIGHT Copyright Holder(s) and the Author(s) or with their explicit written
    COPYRIGHT permission.
    COPYRIGHT 
    COPYRIGHT 5) The Font Software, modified or unmodified, in part or in whole,
    COPYRIGHT must be distributed entirely under this license, and must not be
    COPYRIGHT distributed under any other license. The requirement for fonts to
    COPYRIGHT remain under this license does not apply to any document created
    COPYRIGHT using the Font Software.
    COPYRIGHT 
    COPYRIGHT TERMINATION
    COPYRIGHT This license becomes null and void if any of the above conditions are
    COPYRIGHT not met.
    COPYRIGHT 
    COPYRIGHT DISCLAIMER
    COPYRIGHT THE FONT SOFTWARE IS PROVIDED "AS IS", WITHOUT WARRANTY OF ANY KIND,
    COPYRIGHT EXPRESS OR IMPLIED, INCLUDING BUT NOT LIMITED TO ANY WARRANTIES OF
    COPYRIGHT MERCHANTABILITY, FITNESS FOR A PARTICULAR PURPOSE AND NONINFRINGEMENT
    COPYRIGHT OF COPYRIGHT, PATENT, TRADEMARK, OR OTHER RIGHT. IN NO EVENT SHALL THE
    COPYRIGHT COPYRIGHT HOLDER BE LIABLE FOR ANY CLAIM, DAMAGES OR OTHER LIABILITY,
    COPYRIGHT INCLUDING ANY GENERAL, SPECIAL, INDIRECT, INCIDENTAL, OR CONSEQUENTIAL
    COPYRIGHT DAMAGES, WHETHER IN AN ACTION OF CONTRACT, TORT OR OTHERWISE, ARISING
    COPYRIGHT FROM, OUT OF THE USE OR INABILITY TO USE THE FONT SOFTWARE OR FROM
    COPYRIGHT OTHER DEALINGS IN THE FONT SOFTWARE.
    COPYRIGHT -----------------------------------------------------------
    COPYRIGHT 
    COPYRIGHT Converted from OpenType font "PTSansNarrow.ttf" by "otf2bdf 3.0".
    COPYRIGHT 

    COMMENT "Copyright © 2009 ParaType Ltd. All rights reserved."
'''
version = '0.33'
name = '-freetype-pt sans narrow-medium-r-normal--50-360-100-100-p-185-iso10646-1'
family = 'pt sans narrow'
weight = 'medium'
size = 50

def height():
    return 56

def baseline():
    return 44

def max_width():
    return 43

def hmap():
    return True

def reverse():
    return False

def monospaced():
    return False

def min_ch():
    return 32

def max_ch():
    return 255

_g = {
  32:b'\x00\x00\x00\x00\x00\x00\x00\x00\x00\x00\x00\x00\x00\x00\x00\x00\x00\x00\x00\x00\x00\x00\x00\x00\x00\x00\x00\x00\x00\x00\x00\x00\x00\x00\x00\x00\x00\x00\x00\x00\x00\x00\x00\x00\x00\x00\x00\x00\x00\x00\x00\x00\x00\x00\x00\x00\x00\x00\x00\x00\x00\x00\x00\x00\x00\x00\x00\x00\x00\x00\x00\x00\x00\x00\x00\x00\x00\x00\x00\x00\x00\x00\x00\x00\x00\x00\x00\x00\x00\x00\x00\x00\x00\x00\x00\x00\x00\x00\x00\x00\x00\x00\x00\x00\x00\x00\x00\x00\x00\x00\x00\x00\x0b',
  33:b'\x00\x00\x00\x00\x00\x00\x00\x00\x00\x00\x00\x00\x00\x00\x00\x00\x00\x00\x07\x80\x07\x80\x07\x80\x07\x80\x07\x80\x07\x80\x07\x80\x07\x80\x07\x80\x07\x80\x07\x80\x07\x80\x07\x80\x07\x80\x07\x80\x07\x80\x07\x80\x07\x80\x07\x80\x07\x80\x07\x00\x07\x00\x03\x00\x03\x00\x03\x00\x00\x00\x00\x00\x00\x00\x00\x00\x07\x00\x07\x80\x0f\x80\x0f\x80\x07\x80\x07\x00\x00\x00\x00\x00\x00\x00\x00\x00\x00\x00\x00\x00\x00\x00\x00\x00\x00\x00\x00\x00\x00\x00\x00\x00\x0c',
  34:b'\x00\x00\x00\x00\x00\x00\x00\x00\x00\x00\x00\x00\x00\x00\x00\x00\x00\x00\x0ep\x0ep\x0ep\x0ep\x0cp\x0cp\x0c`\x0c`\x0c`\x0c`\x00\x00\x00\x00\x00\x00\x00\x00\x00\x00\x00\x00\x00\x00\x00\x00\x00\x00\x00\x00\x00\x00\x00\x00\x00\x00\x00\x00\x00\x00\x00\x00\x00\x00\x00\x00\x00\x00\x00\x00\x00\x00\x00\x00\x00\x00\x00\x00\x00\x00\x00\x00\x00\x00\x00\x00\x00\x00\x00\x00\x00\x00\x00\x00\x00\x00\x00\x00\x00\x00\x00\x00\x00\x00\x0e',
  35:b'\x00\x00\x00\x00\x00\x00\x00\x00\x00\x00\x00\x00\x00\x00\x00\x00\x00\x00\x00\x00\x00\x00\x00\x00\x00\x00\x00\x00\x00\x00\x00\x00\x00\x00\x00\x00\x00\xe1\xe0\x00\xe1\xc0\x00\xe1\xc0\x00\xe1\xc0\x01\xe1\xc0\x01\xc3\xc0\x01\xc3\x80\x01\xc3\x80\x0f\xff\xf0\x0f\xff\xf0\x1f\xff\xf0\x03\x87\x00\x03\x87\x00\x03\x87\x00\x03\x87\x00\x07\x07\x00\x07\x0e\x00\x07\x0e\x00?\xff\xc0?\xff\xc0\x7f\xff\xc0\x0e\x1e\x00\x0e\x1c\x00\x0e\x1c\x00\x0e\x1c\x00\x1e\x1c\x00\x1c<\x00\x1c8\x00\x1c8\x00\x00\x00\x00\x00\x00\x00\x00\x00\x00\x00\x00\x00\x00\x00\x00\x00\x00\x00\x00\x00\x00\x00\x00\x00\x00\x00\x00\x00\x00\x00\x00\x00\x00\x00\x00\x00\x00\x00\x00\x00\x00\x00\x00\x00\x00\x17',
  36:b'\x00\x00\x00\x00\x00\x00\x00\x00\x00\x00\x00\x00\x00\x00\x00\x008\x00\x008\x00\x008\x00\x008\x00\x00\xff\x80\x03\xff\xe0\x07\xff\xc0\x0f\x98\xc0\x0f\x18\x00\x0e\x18\x00\x1e\x18\x00\x1e\x18\x00\x1e\x18\x00\x1e\x18\x00\x1e\x18\x00\x0f\x18\x00\x0f\x98\x00\x07\xd8\x00\x07\xf8\x00\x03\xf8\x00\x01\xfc\x00\x00~\x00\x00?\x80\x00?\xc0\x007\xc0\x003\xe0\x001\xe0\x001\xf0\x000\xf0\x000\xf0\x000\xf0\x000\xf0\x000\xe0\x001\xe0\x083\xe0\x0e7\xc0\x1f\xff\x80\x1f\xff\x00\x03\xfc\x00\x008\x00\x008\x00\x008\x00\x008\x00\x00\x00\x00\x00\x00\x00\x00\x00\x00\x00\x00\x00\x00\x00\x00\x00\x00\x00\x00\x00\x00\x00\x00\x00\x17',
  37:b'\x00\x00\x00\x00\x00\x00\x00\x00\x00\x00\x00\x00\x00\x00\x00\x00\x00\x00\x00\x00\x00\x00\x00\x00\x00\x00\x00\x00\x00\x00\x00\x00\x00\x00\x00\x00\x01\xf0\x00 \x07\xf8\x00p\x0f\xfc\x00\xf0\x0e\x1e\x00\xe0\x1e\x0e\x01\xc0\x1c\x0e\x03\xc0\x1c\x0e\x03\x80\x1c\x0f\x07\x00\x1c\x0f\x0f\x00\x1c\x0f\x0e\x00\x1c\x0e\x1e\x00\x1c\x0e\x1c\x00\x1e\x0e8\x00\x0f\x1ex\x00\x0f\xfcp\x00\x07\xf8\xe0\x00\x03\xf1\xe0\x00\x00\x01\xc0\x00\x00\x03\x87\xe0\x00\x03\x8f\xf0\x00\x07\x1f\xf8\x00\x0f<8\x00\x0e8<\x00\x1c8\x1c\x00<8\x1c\x008x\x1c\x00px\x1c\x00\xf0x\x1c\x00\xe08\x1c\x01\xc08\x1c\x01\xc08<\x03\x80<8\x07\x80\x1f\xf8\x07\x00\x0f\xf0\x02\x00\x07\xe0\x00\x00\x00\x00\x00\x00\x00\x00\x00\x00\x00\x00\x00\x00\x00\x00\x00\x00\x00\x00\x00\x00\x00\x00\x00\x00\x00\x00\x00\x00\x00\x00\x00\x00\x00\x00\x00\x00\x00\x00\x00\x00\x00\x00\x00\x00\x00\x00 ',
  38:b'\x00\x00\x00\x00\x00\x00\x00\x00\x00\x00\x00\x00\x00\x00\x00\x00\x00\x00\x00\x00\x00\x00\x00\x00\x00\x00\x00\x00\x00\x00\x00\x00\x00\x00\x00\x00\x00\x00\x00\x00\x00\x00\x00\x00\x00\x00\x0f\xc0\x00\x00\x00\x1f\xf0\x00\x00\x00?\xf0\x00\x00\x00|x\x00\x00\x00x8\x00\x00\x00x8\x00\x00\x00x8\x00\x00\x00x8\x00\x00\x00xx\x00\x00\x008p\x00\x00\x00<\xe0\x00\x00\x00=\xe0\x00\x00\x00\x1f\xc0\x00\x00\x00\x1f\x00\x00\x00\x00?\x00\x00\x00\x00\x7f\x00\x00\x00\x00\xff\x80\x00\x00\x01\xf3\xc0\x00\x00\x01\xe3\xc0 \x00\x03\xc1\xe0x\x00\x03\x81\xe0p\x00\x07\x80\xf0p\x00\x07\x80x\xe0\x00\x07\x00x\xe0\x00\x07\x00=\xe0\x00\x07\x00\x1f\xc0\x00\x07\x00\x1f\xc0\x00\x07\x00\x0f\x80\x00\x07\x80\x0f\xc0\x00\x07\x80\x0f\xc0\x00\x03\xc0?\xe0\x00\x03\xf0|\xf8\x00\x01\xff\xf8|\x00\x00\xff\xe08\x00\x00?\x80\x10\x00\x00\x00\x00\x00\x00\x00\x00\x00\x00\x00\x00\x00\x00\x00\x00\x00\x00\x00\x00\x00\x00\x00\x00\x00\x00\x00\x00\x00\x00\x00\x00\x00\x00\x00\x00\x00\x00\x00\x00\x00\x00\x00\x00\x00\x00\x00\x00\x00\x00\x00\x00\x00\x00\x00\x00\x00\x00\x00\x00\x00!',
  39:b'\x00\x00\x00\x00\x00\x00\x00\x00\x00\x00\x00\x00\x00\x00\x00\x00\x00\x00\x0e\x00\x0e\x00\x0e\x00\x0e\x00\x0c\x00\x0c\x00\x0c\x00\x0c\x00\x0c\x00\x0c\x00\x00\x00\x00\x00\x00\x00\x00\x00\x00\x00\x00\x00\x00\x00\x00\x00\x00\x00\x00\x00\x00\x00\x00\x00\x00\x00\x00\x00\x00\x00\x00\x00\x00\x00\x00\x00\x00\x00\x00\x00\x00\x00\x00\x00\x00\x00\x00\x00\x00\x00\x00\x00\x00\x00\x00\x00\x00\x00\x00\x00\x00\x00\x00\x00\x00\x00\x00\x00\x00\x00\x00\x00\x00\x00\t',
  40:b'\x00\x00\x00\x00\x00\x00\x00\x00\x00\x00\x00\x00\x00\x00\x00\x00\x00\x00\x00@\x00\xf0\x00\xe0\x01\xc0\x01\xc0\x03\x80\x03\x80\x07\x80\x07\x00\x0f\x00\x0f\x00\x0e\x00\x0e\x00\x1e\x00\x1e\x00\x1e\x00\x1c\x00\x1c\x00\x1c\x00\x1c\x00<\x00<\x00<\x00<\x00<\x00<\x00<\x00\x1c\x00\x1c\x00\x1c\x00\x1c\x00\x1e\x00\x1e\x00\x1e\x00\x0e\x00\x0e\x00\x0f\x00\x0f\x00\x07\x00\x07\x80\x07\x80\x03\x80\x03\xc0\x01\xc0\x01\xe0\x00\xf0\x00@\x0c',
  41:b'\x00\x00\x00\x00\x00\x00\x00\x00\x00\x00\x00\x00\x00\x00\x00\x00\x00\x00\x08\x00<\x00\x1c\x00\x0e\x00\x0e\x00\x07\x00\x07\x00\x07\x80\x03\x80\x03\x80\x03\xc0\x03\xc0\x01\xc0\x01\xc0\x01\xe0\x01\xe0\x01\xe0\x00\xe0\x00\xe0\x00\xe0\x00\xe0\x00\xe0\x00\xe0\x00\xe0\x00\xf0\x00\xe0\x00\xe0\x00\xe0\x00\xe0\x00\xe0\x01\xe0\x01\xe0\x01\xe0\x01\xe0\x01\xc0\x03\xc0\x03\xc0\x03\x80\x03\x80\x07\x80\x07\x00\x0f\x00\x0f\x00\x0e\x00\x1c\x00<\x00\x08\x00\x0c',
  42:b'\x00\x00\x00\x00\x00\x00\x00\x00\x00\x00\x00\x00\x00\x00\x00\x00\x00\x00\x04@\x1c\xe0\x0e\xe0\x0f\xc0\x07\x80\x7f\xf8\x7f\xf8\x7f\xf8\x07\x80\x0f\xc0\x0e\xe0\x1c\xe0\x04@\x00\x00\x00\x00\x00\x00\x00\x00\x00\x00\x00\x00\x00\x00\x00\x00\x00\x00\x00\x00\x00\x00\x00\x00\x00\x00\x00\x00\x00\x00\x00\x00\x00\x00\x00\x00\x00\x00\x00\x00\x00\x00\x00\x00\x00\x00\x00\x00\x00\x00\x00\x00\x00\x00\x00\x00\x00\x00\x00\x00\x00\x00\x00\x00\x00\x00\x00\x00\x0f',
  43:b'\x00\x00\x00\x00\x00\x00\x00\x00\x00\x00\x00\x00\x00\x00\x00\x00\x00\x00\x00\x00\x00\x00\x00\x00\x00\x00\x00\x00\x00\x00\x00\x00\x00\x00\x00\x00\x00\x00\x00\x00\x00\x00\x00\x00\x00\x00\x00\x00\x00\x00\x00\x00\x00\x00\x00p\x00\x00p\x00\x00p\x00\x00p\x00\x00p\x00\x00p\x00\x00p\x00\x00p\x00?\xff\xe0?\xff\xe0?\xff\xe0\x00p\x00\x00p\x00\x00p\x00\x00p\x00\x00p\x00\x00p\x00\x00p\x00\x00p\x00\x00\x00\x00\x00\x00\x00\x00\x00\x00\x00\x00\x00\x00\x00\x00\x00\x00\x00\x00\x00\x00\x00\x00\x00\x00\x00\x00\x00\x00\x00\x00\x00\x00\x00\x00\x00\x00\x00\x00\x00\x00\x00\x00\x00\x00\x00\x00\x00\x00\x00\x00\x00\x00\x00\x00\x00\x00\x15',
  44:b'\x00\x00\x00\x00\x00\x00\x00\x00\x00\x00\x00\x00\x00\x00\x00\x00\x00\x00\x00\x00\x00\x00\x00\x00\x00\x00\x00\x00\x00\x00\x00\x00\x00\x00\x00\x00\x00\x00\x00\x00\x00\x00\x00\x00\x00\x00\x00\x00\x00\x00\x00\x00\x00\x00\x00\x00\x00\x00\x00\x00\x00\x00\x00\x00\x00\x00\x00\x00\x00\x00\x00\x00\x00\x00\x00\x00\x00\x00\x1c\x00>\x00>\x00>\x00>\x00\x0e\x00\x0e\x00\x0e\x00\x1c\x00\x1c\x008\x000\x00\x00\x00\x00\x00\x00\x00\x00\x00\x00\x00\t',
  45:b'\x00\x00\x00\x00\x00\x00\x00\x00\x00\x00\x00\x00\x00\x00\x00\x00\x00\x00\x00\x00\x00\x00\x00\x00\x00\x00\x00\x00\x00\x00\x00\x00\x00\x00\x00\x00\x00\x00\x00\x00\x00\x00\x00\x00\x00\x00\x00\x00\x00\x00\x00\x00\x00\x00\x00\x00?\xf0?\xf0?\xf0\x00\x00\x00\x00\x00\x00\x00\x00\x00\x00\x00\x00\x00\x00\x00\x00\x00\x00\x00\x00\x00\x00\x00\x00\x00\x00\x00\x00\x00\x00\x00\x00\x00\x00\x00\x00\x00\x00\x00\x00\x00\x00\x00\x00\x00\x00\x00\x00\x00\x00\x0f',
  46:b'\x00\x00\x00\x00\x00\x00\x00\x00\x00\x00\x00\x00\x00\x00\x00\x00\x00\x00\x00\x00\x00\x00\x00\x00\x00\x00\x00\x00\x00\x00\x00\x00\x00\x00\x00\x00\x00\x00\x00\x00\x00\x00\x00\x00\x00\x00\x00\x00\x00\x00\x00\x00\x00\x00\x00\x00\x00\x00\x00\x00\x00\x00\x00\x00\x00\x00\x00\x00\x00\x00\x00\x00\x00\x00\x00\x00\x1c\x00>\x00>\x00>\x00>\x00\x1c\x00\x00\x00\x00\x00\x00\x00\x00\x00\x00\x00\x00\x00\x00\x00\x00\x00\x00\x00\x00\x00\x00\x00\x00\x00\t',
  47:b'\x00\x00\x00\x00\x00\x00\x00\x00\x00\x00\x00\x00\x00\x00\x00\x00\x00\x00\x00\x00\x00\x00\x00\x00\x00\x00\x00\x00\x03\x00\x00\x03\x80\x00\x07\x80\x00\x07\x00\x00\x07\x00\x00\x0f\x00\x00\x0e\x00\x00\x0e\x00\x00\x1c\x00\x00\x1c\x00\x00\x1c\x00\x008\x00\x008\x00\x00x\x00\x00p\x00\x00p\x00\x00\xf0\x00\x00\xe0\x00\x00\xe0\x00\x01\xe0\x00\x01\xc0\x00\x01\xc0\x00\x03\x80\x00\x03\x80\x00\x07\x80\x00\x07\x00\x00\x07\x00\x00\x0f\x00\x00\x0e\x00\x00\x0e\x00\x00\x1e\x00\x00\x1c\x00\x00\x1c\x00\x00<\x00\x008\x00\x008\x00\x00p\x00\x00p\x00\x00\xf0\x00\x00\xe0\x00\x00\xe0\x00\x00`\x00\x00\x00\x00\x00\x00\x00\x00\x00\x00\x00\x00\x00\x00\x00\x00\x00\x11',
  48:b'\x00\x00\x00\x00\x00\x00\x00\x00\x00\x00\x00\x00\x00\x00\x00\x00\x00\x00\x00\x00\x00\x00\x00\x00\x00\x00\x00\x00\xfc\x00\x03\xff\x00\x07\xff\x80\x07\x87\xc0\x0f\x03\xe0\x0e\x01\xe0\x1e\x00\xe0\x1e\x00\xf0\x1c\x00\xf0<\x00\xf0<\x00\xf0<\x00p<\x00p<\x00p<\x00x<\x00x<\x00x<\x00x<\x00x<\x00x<\x00x<\x00p<\x00p<\x00p<\x00\xf0<\x00\xf0\x1c\x00\xf0\x1e\x00\xf0\x1e\x00\xe0\x0f\x01\xe0\x0f\x03\xc0\x07\x87\xc0\x07\xff\x80\x03\xff\x00\x00\xfc\x00\x00\x00\x00\x00\x00\x00\x00\x00\x00\x00\x00\x00\x00\x00\x00\x00\x00\x00\x00\x00\x00\x00\x00\x00\x00\x00\x00\x00\x00\x00\x00\x00\x00\x00\x00\x00\x17',
  49:b'\x00\x00\x00\x00\x00\x00\x00\x00\x00\x00\x00\x00\x00\x00\x00\x00\x00\x00\x00\x00\x00\x00\x00\x00\x00\x00\x00\x00\x0c\x00\x00\x1c\x00\x00|\x00\x00\xfc\x00\x01\xfc\x00\x03\xfc\x00\x07\xdc\x00\x0f\xbc\x00\x1f<\x00\x0e<\x00\x0c<\x00\x00<\x00\x00<\x00\x00<\x00\x00<\x00\x00<\x00\x00<\x00\x00<\x00\x00<\x00\x00<\x00\x00<\x00\x00<\x00\x00<\x00\x00<\x00\x00<\x00\x00<\x00\x00<\x00\x00<\x00\x00<\x00\x00<\x00\x00<\x00\x00<\x00\x07\xff\xe0\x07\xff\xe0\x07\xff\xe0\x00\x00\x00\x00\x00\x00\x00\x00\x00\x00\x00\x00\x00\x00\x00\x00\x00\x00\x00\x00\x00\x00\x00\x00\x00\x00\x00\x00\x00\x00\x00\x00\x00\x00\x00\x00\x17',
  50:b'\x00\x00\x00\x00\x00\x00\x00\x00\x00\x00\x00\x00\x00\x00\x00\x00\x00\x00\x00\x00\x00\x00\x00\x00\x00\x00\x00\x01\xfc\x00\x07\xff\x00\x1f\xff\x80\x0e\x0f\x80\x04\x07\xc0\x00\x03\xc0\x00\x03\xc0\x00\x01\xc0\x00\x01\xc0\x00\x01\xc0\x00\x01\xc0\x00\x03\xc0\x00\x03\xc0\x00\x03\xc0\x00\x03\x80\x00\x07\x80\x00\x07\x80\x00\x0f\x00\x00\x0f\x00\x00\x0f\x00\x00\x1e\x00\x00\x1e\x00\x00<\x00\x00<\x00\x00x\x00\x00\xf8\x00\x00\xf0\x00\x01\xe0\x00\x03\xe0\x00\x03\xc0\x00\x07\x80\x00\x0f\x00\x00\x0f\xff\xe0\x1f\xff\xe0\x1f\xff\xe0\x00\x00\x00\x00\x00\x00\x00\x00\x00\x00\x00\x00\x00\x00\x00\x00\x00\x00\x00\x00\x00\x00\x00\x00\x00\x00\x00\x00\x00\x00\x00\x00\x00\x00\x00\x00\x17',
  51:b'\x00\x00\x00\x00\x00\x00\x00\x00\x00\x00\x00\x00\x00\x00\x00\x00\x00\x00\x00\x00\x00\x00\x00\x00\x00\x00\x00\x0f\xff\xc0\x0f\xff\xc0\x0f\xff\xc0\x00\x03\x80\x00\x07\x80\x00\x0f\x00\x00\x1e\x00\x00\x1e\x00\x00<\x00\x00<\x00\x00x\x00\x00x\x00\x00\xf0\x00\x00\xe0\x00\x01\xfe\x00\x01\xff\x00\x01\xff\x80\x00\x0f\xc0\x00\x03\xc0\x00\x01\xe0\x00\x01\xe0\x00\x01\xe0\x00\x00\xe0\x00\x00\xe0\x00\x00\xe0\x00\x00\xe0\x00\x00\xe0\x00\x01\xe0\x00\x01\xe0\x00\x03\xc0\x00\x07\xc0\x0c\x0f\x80\x0f\xff\x00\x0f\xfe\x00\x03\xf8\x00\x00\x00\x00\x00\x00\x00\x00\x00\x00\x00\x00\x00\x00\x00\x00\x00\x00\x00\x00\x00\x00\x00\x00\x00\x00\x00\x00\x00\x00\x00\x00\x00\x00\x00\x00\x00\x17',
  52:b'\x00\x00\x00\x00\x00\x00\x00\x00\x00\x00\x00\x00\x00\x00\x00\x00\x00\x00\x00\x00\x00\x00\x00\x00\x00\x00\x00\x00\x03\x80\x00\x07\x80\x00\x07\x80\x00\x0f\x80\x00\x0f\x80\x00\x1f\x80\x00?\x80\x00;\x80\x00{\x80\x00w\x80\x00\xf7\x80\x01\xe7\x80\x01\xe7\x80\x03\xc7\x80\x03\x87\x80\x07\x87\x80\x0f\x07\x80\x0f\x07\x80\x1e\x07\x80\x1c\x07\x80<\x07\x80?\xff\xfc\x7f\xff\xfc\x7f\xff\xfc\x00\x07\x80\x00\x07\x80\x00\x07\x80\x00\x07\x80\x00\x07\x80\x00\x07\x80\x00\x07\x80\x00\x07\x80\x00\x07\x80\x00\x07\x80\x00\x07\x80\x00\x00\x00\x00\x00\x00\x00\x00\x00\x00\x00\x00\x00\x00\x00\x00\x00\x00\x00\x00\x00\x00\x00\x00\x00\x00\x00\x00\x00\x00\x00\x00\x00\x00\x00\x00\x17',
  53:b'\x00\x00\x00\x00\x00\x00\x00\x00\x00\x00\x00\x00\x00\x00\x00\x00\x00\x00\x00\x00\x00\x00\x00\x00\x00\x00\x00\x07\xff\xc0\x07\xff\xc0\x07\xff\xc0\x07\x00\x00\x07\x00\x00\x07\x00\x00\x07\x00\x00\x07\x00\x00\x07\x00\x00\x07\x00\x00\x07\x00\x00\x07\x00\x00\x07\x00\x00\x07\xf8\x00\x07\xfe\x00\x07\xff\x00\x00\x1f\x80\x00\x07\x80\x00\x03\xc0\x00\x03\xc0\x00\x01\xc0\x00\x01\xe0\x00\x01\xe0\x00\x01\xe0\x00\x01\xe0\x00\x01\xe0\x00\x01\xc0\x00\x01\xc0\x00\x03\xc0\x00\x03\x80\x00\x07\x80\x08\x1f\x00\x0f\xfe\x00\x1f\xfc\x00\x0f\xf0\x00\x00\x00\x00\x00\x00\x00\x00\x00\x00\x00\x00\x00\x00\x00\x00\x00\x00\x00\x00\x00\x00\x00\x00\x00\x00\x00\x00\x00\x00\x00\x00\x00\x00\x00\x00\x00\x17',
  54:b'\x00\x00\x00\x00\x00\x00\x00\x00\x00\x00\x00\x00\x00\x00\x00\x00\x00\x00\x00\x00\x00\x00\x00\x00\x00\x00\x00\x00\x03\x00\x00\x0f\x80\x00\x1f\x80\x00\x7f\x00\x00\xfc\x00\x00\xf0\x00\x01\xe0\x00\x03\xc0\x00\x03\xc0\x00\x07\x80\x00\x07\x00\x00\x0f\x00\x00\x0e\x00\x00\x0e\x00\x00\x1e~\x00\x1e\xff\x80\x1d\xff\xc0\x1f\x83\xe0\x1f\x01\xe0\x1e\x00\xf0\x1c\x00\xf0\x1c\x00\xf0\x1c\x00\xf0\x1c\x00p\x1c\x00p\x1c\x00p\x1c\x00\xf0\x1e\x00\xf0\x1e\x00\xf0\x1e\x01\xe0\x0f\x01\xe0\x07\x83\xc0\x07\xff\x80\x03\xff\x00\x00\xfe\x00\x00\x00\x00\x00\x00\x00\x00\x00\x00\x00\x00\x00\x00\x00\x00\x00\x00\x00\x00\x00\x00\x00\x00\x00\x00\x00\x00\x00\x00\x00\x00\x00\x00\x00\x00\x00\x17',
  55:b'\x00\x00\x00\x00\x00\x00\x00\x00\x00\x00\x00\x00\x00\x00\x00\x00\x00\x00\x00\x00\x00\x00\x00\x00\x00\x00\x00\x1f\xff\xf0\x1f\xff\xf0\x1f\xff\xe0\x00\x00\xe0\x00\x01\xe0\x00\x01\xc0\x00\x03\xc0\x00\x03\xc0\x00\x03\x80\x00\x07\x80\x00\x07\x80\x00\x07\x00\x00\x0f\x00\x00\x0f\x00\x00\x0e\x00\x00\x1e\x00\x00\x1e\x00\x00\x1c\x00\x00<\x00\x00<\x00\x008\x00\x00x\x00\x00x\x00\x00p\x00\x00\xf0\x00\x00\xf0\x00\x00\xe0\x00\x01\xe0\x00\x01\xe0\x00\x01\xc0\x00\x03\xc0\x00\x03\xc0\x00\x03\x80\x00\x07\x80\x00\x07\x80\x00\x00\x00\x00\x00\x00\x00\x00\x00\x00\x00\x00\x00\x00\x00\x00\x00\x00\x00\x00\x00\x00\x00\x00\x00\x00\x00\x00\x00\x00\x00\x00\x00\x00\x00\x00\x00\x17',
  56:b'\x00\x00\x00\x00\x00\x00\x00\x00\x00\x00\x00\x00\x00\x00\x00\x00\x00\x00\x00\x00\x00\x00\x00\x00\x00\x00\x00\x00\xfe\x00\x01\xff\x00\x07\xff\x80\x07\x87\xc0\x0f\x03\xc0\x0f\x01\xe0\x0e\x01\xe0\x0e\x01\xe0\x0e\x00\xe0\x0e\x01\xe0\x0e\x01\xe0\x0f\x01\xc0\x0f\x83\xc0\x07\x83\x80\x03\xe7\x80\x01\xff\x00\x00\xfe\x00\x00\xfe\x00\x03\xdf\x80\x07\x8f\xc0\x07\x03\xc0\x0f\x03\xe0\x0e\x01\xe0\x1e\x00\xe0\x1e\x00\xf0\x1c\x00\xf0\x1c\x00\xf0\x1c\x00\xf0\x1e\x00\xe0\x1e\x01\xe0\x0f\x01\xe0\x0f\x87\xc0\x07\xff\x80\x03\xff\x00\x00\xfc\x00\x00\x00\x00\x00\x00\x00\x00\x00\x00\x00\x00\x00\x00\x00\x00\x00\x00\x00\x00\x00\x00\x00\x00\x00\x00\x00\x00\x00\x00\x00\x00\x00\x00\x00\x00\x00\x17',
  57:b'\x00\x00\x00\x00\x00\x00\x00\x00\x00\x00\x00\x00\x00\x00\x00\x00\x00\x00\x00\x00\x00\x00\x00\x00\x00\x00\x00\x00\xfc\x00\x03\xff\x00\x07\xff\x80\x0f\x87\xc0\x0f\x03\xe0\x1e\x01\xe0\x1e\x01\xe0\x1c\x00\xf0<\x00\xf0<\x00\xf0<\x00\xf0<\x00\xf0<\x00\xf0<\x00\xf0\x1e\x00\xf0\x1e\x00\xf0\x1f\x01\xf0\x0f\x83\xf0\x07\xff\xf0\x03\xfe\xe0\x00\xfc\xe0\x00\x00\xe0\x00\x01\xe0\x00\x01\xc0\x00\x03\xc0\x00\x03\xc0\x00\x07\x80\x00\x07\x80\x00\x0f\x00\x00\x1e\x00\x00|\x00\x01\xf8\x00\x07\xf0\x00\x03\xe0\x00\x03\x00\x00\x00\x00\x00\x00\x00\x00\x00\x00\x00\x00\x00\x00\x00\x00\x00\x00\x00\x00\x00\x00\x00\x00\x00\x00\x00\x00\x00\x00\x00\x00\x00\x00\x00\x00\x00\x00\x17',
  58:b'\x00\x00\x00\x00\x00\x00\x00\x00\x00\x00\x00\x00\x00\x00\x00\x00\x00\x00\x00\x00\x00\x00\x00\x00\x00\x00\x00\x00\x00\x00\x00\x00\x00\x00\x00\x00\x00\x00\x07\x00\x0f\x80\x0f\x80\x0f\x80\x0f\x80\x07\x00\x00\x00\x00\x00\x00\x00\x00\x00\x00\x00\x00\x00\x00\x00\x00\x00\x00\x00\x00\x00\x00\x00\x00\x00\x00\x00\x07\x00\x0f\x80\x0f\x80\x0f\x80\x0f\x80\x07\x00\x00\x00\x00\x00\x00\x00\x00\x00\x00\x00\x00\x00\x00\x00\x00\x00\x00\x00\x00\x00\x00\x00\x00\x00\n',
  59:b'\x00\x00\x00\x00\x00\x00\x00\x00\x00\x00\x00\x00\x00\x00\x00\x00\x00\x00\x00\x00\x00\x00\x00\x00\x00\x00\x00\x00\x00\x00\x00\x00\x00\x00\x00\x00\x00\x00\x07\x00\x0f\x80\x0f\x80\x0f\x80\x0f\x80\x07\x00\x00\x00\x00\x00\x00\x00\x00\x00\x00\x00\x00\x00\x00\x00\x00\x00\x00\x00\x00\x00\x00\x00\x00\x00\x00\x00\x00\x00\x07\x00\x0f\x80\x0f\x80\x0f\x80\x0f\x80\x03\x80\x03\x80\x03\x80\x07\x00\x07\x00\x1e\x00\x0c\x00\x00\x00\x00\x00\x00\x00\x00\x00\x00\x00\x0b',
  60:b'\x00\x00\x00\x00\x00\x00\x00\x00\x00\x00\x00\x00\x00\x00\x00\x00\x00\x00\x00\x00\x00\x00\x00\x00\x00\x00\x00\x00\x00\x00\x00\x00\x00\x00\x00\x00\x00\x00\x00\x00\x00\x00\x00\x00\x00\x00\x00\x00\x00\x00\x80\x00\x01\xc0\x00\x07\xe0\x00\x0f\xc0\x00\x1f\x00\x00~\x00\x00\xfc\x00\x01\xf0\x00\x07\xe0\x00\x0f\xc0\x00?\x00\x00<\x00\x00>\x00\x00\x1f\xc0\x00\x07\xe0\x00\x03\xf0\x00\x00\xfc\x00\x00~\x00\x00\x1f\x00\x00\x0f\xc0\x00\x07\xe0\x00\x01\xc0\x00\x00\x80\x00\x00\x00\x00\x00\x00\x00\x00\x00\x00\x00\x00\x00\x00\x00\x00\x00\x00\x00\x00\x00\x00\x00\x00\x00\x00\x00\x00\x00\x00\x00\x00\x00\x00\x00\x00\x00\x00\x00\x00\x00\x00\x00\x00\x00\x00\x00\x00\x00\x00\x00\x15',
  61:b'\x00\x00\x00\x00\x00\x00\x00\x00\x00\x00\x00\x00\x00\x00\x00\x00\x00\x00\x00\x00\x00\x00\x00\x00\x00\x00\x00\x00\x00\x00\x00\x00\x00\x00\x00\x00\x00\x00\x00\x00\x00\x00\x00\x00\x00\x00\x00\x00\x00\x00\x00\x00\x00\x00\x00\x00\x00\x00\x00\x00\x00\x00\x00\x00\x00\x00?\xff\xe0?\xff\xe0?\xff\xe0\x00\x00\x00\x00\x00\x00\x00\x00\x00\x00\x00\x00\x00\x00\x00?\xff\xe0?\xff\xe0?\xff\xe0\x00\x00\x00\x00\x00\x00\x00\x00\x00\x00\x00\x00\x00\x00\x00\x00\x00\x00\x00\x00\x00\x00\x00\x00\x00\x00\x00\x00\x00\x00\x00\x00\x00\x00\x00\x00\x00\x00\x00\x00\x00\x00\x00\x00\x00\x00\x00\x00\x00\x00\x00\x00\x00\x00\x00\x00\x00\x00\x00\x00\x00\x00\x00\x00\x00\x00\x00\x00\x00\x15',
  62:b'\x00\x00\x00\x00\x00\x00\x00\x00\x00\x00\x00\x00\x00\x00\x00\x00\x00\x00\x00\x00\x00\x00\x00\x00\x00\x00\x00\x00\x00\x00\x00\x00\x00\x00\x00\x00\x00\x00\x00\x00\x00\x00\x00\x00\x00\x00\x00\x00\x18\x00\x00\x1c\x00\x00>\x00\x00\x1f\x80\x00\x0f\xc0\x00\x03\xf0\x00\x01\xf8\x00\x00~\x00\x00?\x00\x00\x1f\x80\x00\x07\xe0\x00\x01\xe0\x00\x07\xc0\x00\x1f\x80\x00?\x00\x00|\x00\x01\xf8\x00\x03\xe0\x00\x0f\xc0\x00\x1f\x80\x00>\x00\x00\x1c\x00\x00\x08\x00\x00\x00\x00\x00\x00\x00\x00\x00\x00\x00\x00\x00\x00\x00\x00\x00\x00\x00\x00\x00\x00\x00\x00\x00\x00\x00\x00\x00\x00\x00\x00\x00\x00\x00\x00\x00\x00\x00\x00\x00\x00\x00\x00\x00\x00\x00\x00\x00\x00\x00\x00\x00\x15',
  63:b'\x00\x00\x00\x00\x00\x00\x00\x00\x00\x00\x00\x00\x00\x00\x00\x00\x00\x00\x00\x00\x00\x00\x00\x00\x00\x00\x00\x07\xf0\x00\x1f\xfc\x00?\xfe\x00<\x1f\x00\x10\x0f\x00\x00\x0f\x00\x00\x07\x00\x00\x07\x80\x00\x07\x00\x00\x07\x00\x00\x0f\x00\x00\x0f\x00\x00\x1e\x00\x00\x1e\x00\x00<\x00\x00<\x00\x00x\x00\x00\xf0\x00\x00\xe0\x00\x01\xe0\x00\x01\xc0\x00\x03\xc0\x00\x03\x80\x00\x03\x80\x00\x03\x80\x00\x00\x00\x00\x00\x00\x00\x00\x00\x00\x00\x00\x00\x03\x80\x00\x03\xc0\x00\x07\xc0\x00\x07\xc0\x00\x03\xc0\x00\x03\x80\x00\x00\x00\x00\x00\x00\x00\x00\x00\x00\x00\x00\x00\x00\x00\x00\x00\x00\x00\x00\x00\x00\x00\x00\x00\x00\x00\x00\x00\x00\x00\x00\x00\x00\x00\x00\x00\x12',
  64:b'\x00\x00\x00\x00\x00\x00\x00\x00\x00\x00\x00\x00\x00\x00\x00\x00\x00\x00\x00\x00\x00\x00\x00\x00\x00\x00\x00\x00\x00\x00\x00\x00\x00\x00\x00\x00\x00\x00\x00\x00\x00\x00\x00\x00\x00\x00\x00\x00\x00\x00\x00\x00\x00\x00\x00\x00\x00\x00\x00\x00\x00\x00?\xe0\x00\x00\x00\x01\xff\xfc\x00\x00\x00\x07\xff\xff\x00\x00\x00\x0f\xe0?\x80\x00\x00?\x00\x07\xe0\x00\x00|\x00\x01\xf0\x00\x00\xf8\x00\x00\xf0\x00\x00\xf0\x00\x00x\x00\x01\xe0\x00\x00<\x00\x03\xc0\x0f\xcc<\x00\x03\x80\x1f\xfc\x1c\x00\x07\x80\x7f\xfc\x1e\x00\x07\x00xx\x0e\x00\x07\x00\xf08\x0e\x00\x0f\x01\xe08\x0e\x00\x0e\x01\xc08\x0e\x00\x0e\x03\xc08\x0e\x00\x0e\x03\x80x\x0e\x00\x0e\x03\x80x\x0e\x00\x1e\x07\x80p\x0e\x00\x1e\x07\x00p\x0e\x00\x1e\x07\x00p\x0e\x00\x1e\x07\x00p\x0e\x00\x1e\x07\x00p\x0e\x00\x1e\x0f\x00p\x1c\x00\x0e\x0f\x00\xf0\x1c\x00\x0e\x0f\x00\xf0\x1c\x00\x0e\x0f\x01\xf08\x00\x0e\x07\x03\xf0x\x00\x0f\x07\x07p\xf0\x00\x07\x07\x8e\xf1\xe0\x00\x07\x87\xfc\x7f\xc0\x00\x07\x83\xf8\x7f\x80\x00\x03\xc1\xf0>\x00\x00\x01\xe0\x00\x00\x00\x00\x01\xf0\x00\x00\x00\x00\x00\xf8\x00\x00\x00\x00\x00~\x00\x00\x00\x00\x00?\xc0p\x00\x00\x00\x0f\xff\xf0\x00\x00\x00\x03\xff\xf0\x00\x00\x00\x00\x7f\xc0\x00\x00\x00\x00\x00\x00\x00\x00\x00\x00\x00\x00\x00\x00\x00\x00\x00\x00\x00\x00\x00\x00\x00\x00\x00\x00+',
  65:b'\x00\x00\x00\x00\x00\x00\x00\x00\x00\x00\x00\x00\x00\x00\x00\x00\x00\x00\x00\x00\x00\x00\x00\x00\x00\x00\x00\x00\x18\x00\x008\x00\x00<\x00\x00<\x00\x00|\x00\x00~\x00\x00~\x00\x00n\x00\x00\xee\x00\x00\xef\x00\x00\xe7\x00\x01\xe7\x00\x01\xc7\x80\x01\xc7\x80\x03\xc3\x80\x03\xc3\xc0\x03\x83\xc0\x03\x83\xc0\x07\x81\xc0\x07\x01\xe0\x07\x01\xe0\x0f\x00\xe0\x0f\xff\xf0\x0f\xff\xf0\x1f\xff\xf0\x1e\x00x\x1c\x00x\x1c\x00x<\x008<\x00<8\x00<x\x00\x1cx\x00\x1ep\x00\x1e\xf0\x00\x1e\x00\x00\x00\x00\x00\x00\x00\x00\x00\x00\x00\x00\x00\x00\x00\x00\x00\x00\x00\x00\x00\x00\x00\x00\x00\x00\x00\x00\x00\x00\x00\x00\x00\x00\x00\x00\x18',
  66:b'\x00\x00\x00\x00\x00\x00\x00\x00\x00\x00\x00\x00\x00\x00\x00\x00\x00\x00\x00\x00\x00\x00\x00\x00\x00\x00\x00\x07\xfe\x00\x1f\xff\xc0\x1f\xff\xe0\x1e\x03\xf0\x1e\x01\xf0\x1e\x00\xf0\x1e\x00\xf0\x1e\x00x\x1e\x00x\x1e\x00p\x1e\x00\xf0\x1e\x00\xf0\x1e\x01\xe0\x1e\x03\xe0\x1e\x07\xc0\x1f\xff\x00\x1f\xff\x80\x1f\xff\xe0\x1e\x03\xf0\x1e\x01\xf0\x1e\x00\xf8\x1e\x00x\x1e\x00x\x1e\x00x\x1e\x00x\x1e\x00x\x1e\x00x\x1e\x00x\x1e\x00x\x1e\x00\xf0\x1e\x01\xf0\x1e\x03\xe0\x1f\xff\xc0\x1f\xff\x80\x0f\xfe\x00\x00\x00\x00\x00\x00\x00\x00\x00\x00\x00\x00\x00\x00\x00\x00\x00\x00\x00\x00\x00\x00\x00\x00\x00\x00\x00\x00\x00\x00\x00\x00\x00\x00\x00\x00\x00\x18',
  67:b'\x00\x00\x00\x00\x00\x00\x00\x00\x00\x00\x00\x00\x00\x00\x00\x00\x00\x00\x00\x00\x00\x00\x00\x00\x00\x00\x00\x00\x1f\xe0\x00\x7f\xf8\x01\xff\xf8\x03\xf00\x07\xc0\x00\x07\x80\x00\x0f\x80\x00\x0f\x00\x00\x1e\x00\x00\x1e\x00\x00\x1e\x00\x00\x1e\x00\x00<\x00\x00<\x00\x00<\x00\x00<\x00\x00<\x00\x00<\x00\x00<\x00\x00<\x00\x00<\x00\x00<\x00\x00<\x00\x00\x1e\x00\x00\x1e\x00\x00\x1e\x00\x00\x1f\x00\x00\x0f\x00\x00\x0f\x80\x00\x07\xc0\x00\x07\xe0\x08\x03\xf08\x01\xff\xf8\x00\xff\xfc\x00\x1f\xe0\x00\x00\x00\x00\x00\x00\x00\x00\x00\x00\x00\x00\x00\x00\x00\x00\x00\x00\x00\x00\x00\x00\x00\x00\x00\x00\x00\x00\x00\x00\x00\x00\x00\x00\x00\x00\x17',
  68:b'\x00\x00\x00\x00\x00\x00\x00\x00\x00\x00\x00\x00\x00\x00\x00\x00\x00\x00\x00\x00\x00\x00\x00\x00\x00\x00\x00\x00\x00\x00\x00\x00\x00\x00\x00\x00\x1f\xfe\x00\x00\x1f\xff\xc0\x00\x1f\xff\xe0\x00\x1e\x03\xf0\x00\x1e\x00\xf8\x00\x1e\x00|\x00\x1e\x00<\x00\x1e\x00>\x00\x1e\x00\x1e\x00\x1e\x00\x1e\x00\x1e\x00\x1e\x00\x1e\x00\x0f\x00\x1e\x00\x0f\x00\x1e\x00\x0f\x00\x1e\x00\x0f\x00\x1e\x00\x0f\x00\x1e\x00\x0f\x00\x1e\x00\x0f\x00\x1e\x00\x0f\x00\x1e\x00\x0f\x00\x1e\x00\x0f\x00\x1e\x00\x0f\x00\x1e\x00\x0f\x00\x1e\x00\x0f\x00\x1e\x00\x1e\x00\x1e\x00\x1e\x00\x1e\x00\x1e\x00\x1e\x00<\x00\x1e\x00<\x00\x1e\x00x\x00\x1e\x00\xf8\x00\x1e\x03\xf0\x00\x1f\xff\xc0\x00\x1f\xff\x80\x00\x1f\xfc\x00\x00\x00\x00\x00\x00\x00\x00\x00\x00\x00\x00\x00\x00\x00\x00\x00\x00\x00\x00\x00\x00\x00\x00\x00\x00\x00\x00\x00\x00\x00\x00\x00\x00\x00\x00\x00\x00\x00\x00\x00\x00\x00\x00\x00\x00\x00\x00\x00\x00\x1a',
  69:b'\x00\x00\x00\x00\x00\x00\x00\x00\x00\x00\x00\x00\x00\x00\x00\x00\x00\x00\x00\x00\x00\x00\x00\x00\x00\x00\x00\x1f\xff\xe0\x1f\xff\xe0\x1f\xff\xe0\x1e\x00\x00\x1e\x00\x00\x1e\x00\x00\x1e\x00\x00\x1e\x00\x00\x1e\x00\x00\x1e\x00\x00\x1e\x00\x00\x1e\x00\x00\x1e\x00\x00\x1e\x00\x00\x1e\x00\x00\x1f\xff\xc0\x1f\xff\xc0\x1f\xff\xc0\x1e\x00\x00\x1e\x00\x00\x1e\x00\x00\x1e\x00\x00\x1e\x00\x00\x1e\x00\x00\x1e\x00\x00\x1e\x00\x00\x1e\x00\x00\x1e\x00\x00\x1e\x00\x00\x1e\x00\x00\x1e\x00\x00\x1e\x00\x00\x1f\xff\xe0\x1f\xff\xe0\x1f\xff\xe0\x00\x00\x00\x00\x00\x00\x00\x00\x00\x00\x00\x00\x00\x00\x00\x00\x00\x00\x00\x00\x00\x00\x00\x00\x00\x00\x00\x00\x00\x00\x00\x00\x00\x00\x00\x00\x15',
  70:b'\x00\x00\x00\x00\x00\x00\x00\x00\x00\x00\x00\x00\x00\x00\x00\x00\x00\x00\x00\x00\x00\x00\x00\x00\x00\x00\x00\x1f\xff\xe0\x1f\xff\xe0\x1f\xff\xe0\x1e\x00\x00\x1e\x00\x00\x1e\x00\x00\x1e\x00\x00\x1e\x00\x00\x1e\x00\x00\x1e\x00\x00\x1e\x00\x00\x1e\x00\x00\x1e\x00\x00\x1e\x00\x00\x1e\x00\x00\x1e\x00\x00\x1f\xff\xc0\x1f\xff\xc0\x1f\xff\xc0\x1e\x00\x00\x1e\x00\x00\x1e\x00\x00\x1e\x00\x00\x1e\x00\x00\x1e\x00\x00\x1e\x00\x00\x1e\x00\x00\x1e\x00\x00\x1e\x00\x00\x1e\x00\x00\x1e\x00\x00\x1e\x00\x00\x1e\x00\x00\x1e\x00\x00\x1e\x00\x00\x00\x00\x00\x00\x00\x00\x00\x00\x00\x00\x00\x00\x00\x00\x00\x00\x00\x00\x00\x00\x00\x00\x00\x00\x00\x00\x00\x00\x00\x00\x00\x00\x00\x00\x00\x00\x15',
  71:b'\x00\x00\x00\x00\x00\x00\x00\x00\x00\x00\x00\x00\x00\x00\x00\x00\x00\x00\x00\x00\x00\x00\x00\x00\x00\x00\x00\x00\x00\x00\x00\x00\x00\x00\x00\x00\x00\x1f\xf0\x00\x00\x7f\xfc\x00\x00\xff\xf8\x00\x03\xf0\x18\x00\x03\xc0\x00\x00\x07\x80\x00\x00\x0f\x80\x00\x00\x0f\x00\x00\x00\x0f\x00\x00\x00\x1e\x00\x00\x00\x1e\x00\x00\x00\x1e\x00\x00\x00<\x00\x00\x00<\x00\x00\x00<\x00\x00\x00<\x00\x00\x00<\x00\x00\x00<\x00\x00\x00<\x07\xfe\x00<\x07\xfe\x00<\x00\xfe\x00<\x00\x1e\x00<\x00\x1e\x00\x1e\x00\x1e\x00\x1e\x00\x1e\x00\x1e\x00\x1e\x00\x1e\x00\x1e\x00\x0f\x00\x1e\x00\x0f\x80\x1e\x00\x07\x80\x1e\x00\x07\xc0\x1e\x00\x03\xf0>\x00\x01\xff\xfe\x00\x00\xff\xf8\x00\x00\x1f\xc0\x00\x00\x00\x00\x00\x00\x00\x00\x00\x00\x00\x00\x00\x00\x00\x00\x00\x00\x00\x00\x00\x00\x00\x00\x00\x00\x00\x00\x00\x00\x00\x00\x00\x00\x00\x00\x00\x00\x00\x00\x00\x00\x00\x00\x00\x00\x00\x00\x00\x19',
  72:b'\x00\x00\x00\x00\x00\x00\x00\x00\x00\x00\x00\x00\x00\x00\x00\x00\x00\x00\x00\x00\x00\x00\x00\x00\x00\x00\x00\x00\x00\x00\x00\x00\x00\x00\x00\x00\x1e\x00\x0f\x00\x1e\x00\x0f\x00\x1e\x00\x0f\x00\x1e\x00\x0f\x00\x1e\x00\x0f\x00\x1e\x00\x0f\x00\x1e\x00\x0f\x00\x1e\x00\x0f\x00\x1e\x00\x0f\x00\x1e\x00\x0f\x00\x1e\x00\x0f\x00\x1e\x00\x0f\x00\x1e\x00\x0f\x00\x1e\x00\x0f\x00\x1e\x00\x0f\x00\x1f\xff\xff\x00\x1f\xff\xff\x00\x1f\xff\xff\x00\x1e\x00\x0f\x00\x1e\x00\x0f\x00\x1e\x00\x0f\x00\x1e\x00\x0f\x00\x1e\x00\x0f\x00\x1e\x00\x0f\x00\x1e\x00\x0f\x00\x1e\x00\x0f\x00\x1e\x00\x0f\x00\x1e\x00\x0f\x00\x1e\x00\x0f\x00\x1e\x00\x0f\x00\x1e\x00\x0f\x00\x1e\x00\x0f\x00\x1e\x00\x0f\x00\x1e\x00\x0f\x00\x1e\x00\x0f\x00\x00\x00\x00\x00\x00\x00\x00\x00\x00\x00\x00\x00\x00\x00\x00\x00\x00\x00\x00\x00\x00\x00\x00\x00\x00\x00\x00\x00\x00\x00\x00\x00\x00\x00\x00\x00\x00\x00\x00\x00\x00\x00\x00\x00\x00\x00\x00\x00\x1b',
  73:b'\x00\x00\x00\x00\x00\x00\x00\x00\x00\x00\x00\x00\x00\x00\x00\x00\x00\x00\x0f\x00\x0f\x00\x0f\x00\x0f\x00\x0f\x00\x0f\x00\x0f\x00\x0f\x00\x0f\x00\x0f\x00\x0f\x00\x0f\x00\x0f\x00\x0f\x00\x0f\x00\x0f\x00\x0f\x00\x0f\x00\x0f\x00\x0f\x00\x0f\x00\x0f\x00\x0f\x00\x0f\x00\x0f\x00\x0f\x00\x0f\x00\x0f\x00\x0f\x00\x0f\x00\x0f\x00\x0f\x00\x0f\x00\x0f\x00\x0f\x00\x00\x00\x00\x00\x00\x00\x00\x00\x00\x00\x00\x00\x00\x00\x00\x00\x00\x00\x00\x00\x00\x00\x00\x00\x0c',
  74:b'\x00\x00\x00\x00\x00\x00\x00\x00\x00\x00\x00\x00\x00\x00\x00\x00\x00\x00\x03\x80\x03\x80\x03\x80\x03\x80\x03\x80\x03\x80\x03\x80\x03\x80\x03\x80\x03\x80\x03\x80\x03\x80\x03\x80\x03\x80\x03\x80\x03\x80\x03\x80\x03\x80\x03\x80\x03\x80\x03\x80\x03\x80\x03\x80\x03\x80\x03\x80\x03\x80\x03\x80\x03\x80\x03\x80\x07\x80\x07\x80\x8f\x80\xff\x00\xff\x00\xfc\x00\x00\x00\x00\x00\x00\x00\x00\x00\x00\x00\x00\x00\x00\x00\x00\x00\x00\x00\x00\x00\x00\x00\x00\x00\x0c',
  75:b'\x00\x00\x00\x00\x00\x00\x00\x00\x00\x00\x00\x00\x00\x00\x00\x00\x00\x00\x00\x00\x00\x00\x00\x00\x00\x00\x00\x00\x00\x00\x00\x00\x00\x00\x00\x00\x1e\x00|\x00\x1e\x00x\x00\x1e\x00\xf8\x00\x1e\x00\xf0\x00\x1e\x01\xe0\x00\x1e\x01\xe0\x00\x1e\x03\xc0\x00\x1e\x07\xc0\x00\x1e\x07\x80\x00\x1e\x0f\x00\x00\x1e\x0f\x00\x00\x1e\x1e\x00\x00\x1e>\x00\x00\x1e<\x00\x00\x1ex\x00\x00\x1ex\x00\x00\x1f\xe0\x00\x00\x1f\xf0\x00\x00\x1f\xf8\x00\x00\x1e|\x00\x00\x1e<\x00\x00\x1e>\x00\x00\x1e\x1f\x00\x00\x1e\x0f\x00\x00\x1e\x0f\x80\x00\x1e\x07\x80\x00\x1e\x07\xc0\x00\x1e\x03\xe0\x00\x1e\x01\xe0\x00\x1e\x01\xf0\x00\x1e\x00\xf8\x00\x1e\x00x\x00\x1e\x00|\x00\x1e\x00<\x00\x1e\x00>\x00\x00\x00\x00\x00\x00\x00\x00\x00\x00\x00\x00\x00\x00\x00\x00\x00\x00\x00\x00\x00\x00\x00\x00\x00\x00\x00\x00\x00\x00\x00\x00\x00\x00\x00\x00\x00\x00\x00\x00\x00\x00\x00\x00\x00\x00\x00\x00\x00\x19',
  76:b'\x00\x00\x00\x00\x00\x00\x00\x00\x00\x00\x00\x00\x00\x00\x00\x00\x00\x00\x00\x00\x00\x00\x00\x00\x00\x00\x00\x1e\x00\x00\x1e\x00\x00\x1e\x00\x00\x1e\x00\x00\x1e\x00\x00\x1e\x00\x00\x1e\x00\x00\x1e\x00\x00\x1e\x00\x00\x1e\x00\x00\x1e\x00\x00\x1e\x00\x00\x1e\x00\x00\x1e\x00\x00\x1e\x00\x00\x1e\x00\x00\x1e\x00\x00\x1e\x00\x00\x1e\x00\x00\x1e\x00\x00\x1e\x00\x00\x1e\x00\x00\x1e\x00\x00\x1e\x00\x00\x1e\x00\x00\x1e\x00\x00\x1e\x00\x00\x1e\x00\x00\x1e\x00\x00\x1e\x00\x00\x1e\x00\x00\x1e\x00\x00\x1f\xff\xf0\x1f\xff\xf0\x1f\xff\xf0\x00\x00\x00\x00\x00\x00\x00\x00\x00\x00\x00\x00\x00\x00\x00\x00\x00\x00\x00\x00\x00\x00\x00\x00\x00\x00\x00\x00\x00\x00\x00\x00\x00\x00\x00\x00\x15',
  77:b'\x00\x00\x00\x00\x00\x00\x00\x00\x00\x00\x00\x00\x00\x00\x00\x00\x00\x00\x00\x00\x00\x00\x00\x00\x00\x00\x00\x00\x00\x00\x00\x00\x00\x00\x00\x00\x1e\x00\x00x\x1e\x00\x00x\x1f\x00\x00\xf8\x1f\x00\x00\xf8\x1f\x80\x01\xf8\x1f\x80\x01\xf8\x1f\xc0\x03\xf8\x1d\xc0\x03\xf8\x1d\xe0\x07\xf8\x1d\xe0\x07x\x1f\xe0\x0fx\x1e\xf0\x0fx\x1e\xf0\x0ex\x1ex\x1ex\x1ex\x1cx\x1e<<x\x1e<8x\x1e\x1exx\x1e\x1epx\x1e\x0epx\x1e\x0f\xf0x\x1e\x07\xe0x\x1e\x07\xe0x\x1e\x03\xc0x\x1e\x03\xc0x\x1e\x01\x80x\x1e\x01\x80x\x1e\x00\x00x\x1e\x00\x00x\x1e\x00\x00x\x1e\x00\x00x\x1e\x00\x00x\x1e\x00\x00x\x1e\x00\x00x\x1e\x00\x00x\x00\x00\x00\x00\x00\x00\x00\x00\x00\x00\x00\x00\x00\x00\x00\x00\x00\x00\x00\x00\x00\x00\x00\x00\x00\x00\x00\x00\x00\x00\x00\x00\x00\x00\x00\x00\x00\x00\x00\x00\x00\x00\x00\x00\x00\x00\x00\x00 ',
  78:b'\x00\x00\x00\x00\x00\x00\x00\x00\x00\x00\x00\x00\x00\x00\x00\x00\x00\x00\x00\x00\x00\x00\x00\x00\x00\x00\x00\x00\x00\x00\x00\x00\x00\x00\x00\x00\x1c\x00\x0f\x00\x1c\x00\x0f\x00\x1e\x00\x0f\x00\x1f\x00\x0f\x00\x1f\x00\x0f\x00\x1f\x80\x0f\x00\x1f\x80\x0f\x00\x1f\xc0\x0f\x00\x1d\xe0\x0f\x00\x1d\xe0\x0f\x00\x1f\xf0\x0f\x00\x1e\xf0\x0f\x00\x1e\xf8\x0f\x00\x1ex\x0f\x00\x1e|\x0f\x00\x1e>\x0f\x00\x1e\x1e\x0f\x00\x1e\x1f\x0f\x00\x1e\x0f\x0f\x00\x1e\x0f\x8f\x00\x1e\x07\xcf\x00\x1e\x07\xcf\x00\x1e\x03\xef\x00\x1e\x01\xef\x00\x1e\x01\xff\x00\x1e\x00\xf7\x00\x1e\x00\xf7\x00\x1e\x00\x7f\x00\x1e\x00?\x00\x1e\x00?\x00\x1e\x00\x1f\x00\x1e\x00\x1f\x00\x1e\x00\x0f\x00\x1e\x00\x07\x00\x1e\x00\x07\x00\x00\x00\x00\x00\x00\x00\x00\x00\x00\x00\x00\x00\x00\x00\x00\x00\x00\x00\x00\x00\x00\x00\x00\x00\x00\x00\x00\x00\x00\x00\x00\x00\x00\x00\x00\x00\x00\x00\x00\x00\x00\x00\x00\x00\x00\x00\x00\x00\x1b',
  79:b'\x00\x00\x00\x00\x00\x00\x00\x00\x00\x00\x00\x00\x00\x00\x00\x00\x00\x00\x00\x00\x00\x00\x00\x00\x00\x00\x00\x00\x00\x00\x00\x00\x00\x00\x00\x00\x00?\x80\x00\x00\xff\xe0\x00\x01\xff\xf8\x00\x03\xe0\xfc\x00\x07\xc0<\x00\x0f\x80>\x00\x0f\x00\x1f\x00\x0f\x00\x0f\x00\x1e\x00\x0f\x00\x1e\x00\x0f\x00\x1e\x00\x07\x80\x1e\x00\x07\x80<\x00\x07\x80<\x00\x07\x80<\x00\x07\x80<\x00\x07\x80<\x00\x07\x80<\x00\x07\x80<\x00\x07\x80<\x00\x07\x80<\x00\x07\x80<\x00\x07\x80<\x00\x07\x80\x1e\x00\x07\x80\x1e\x00\x07\x80\x1e\x00\x0f\x00\x1e\x00\x0f\x00\x0f\x00\x0f\x00\x0f\x00\x1f\x00\x0f\x80\x1e\x00\x07\xc0<\x00\x03\xe0\xfc\x00\x01\xff\xf8\x00\x00\xff\xe0\x00\x00?\x80\x00\x00\x00\x00\x00\x00\x00\x00\x00\x00\x00\x00\x00\x00\x00\x00\x00\x00\x00\x00\x00\x00\x00\x00\x00\x00\x00\x00\x00\x00\x00\x00\x00\x00\x00\x00\x00\x00\x00\x00\x00\x00\x00\x00\x00\x00\x00\x00\x00\x1b',
  80:b'\x00\x00\x00\x00\x00\x00\x00\x00\x00\x00\x00\x00\x00\x00\x00\x00\x00\x00\x00\x00\x00\x00\x00\x00\x00\x00\x00\x0f\xfc\x00\x1f\xff\x80\x1f\xff\xc0\x1e\x07\xe0\x1e\x01\xf0\x1e\x00\xf0\x1e\x00\xf8\x1e\x00x\x1e\x00x\x1e\x00x\x1e\x00x\x1e\x00x\x1e\x00x\x1e\x00x\x1e\x00x\x1e\x00\xf0\x1e\x00\xf0\x1e\x01\xe0\x1e\x07\xe0\x1f\xff\xc0\x1f\xff\x00\x1f\xfc\x00\x1e\x00\x00\x1e\x00\x00\x1e\x00\x00\x1e\x00\x00\x1e\x00\x00\x1e\x00\x00\x1e\x00\x00\x1e\x00\x00\x1e\x00\x00\x1e\x00\x00\x1e\x00\x00\x1e\x00\x00\x1e\x00\x00\x00\x00\x00\x00\x00\x00\x00\x00\x00\x00\x00\x00\x00\x00\x00\x00\x00\x00\x00\x00\x00\x00\x00\x00\x00\x00\x00\x00\x00\x00\x00\x00\x00\x00\x00\x00\x17',
  81:b'\x00\x00\x00\x00\x00\x00\x00\x00\x00\x00\x00\x00\x00\x00\x00\x00\x00\x00\x00\x00\x00\x00\x00\x00\x00\x00\x00\x00\x00\x00\x00\x00\x00\x00\x00\x00\x00?\x80\x00\x00\xff\xe0\x00\x01\xff\xf8\x00\x03\xe0\xfc\x00\x07\xc0<\x00\x0f\x80>\x00\x0f\x00\x1f\x00\x0f\x00\x0f\x00\x1e\x00\x0f\x00\x1e\x00\x0f\x00\x1e\x00\x07\x80\x1e\x00\x07\x80<\x00\x07\x80<\x00\x07\x80<\x00\x07\x80<\x00\x07\x80<\x00\x07\x80<\x00\x07\x80<\x00\x07\x80<\x00\x07\x80<\x00\x07\x80<\x00\x07\x80<\x00\x07\x80\x1e\x00\x07\x80\x1e\x00\x07\x80\x1e\x00\x0f\x00\x1e\x00\x0f\x00\x0f\x00\x0f\x00\x0f\x00\x1f\x00\x0f\x80\x1e\x00\x07\xc0<\x00\x03\xe0\xfc\x00\x01\xff\xf8\x00\x00\xff\xe0\x00\x00?\x80\x00\x00\x00\x00\x00\x00\x00\x00\x00\x00\xfc\x00\x00\x00\xff\x00\x00\x00\xff\xe0\x00\x00\x07\xf8\x10\x00\x00\xff\xf0\x00\x00?\xf0\x00\x00\x07\xf0\x00\x00\x00\x00\x00\x00\x00\x00\x00\x00\x00\x00\x1b',
  82:b'\x00\x00\x00\x00\x00\x00\x00\x00\x00\x00\x00\x00\x00\x00\x00\x00\x00\x00\x00\x00\x00\x00\x00\x00\x00\x00\x00\x0f\xfc\x00\x1f\xff\x00\x1f\xff\xc0\x1e\x07\xc0\x1e\x03\xe0\x1e\x01\xe0\x1e\x00\xf0\x1e\x00\xf0\x1e\x00\xf0\x1e\x00\xf0\x1e\x00\xf0\x1e\x00\xf0\x1e\x00\xf0\x1e\x01\xf0\x1e\x01\xe0\x1e\x03\xe0\x1e\x07\xc0\x1f\xff\x80\x1f\xff\x00\x1e\xfc\x00\x1e\x1e\x00\x1e\x1f\x00\x1e\x0f\x00\x1e\x0f\x80\x1e\x07\x80\x1e\x07\xc0\x1e\x03\xc0\x1e\x03\xe0\x1e\x01\xe0\x1e\x01\xf0\x1e\x00\xf0\x1e\x00\xf8\x1e\x00x\x1e\x00|\x1e\x00>\x00\x00\x00\x00\x00\x00\x00\x00\x00\x00\x00\x00\x00\x00\x00\x00\x00\x00\x00\x00\x00\x00\x00\x00\x00\x00\x00\x00\x00\x00\x00\x00\x00\x00\x00\x00\x18',
  83:b'\x00\x00\x00\x00\x00\x00\x00\x00\x00\x00\x00\x00\x00\x00\x00\x00\x00\x00\x00\x00\x00\x00\x00\x00\x00\x00\x00\x00\xff\x00\x03\xff\xe0\x0f\xff\xe0\x0f\x81\xc0\x1e\x00@\x1e\x00\x00<\x00\x00<\x00\x00<\x00\x00\x1e\x00\x00\x1e\x00\x00\x1f\x00\x00\x0f\x80\x00\x0f\xc0\x00\x07\xe0\x00\x03\xf8\x00\x01\xfc\x00\x00\xfe\x00\x00?\x00\x00\x1f\x80\x00\x07\xc0\x00\x03\xe0\x00\x03\xe0\x00\x01\xe0\x00\x00\xf0\x00\x00\xf0\x00\x00\xf0\x00\x00\xe0\x00\x00\xe0\x00\x01\xe0\x10\x03\xe0<\x0f\xc0?\xff\x80?\xff\x00\x07\xf8\x00\x00\x00\x00\x00\x00\x00\x00\x00\x00\x00\x00\x00\x00\x00\x00\x00\x00\x00\x00\x00\x00\x00\x00\x00\x00\x00\x00\x00\x00\x00\x00\x00\x00\x00\x00\x00\x15',
  84:b'\x00\x00\x00\x00\x00\x00\x00\x00\x00\x00\x00\x00\x00\x00\x00\x00\x00\x00\x00\x00\x00\x00\x00\x00\x00\x00\x00\x7f\xff\xfc\x7f\xff\xfc\x7f\xff\xfc\x00x\x00\x00x\x00\x00x\x00\x00x\x00\x00x\x00\x00x\x00\x00x\x00\x00x\x00\x00x\x00\x00x\x00\x00x\x00\x00x\x00\x00x\x00\x00x\x00\x00x\x00\x00x\x00\x00x\x00\x00x\x00\x00x\x00\x00x\x00\x00x\x00\x00x\x00\x00x\x00\x00x\x00\x00x\x00\x00x\x00\x00x\x00\x00x\x00\x00x\x00\x00x\x00\x00x\x00\x00x\x00\x00\x00\x00\x00\x00\x00\x00\x00\x00\x00\x00\x00\x00\x00\x00\x00\x00\x00\x00\x00\x00\x00\x00\x00\x00\x00\x00\x00\x00\x00\x00\x00\x00\x00\x00\x00\x16',
  85:b'\x00\x00\x00\x00\x00\x00\x00\x00\x00\x00\x00\x00\x00\x00\x00\x00\x00\x00\x00\x00\x00\x00\x00\x00\x00\x00\x00\x00\x00\x00\x00\x00\x00\x00\x00\x00\x1e\x00\x1e\x00\x1e\x00\x1e\x00\x1e\x00\x1e\x00\x1e\x00\x1e\x00\x1e\x00\x1e\x00\x1e\x00\x1e\x00\x1e\x00\x1e\x00\x1e\x00\x1e\x00\x1e\x00\x1e\x00\x1e\x00\x1e\x00\x1e\x00\x1e\x00\x1e\x00\x1e\x00\x1e\x00\x1e\x00\x1e\x00\x1e\x00\x1e\x00\x1e\x00\x1e\x00\x1e\x00\x1e\x00\x1e\x00\x1e\x00\x1e\x00\x1e\x00\x1e\x00\x1e\x00\x1e\x00\x1e\x00\x1e\x00\x1e\x00\x1e\x00\x1e\x00\x1e\x00\x1e\x00\x1e\x00\x1e\x00\x1e\x00\x1e\x00\x1e\x00\x1e\x00\x1e\x00\x1e\x00\x1c\x00\x0f\x00<\x00\x0f\x00<\x00\x0f\x80|\x00\x07\xc0\xf8\x00\x03\xff\xf0\x00\x01\xff\xe0\x00\x00\x7f\x80\x00\x00\x00\x00\x00\x00\x00\x00\x00\x00\x00\x00\x00\x00\x00\x00\x00\x00\x00\x00\x00\x00\x00\x00\x00\x00\x00\x00\x00\x00\x00\x00\x00\x00\x00\x00\x00\x00\x00\x00\x00\x00\x00\x00\x00\x00\x00\x00\x00\x1a',
  86:b'\x00\x00\x00\x00\x00\x00\x00\x00\x00\x00\x00\x00\x00\x00\x00\x00\x00\x00\x00\x00\x00\x00\x00\x00\x00\x00\x00\xf0\x00\x1e\xf0\x00\x1ex\x00\x1ex\x00<x\x00<<\x00<<\x008<\x00x\x1e\x00x\x1e\x00p\x1e\x00\xf0\x1e\x00\xf0\x0f\x00\xe0\x0f\x00\xe0\x0f\x01\xe0\x07\x81\xe0\x07\x81\xc0\x07\x81\xc0\x03\x83\xc0\x03\xc3\x80\x03\xc3\x80\x01\xc7\x80\x01\xe7\x00\x01\xe7\x00\x01\xe7\x00\x00\xef\x00\x00\xee\x00\x00\xfe\x00\x00~\x00\x00|\x00\x00|\x00\x00<\x00\x008\x00\x008\x00\x008\x00\x00\x00\x00\x00\x00\x00\x00\x00\x00\x00\x00\x00\x00\x00\x00\x00\x00\x00\x00\x00\x00\x00\x00\x00\x00\x00\x00\x00\x00\x00\x00\x00\x00\x00\x00\x00\x17',
  87:b'\x00\x00\x00\x00\x00\x00\x00\x00\x00\x00\x00\x00\x00\x00\x00\x00\x00\x00\x00\x00\x00\x00\x00\x00\x00\x00\x00\x00\x00\x00\x00\x00\x00\x00\x00\x00\x00\x00\x00\x00\x00\x00\x00\x00\x00\xf0\x00\xc0\x07\x80x\x00\xe0\x07\x80x\x01\xe0\x07\x80x\x01\xe0\x07\x80x\x01\xe0\x07\x008\x01\xf0\x0f\x00<\x03\xf0\x0f\x00<\x03\xf0\x0f\x00<\x03\xf0\x0e\x00<\x03\xf8\x0e\x00\x1e\x07x\x1e\x00\x1e\x078\x1e\x00\x1e\x078\x1e\x00\x1e\x078\x1c\x00\x0e\x0f<\x1c\x00\x0f\x0e<<\x00\x0f\x0e\x1c<\x00\x0f\x0e\x1c8\x00\x0f\x1e\x1e8\x00\x07\x1c\x1e8\x00\x07\x9c\x0ex\x00\x07\x9c\x0ex\x00\x07\xbc\x0fp\x00\x03\xb8\x0fp\x00\x03\xb8\x07p\x00\x03\xb8\x07p\x00\x03\xb8\x07`\x00\x01\xf0\x07\xe0\x00\x01\xf0\x03\xe0\x00\x01\xf0\x03\xe0\x00\x01\xf0\x03\xe0\x00\x01\xe0\x03\xc0\x00\x00\xe0\x01\xc0\x00\x00\xe0\x01\xc0\x00\x00\xe0\x01\xc0\x00\x00\x00\x00\x00\x00\x00\x00\x00\x00\x00\x00\x00\x00\x00\x00\x00\x00\x00\x00\x00\x00\x00\x00\x00\x00\x00\x00\x00\x00\x00\x00\x00\x00\x00\x00\x00\x00\x00\x00\x00\x00\x00\x00\x00\x00\x00\x00\x00\x00\x00\x00\x00\x00\x00\x00\x00\x00\x00\x00\x00"',
  88:b'\x00\x00\x00\x00\x00\x00\x00\x00\x00\x00\x00\x00\x00\x00\x00\x00\x00\x00\x00\x00\x00\x00\x00\x00\x00\x00\x00\x00\x00\x00\x00\x00\x00\x00\x00\x00<\x00\x1f\x00>\x00\x1e\x00\x1e\x00<\x00\x1f\x00<\x00\x0f\x00x\x00\x0f\x80x\x00\x07\x80\xf0\x00\x07\xc0\xf0\x00\x03\xc1\xe0\x00\x03\xe1\xe0\x00\x01\xe3\xc0\x00\x01\xf3\xc0\x00\x00\xf7\x80\x00\x00\xf7\x80\x00\x00\x7f\x00\x00\x00\x7f\x00\x00\x00>\x00\x00\x00>\x00\x00\x00\x7f\x00\x00\x00\x7f\x00\x00\x00\xf7\x80\x00\x00\xf7\x80\x00\x01\xe3\xc0\x00\x01\xe3\xc0\x00\x03\xc1\xe0\x00\x03\xc1\xe0\x00\x07\x80\xf0\x00\x07\x80\xf0\x00\x0f\x00\xf8\x00\x0f\x00x\x00\x1e\x00|\x00\x1e\x00<\x00<\x00>\x00<\x00\x1e\x00x\x00\x1f\x00\x00\x00\x00\x00\x00\x00\x00\x00\x00\x00\x00\x00\x00\x00\x00\x00\x00\x00\x00\x00\x00\x00\x00\x00\x00\x00\x00\x00\x00\x00\x00\x00\x00\x00\x00\x00\x00\x00\x00\x00\x00\x00\x00\x00\x00\x00\x00\x00\x19',
  89:b'\x00\x00\x00\x00\x00\x00\x00\x00\x00\x00\x00\x00\x00\x00\x00\x00\x00\x00\x00\x00\x00\x00\x00\x00\x00\x00\x00\xf8\x00>x\x00<|\x00x<\x00x>\x00x\x1e\x00\xf0\x1e\x00\xf0\x0f\x01\xe0\x0f\x01\xe0\x0f\x81\xc0\x07\x83\xc0\x07\x83\x80\x03\xc7\x80\x03\xc7\x80\x01\xe7\x00\x01\xef\x00\x00\xee\x00\x00\xee\x00\x00\xfc\x00\x00|\x00\x00|\x00\x008\x00\x008\x00\x008\x00\x008\x00\x008\x00\x008\x00\x008\x00\x008\x00\x008\x00\x008\x00\x008\x00\x008\x00\x008\x00\x008\x00\x00\x00\x00\x00\x00\x00\x00\x00\x00\x00\x00\x00\x00\x00\x00\x00\x00\x00\x00\x00\x00\x00\x00\x00\x00\x00\x00\x00\x00\x00\x00\x00\x00\x00\x00\x00\x17',
  90:b'\x00\x00\x00\x00\x00\x00\x00\x00\x00\x00\x00\x00\x00\x00\x00\x00\x00\x00\x00\x00\x00\x00\x00\x00\x00\x00\x00\x7f\xff\xf8\x7f\xff\xf8\x7f\xff\xf8\x00\x00p\x00\x00\xf0\x00\x01\xe0\x00\x01\xe0\x00\x03\xc0\x00\x03\xc0\x00\x07\x80\x00\x07\x80\x00\x0f\x00\x00\x0f\x00\x00\x1e\x00\x00>\x00\x00<\x00\x00|\x00\x00x\x00\x00\xf8\x00\x00\xf0\x00\x01\xf0\x00\x01\xe0\x00\x03\xc0\x00\x03\xc0\x00\x07\x80\x00\x07\x80\x00\x0f\x00\x00\x0f\x00\x00\x1e\x00\x00\x1e\x00\x00<\x00\x008\x00\x00\x7f\xff\xf8\x7f\xff\xf8\x7f\xff\xf8\x00\x00\x00\x00\x00\x00\x00\x00\x00\x00\x00\x00\x00\x00\x00\x00\x00\x00\x00\x00\x00\x00\x00\x00\x00\x00\x00\x00\x00\x00\x00\x00\x00\x00\x00\x00\x16',
  91:b'\x00\x00\x00\x00\x00\x00\x00\x00\x00\x00\x00\x00\x00\x00\x00\x00\x00\x00\x1f\xe0\x1f\xe0\x1f\xe0\x1e\x00\x1e\x00\x1e\x00\x1e\x00\x1e\x00\x1e\x00\x1e\x00\x1e\x00\x1e\x00\x1e\x00\x1e\x00\x1e\x00\x1e\x00\x1e\x00\x1e\x00\x1e\x00\x1e\x00\x1e\x00\x1e\x00\x1e\x00\x1e\x00\x1e\x00\x1e\x00\x1e\x00\x1e\x00\x1e\x00\x1e\x00\x1e\x00\x1e\x00\x1e\x00\x1e\x00\x1e\x00\x1e\x00\x1e\x00\x1e\x00\x1e\x00\x1e\x00\x1e\x00\x1e\x00\x1e\x00\x1e\x00\x1f\xe0\x1f\xe0\x1f\xe0\x0c',
  92:b'\x00\x00\x00\x00\x00\x00\x00\x00\x00\x00\x00\x00\x00\x00\x00\x00\x00\x00\x00\x00\x00\x00\x00\x00\x00\x00\x00`\x00\x00\xe0\x00\x00\xf0\x00\x00\xf0\x00\x00p\x00\x00x\x00\x008\x00\x008\x00\x00<\x00\x00\x1c\x00\x00\x1c\x00\x00\x1e\x00\x00\x0e\x00\x00\x0e\x00\x00\x0f\x00\x00\x07\x00\x00\x07\x80\x00\x07\x80\x00\x03\x80\x00\x03\xc0\x00\x03\xc0\x00\x01\xc0\x00\x01\xe0\x00\x00\xe0\x00\x00\xe0\x00\x00\xf0\x00\x00p\x00\x00p\x00\x00x\x00\x008\x00\x008\x00\x00<\x00\x00\x1c\x00\x00\x1e\x00\x00\x1e\x00\x00\x0e\x00\x00\x0f\x00\x00\x07\x00\x00\x07\x00\x00\x07\x80\x00\x03\x80\x00\x03\x80\x00\x03@\x00\x00\x00\x00\x00\x00\x00\x00\x00\x00\x00\x00\x12',
  93:b'\x00\x00\x00\x00\x00\x00\x00\x00\x00\x00\x00\x00\x00\x00\x00\x00\x00\x00\x7f\x80\x7f\x80\x7f\x80\x03\x80\x03\x80\x03\x80\x03\x80\x03\x80\x03\x80\x03\x80\x03\x80\x03\x80\x03\x80\x03\x80\x03\x80\x03\x80\x03\x80\x03\x80\x03\x80\x03\x80\x03\x80\x03\x80\x03\x80\x03\x80\x03\x80\x03\x80\x03\x80\x03\x80\x03\x80\x03\x80\x03\x80\x03\x80\x03\x80\x03\x80\x03\x80\x03\x80\x03\x80\x03\x80\x03\x80\x03\x80\x03\x80\x03\x80\x03\x80\x03\x80\x7f\x80\x7f\x80\x7f\x80\x0c',
  94:b'\x00\x00\x00\x00\x00\x00\x00\x00\x00\x00\x00\x00\x00\x00\x00\x00\x00\x00\x00\x00\x00\x00\x00\x00\x00\x00\x00\x00`\x00\x00p\x00\x00\xf0\x00\x00\xf8\x00\x01\xf8\x00\x01\xdc\x00\x03\x9c\x00\x07\x9e\x00\x07\x0e\x00\x0f\x0f\x00\x0e\x07\x00\x1e\x07\x80\x1c\x03\x80<\x03\xc0\x00\x00\x00\x00\x00\x00\x00\x00\x00\x00\x00\x00\x00\x00\x00\x00\x00\x00\x00\x00\x00\x00\x00\x00\x00\x00\x00\x00\x00\x00\x00\x00\x00\x00\x00\x00\x00\x00\x00\x00\x00\x00\x00\x00\x00\x00\x00\x00\x00\x00\x00\x00\x00\x00\x00\x00\x00\x00\x00\x00\x00\x00\x00\x00\x00\x00\x00\x00\x00\x00\x00\x00\x00\x00\x00\x00\x00\x00\x00\x00\x00\x00\x00\x00\x00\x00\x00\x00\x00\x00\x00\x00\x00\x00\x00\x00\x00\x00\x00\x15',
  95:b'\x00\x00\x00\x00\x00\x00\x00\x00\x00\x00\x00\x00\x00\x00\x00\x00\x00\x00\x00\x00\x00\x00\x00\x00\x00\x00\x00\x00\x00\x00\x00\x00\x00\x00\x00\x00\x00\x00\x00\x00\x00\x00\x00\x00\x00\x00\x00\x00\x00\x00\x00\x00\x00\x00\x00\x00\x00\x00\x00\x00\x00\x00\x00\x00\x00\x00\x00\x00\x00\x00\x00\x00\x00\x00\x00\x00\x00\x00\x00\x00\x00\x00\x00\x00\x00\x00\x00\x00\x00\x00\x00\x00\x00\x00\x00\x00\x00\x00\x00\x00\x00\x00\x00\x00\x00\x00\x00\x00\x00\x00\x00\x00\x00\x00\x00\x00\x00\x00\x00\x00\x00\x00\x00\x00\x00\x00\x00\x00\x00\x00\x00\x00\x00\x00\x00\x00\x00\x00\x00\x00\x00\x00\x00\x00\x00\x00\x00\x00\x00\x00\x00\x00\x00\xff\xff\x80\xff\xff\x80\xff\xff\x80\x00\x00\x00\x00\x00\x00\x11',
  96:b'\x00\x00\x00\x00\x00\x00\x00\x00\x00\x00\x00\x00\x00\x00\x00\x00\x1e\x00\x1f\x00\x0f\x00\x07\x00\x03\x80\x01\x80\x01\xc0\x00\x00\x00\x00\x00\x00\x00\x00\x00\x00\x00\x00\x00\x00\x00\x00\x00\x00\x00\x00\x00\x00\x00\x00\x00\x00\x00\x00\x00\x00\x00\x00\x00\x00\x00\x00\x00\x00\x00\x00\x00\x00\x00\x00\x00\x00\x00\x00\x00\x00\x00\x00\x00\x00\x00\x00\x00\x00\x00\x00\x00\x00\x00\x00\x00\x00\x00\x00\x00\x00\x00\x00\x00\x00\x00\x00\x00\x00\x00\x00\x00\x00\r',
  97:b'\x00\x00\x00\x00\x00\x00\x00\x00\x00\x00\x00\x00\x00\x00\x00\x00\x00\x00\x00\x00\x00\x00\x00\x00\x00\x00\x00\x00\x00\x00\x00\x00\x00\x00\x00\x00\x00\x00\x00\x00\x00\x00\x00\x00\x00\x00\x00\x00\x00\x00\x00\x00\x00\x00\x00\x00\x00\x03\xfc\x00\x1f\xfe\x00\x1f\xff\x00\x1e\x0f\x80\x10\x07\x80\x00\x07\x80\x00\x03\x80\x00\x03\x80\x00\x03\x80\x00\x03\x80\x00\x03\x80\x01\xff\x80\x0f\xff\x80\x1f\xff\x80?\x03\x80<\x03\x808\x03\x80x\x03\x80x\x03\x808\x07\x80<\x07\x80>\x1f\x80\x1f\xfb\x80\x1f\xf3\x80\x07\xe1\xc0\x00\x00\x00\x00\x00\x00\x00\x00\x00\x00\x00\x00\x00\x00\x00\x00\x00\x00\x00\x00\x00\x00\x00\x00\x00\x00\x00\x00\x00\x00\x00\x00\x00\x00\x00\x00\x14',
  98:b'\x00\x00\x00\x00\x00\x00\x00\x00\x00\x00\x00\x00\x00\x00\x00\x00\x00\x00\x00\x00\x00\x00\x00\x00\x00\x00\x00\x1e\x00\x00\x1e\x00\x00\x1e\x00\x00\x1e\x00\x00\x1e\x00\x00\x1e\x00\x00\x1e\x00\x00\x1e\x00\x00\x1e\x00\x00\x1e\x00\x00\x1e~\x00\x1e\xff\x80\x1f\xff\xc0\x1f\x87\xc0\x1f\x03\xe0\x1e\x01\xe0\x1e\x01\xe0\x1e\x00\xe0\x1e\x00\xf0\x1e\x00\xf0\x1e\x00\xf0\x1e\x00\xf0\x1e\x00\xf0\x1e\x00\xf0\x1e\x00\xf0\x1e\x00\xf0\x1e\x00\xe0\x1e\x01\xe0\x1e\x01\xe0\x1e\x01\xe0\x1e\x03\xc0\x1e\x07\xc0\x1f\xff\x80\x1f\xff\x00\x03\xf8\x00\x00\x00\x00\x00\x00\x00\x00\x00\x00\x00\x00\x00\x00\x00\x00\x00\x00\x00\x00\x00\x00\x00\x00\x00\x00\x00\x00\x00\x00\x00\x00\x00\x00\x00\x00\x00\x16',
  99:b'\x00\x00\x00\x00\x00\x00\x00\x00\x00\x00\x00\x00\x00\x00\x00\x00\x00\x00\x00\x00\x00\x00\x00\x00\x00\x00\x00\x00\x00\x00\x00\x00\x00\x00\x00\x00\x00\x00\x00\x00\x00\x00\x00\x00\x00\x00\x00\x00\x00\x00\x00\x00\x00\x00\x00\x00\x00\x00\xfe\x00\x03\xff\x00\x07\xff\x00\x0f\x83\x00\x1f\x00\x00\x1e\x00\x00\x1c\x00\x00<\x00\x00<\x00\x00<\x00\x00<\x00\x00<\x00\x00<\x00\x00<\x00\x00<\x00\x00<\x00\x00<\x00\x00<\x00\x00\x1e\x00\x00\x1e\x00\x00\x1f\x01\x00\x0f\x83\x00\x0f\xff\x00\x07\xff\x80\x01\xfc\x00\x00\x00\x00\x00\x00\x00\x00\x00\x00\x00\x00\x00\x00\x00\x00\x00\x00\x00\x00\x00\x00\x00\x00\x00\x00\x00\x00\x00\x00\x00\x00\x00\x00\x00\x00\x00\x12',
  100:b'\x00\x00\x00\x00\x00\x00\x00\x00\x00\x00\x00\x00\x00\x00\x00\x00\x00\x00\x00\x00\x00\x00\x00\x00\x00\x00\x00\x00\x01\xe0\x00\x01\xe0\x00\x01\xe0\x00\x01\xe0\x00\x01\xe0\x00\x01\xe0\x00\x01\xe0\x00\x01\xe0\x00\x01\xe0\x00\x01\xe0\x00\xfd\xe0\x03\xff\xe0\x07\xff\xe0\x0f\x83\xe0\x1f\x01\xe0\x1e\x01\xe0\x1e\x01\xe0<\x01\xe0<\x01\xe0<\x01\xe0<\x01\xe0<\x01\xe0<\x01\xe0<\x01\xe0<\x01\xe0<\x01\xe0<\x01\xe0<\x01\xe0<\x01\xe0\x1e\x03\xe0\x1e\x03\xe0\x0f\x87\xe0\x0f\xfe\xe0\x07\xfc\xe0\x01\xf8`\x00\x00\x00\x00\x00\x00\x00\x00\x00\x00\x00\x00\x00\x00\x00\x00\x00\x00\x00\x00\x00\x00\x00\x00\x00\x00\x00\x00\x00\x00\x00\x00\x00\x00\x00\x00\x16',
  101:b'\x00\x00\x00\x00\x00\x00\x00\x00\x00\x00\x00\x00\x00\x00\x00\x00\x00\x00\x00\x00\x00\x00\x00\x00\x00\x00\x00\x00\x00\x00\x00\x00\x00\x00\x00\x00\x00\x00\x00\x00\x00\x00\x00\x00\x00\x00\x00\x00\x00\x00\x00\x00\x00\x00\x00\x00\x00\x00\xfc\x00\x03\xff\x00\x07\xff\x80\x0f\x87\x80\x1e\x03\xc0\x1e\x03\xc0\x1c\x01\xc0<\x01\xc0<\x01\xe0<\x01\xe0?\xff\xe0?\xff\xc0?\xff\xc0<\x00\x00<\x00\x00<\x00\x00<\x00\x00<\x00\x00\x1e\x00\x00\x1e\x00\x00\x1f\x00\x80\x0f\x81\x80\x07\xff\xc0\x03\xff\x80\x00\xfe\x00\x00\x00\x00\x00\x00\x00\x00\x00\x00\x00\x00\x00\x00\x00\x00\x00\x00\x00\x00\x00\x00\x00\x00\x00\x00\x00\x00\x00\x00\x00\x00\x00\x00\x00\x00\x00\x15',
  102:b'\x00\x00\x00\x00\x00\x00\x00\x00\x00\x00\x00\x00\x00\x00\x00\x00\x00\x00\x01\xfc\x03\xfc\x07\xfc\x0f\x88\x0f\x00\x0f\x00\x0f\x00\x0e\x00\x0e\x00\x0e\x00\x7f\xf8\x7f\xf8\x7f\xf8\x0e\x00\x0e\x00\x0e\x00\x0e\x00\x0e\x00\x0e\x00\x0e\x00\x0e\x00\x0e\x00\x0e\x00\x0e\x00\x0e\x00\x0e\x00\x0e\x00\x0e\x00\x0e\x00\x0e\x00\x0e\x00\x0e\x00\x0e\x00\x0e\x00\x0e\x00\x00\x00\x00\x00\x00\x00\x00\x00\x00\x00\x00\x00\x00\x00\x00\x00\x00\x00\x00\x00\x00\x00\x00\x00\r',
  103:b'\x00\x00\x00\x00\x00\x00\x00\x00\x00\x00\x00\x00\x00\x00\x00\x00\x00\x00\x00\x00\x00\x00\x00\x00\x00\x00\x00\x00\x00\x00\x00\x00\x00\x00\x00\x00\x00\x00\x00\x00\x00\x00\x00\x00\x00\x00\x00\x00\x00\x00\x00\x00\x00\x00\x00\x00\x00\x00\xff\x00\x03\xff\xe0\x07\xff\xe0\x0f\x83\xe0\x1f\x01\xe0\x1e\x01\xe0\x1e\x01\xe0<\x01\xe0<\x01\xe0<\x01\xe0<\x01\xe0<\x01\xe0<\x01\xe0<\x01\xe0<\x01\xe0<\x01\xe0<\x01\xe0<\x01\xe0<\x01\xe0\x1e\x01\xe0\x1e\x03\xe0\x1f\x87\xe0\x0f\xff\xe0\x07\xfd\xe0\x01\xf9\xe0\x00\x01\xe0\x00\x01\xe0\x00\x01\xe0\x00\x01\xc0\x00\x03\xc0\x00\x03\xc0\x0e\x07\xc0\x0f\xff\x80\x0f\xff\x00\x03\xfc\x00\x00\x00\x00\x00\x00\x00\x16',
  104:b'\x00\x00\x00\x00\x00\x00\x00\x00\x00\x00\x00\x00\x00\x00\x00\x00\x00\x00\x00\x00\x00\x00\x00\x00\x00\x00\x00\x1e\x00\x00\x1e\x00\x00\x1e\x00\x00\x1e\x00\x00\x1e\x00\x00\x1e\x00\x00\x1e\x00\x00\x1e\x00\x00\x1e\x00\x00\x1e\x00\x00\x1e?\x00\x1e\xff\x80\x1f\xff\xc0\x1f\xc3\xe0\x1f\x01\xe0\x1e\x01\xe0\x1e\x01\xe0\x1e\x00\xe0\x1e\x00\xe0\x1e\x00\xe0\x1e\x00\xe0\x1e\x00\xe0\x1e\x00\xe0\x1e\x00\xe0\x1e\x00\xe0\x1e\x00\xe0\x1e\x00\xe0\x1e\x00\xe0\x1e\x00\xe0\x1e\x00\xe0\x1e\x00\xe0\x1e\x00\xe0\x1e\x00\xe0\x1e\x00\xe0\x1e\x00\xe0\x00\x00\x00\x00\x00\x00\x00\x00\x00\x00\x00\x00\x00\x00\x00\x00\x00\x00\x00\x00\x00\x00\x00\x00\x00\x00\x00\x00\x00\x00\x00\x00\x00\x00\x00\x00\x16',
  105:b'\x00\x00\x00\x00\x00\x00\x00\x00\x00\x00\x00\x00\x00\x00\x00\x00\x00\x00\x0e\x00\x1f\x00\x1f\x00\x1f\x00\x0e\x00\x00\x00\x00\x00\x00\x00\x00\x00\x00\x00\x0e\x00\x0e\x00\x0e\x00\x0e\x00\x0e\x00\x0e\x00\x0e\x00\x0e\x00\x0e\x00\x0e\x00\x0e\x00\x0e\x00\x0e\x00\x0e\x00\x0e\x00\x0e\x00\x0e\x00\x0e\x00\x0e\x00\x0e\x00\x0e\x00\x0e\x00\x0e\x00\x0e\x00\x0e\x00\x00\x00\x00\x00\x00\x00\x00\x00\x00\x00\x00\x00\x00\x00\x00\x00\x00\x00\x00\x00\x00\x00\x00\x00\x0b',
  106:b'\x00\x00\x00\x00\x00\x00\x00\x00\x00\x00\x00\x00\x00\x00\x00\x00\x00\x00\x00\x00\x0e\x00\x1f\x00\x1f\x00\x1f\x00\x0e\x00\x00\x00\x00\x00\x00\x00\x00\x00\x00\x00\x0e\x00\x0e\x00\x0e\x00\x0e\x00\x0e\x00\x0e\x00\x0e\x00\x0e\x00\x0e\x00\x0e\x00\x0e\x00\x0e\x00\x0e\x00\x0e\x00\x0e\x00\x0e\x00\x0e\x00\x0e\x00\x0e\x00\x0e\x00\x0e\x00\x0e\x00\x0e\x00\x0e\x00\x0e\x00\x0e\x00\x0e\x00\x1e\x00\x1e\x00\x1e\x00\x1e\x00<\x00\xfc\x00\xf8\x00\xf0\x00\x00\x00\x0b',
  107:b'\x00\x00\x00\x00\x00\x00\x00\x00\x00\x00\x00\x00\x00\x00\x00\x00\x00\x00\x00\x00\x00\x00\x00\x00\x00\x00\x00\x1e\x00\x00\x1e\x00\x00\x1e\x00\x00\x1e\x00\x00\x1e\x00\x00\x1e\x00\x00\x1e\x00\x00\x1e\x00\x00\x1e\x00\x00\x1e\x00\x00\x1e\x03\xc0\x1e\x07\x80\x1e\x07\x80\x1e\x0f\x00\x1e\x0f\x00\x1e\x1e\x00\x1e<\x00\x1e<\x00\x1ex\x00\x1ex\x00\x1e\xf0\x00\x1f\xe0\x00\x1f\xe0\x00\x1f\xf0\x00\x1ex\x00\x1e|\x00\x1e<\x00\x1e>\x00\x1e\x1e\x00\x1e\x0f\x00\x1e\x0f\x00\x1e\x07\x80\x1e\x07\xc0\x1e\x03\xc0\x1e\x03\xe0\x00\x00\x00\x00\x00\x00\x00\x00\x00\x00\x00\x00\x00\x00\x00\x00\x00\x00\x00\x00\x00\x00\x00\x00\x00\x00\x00\x00\x00\x00\x00\x00\x00\x00\x00\x00\x13',
  108:b'\x00\x00\x00\x00\x00\x00\x00\x00\x00\x00\x00\x00\x00\x00\x00\x00\x00\x00\x1e\x00\x1e\x00\x1e\x00\x1e\x00\x1e\x00\x1e\x00\x1e\x00\x1e\x00\x1e\x00\x1e\x00\x1e\x00\x1e\x00\x1e\x00\x1e\x00\x1e\x00\x1e\x00\x1e\x00\x1e\x00\x1e\x00\x1e\x00\x1e\x00\x1e\x00\x1e\x00\x1e\x00\x1e\x00\x1e\x00\x1e\x00\x1e\x00\x1e\x00\x1e\x00\x1e\x00\x1e \x0f\xe0\x0f\xe0\x07\xe0\x00\x00\x00\x00\x00\x00\x00\x00\x00\x00\x00\x00\x00\x00\x00\x00\x00\x00\x00\x00\x00\x00\x00\x00\x0c',
  109:b'\x00\x00\x00\x00\x00\x00\x00\x00\x00\x00\x00\x00\x00\x00\x00\x00\x00\x00\x00\x00\x00\x00\x00\x00\x00\x00\x00\x00\x00\x00\x00\x00\x00\x00\x00\x00\x00\x00\x00\x00\x00\x00\x00\x00\x00\x00\x00\x00\x00\x00\x00\x00\x00\x00\x00\x00\x00\x00\x00\x00\x00\x00\x00\x00\x00\x00\x00\x00\x00\x00\x00\x00\x00\x00\x00\x00\x00\x00\x00\x00\x00\x00\x00\x00\x00\x00\x00\x00\x00\x00\x00\x00\x00\x00\x00\x1c>\x07\xe0\x00\x1c\xff\x1f\xf0\x00\x1d\xff\xbf\xf8\x00\x1f\x87\xb8x\x00\x1f\x03\xf0<\x00\x1e\x03\xe0<\x00\x1e\x03\xc0<\x00\x1e\x01\xc0<\x00\x1e\x01\xc0<\x00\x1e\x01\xc0<\x00\x1e\x01\xc0<\x00\x1e\x01\xc0<\x00\x1e\x01\xc0<\x00\x1e\x01\xc0<\x00\x1e\x01\xc0<\x00\x1e\x01\xc0<\x00\x1e\x01\xc0<\x00\x1e\x01\xc0<\x00\x1e\x01\xc0<\x00\x1e\x01\xc0<\x00\x1e\x01\xc0<\x00\x1e\x01\xc0<\x00\x1e\x01\xc0<\x00\x1e\x01\xc0<\x00\x1e\x01\xc0<\x00\x00\x00\x00\x00\x00\x00\x00\x00\x00\x00\x00\x00\x00\x00\x00\x00\x00\x00\x00\x00\x00\x00\x00\x00\x00\x00\x00\x00\x00\x00\x00\x00\x00\x00\x00\x00\x00\x00\x00\x00\x00\x00\x00\x00\x00\x00\x00\x00\x00\x00\x00\x00\x00\x00\x00\x00\x00\x00\x00\x00!',
  110:b'\x00\x00\x00\x00\x00\x00\x00\x00\x00\x00\x00\x00\x00\x00\x00\x00\x00\x00\x00\x00\x00\x00\x00\x00\x00\x00\x00\x00\x00\x00\x00\x00\x00\x00\x00\x00\x00\x00\x00\x00\x00\x00\x00\x00\x00\x00\x00\x00\x00\x00\x00\x00\x00\x00\x00\x00\x00\x1c?\x00\x1c\xff\x80\x1d\xff\xc0\x1f\x83\xe0\x1f\x01\xe0\x1e\x01\xe0\x1e\x01\xe0\x1e\x00\xe0\x1e\x00\xe0\x1e\x00\xe0\x1e\x00\xe0\x1e\x00\xe0\x1e\x00\xe0\x1e\x00\xe0\x1e\x00\xe0\x1e\x00\xe0\x1e\x00\xe0\x1e\x00\xe0\x1e\x00\xe0\x1e\x00\xe0\x1e\x00\xe0\x1e\x00\xe0\x1e\x00\xe0\x1e\x00\xe0\x1e\x00\xe0\x00\x00\x00\x00\x00\x00\x00\x00\x00\x00\x00\x00\x00\x00\x00\x00\x00\x00\x00\x00\x00\x00\x00\x00\x00\x00\x00\x00\x00\x00\x00\x00\x00\x00\x00\x00\x16',
  111:b'\x00\x00\x00\x00\x00\x00\x00\x00\x00\x00\x00\x00\x00\x00\x00\x00\x00\x00\x00\x00\x00\x00\x00\x00\x00\x00\x00\x00\x00\x00\x00\x00\x00\x00\x00\x00\x00\x00\x00\x00\x00\x00\x00\x00\x00\x00\x00\x00\x00\x00\x00\x00\x00\x00\x00\x00\x00\x00\xfc\x00\x03\xff\x00\x07\xff\x80\x0f\x87\xc0\x1e\x03\xc0\x1e\x01\xe0\x1c\x01\xe0<\x01\xe0<\x00\xe0<\x00\xf0<\x00\xf0<\x00\xf0<\x00\xf0<\x00\xf0<\x00\xf0<\x00\xf0<\x00\xe0<\x01\xe0<\x01\xe0\x1e\x01\xe0\x1f\x03\xc0\x0f\x87\xc0\x0f\xff\x80\x03\xff\x00\x01\xfc\x00\x00\x00\x00\x00\x00\x00\x00\x00\x00\x00\x00\x00\x00\x00\x00\x00\x00\x00\x00\x00\x00\x00\x00\x00\x00\x00\x00\x00\x00\x00\x00\x00\x00\x00\x00\x00\x16',
  112:b'\x00\x00\x00\x00\x00\x00\x00\x00\x00\x00\x00\x00\x00\x00\x00\x00\x00\x00\x00\x00\x00\x00\x00\x00\x00\x00\x00\x00\x00\x00\x00\x00\x00\x00\x00\x00\x00\x00\x00\x00\x00\x00\x00\x00\x00\x00\x00\x00\x00\x00\x00\x00\x00\x00\x00\x00\x00\x1c~\x00\x1c\xff\x80\x1d\xff\xc0\x1f\x87\xc0\x1f\x03\xe0\x1e\x01\xe0\x1e\x01\xe0\x1e\x00\xf0\x1e\x00\xf0\x1e\x00\xf0\x1e\x00\xf0\x1e\x00\xf0\x1e\x00\xf0\x1e\x00\xf0\x1e\x00\xf0\x1e\x00\xf0\x1e\x00\xf0\x1e\x01\xe0\x1e\x01\xe0\x1e\x01\xe0\x1e\x03\xc0\x1f\x0f\x80\x1f\xff\x80\x1f\xff\x00\x1f\xfc\x00\x1e\x00\x00\x1e\x00\x00\x1e\x00\x00\x1e\x00\x00\x1e\x00\x00\x1e\x00\x00\x1e\x00\x00\x1e\x00\x00\x1e\x00\x00\x1e\x00\x00\x00\x00\x00\x00\x00\x00\x16',
  113:b'\x00\x00\x00\x00\x00\x00\x00\x00\x00\x00\x00\x00\x00\x00\x00\x00\x00\x00\x00\x00\x00\x00\x00\x00\x00\x00\x00\x00\x00\x00\x00\x00\x00\x00\x00\x00\x00\x00\x00\x00\x00\x00\x00\x00\x00\x00\x00\x00\x00\x00\x00\x00\x00\x00\x00\x00\x00\x00\xff\x00\x03\xff\xe0\x07\xff\xe0\x0f\x83\xe0\x1f\x01\xe0\x1e\x01\xe0\x1e\x01\xe0<\x01\xe0<\x01\xe0<\x01\xe0<\x01\xe0<\x01\xe0<\x01\xe0<\x01\xe0<\x01\xe0<\x01\xe0<\x01\xe0<\x01\xe0<\x01\xe0\x1e\x03\xe0\x1e\x03\xe0\x0f\x07\xe0\x0f\xff\xe0\x07\xfd\xe0\x01\xf1\xe0\x00\x01\xe0\x00\x01\xe0\x00\x01\xe0\x00\x01\xe0\x00\x01\xe0\x00\x01\xe0\x00\x01\xe0\x00\x01\xe0\x00\x01\xe0\x00\x01\xe0\x00\x00\x00\x00\x00\x00\x16',
  114:b'\x00\x00\x00\x00\x00\x00\x00\x00\x00\x00\x00\x00\x00\x00\x00\x00\x00\x00\x00\x00\x00\x00\x00\x00\x00\x00\x00\x00\x00\x00\x00\x00\x00\x00\x00\x00\x00\x00\x1cx\x1d\xf8\x1d\xf8\x1f\x00\x1e\x00\x1e\x00\x1e\x00\x1e\x00\x1e\x00\x1e\x00\x1e\x00\x1e\x00\x1e\x00\x1e\x00\x1e\x00\x1e\x00\x1e\x00\x1e\x00\x1e\x00\x1e\x00\x1e\x00\x1e\x00\x1e\x00\x1e\x00\x1e\x00\x00\x00\x00\x00\x00\x00\x00\x00\x00\x00\x00\x00\x00\x00\x00\x00\x00\x00\x00\x00\x00\x00\x00\x00\x0e',
  115:b'\x00\x00\x00\x00\x00\x00\x00\x00\x00\x00\x00\x00\x00\x00\x00\x00\x00\x00\x00\x00\x00\x00\x00\x00\x00\x00\x00\x00\x00\x00\x00\x00\x00\x00\x00\x00\x00\x00\x00\x00\x00\x00\x00\x00\x00\x00\x00\x00\x00\x00\x00\x00\x00\x00\x00\x00\x00\x03\xf8\x00\x0f\xfe\x00\x1f\xfc\x00>\x0c\x00<\x00\x00<\x00\x00<\x00\x00<\x00\x00\x1e\x00\x00\x1f\x00\x00\x0f\xc0\x00\x07\xe0\x00\x01\xf8\x00\x00\xfc\x00\x00<\x00\x00\x1e\x00\x00\x1e\x00\x00\x0e\x00\x00\x0e\x00\x00\x0e\x00\x00\x1e\x008>\x00?\xfc\x00\x7f\xf8\x00\x0f\xe0\x00\x00\x00\x00\x00\x00\x00\x00\x00\x00\x00\x00\x00\x00\x00\x00\x00\x00\x00\x00\x00\x00\x00\x00\x00\x00\x00\x00\x00\x00\x00\x00\x00\x00\x00\x00\x00\x11',
  116:b'\x00\x00\x00\x00\x00\x00\x00\x00\x00\x00\x00\x00\x00\x00\x00\x00\x00\x00\x00\x00\x00\x00\x00\x00\x00\x00\x06\x00\x1e\x00\x1e\x00\x1e\x00\x1e\x00\x1e\x00\xff\xf8\xff\xf8\xff\xf8\x1e\x00\x1e\x00\x1e\x00\x1e\x00\x1e\x00\x1e\x00\x1e\x00\x1e\x00\x1e\x00\x1e\x00\x1e\x00\x1e\x00\x1e\x00\x1e\x00\x1e\x00\x1e\x00\x0e\x00\x0e\x00\x0f\x08\x0f\xf8\x07\xf8\x03\xf0\x00\x00\x00\x00\x00\x00\x00\x00\x00\x00\x00\x00\x00\x00\x00\x00\x00\x00\x00\x00\x00\x00\x00\x00\x0e',
  117:b'\x00\x00\x00\x00\x00\x00\x00\x00\x00\x00\x00\x00\x00\x00\x00\x00\x00\x00\x00\x00\x00\x00\x00\x00\x00\x00\x00\x00\x00\x00\x00\x00\x00\x00\x00\x00\x00\x00\x00\x00\x00\x00\x00\x00\x00\x00\x00\x00\x00\x00\x00\x00\x00\x00\x00\x00\x00\x1c\x01\xe0\x1c\x01\xe0\x1c\x01\xe0\x1c\x01\xe0\x1c\x01\xe0\x1c\x01\xe0\x1c\x01\xe0\x1c\x01\xe0\x1c\x01\xe0\x1c\x01\xe0\x1c\x01\xe0\x1c\x01\xe0\x1c\x01\xe0\x1c\x01\xe0\x1c\x01\xe0\x1c\x01\xe0\x1c\x01\xe0\x1c\x01\xe0\x1c\x03\xe0\x1e\x03\xe0\x1e\x07\xe0\x1f\x0e\xe0\x0f\xfe\xe0\x07\xfc\xe0\x03\xf0`\x00\x00\x00\x00\x00\x00\x00\x00\x00\x00\x00\x00\x00\x00\x00\x00\x00\x00\x00\x00\x00\x00\x00\x00\x00\x00\x00\x00\x00\x00\x00\x00\x00\x00\x00\x00\x16',
  118:b'\x00\x00\x00\x00\x00\x00\x00\x00\x00\x00\x00\x00\x00\x00\x00\x00\x00\x00\x00\x00\x00\x00\x00\x00\x00\x00\x00\x00\x00\x00\x00\x00\x00\x00\x00\x00\x00\x00\x00\x00\x00\x00\x00\x00\x00\x00\x00\x00\x00\x00\x00\x00\x00\x00\x00\x00\x00\xf0\x01\xe0x\x01\xe0x\x01\xc0x\x03\xc0<\x03\xc0<\x03\x80<\x07\x80\x1e\x07\x80\x1e\x07\x00\x0e\x0f\x00\x0f\x0f\x00\x0f\x0e\x00\x07\x0e\x00\x07\x9e\x00\x07\x9c\x00\x03\x9c\x00\x03\x9c\x00\x03\xf8\x00\x01\xf8\x00\x01\xf8\x00\x01\xf0\x00\x00\xf0\x00\x00\xf0\x00\x00\xe0\x00\x00`\x00\x00\x00\x00\x00\x00\x00\x00\x00\x00\x00\x00\x00\x00\x00\x00\x00\x00\x00\x00\x00\x00\x00\x00\x00\x00\x00\x00\x00\x00\x00\x00\x00\x00\x00\x00\x00\x13',
  119:b'\x00\x00\x00\x00\x00\x00\x00\x00\x00\x00\x00\x00\x00\x00\x00\x00\x00\x00\x00\x00\x00\x00\x00\x00\x00\x00\x00\x00\x00\x00\x00\x00\x00\x00\x00\x00\x00\x00\x00\x00\x00\x00\x00\x00\x00\x00\x00\x00\x00\x00\x00\x00\x00\x00\x00\x00\x00\x00\x00\x00\x00\x00\x00\x00\x00\x00\x00\x00\x00\x00\x00\x00\x00\x00\x00\x00\xf0\x07\x008x\x07\x808x\x07\x80xx\x07\x80px\x0f\xc0p<\x0f\xc0p<\r\xc0\xf0<\x1d\xe0\xe0\x1c\x1d\xe0\xe0\x1e\x1c\xe0\xe0\x1e\x1c\xf1\xe0\x1e8\xf1\xc0\x0e8q\xc0\x0f8y\xc0\x0fp{\x80\x0fp;\x80\x07p;\x80\x07`;\x80\x07`\x1f\x00\x03\xe0\x1f\x00\x03\xe0\x1f\x00\x03\xc0\x1f\x00\x03\xc0\x0e\x00\x01\xc0\x0e\x00\x01\x80\x0e\x00\x00\x00\x00\x00\x00\x00\x00\x00\x00\x00\x00\x00\x00\x00\x00\x00\x00\x00\x00\x00\x00\x00\x00\x00\x00\x00\x00\x00\x00\x00\x00\x00\x00\x00\x00\x00\x00\x00\x00\x00\x00\x00\x00\x00\x00\x00\x00\x00\x1e',
  120:b'\x00\x00\x00\x00\x00\x00\x00\x00\x00\x00\x00\x00\x00\x00\x00\x00\x00\x00\x00\x00\x00\x00\x00\x00\x00\x00\x00\x00\x00\x00\x00\x00\x00\x00\x00\x00\x00\x00\x00\x00\x00\x00\x00\x00\x00\x00\x00\x00\x00\x00\x00\x00\x00\x00\x00\x00\x00|\x01\xe0>\x03\xc0\x1e\x03\xc0\x1f\x07\x80\x0f\x07\x80\x0f\x8f\x00\x07\x8f\x00\x07\xde\x00\x03\xde\x00\x01\xdc\x00\x01\xf8\x00\x00\xf8\x00\x00\xf8\x00\x01\xf8\x00\x01\xfc\x00\x03\xde\x00\x03\x9e\x00\x07\x8f\x00\x07\x0f\x00\x0f\x07\x80\x1e\x07\x80\x1e\x03\xc0<\x03\xc0<\x01\xe0x\x01\xf0\x00\x00\x00\x00\x00\x00\x00\x00\x00\x00\x00\x00\x00\x00\x00\x00\x00\x00\x00\x00\x00\x00\x00\x00\x00\x00\x00\x00\x00\x00\x00\x00\x00\x00\x00\x00\x15',
  121:b'\x00\x00\x00\x00\x00\x00\x00\x00\x00\x00\x00\x00\x00\x00\x00\x00\x00\x00\x00\x00\x00\x00\x00\x00\x00\x00\x00\x00\x00\x00\x00\x00\x00\x00\x00\x00\x00\x00\x00\x00\x00\x00\x00\x00\x00\x00\x00\x00\x00\x00\x00\x00\x00\x00\x00\x00\x00\xf8\x01\xe0x\x01\xc0x\x03\xc0x\x03\xc0<\x03\x80<\x03\x80<\x07\x80\x1e\x07\x80\x1e\x07\x00\x1e\x07\x00\x0f\x0f\x00\x0f\x0f\x00\x0f\x0e\x00\x07\x0e\x00\x07\x8e\x00\x07\x9e\x00\x03\x9c\x00\x03\x9c\x00\x03\xdc\x00\x01\xd8\x00\x01\xf8\x00\x01\xf8\x00\x00\xf8\x00\x00\xf0\x00\x00\xf0\x00\x00\xf0\x00\x00\xf0\x00\x00\xe0\x00\x00\xe0\x00\x01\xe0\x00\x01\xc0\x00\x03\xc0\x00\x1f\x80\x00\x1f\x00\x00\x1e\x00\x00\x00\x00\x00\x00\x00\x00\x13',
  122:b'\x00\x00\x00\x00\x00\x00\x00\x00\x00\x00\x00\x00\x00\x00\x00\x00\x00\x00\x00\x00\x00\x00\x00\x00\x00\x00\x00\x00\x00\x00\x00\x00\x00\x00\x00\x00\x00\x00\x00\x00\x00\x00\x00\x00\x00\x00\x00\x00\x00\x00\x00\x00\x00\x00\x00\x00\x00?\xff\x00?\xff\x00?\xff\x00\x00\x0f\x00\x00\x1e\x00\x00\x1e\x00\x00<\x00\x00<\x00\x00x\x00\x00x\x00\x00\xf0\x00\x01\xf0\x00\x01\xe0\x00\x03\xc0\x00\x03\xc0\x00\x07\x80\x00\x07\x80\x00\x0f\x00\x00\x0f\x00\x00\x1e\x00\x00<\x00\x00<\x00\x00?\xff\x00?\xff\x00?\xff\x00\x00\x00\x00\x00\x00\x00\x00\x00\x00\x00\x00\x00\x00\x00\x00\x00\x00\x00\x00\x00\x00\x00\x00\x00\x00\x00\x00\x00\x00\x00\x00\x00\x00\x00\x00\x00\x12',
  123:b'\x00\x00\x00\x00\x00\x00\x00\x00\x00\x00\x00\x00\x00\x00\x00\x00\x00\x00\x01\xf8\x03\xf8\x03\xf8\x07\xc0\x07\x80\x07\x80\x07\x80\x07\x80\x07\x80\x07\x80\x07\x80\x07\x80\x07\x80\x07\x80\x07\x80\x07\x80\x07\x80\x07\x80\x07\x80\x07\x80\x07\x80\x0f\x00?\x00<\x00?\x00\x0f\x00\x07\x80\x07\x80\x07\x80\x07\x80\x07\x80\x07\x80\x07\x80\x07\x80\x07\x80\x07\x80\x07\x80\x07\x80\x07\x80\x07\x80\x07\x80\x07\x80\x07\x80\x07\xc0\x03\xf8\x03\xf8\x01\xf8\x0e',
  124:b'\x00\x00\x00\x00\x00\x00\x00\x00\x00\x00\x00\x00\x00\x00\x00\x00\x00\x00\x1c\x00\x1c\x00\x1c\x00\x1c\x00\x1c\x00\x1c\x00\x1c\x00\x1c\x00\x1c\x00\x1c\x00\x1c\x00\x1c\x00\x1c\x00\x1c\x00\x1c\x00\x1c\x00\x1c\x00\x1c\x00\x1c\x00\x1c\x00\x1c\x00\x1c\x00\x1c\x00\x1c\x00\x1c\x00\x1c\x00\x1c\x00\x1c\x00\x1c\x00\x1c\x00\x1c\x00\x1c\x00\x1c\x00\x1c\x00\x1c\x00\x1c\x00\x1c\x00\x1c\x00\x1c\x00\x1c\x00\x1c\x00\x1c\x00\x00\x00\x00\x00\x00\x00\x00\x00\x00\x00\n',
  125:b'\x00\x00\x00\x00\x00\x00\x00\x00\x00\x00\x00\x00\x00\x00\x00\x00\x00\x00~\x00\x7f\x00\x7f\x00\x0f\x80\x07\x80\x07\x80\x07\x80\x07\x80\x07\x80\x07\x80\x07\x80\x07\x80\x07\x80\x07\x80\x07\x80\x07\x80\x07\x80\x07\x80\x07\x80\x07\x80\x07\x80\x03\xc0\x03\xf0\x00\xf0\x03\xf0\x03\xc0\x07\x80\x07\x80\x07\x80\x07\x80\x07\x80\x07\x80\x07\x80\x07\x80\x07\x80\x07\x80\x07\x80\x07\x80\x07\x80\x07\x80\x07\x80\x07\x80\x07\x80\x07\x80\x7f\x00\x7f\x00~\x00\x0e',
  126:b'\x00\x00\x00\x00\x00\x00\x00\x00\x00\x00\x00\x00\x00\x00\x00\x00\x00\x00\x00\x00\x00\x00\x00\x00\x00\x00\x00\x00\x00\x00\x00\x00\x00\x00\x00\x00\x00\x00\x00\x00\x00\x00\x00\x00\x00\x00\x00\x00\x00\x00\x00\x00\x00\x00\x00\x00\x00\x00\x00\x00\x00\x00\x00\x00\x00\x00\x00\x00\x00\x07\x80\x00\x1f\xe0@\x7f\xf8\xe08\x7f\xe0 \x1f\xf0\x00\x0f\x80\x00\x00\x00\x00\x00\x00\x00\x00\x00\x00\x00\x00\x00\x00\x00\x00\x00\x00\x00\x00\x00\x00\x00\x00\x00\x00\x00\x00\x00\x00\x00\x00\x00\x00\x00\x00\x00\x00\x00\x00\x00\x00\x00\x00\x00\x00\x00\x00\x00\x00\x00\x00\x00\x00\x00\x00\x00\x00\x00\x00\x00\x00\x00\x00\x00\x00\x00\x00\x00\x00\x00\x00\x00\x00\x00\x00\x00\x00\x00\x00\x00\x15',
  161:b'\x00\x00\x00\x00\x00\x00\x00\x00\x00\x00\x00\x00\x00\x00\x00\x00\x00\x00\x00\x00\x00\x00\x00\x00\x00\x00\x00\x00\x00\x00\x00\x00\x00\x00\x00\x00\x00\x00\x0e\x00\x1f\x00\x1f\x00\x1f\x00\x1f\x00\x0e\x00\x00\x00\x00\x00\x00\x00\x00\x00\x0e\x00\x0e\x00\x0e\x00\x0e\x00\x0e\x00\x0e\x00\x0e\x00\x0e\x00\x0e\x00\x0e\x00\x0e\x00\x0e\x00\x0e\x00\x0e\x00\x0e\x00\x0e\x00\x0e\x00\x0e\x00\x0e\x00\x0e\x00\x0e\x00\x0e\x00\x0e\x00\x0e\x00\x0e\x00\x00\x00\x00\x00\x0c',
  162:b'\x00\x00\x00\x00\x00\x00\x00\x00\x00\x00\x00\x00\x00\x00\x00\x00\x00\x00\x00\x00\x00\x00\x00\x00\x00\x00\x00\x00\x00\x00\x00\x00\x00\x00\x00\x00\x00\x00\x00\x00\x00\x00\x00\x00\x00\x00\x1c\x00\x00\x1c\x00\x00\x1c\x00\x00\x1c\x00\x00?\x80\x00\xff\xe0\x01\xff\xc0\x03\xec\xc0\x07\xcc\x00\x07\x8c\x00\x07\x0c\x00\x0f\x0c\x00\x0f\x0c\x00\x0f\x0c\x00\x0f\x0c\x00\x0e\x0c\x00\x0e\x0c\x00\x0e\x0c\x00\x0f\x0c\x00\x0f\x0c\x00\x0f\x0c\x00\x0f\x0c\x00\x0f\x0c\x00\x07\x8c\x00\x07\xcc@\x03\xec@\x03\xff\xe0\x01\xff\xe0\x00\x7f\x80\x00\x1c\x00\x00\x1c\x00\x00\x1c\x00\x00\x1c\x00\x00\x1c\x00\x00\x00\x00\x00\x00\x00\x00\x00\x00\x00\x00\x00\x00\x00\x00\x00\x00\x00\x00\x00\x00\x17',
  163:b'\x00\x00\x00\x00\x00\x00\x00\x00\x00\x00\x00\x00\x00\x00\x00\x00\x00\x00\x00\x00\x00\x00\x00\x00\x00\x00\x00\x00\x7f\x80\x01\xff\xe0\x03\xff\xe0\x07\xc1\xe0\x0f\x80@\x0f\x00\x00\x0f\x00\x00\x0e\x00\x00\x0e\x00\x00\x0e\x00\x00\x0e\x00\x00\x0e\x00\x00\x0f\x00\x00\x0f\x00\x00\x0f\x00\x00\x07\x80\x00?\xfe\x00?\xfe\x00?\xfe\x00\x03\xc0\x00\x03\xc0\x00\x01\xe0\x00\x01\xe0\x00\x01\xe0\x00\x01\xe0\x00\x01\xe0\x00\x01\xe0\x00\x01\xc0\x00\x03\xc0\x00\x03\xc0\x00\x07\x80\x00\x0f\x00\x00>\xff\xf0?\xff\xf0?\xff\xf0\x00\x00\x00\x00\x00\x00\x00\x00\x00\x00\x00\x00\x00\x00\x00\x00\x00\x00\x00\x00\x00\x00\x00\x00\x00\x00\x00\x00\x00\x00\x00\x00\x00\x00\x00\x00\x17',
  164:b'\x00\x00\x00\x00\x00\x00\x00\x00\x00\x00\x00\x00\x00\x00\x00\x00\x00\x00\x00\x00\x00\x00\x00\x00\x00\x00\x00\x00\x00\x00\x00\x00\x00\x00\x00\x00\x00\x00\x00\x00\x00\x00\x00\x00\x00\x00\x00\x00 \x00\x08p\x00<\xf8\x00||\xfc\xf8?\xff\xf0\x1f\xff\xe0\x07\x87\x80\x0f\x01\xc0\x0e\x01\xc0\x0e\x00\xe0\x0e\x00\xe0\x0e\x00\xe0\x0e\x01\xe0\x0f\x01\xe0\x0f\x87\xc0\x07\xff\x80\x1f\xff\xe0<\xfc\xf0x\x00xx\x00<\xf0\x00\x1c \x00\x08\x00\x00\x00\x00\x00\x00\x00\x00\x00\x00\x00\x00\x00\x00\x00\x00\x00\x00\x00\x00\x00\x00\x00\x00\x00\x00\x00\x00\x00\x00\x00\x00\x00\x00\x00\x00\x00\x00\x00\x00\x00\x00\x00\x00\x00\x00\x00\x00\x00\x00\x00\x00\x00\x00\x17',
  165:b'\x00\x00\x00\x00\x00\x00\x00\x00\x00\x00\x00\x00\x00\x00\x00\x00\x00\x00\x00\x00\x00\x00\x00\x00\x00\x00\x00\xf8\x00<x\x00<|\x00x<\x00x<\x00p\x1e\x00\xf0\x1e\x00\xf0\x1f\x01\xe0\x0f\x01\xe0\x0f\x01\xc0\x07\x83\xc0\x07\x83\x80\x03\xc7\x80\x03\xc7\x80\x03\xe7\x00\x01\xef\x00\x01\xee\x00\x00\xee\x00\x00\xfc\x00\x0f\xff\xc0\x0f\xff\xc0\x0f\xff\xc0\x00x\x00\x00x\x00\x00x\x00\x0f\xff\xc0\x0f\xff\xc0\x0f\xff\xc0\x00x\x00\x00x\x00\x00x\x00\x00x\x00\x00x\x00\x00x\x00\x00x\x00\x00\x00\x00\x00\x00\x00\x00\x00\x00\x00\x00\x00\x00\x00\x00\x00\x00\x00\x00\x00\x00\x00\x00\x00\x00\x00\x00\x00\x00\x00\x00\x00\x00\x00\x00\x00\x17',
  166:b'\x00\x00\x00\x00\x00\x00\x00\x00\x00\x00\x00\x00\x00\x00\x00\x00\x00\x00\x1c\x00\x1c\x00\x1c\x00\x1c\x00\x1c\x00\x1c\x00\x1c\x00\x1c\x00\x1c\x00\x1c\x00\x1c\x00\x1c\x00\x1c\x00\x1c\x00\x1c\x00\x1c\x00\x1c\x00\x00\x00\x00\x00\x00\x00\x00\x00\x00\x00\x00\x00\x00\x00\x00\x00\x1c\x00\x1c\x00\x1c\x00\x1c\x00\x1c\x00\x1c\x00\x1c\x00\x1c\x00\x1c\x00\x1c\x00\x1c\x00\x1c\x00\x1c\x00\x1c\x00\x1c\x00\x1c\x00\x1c\x00\x00\x00\x00\x00\x00\x00\x00\x00\x00\x00\t',
  167:b'\x00\x00\x00\x00\x00\x00\x00\x00\x00\x00\x00\x00\x00\x00\x00\x00\x00\x00\x00\x00\x00\x00\x00\x00\x00\x00\x00\x01\xfc\x00\x03\xff\x80\x07\xff\x00\x0f\x83\x00\x0f\x00\x00\x0e\x00\x00\x0e\x00\x00\x0f\x00\x00\x0f\x80\x00\x07\xe0\x00\x03\xf8\x00\x07\xfe\x00\x0f\xff\x00\x1e\x1f\x80\x1e\x07\x80<\x03\xc0<\x03\xc0<\x03\xc0<\x03\xc0>\x03\xc0\x1f\x03\x80\x1f\x87\x80\x0f\xff\x00\x03\xfe\x00\x01\xfc\x00\x00>\x00\x00\x1f\x00\x00\x0f\x00\x00\x07\x00\x00\x07\x80\x00\x07\x00\x0c\x0f\x00\x0f\xff\x00\x0f\xfe\x00\x17\xf8\x00\x00\x00\x00\x00\x00\x00\x00\x00\x00\x00\x00\x00\x00\x00\x00\x00\x00\x00\x00\x00\x00\x00\x00\x00\x00\x00\x00\x00\x00\x00\x00\x00\x00\x00\x00\x00\x14',
  168:b'\x00\x00\x00\x00\x00\x00\x00\x00\x00\x00\x00\x00\x00\x00\x00\x00\x00\x00\x00\x00\x00\x00\x00\x00\x00\x00\x00\x0e\x0c\x00\x1e\x1e\x00\x1e\x1e\x00\x1e\x1e\x00\x0e\x0e\x00\x00\x00\x00\x00\x00\x00\x00\x00\x00\x00\x00\x00\x00\x00\x00\x00\x00\x00\x00\x00\x00\x00\x00\x00\x00\x00\x00\x00\x00\x00\x00\x00\x00\x00\x00\x00\x00\x00\x00\x00\x00\x00\x00\x00\x00\x00\x00\x00\x00\x00\x00\x00\x00\x00\x00\x00\x00\x00\x00\x00\x00\x00\x00\x00\x00\x00\x00\x00\x00\x00\x00\x00\x00\x00\x00\x00\x00\x00\x00\x00\x00\x00\x00\x00\x00\x00\x00\x00\x00\x00\x00\x00\x00\x00\x00\x00\x00\x00\x00\x00\x00\x00\x00\x00\x00\x00\x00\x00\x00\x00\x00\x00\x00\x00\x00\x00\x00\x00\x00\x00\x00\x00\x00\x00\x00\x00\x12',
  169:b'\x00\x00\x00\x00\x00\x00\x00\x00\x00\x00\x00\x00\x00\x00\x00\x00\x00\x00\x00\x00\x00\x00\x00\x00\x00\x00\x00\x00\x00\x00\x00\x00\x00\x00\x00\x00\x00\x00\x00\x00\x00\x00\x00\x00\x00\x00\x00\x00\x00\x00\x00\x00\x00\x00\x00\x00\x00\x00\x00\x00\x00\x00\x00\x00\x00\x00\x00\x00\x00\x00\x00\x07\xf8\x00\x00\x00\x1f\xff\x00\x00\x00\x7f\xff\xc0\x00\x01\xfc\x07\xe0\x00\x03\xe0\x01\xf0\x00\x07\xc0\x00x\x00\x07\x80\x00<\x00\x0f\x01\xf0\x1c\x00\x0e\x07\xfc\x0e\x00\x1e\x0f\xfc\x0e\x00\x1c\x1f\x08\x0f\x00\x1c\x1e\x00\x07\x00\x1c\x1c\x00\x07\x00\x1c<\x00\x07\x00<<\x00\x07\x00\x1c<\x00\x07\x00\x1c<\x00\x07\x00\x1c\x1c\x00\x07\x00\x1c\x1e\x00\x07\x00\x1c\x1f\x0c\x0f\x00\x1e\x0f\xfc\x0e\x00\x0e\x07\xfc\x0e\x00\x0f\x03\xf8\x1c\x00\x07\x80\x00<\x00\x07\xc0\x00x\x00\x03\xe0\x00\xf0\x00\x01\xfc\x07\xe0\x00\x00\xff\xff\xc0\x00\x00?\xff\x00\x00\x00\x07\xfc\x00\x00\x00\x00\x00\x00\x00\x00\x00\x00\x00\x00\x00\x00\x00\x00\x00\x00\x00\x00\x00\x00\x00\x00\x00\x00\x00\x00\x00\x00\x00\x00\x00\x00\x00\x00\x00\x00\x00\x00\x00\x00\x00\x00\x00\x00\x00\x00\x00\x00\x00\x00\x00\x00\x00\x00\x00\x00\x00\x00\x00\x00#',
  170:b'\x00\x00\x00\x00\x00\x00\x00\x00\x00\x00\x00\x00\x00\x00\x00\x00\x00\x00\x07\xf0\x1f\xf8\x1f\xf8\x10<\x00\x1c\x00\x1c\x03\xfc\x0f\xfc\x1f\xfc<\x1c8\x1c8\x1c88<x?\xfc\x1f\xdc\x0f\x9c\x00\x00\x00\x00\x00\x00\x00\x00\x00\x00\x00\x00\x00\x00\x00\x00\x00\x00\x00\x00\x00\x00\x00\x00\x00\x00\x00\x00\x00\x00\x00\x00\x00\x00\x00\x00\x00\x00\x00\x00\x00\x00\x00\x00\x00\x00\x00\x00\x00\x00\x00\x00\x00\x00\x00\x00\x00\x00\x00\x00\x10',
  171:b'\x00\x00\x00\x00\x00\x00\x00\x00\x00\x00\x00\x00\x00\x00\x00\x00\x00\x00\x00\x00\x00\x00\x00\x00\x00\x00\x00\x00\x00\x00\x00\x00\x00\x00\x00\x00\x00\x00\x00\x00\x00\x00\x00\x00\x00\x00\x00\x00\x00\x00\x00\x00\x00\x00\x00\x00\x00\x00\x81\x00\x01\xc3\x80\x01\xc3\xc0\x03\x87\x80\x07\x87\x00\x07\x0f\x00\x0f\x0e\x00\x0e\x1e\x00\x1e\x1c\x00\x1c<\x0088\x008p\x00xx\x00<<\x00\x1e\x1c\x00\x0e\x1e\x00\x0f\x0e\x00\x07\x8f\x00\x07\x87\x00\x03\xc7\x80\x01\xc3\xc0\x01\xe1\x80\x00\x81\x00\x00\x00\x00\x00\x00\x00\x00\x00\x00\x00\x00\x00\x00\x00\x00\x00\x00\x00\x00\x00\x00\x00\x00\x00\x00\x00\x00\x00\x00\x00\x00\x00\x00\x00\x00\x00\x00\x00\x00\x00\x00\x00\x13',
  172:b'\x00\x00\x00\x00\x00\x00\x00\x00\x00\x00\x00\x00\x00\x00\x00\x00\x00\x00\x00\x00\x00\x00\x00\x00\x00\x00\x00\x00\x00\x00\x00\x00\x00\x00\x00\x00\x00\x00\x00\x00\x00\x00\x00\x00\x00\x00\x00\x00\x00\x00\x00\x00\x00\x00\x00\x00\x00\x00\x00\x00\x00\x00\x00\x00\x00\x00\x00\x00\x00\x00\x00\x00?\xff\xe0?\xff\xe0?\xff\xe0\x00\x00\xe0\x00\x00\xe0\x00\x00\xe0\x00\x00\xe0\x00\x00\xe0\x00\x00\xe0\x00\x00\xe0\x00\x00\x00\x00\x00\x00\x00\x00\x00\x00\x00\x00\x00\x00\x00\x00\x00\x00\x00\x00\x00\x00\x00\x00\x00\x00\x00\x00\x00\x00\x00\x00\x00\x00\x00\x00\x00\x00\x00\x00\x00\x00\x00\x00\x00\x00\x00\x00\x00\x00\x00\x00\x00\x00\x00\x00\x00\x00\x00\x00\x00\x00\x00\x00\x00\x00\x15',
  173:b'\x00\x00\x00\x00\x00\x00\x00\x00\x00\x00\x00\x00\x00\x00\x00\x00\x00\x00\x00\x00\x00\x00\x00\x00\x00\x00\x00\x00\x00\x00\x00\x00\x00\x00\x00\x00\x00\x00\x00\x00\x00\x00\x00\x00\x00\x00\x00\x00\x00\x00\x00\x00\x00\x00\x00\x00?\xf0?\xf0?\xf0\x00\x00\x00\x00\x00\x00\x00\x00\x00\x00\x00\x00\x00\x00\x00\x00\x00\x00\x00\x00\x00\x00\x00\x00\x00\x00\x00\x00\x00\x00\x00\x00\x00\x00\x00\x00\x00\x00\x00\x00\x00\x00\x00\x00\x00\x00\x00\x00\x00\x00\x0f',
  174:b'\x00\x00\x00\x00\x00\x00\x00\x00\x00\x00\x00\x00\x00\x00\x00\x00\x00\x00\x00\x00\x00\x00\x00\x00\x00\x00\x00\x00\x00\x00\x00\x00\x00\x00\x00\x00\x00\x1f\xc0\x00\x00\x7f\xf8\x00\x01\xff\xfc\x00\x03\xe0>\x00\x07\x80\x0f\x00\x07\x00\x07\x80\x0e?\x83\x80\x0e?\xe1\xc0\x0e8\xe1\xc0\x0c8\xe1\xc0\x0c?\x81\xc0\x0c;\x81\xc0\x0c9\xc1\xc0\x0e8\xe1\xc0\x0e8a\x80\x0f8s\x80\x07\x00\x07\x80\x07\x80\x0f\x00\x03\xe0>\x00\x01\xff\xfc\x00\x00\x7f\xf8\x00\x00\x1f\xc0\x00\x00\x00\x00\x00\x00\x00\x00\x00\x00\x00\x00\x00\x00\x00\x00\x00\x00\x00\x00\x00\x00\x00\x00\x00\x00\x00\x00\x00\x00\x00\x00\x00\x00\x00\x00\x00\x00\x00\x00\x00\x00\x00\x00\x00\x00\x00\x00\x00\x00\x00\x00\x00\x00\x00\x00\x00\x00\x00\x00\x00\x00\x00\x00\x00\x00\x00\x00\x00\x00\x00\x00\x00\x00\x00\x00\x00\x00\x00\x00\x00\x00\x00\x00\x00\x00\x00\x00\x00\x00\x00\x00\x00\x00\x00\x00\x00\x00\x00\x00\x00\x1e',
  175:b'\x00\x00\x00\x00\x00\x00\x00\x00\x00\x00\x00\x00\x00\x00\x00\x00\x00\x00\x00\x00\x00\x00\x00\x00\x00\x00\x00\x00\x00\x00\x00\x00\x00\x00\x00\x00\x1f\xfe\x00\x1f\xfe\x00\x1f\xfe\x00\x00\x00\x00\x00\x00\x00\x00\x00\x00\x00\x00\x00\x00\x00\x00\x00\x00\x00\x00\x00\x00\x00\x00\x00\x00\x00\x00\x00\x00\x00\x00\x00\x00\x00\x00\x00\x00\x00\x00\x00\x00\x00\x00\x00\x00\x00\x00\x00\x00\x00\x00\x00\x00\x00\x00\x00\x00\x00\x00\x00\x00\x00\x00\x00\x00\x00\x00\x00\x00\x00\x00\x00\x00\x00\x00\x00\x00\x00\x00\x00\x00\x00\x00\x00\x00\x00\x00\x00\x00\x00\x00\x00\x00\x00\x00\x00\x00\x00\x00\x00\x00\x00\x00\x00\x00\x00\x00\x00\x00\x00\x00\x00\x00\x00\x00\x00\x00\x00\x00\x00\x00\x00\x00\x12',
  176:b'\x00\x00\x00\x00\x00\x00\x00\x00\x00\x00\x00\x00\x00\x00\x00\x00\x00\x00\x00\x00\x00\x00\x00\x00\x00\x00\x00\x01\xe0\x00\x07\xf8\x00\x0f\xfc\x00\x0e<\x00\x1e\x1e\x00\x1c\x0e\x00\x1c\x0e\x00\x1c\x0e\x00\x1c\x0e\x00\x1e\x1e\x00\x0e\x1c\x00\x0f\xfc\x00\x07\xf8\x00\x03\xe0\x00\x00\x00\x00\x00\x00\x00\x00\x00\x00\x00\x00\x00\x00\x00\x00\x00\x00\x00\x00\x00\x00\x00\x00\x00\x00\x00\x00\x00\x00\x00\x00\x00\x00\x00\x00\x00\x00\x00\x00\x00\x00\x00\x00\x00\x00\x00\x00\x00\x00\x00\x00\x00\x00\x00\x00\x00\x00\x00\x00\x00\x00\x00\x00\x00\x00\x00\x00\x00\x00\x00\x00\x00\x00\x00\x00\x00\x00\x00\x00\x00\x00\x00\x00\x00\x00\x00\x00\x00\x00\x00\x00\x00\x00\x00\x00\x00\x00\x00\x00\x11',
  177:b'\x00\x00\x00\x00\x00\x00\x00\x00\x00\x00\x00\x00\x00\x00\x00\x00\x00\x00\x00\x00\x00\x00\x00\x00\x00\x00\x00\x00\x00\x00\x00\x00\x00\x00\x00\x00\x00\x00\x00\x00p\x00\x00p\x00\x00p\x00\x00p\x00\x00p\x00\x00p\x00\x00p\x00\x00p\x00?\xff\xe0?\xff\xe0?\xff\xe0\x00p\x00\x00p\x00\x00p\x00\x00p\x00\x00p\x00\x00\x00\x00\x00\x00\x00\x00\x00\x00?\xff\xe0?\xff\xe0?\xff\xe0\x00\x00\x00\x00\x00\x00\x00\x00\x00\x00\x00\x00\x00\x00\x00\x00\x00\x00\x00\x00\x00\x00\x00\x00\x00\x00\x00\x00\x00\x00\x00\x00\x00\x00\x00\x00\x00\x00\x00\x00\x00\x00\x00\x00\x00\x00\x00\x00\x00\x00\x00\x00\x00\x00\x00\x00\x00\x00\x00\x00\x00\x00\x00\x15',
  178:b'\x00\x00\x00\x00\x00\x00\x00\x00\x00\x00\x00\x00\x00\x00\x00\x07\xe0\x00\x1f\xf0\x00\x1f\xf8\x00\x18x\x00\x008\x00\x008\x00\x008\x00\x008\x00\x008\x00\x00x\x00\x00p\x00\x00\xf0\x00\x00\xe0\x00\x01\xe0\x00\x03\xc0\x00\x03\x80\x00\x07\x00\x00\x0f\x00\x00\x1d\xfc\x00?\xfc\x00?\xfc\x00\x00\x00\x00\x00\x00\x00\x00\x00\x00\x00\x00\x00\x00\x00\x00\x00\x00\x00\x00\x00\x00\x00\x00\x00\x00\x00\x00\x00\x00\x00\x00\x00\x00\x00\x00\x00\x00\x00\x00\x00\x00\x00\x00\x00\x00\x00\x00\x00\x00\x00\x00\x00\x00\x00\x00\x00\x00\x00\x00\x00\x00\x00\x00\x00\x00\x00\x00\x00\x00\x00\x00\x00\x00\x00\x00\x00\x00\x00\x00\x00\x00\x00\x00\x00\x00\x00\x00\x00\x00\x00\x11',
  179:b'\x00\x00\x00\x00\x00\x00\x00\x00\x00\x00\x00\x00\x00\x00\x00\x1f\xf8\x00\x1f\xf8\x00\x1f\xf8\x00\x00p\x00\x00p\x00\x00\xe0\x00\x01\xc0\x00\x01\xc0\x00\x03\x80\x00\x03\xf0\x00\x07\xf8\x00\x07\xf8\x00\x00<\x00\x00\x1c\x00\x00\x1c\x00\x00\x1c\x00\x00<\x00\x10x\x00\x1f\xf8\x00\x1f\xf0\x00\x0f\xc0\x00\x00\x00\x00\x00\x00\x00\x00\x00\x00\x00\x00\x00\x00\x00\x00\x00\x00\x00\x00\x00\x00\x00\x00\x00\x00\x00\x00\x00\x00\x00\x00\x00\x00\x00\x00\x00\x00\x00\x00\x00\x00\x00\x00\x00\x00\x00\x00\x00\x00\x00\x00\x00\x00\x00\x00\x00\x00\x00\x00\x00\x00\x00\x00\x00\x00\x00\x00\x00\x00\x00\x00\x00\x00\x00\x00\x00\x00\x00\x00\x00\x00\x00\x00\x00\x00\x00\x00\x00\x00\x00\x11',
  180:b'\x00\x00\x00\x00\x00\x00\x00\x00\x00\x00\x00\x00\x00\x00\x00\x00\x07\x80\x07\x80\x0f\x00\x0f\x00\x0e\x00\x1c\x00\x1c\x00\x00\x00\x00\x00\x00\x00\x00\x00\x00\x00\x00\x00\x00\x00\x00\x00\x00\x00\x00\x00\x00\x00\x00\x00\x00\x00\x00\x00\x00\x00\x00\x00\x00\x00\x00\x00\x00\x00\x00\x00\x00\x00\x00\x00\x00\x00\x00\x00\x00\x00\x00\x00\x00\x00\x00\x00\x00\x00\x00\x00\x00\x00\x00\x00\x00\x00\x00\x00\x00\x00\x00\x00\x00\x00\x00\x00\x00\x00\x00\x00\x00\x00\x0c',
  181:b'\x00\x00\x00\x00\x00\x00\x00\x00\x00\x00\x00\x00\x00\x00\x00\x00\x00\x00\x00\x00\x00\x00\x00\x00\x00\x00\x00\x00\x00\x00\x00\x00\x00\x00\x00\x00\x00\x00\x00\x00\x00\x00\x00\x00\x00\x00\x00\x00\x00\x00\x00\x00\x00\x00\x00\x00\x00\x1c\x00\xf0\x1c\x00\xf0\x1c\x00\xf0\x1c\x00\xf0\x1c\x00\xf0\x1c\x00\xf0\x1c\x00\xf0\x1c\x00\xf0\x1c\x00\xf0\x1c\x00\xf0\x1c\x00\xf0\x1c\x00\xf0\x1c\x00\xf0\x1c\x00\xf0\x1c\x00\xf0\x1c\x00\xf0\x1c\x00\xf0\x1c\x00\xf0\x1e\x00\xf0\x1e\x01\xf0\x1e\x03\xf0\x1f\x87p\x1f\xffp\x1f\xfep\x1c\xf80\x1c\x00\x00\x1c\x00\x00\x1c\x00\x00\x1c\x00\x00\x1c\x00\x00\x1c\x00\x00\x1c\x00\x00\x1c\x00\x00\x1c\x00\x00\x1c\x00\x00\x00\x00\x00\x00\x00\x00\x17',
  182:b'\x00\x00\x00\x00\x00\x00\x00\x00\x00\x00\x00\x00\x00\x00\x00\x00\x00\x00\x00\x00\x00\x00\x00\x00\x00\x00\x00\x03\xc3\x80\x07\xc3\x80\x0f\xc3\x80\x1f\xc3\x80?\xc3\x80?\xc3\x80?\xc3\x80?\xc3\x80\x7f\xc3\x80\x7f\xc3\x80\x7f\xc3\x80?\xc3\x80?\xc3\x80?\xc3\x80?\xc3\x80?\xc3\x80\x1f\xc3\x80\x1f\xc3\x80\x0f\xc3\x80\x07\xc3\x80\x01\xc3\x80\x01\xc3\x80\x01\xc3\x80\x01\xc3\x80\x01\xc3\x80\x01\xc3\x80\x01\xc3\x80\x01\xc3\x80\x01\xc3\x80\x01\xc3\x80\x01\xc3\x80\x01\xc3\x80\x01\xc3\x80\x01\xc3\x80\x01\xc3\x80\x01\xc3\x80\x01\xc3\x80\x01\xc3\x80\x01\xc3\x80\x01\xc3\x80\x01\xc3\x80\x01\xc3\x80\x00\x00\x00\x00\x00\x00\x00\x00\x00\x00\x00\x00\x00\x00\x00\x14',
  183:b'\x00\x00\x00\x00\x00\x00\x00\x00\x00\x00\x00\x00\x00\x00\x00\x00\x00\x00\x00\x00\x00\x00\x00\x00\x00\x00\x00\x00\x00\x00\x00\x00\x00\x00\x00\x00\x00\x00\x00\x00\x00\x00\x00\x00\x00\x00\x00\x00\x00\x00\x0e\x00\x1f\x00\x1f\x00\x1f\x00\x1f\x00\x0e\x00\x00\x00\x00\x00\x00\x00\x00\x00\x00\x00\x00\x00\x00\x00\x00\x00\x00\x00\x00\x00\x00\x00\x00\x00\x00\x00\x00\x00\x00\x00\x00\x00\x00\x00\x00\x00\x00\x00\x00\x00\x00\x00\x00\x00\x00\x00\x00\x00\x00\x00\x0b',
  184:b'\x00\x00\x00\x00\x00\x00\x00\x00\x00\x00\x00\x00\x00\x00\x00\x00\x00\x00\x00\x00\x00\x00\x00\x00\x00\x00\x00\x00\x00\x00\x00\x00\x00\x00\x00\x00\x00\x00\x00\x00\x00\x00\x00\x00\x00\x00\x00\x00\x00\x00\x00\x00\x00\x00\x00\x00\x00\x00\x00\x00\x00\x00\x00\x00\x00\x00\x00\x00\x00\x00\x00\x00\x00\x00\x00\x00\x00\x00\x00\x00\x00\x00\x00\x00\x00\x00\x00\x00\x07\x00\x06\x00\x0f\x00\x0f\x80\x17\xc0\x01\xc0\x01\xc0\x03\xc0\x1f\x80\x1e\x00\x00\x00\x00\x00\r',
  185:b'\x00\x00\x00\x00\x00\x00\x00\x00\x00\x00\x00\x00\x00\x00\x00\x00\xe0\x00\x01\xe0\x00\x07\xe0\x00\x0f\xe0\x00\x1e\xe0\x00=\xe0\x00\x11\xe0\x00\x01\xe0\x00\x01\xe0\x00\x01\xe0\x00\x01\xe0\x00\x01\xe0\x00\x01\xe0\x00\x01\xe0\x00\x01\xe0\x00\x01\xe0\x00\x01\xe0\x00\x01\xe0\x00\x1f\xfc\x00\x1f\xfc\x00\x1f\xfc\x00\x00\x00\x00\x00\x00\x00\x00\x00\x00\x00\x00\x00\x00\x00\x00\x00\x00\x00\x00\x00\x00\x00\x00\x00\x00\x00\x00\x00\x00\x00\x00\x00\x00\x00\x00\x00\x00\x00\x00\x00\x00\x00\x00\x00\x00\x00\x00\x00\x00\x00\x00\x00\x00\x00\x00\x00\x00\x00\x00\x00\x00\x00\x00\x00\x00\x00\x00\x00\x00\x00\x00\x00\x00\x00\x00\x00\x00\x00\x00\x00\x00\x00\x00\x00\x00\x00\x00\x00\x00\x00\x11',
  186:b'\x00\x00\x00\x00\x00\x00\x00\x00\x00\x00\x00\x00\x00\x00\x00\x00\x00\x00\x07\xe0\x0f\xf0\x1f\xf8\x1c<<\x1c8\x1c8\x1c8\x1c8\x1e8\x1c8\x1c8\x1c<\x1c><\x1f\xf8\x0f\xf0\x07\xe0\x00\x00\x00\x00\x00\x00\x00\x00\x00\x00\x00\x00\x00\x00\x00\x00\x00\x00\x00\x00\x00\x00\x00\x00\x00\x00\x00\x00\x00\x00\x00\x00\x00\x00\x00\x00\x00\x00\x00\x00\x00\x00\x00\x00\x00\x00\x00\x00\x00\x00\x00\x00\x00\x00\x00\x00\x00\x00\x00\x00\x10',
  187:b'\x00\x00\x00\x00\x00\x00\x00\x00\x00\x00\x00\x00\x00\x00\x00\x00\x00\x00\x00\x00\x00\x00\x00\x00\x00\x00\x00\x00\x00\x00\x00\x00\x00\x00\x00\x00\x00\x00\x00\x00\x00\x00\x00\x00\x00\x00\x00\x00\x00\x00\x00\x00\x00\x00\x00\x00\x00\x10 \x008p\x00xx\x00<8\x00\x1c<\x00\x1e\x1c\x00\x0f\x1e\x00\x07\x0f\x00\x07\x8f\x00\x03\x87\x80\x01\xc3\x80\x01\xc1\xc0\x03\xc3\x80\x03\x87\x80\x07\x8f\x00\x07\x0f\x00\x0f\x1e\x00\x0e\x1c\x00\x1c<\x00<8\x008x\x008p\x00\x10\x10\x00\x00\x00\x00\x00\x00\x00\x00\x00\x00\x00\x00\x00\x00\x00\x00\x00\x00\x00\x00\x00\x00\x00\x00\x00\x00\x00\x00\x00\x00\x00\x00\x00\x00\x00\x00\x00\x00\x00\x00\x00\x00\x00\x13',
  188:b'\x00\x00\x00\x00\x00\x00\x00\x00\x00\x00\x00\x00\x00\x00\x00\x00\x00\x00\x00\x00\x00\x00\x00\x00\x00\x00\x00\x00\x00\x00\x00\x00\x00\x00\x00\x00\x00\x00\x00\x00\x00\x00\x00\x00\x00\x01\xc0\x00@\x00\x03\xc0\x00\xf0\x00\x07\xc0\x00\xe0\x00\x1f\xc0\x01\xc0\x00=\xc0\x01\xc0\x009\xc0\x03\x80\x00\x11\xc0\x03\x80\x00\x01\xc0\x07\x00\x00\x01\xc0\x0f\x00\x00\x01\xc0\x0e\x00\x00\x01\xc0\x1c\x00\x00\x01\xc0\x1c\x00\x00\x01\xc08\x00\x00\x01\xc088\x00\x01\xc0px\x00\x01\xc0\xf0x\x00\x01\xc0\xe0\xf8\x00\x01\xc1\xc1\xf8\x00\x01\xc1\xc1\xb8\x00\x01\xc3\x83\xb8\x00\x01\xc3\x83\xf8\x00\x00\x07\x07x\x00\x00\x0f\x0ex\x00\x00\x0e\x0ex\x00\x00\x1c\x1cx\x00\x00\x1c8x\x00\x008?\xff\x00\x00x\x7f\xff\x00\x00p\x7f\xff\x00\x00\xf0\x00x\x00\x00\xe0\x00x\x00\x01\xe0\x00x\x00\x01\xc0\x00x\x00\x03\x80\x00x\x00\x00\x80\x00x\x00\x00\x00\x00\x00\x00\x00\x00\x00\x00\x00\x00\x00\x00\x00\x00\x00\x00\x00\x00\x00\x00\x00\x00\x00\x00\x00\x00\x00\x00\x00\x00\x00\x00\x00\x00\x00\x00\x00\x00\x00\x00\x00\x00\x00\x00\x00\x00\x00\x00\x00\x00\x00\x00\x00\x00\x00\x00\x00\x00\x00"',
  189:b'\x00\x00\x00\x00\x00\x00\x00\x00\x00\x00\x00\x00\x00\x00\x00\x00\x00\x00\x00\x00\x00\x00\x00\x00\x00\x00\x00\x00\x00\x00\x00\x00\x00\x00\x00\x00\x00\x00\x00\x00\x00\x00\x00\x00\x00\x01\xc0\x00@\x00\x03\xc0\x00\xf0\x00\x07\xc0\x00\xe0\x00\x1f\xc0\x01\xc0\x00=\xc0\x01\xc0\x009\xc0\x03\x80\x00\x11\xc0\x03\x80\x00\x01\xc0\x07\x00\x00\x01\xc0\x0f\x00\x00\x01\xc0\x0e\x00\x00\x01\xc0\x1c\x00\x00\x01\xc0\x1c\x00\x00\x01\xc08\x00\x00\x01\xc08\x00\x00\x01\xc0q\xf8\x00\x01\xc0\xf7\xfe\x00\x01\xc0\xe3\xfe\x00\x01\xc1\xc3\x0f\x00\x01\xc1\xc0\x07\x00\x01\xc3\x80\x07\x00\x01\xc3\x80\x07\x00\x00\x07\x00\x07\x00\x00\x0f\x00\x0f\x00\x00\x0e\x00\x0e\x00\x00\x1c\x00\x0e\x00\x00\x1c\x00\x1c\x00\x008\x00<\x00\x00x\x008\x00\x00p\x00x\x00\x00\xf0\x00\xf0\x00\x00\xe0\x00\xe0\x00\x01\xe0\x01\xc0\x00\x01\xc0\x03\xbf\x80\x03\x80\x07\xff\x80\x00\x80\x07\xff\x80\x00\x00\x00\x00\x00\x00\x00\x00\x00\x00\x00\x00\x00\x00\x00\x00\x00\x00\x00\x00\x00\x00\x00\x00\x00\x00\x00\x00\x00\x00\x00\x00\x00\x00\x00\x00\x00\x00\x00\x00\x00\x00\x00\x00\x00\x00\x00\x00\x00\x00\x00\x00\x00\x00\x00\x00\x00\x00\x00\x00#',
  190:b'\x00\x00\x00\x00\x00\x00\x00\x00\x00\x00\x00\x00\x00\x00\x00\x00\x00\x00\x00\x00\x00\x00\x00\x00\x00\x00\x00\x00\x00\x00\x00\x00\x00\x00\x00\x00\x00\x00\x00\x00\x00\x00\x00\x00\x00?\xf8\x000\x00?\xf8\x008\x00?\xf0\x00p\x00\x00p\x00p\x00\x00\xe0\x00\xe0\x00\x01\xe0\x01\xe0\x00\x01\xc0\x01\xc0\x00\x03\x80\x03\xc0\x00\x03\x00\x03\x80\x00\x07\xe0\x07\x00\x00\x07\xf0\x07\x00\x00\x0f\xf8\x0e\x00\x00\x00x\x1e\x00\x00\x008\x1c\x1c\x00\x00<<\x1c\x00\x0088<\x00\x008p|\x00\x10xp|\x00\x1f\xf0\xe0\xfc\x00?\xe1\xe0\xdc\x00\x1f\xc1\xc1\xdc\x00\x00\x03\xc3\x9c\x00\x00\x03\x83\x9c\x00\x00\x07\x07\x1c\x00\x00\x07\x0e\x1c\x00\x00\x0e\x0e\x1c\x00\x00\x1e\x1f\xff\x80\x00\x1c\x1f\xff\x80\x00<\x1f\xff\x80\x008\x00\x1c\x00\x00p\x00\x1c\x00\x00p\x00\x1c\x00\x00\xe0\x00\x1c\x00\x01\xe0\x00\x1c\x00\x00@\x00\x1c\x00\x00\x00\x00\x00\x00\x00\x00\x00\x00\x00\x00\x00\x00\x00\x00\x00\x00\x00\x00\x00\x00\x00\x00\x00\x00\x00\x00\x00\x00\x00\x00\x00\x00\x00\x00\x00\x00\x00\x00\x00\x00\x00\x00\x00\x00\x00\x00\x00\x00\x00\x00\x00\x00\x00\x00\x00\x00\x00\x00\x00$',
  191:b'\x00\x00\x00\x00\x00\x00\x00\x00\x00\x00\x00\x00\x00\x00\x00\x00\x00\x00\x00\x00\x00\x00\x00\x00\x00\x00\x00\x00\x00\x00\x00\x00\x00\x00\x00\x00\x00\x00\x00\x00\x00\x00\x00\x00\x00\x00\x00\x00\x00\x00\x00\x00\x00\x00\x00\x00\x00\x00p\x00\x00\xf0\x00\x00\xf8\x00\x00\xf8\x00\x00\xf0\x00\x00p\x00\x00\x00\x00\x00\x00\x00\x00\x00\x00\x00\x00\x00\x00p\x00\x00p\x00\x00p\x00\x00\xf0\x00\x00\xe0\x00\x01\xe0\x00\x01\xe0\x00\x03\xc0\x00\x07\x80\x00\x07\x80\x00\x0f\x00\x00\x1e\x00\x00\x1e\x00\x00<\x00\x00<\x00\x008\x00\x008\x00\x008\x00\x008\x00\x00<\x00\x00<\x02\x00>\x0f\x00\x1f\xff\x00\x0f\xfe\x80\x03\xf8\x00\x00\x00\x00\x00\x00\x00\x12',
  192:b'\x07\xe0\x00\x03\xf0\x00\x01\xf0\x00\x00x\x00\x00<\x00\x00\x1e\x00\x00\x00\x00\x00\x00\x00\x00\x00\x00\x00\x18\x00\x008\x00\x00<\x00\x00<\x00\x00|\x00\x00~\x00\x00~\x00\x00n\x00\x00\xee\x00\x00\xef\x00\x00\xe7\x00\x01\xe7\x00\x01\xc7\x80\x01\xc7\x80\x03\xc3\x80\x03\xc3\xc0\x03\x83\xc0\x03\x83\xc0\x07\x81\xc0\x07\x01\xe0\x07\x01\xe0\x0f\x00\xe0\x0f\xff\xf0\x0f\xff\xf0\x1f\xff\xf0\x1e\x00x\x1c\x00x\x1c\x00x<\x008<\x00<8\x00<x\x00\x1cx\x00\x1ep\x00\x1e\xf0\x00\x1e\x00\x00\x00\x00\x00\x00\x00\x00\x00\x00\x00\x00\x00\x00\x00\x00\x00\x00\x00\x00\x00\x00\x00\x00\x00\x00\x00\x00\x00\x00\x00\x00\x00\x00\x00\x00\x18',
  193:b'\x00\x07\xc0\x00\x0f\x80\x00\x1f\x00\x00>\x00\x00<\x00\x00p\x00\x00\x80\x00\x00\x00\x00\x00\x00\x00\x00\x18\x00\x008\x00\x00<\x00\x00<\x00\x00|\x00\x00~\x00\x00~\x00\x00n\x00\x00\xee\x00\x00\xef\x00\x00\xe7\x00\x01\xe7\x00\x01\xc7\x80\x01\xc7\x80\x03\xc3\x80\x03\xc3\xc0\x03\x83\xc0\x03\x83\xc0\x07\x81\xc0\x07\x01\xe0\x07\x01\xe0\x0f\x00\xe0\x0f\xff\xf0\x0f\xff\xf0\x1f\xff\xf0\x1e\x00x\x1c\x00x\x1c\x00x<\x008<\x00<8\x00<x\x00\x1cx\x00\x1ep\x00\x1e\xf0\x00\x1e\x00\x00\x00\x00\x00\x00\x00\x00\x00\x00\x00\x00\x00\x00\x00\x00\x00\x00\x00\x00\x00\x00\x00\x00\x00\x00\x00\x00\x00\x00\x00\x00\x00\x00\x00\x00\x18',
  194:b'\x00\x00\x00\x00<\x00\x00~\x00\x00\xff\x00\x01\xe7\x80\x03\xc7\xc0\x07\x83\xc0\x00\x00\x00\x00\x00\x00\x00\x18\x00\x008\x00\x00<\x00\x00<\x00\x00|\x00\x00~\x00\x00~\x00\x00n\x00\x00\xee\x00\x00\xef\x00\x00\xe7\x00\x01\xe7\x00\x01\xc7\x80\x01\xc7\x80\x03\xc3\x80\x03\xc3\xc0\x03\x83\xc0\x03\x83\xc0\x07\x81\xc0\x07\x01\xe0\x07\x01\xe0\x0f\x00\xe0\x0f\xff\xf0\x0f\xff\xf0\x1f\xff\xf0\x1e\x00x\x1c\x00x\x1c\x00x<\x008<\x00<8\x00<x\x00\x1cx\x00\x1ep\x00\x1e\xf0\x00\x1e\x00\x00\x00\x00\x00\x00\x00\x00\x00\x00\x00\x00\x00\x00\x00\x00\x00\x00\x00\x00\x00\x00\x00\x00\x00\x00\x00\x00\x00\x00\x00\x00\x00\x00\x00\x00\x18',
  195:b'\x00\x00\x00\x00\x00\x00\x00\xf0\x00\x03\xfc@\x03\xff\xe0\x07\x1f\xc0\x02\x07\x80\x00\x00\x00\x00\x00\x00\x00\x18\x00\x008\x00\x00<\x00\x00<\x00\x00|\x00\x00~\x00\x00~\x00\x00n\x00\x00\xee\x00\x00\xef\x00\x00\xe7\x00\x01\xe7\x00\x01\xc7\x80\x01\xc7\x80\x03\xc3\x80\x03\xc3\xc0\x03\x83\xc0\x03\x83\xc0\x07\x81\xc0\x07\x01\xe0\x07\x01\xe0\x0f\x00\xe0\x0f\xff\xf0\x0f\xff\xf0\x1f\xff\xf0\x1e\x00x\x1c\x00x\x1c\x00x<\x008<\x00<8\x00<x\x00\x1cx\x00\x1ep\x00\x1e\xf0\x00\x1e\x00\x00\x00\x00\x00\x00\x00\x00\x00\x00\x00\x00\x00\x00\x00\x00\x00\x00\x00\x00\x00\x00\x00\x00\x00\x00\x00\x00\x00\x00\x00\x00\x00\x00\x00\x00\x18',
  196:b'\x00\x00\x00\x00\x00\x00\x03\x83\x80\x03\xc3\xc0\x03\xc7\xc0\x03\xc3\xc0\x03\x83\x80\x00\x00\x00\x00\x00\x00\x00\x18\x00\x008\x00\x00<\x00\x00<\x00\x00|\x00\x00~\x00\x00~\x00\x00n\x00\x00\xee\x00\x00\xef\x00\x00\xe7\x00\x01\xe7\x00\x01\xc7\x80\x01\xc7\x80\x03\xc3\x80\x03\xc3\xc0\x03\x83\xc0\x03\x83\xc0\x07\x81\xc0\x07\x01\xe0\x07\x01\xe0\x0f\x00\xe0\x0f\xff\xf0\x0f\xff\xf0\x1f\xff\xf0\x1e\x00x\x1c\x00x\x1c\x00x<\x008<\x00<8\x00<x\x00\x1cx\x00\x1ep\x00\x1e\xf0\x00\x1e\x00\x00\x00\x00\x00\x00\x00\x00\x00\x00\x00\x00\x00\x00\x00\x00\x00\x00\x00\x00\x00\x00\x00\x00\x00\x00\x00\x00\x00\x00\x00\x00\x00\x00\x00\x00\x18',
  197:b'\x00\x00\x00\x00\x00\x00\x00~\x00\x00\xff\x00\x00\xe7\x00\x01\xc3\x00\x01\xc3\x00\x00\xe7\x00\x00\xff\x00\x00~\x00\x008\x00\x00<\x00\x00<\x00\x00|\x00\x00~\x00\x00~\x00\x00\xee\x00\x00\xee\x00\x00\xef\x00\x00\xe7\x00\x01\xe7\x00\x01\xc7\x80\x01\xc7\x80\x03\xc3\x80\x03\xc3\xc0\x03\x83\xc0\x07\x83\xc0\x07\x81\xc0\x07\x01\xe0\x07\x01\xe0\x0f\x00\xe0\x0f\xff\xf0\x0f\xff\xf0\x1f\xff\xf0\x1e\x00x\x1c\x00x<\x00x<\x008<\x00<8\x00<x\x00\x1cx\x00\x1ep\x00\x1e\xf0\x00\x1e\x00\x00\x00\x00\x00\x00\x00\x00\x00\x00\x00\x00\x00\x00\x00\x00\x00\x00\x00\x00\x00\x00\x00\x00\x00\x00\x00\x00\x00\x00\x00\x00\x00\x00\x00\x00\x18',
  198:b'\x00\x00\x00\x00\x00\x00\x00\x00\x00\x00\x00\x00\x00\x00\x00\x00\x00\x00\x00\x00\x00\x00\x00\x00\x00\x00\x00\x00\x00\x00\x00\x00\x00\x00\x00\x00\x00\x00\x00\x00\x00\x00\x00\x00\x00\x00\x00\x7f\xff\x80\x00\x00\xff\xff\x80\x00\x00\xff\xff\x80\x00\x01\xf8\x00\x00\x00\x01\xf8\x00\x00\x00\x03\xf8\x00\x00\x00\x03\xf8\x00\x00\x00\x07x\x00\x00\x00\x07x\x00\x00\x00\x0fx\x00\x00\x00\x0ex\x00\x00\x00\x1ex\x00\x00\x00\x1ex\x00\x00\x00<x\x00\x00\x00<x\x00\x00\x00x\x7f\xff\x00\x00x\x7f\xff\x00\x00\xf0\x7f\xff\x00\x00\xf0x\x00\x00\x01\xe0x\x00\x00\x01\xe0x\x00\x00\x01\xe0x\x00\x00\x03\xff\xf8\x00\x00\x03\xff\xf8\x00\x00\x07\xff\xf8\x00\x00\x07\x00x\x00\x00\x0f\x00x\x00\x00\x0f\x00x\x00\x00\x1e\x00x\x00\x00\x1e\x00x\x00\x00<\x00x\x00\x00<\x00x\x00\x00x\x00\x7f\xff\x80x\x00\x7f\xff\x80\xf0\x00\x7f\xff\x80\x00\x00\x00\x00\x00\x00\x00\x00\x00\x00\x00\x00\x00\x00\x00\x00\x00\x00\x00\x00\x00\x00\x00\x00\x00\x00\x00\x00\x00\x00\x00\x00\x00\x00\x00\x00\x00\x00\x00\x00\x00\x00\x00\x00\x00\x00\x00\x00\x00\x00\x00\x00\x00\x00\x00\x00\x00\x00\x00\x00"',
  199:b'\x00\x00\x00\x00\x00\x00\x00\x00\x00\x00\x00\x00\x00\x00\x00\x00\x00\x00\x00\x00\x00\x00\x00\x00\x00\x00\x00\x00\x1f\xe0\x00\x7f\xf8\x01\xff\xf8\x03\xf00\x07\xc0\x00\x07\x80\x00\x0f\x80\x00\x0f\x00\x00\x1e\x00\x00\x1e\x00\x00\x1e\x00\x00\x1e\x00\x00<\x00\x00<\x00\x00<\x00\x00<\x00\x00<\x00\x00<\x00\x00<\x00\x00<\x00\x00<\x00\x00<\x00\x00>\x00\x00\x1e\x00\x00\x1e\x00\x00\x1e\x00\x00\x1f\x00\x00\x0f\x00\x00\x0f\x80\x00\x07\x80\x00\x07\xe0\x08\x03\xf08\x01\xff\xf8\x00\xff\xfc\x00\x1f\xe0\x00\x06\x00\x00\x0e\x00\x00\x0f\x00\x00\x0f\xc0\x00\x17\xc0\x00\x01\xc0\x00\x01\xc0\x00\x03\xc0\x00\x1f\x80\x00\x1e\x00\x00\x00\x00\x00\x00\x00\x17',
  200:b'\x0f\x80\x00\x0f\xc0\x00\x03\xe0\x00\x01\xe0\x00\x00\xf0\x00\x00x\x00\x00\x00\x00\x00\x00\x00\x00\x00\x00\x1f\xff\xe0\x1f\xff\xe0\x1f\xff\xe0\x1e\x00\x00\x1e\x00\x00\x1e\x00\x00\x1e\x00\x00\x1e\x00\x00\x1e\x00\x00\x1e\x00\x00\x1e\x00\x00\x1e\x00\x00\x1e\x00\x00\x1e\x00\x00\x1e\x00\x00\x1f\xff\xc0\x1f\xff\xc0\x1f\xff\xc0\x1e\x00\x00\x1e\x00\x00\x1e\x00\x00\x1e\x00\x00\x1e\x00\x00\x1e\x00\x00\x1e\x00\x00\x1e\x00\x00\x1e\x00\x00\x1e\x00\x00\x1e\x00\x00\x1e\x00\x00\x1e\x00\x00\x1e\x00\x00\x1f\xff\xe0\x1f\xff\xe0\x1f\xff\xe0\x00\x00\x00\x00\x00\x00\x00\x00\x00\x00\x00\x00\x00\x00\x00\x00\x00\x00\x00\x00\x00\x00\x00\x00\x00\x00\x00\x00\x00\x00\x00\x00\x00\x00\x00\x00\x15',
  201:b'\x00\x0f\xc0\x00\x0f\x80\x00\x1f\x00\x00>\x00\x00x\x00\x00p\x00\x00\x80\x00\x00\x00\x00\x00\x00\x00\x1f\xff\xe0\x1f\xff\xe0\x1f\xff\xe0\x1e\x00\x00\x1e\x00\x00\x1e\x00\x00\x1e\x00\x00\x1e\x00\x00\x1e\x00\x00\x1e\x00\x00\x1e\x00\x00\x1e\x00\x00\x1e\x00\x00\x1e\x00\x00\x1e\x00\x00\x1f\xff\xc0\x1f\xff\xc0\x1f\xff\xc0\x1e\x00\x00\x1e\x00\x00\x1e\x00\x00\x1e\x00\x00\x1e\x00\x00\x1e\x00\x00\x1e\x00\x00\x1e\x00\x00\x1e\x00\x00\x1e\x00\x00\x1e\x00\x00\x1e\x00\x00\x1e\x00\x00\x1e\x00\x00\x1f\xff\xe0\x1f\xff\xe0\x1f\xff\xe0\x00\x00\x00\x00\x00\x00\x00\x00\x00\x00\x00\x00\x00\x00\x00\x00\x00\x00\x00\x00\x00\x00\x00\x00\x00\x00\x00\x00\x00\x00\x00\x00\x00\x00\x00\x00\x15',
  202:b'\x00\x00\x00\x00x\x00\x00\xfc\x00\x01\xfe\x00\x03\xdf\x00\x07\x8f\x80\x0f\x07\x80\x00\x00\x00\x00\x00\x00\x1f\xff\xe0\x1f\xff\xe0\x1f\xff\xe0\x1e\x00\x00\x1e\x00\x00\x1e\x00\x00\x1e\x00\x00\x1e\x00\x00\x1e\x00\x00\x1e\x00\x00\x1e\x00\x00\x1e\x00\x00\x1e\x00\x00\x1e\x00\x00\x1e\x00\x00\x1f\xff\xc0\x1f\xff\xc0\x1f\xff\xc0\x1e\x00\x00\x1e\x00\x00\x1e\x00\x00\x1e\x00\x00\x1e\x00\x00\x1e\x00\x00\x1e\x00\x00\x1e\x00\x00\x1e\x00\x00\x1e\x00\x00\x1e\x00\x00\x1e\x00\x00\x1e\x00\x00\x1e\x00\x00\x1f\xff\xe0\x1f\xff\xe0\x1f\xff\xe0\x00\x00\x00\x00\x00\x00\x00\x00\x00\x00\x00\x00\x00\x00\x00\x00\x00\x00\x00\x00\x00\x00\x00\x00\x00\x00\x00\x00\x00\x00\x00\x00\x00\x00\x00\x00\x15',
  203:b'\x00\x00\x00\x00\x00\x00\x07\x07\x00\x07\x87\x80\x0f\x8f\x80\x07\x87\x80\x07\x07\x00\x00\x00\x00\x00\x00\x00\x1f\xff\xe0\x1f\xff\xe0\x1f\xff\xe0\x1e\x00\x00\x1e\x00\x00\x1e\x00\x00\x1e\x00\x00\x1e\x00\x00\x1e\x00\x00\x1e\x00\x00\x1e\x00\x00\x1e\x00\x00\x1e\x00\x00\x1e\x00\x00\x1e\x00\x00\x1f\xff\xc0\x1f\xff\xc0\x1f\xff\xc0\x1e\x00\x00\x1e\x00\x00\x1e\x00\x00\x1e\x00\x00\x1e\x00\x00\x1e\x00\x00\x1e\x00\x00\x1e\x00\x00\x1e\x00\x00\x1e\x00\x00\x1e\x00\x00\x1e\x00\x00\x1e\x00\x00\x1e\x00\x00\x1f\xff\xe0\x1f\xff\xe0\x1f\xff\xe0\x00\x00\x00\x00\x00\x00\x00\x00\x00\x00\x00\x00\x00\x00\x00\x00\x00\x00\x00\x00\x00\x00\x00\x00\x00\x00\x00\x00\x00\x00\x00\x00\x00\x00\x00\x00\x15',
  204:b'\xf8\x00|\x00>\x00\x1f\x00\x0f\x00\x03\x80\x00@\x00\x00\x00\x00\x0f\x00\x0f\x00\x0f\x00\x0f\x00\x0f\x00\x0f\x00\x0f\x00\x0f\x00\x0f\x00\x0f\x00\x0f\x00\x0f\x00\x0f\x00\x0f\x00\x0f\x00\x0f\x00\x0f\x00\x0f\x00\x0f\x00\x0f\x00\x0f\x00\x0f\x00\x0f\x00\x0f\x00\x0f\x00\x0f\x00\x0f\x00\x0f\x00\x0f\x00\x0f\x00\x0f\x00\x0f\x00\x0f\x00\x0f\x00\x0f\x00\x00\x00\x00\x00\x00\x00\x00\x00\x00\x00\x00\x00\x00\x00\x00\x00\x00\x00\x00\x00\x00\x00\x00\x00\x0c',
  205:b'\x01\xf0\x03\xe0\x07\xc0\x0f\x80\x0e\x00\x1c\x00 \x00\x00\x00\x00\x00\x0f\x00\x0f\x00\x0f\x00\x0f\x00\x0f\x00\x0f\x00\x0f\x00\x0f\x00\x0f\x00\x0f\x00\x0f\x00\x0f\x00\x0f\x00\x0f\x00\x0f\x00\x0f\x00\x0f\x00\x0f\x00\x0f\x00\x0f\x00\x0f\x00\x0f\x00\x0f\x00\x0f\x00\x0f\x00\x0f\x00\x0f\x00\x0f\x00\x0f\x00\x0f\x00\x0f\x00\x0f\x00\x0f\x00\x0f\x00\x0f\x00\x00\x00\x00\x00\x00\x00\x00\x00\x00\x00\x00\x00\x00\x00\x00\x00\x00\x00\x00\x00\x00\x00\x00\x00\x0c',
  206:b'\x00\x00\x07\x80\x0f\xc0\x1f\xe0<\xf0x\xf8\xf0x\x00\x00\x00\x00\x07\x80\x07\x80\x07\x80\x07\x80\x07\x80\x07\x80\x07\x80\x07\x80\x07\x80\x07\x80\x07\x80\x07\x80\x07\x80\x07\x80\x07\x80\x07\x80\x07\x80\x07\x80\x07\x80\x07\x80\x07\x80\x07\x80\x07\x80\x07\x80\x07\x80\x07\x80\x07\x80\x07\x80\x07\x80\x07\x80\x07\x80\x07\x80\x07\x80\x07\x80\x07\x80\x00\x00\x00\x00\x00\x00\x00\x00\x00\x00\x00\x00\x00\x00\x00\x00\x00\x00\x00\x00\x00\x00\x00\x00\r',
  207:b'\x00\x00\x00\x00\xe0\xe0\xf0\xf0\xf1\xf0\xf0\xf0\xe0\xe0\x00\x00\x00\x00\x0f\x00\x0f\x00\x0f\x00\x0f\x00\x0f\x00\x0f\x00\x0f\x00\x0f\x00\x0f\x00\x0f\x00\x0f\x00\x0f\x00\x0f\x00\x0f\x00\x0f\x00\x0f\x00\x0f\x00\x0f\x00\x0f\x00\x0f\x00\x0f\x00\x0f\x00\x0f\x00\x0f\x00\x0f\x00\x0f\x00\x0f\x00\x0f\x00\x0f\x00\x0f\x00\x0f\x00\x0f\x00\x0f\x00\x0f\x00\x0f\x00\x00\x00\x00\x00\x00\x00\x00\x00\x00\x00\x00\x00\x00\x00\x00\x00\x00\x00\x00\x00\x00\x00\x00\x00\x0c',
  208:b'\x00\x00\x00\x00\x00\x00\x00\x00\x00\x00\x00\x00\x00\x00\x00\x00\x00\x00\x00\x00\x00\x00\x00\x00\x00\x00\x00\x00\x00\x00\x00\x00\x00\x00\x00\x00\x1f\xfe\x00\x00\x1f\xff\xc0\x00\x1f\xff\xe0\x00\x1e\x03\xf0\x00\x1e\x00\xf8\x00\x1e\x00|\x00\x1e\x00<\x00\x1e\x00\x1e\x00\x1e\x00\x1e\x00\x1e\x00\x1f\x00\x1e\x00\x0f\x00\x1e\x00\x0f\x00\x1e\x00\x0f\x00\x1e\x00\x0f\x00\x1e\x00\x0f\x00\xff\xf8\x0f\x00\xff\xf8\x0f\x00\xff\xf8\x0f\x00\x1e\x00\x0f\x00\x1e\x00\x0f\x00\x1e\x00\x0f\x00\x1e\x00\x0f\x00\x1e\x00\x0f\x00\x1e\x00\x0f\x00\x1e\x00\x0f\x00\x1e\x00\x1e\x00\x1e\x00\x1e\x00\x1e\x00>\x00\x1e\x00<\x00\x1e\x00|\x00\x1e\x00\xf8\x00\x1e\x03\xf0\x00\x1f\xff\xe0\x00\x1f\xff\x80\x00\x1f\xfe\x00\x00\x00\x00\x00\x00\x00\x00\x00\x00\x00\x00\x00\x00\x00\x00\x00\x00\x00\x00\x00\x00\x00\x00\x00\x00\x00\x00\x00\x00\x00\x00\x00\x00\x00\x00\x00\x00\x00\x00\x00\x00\x00\x00\x00\x00\x00\x00\x00\x00\x1b',
  209:b'\x00\x00\x00\x00\x00\x00\x00\x00\x008\x00\x00\x00\xfe\x10\x00\x01\xff\xf0\x00\x01\x8f\xf8\x00\x01\x03\xc0\x00\x00\x00\x00\x00\x00\x00\x00\x00\x1c\x00\x0f\x00\x1c\x00\x0f\x00\x1e\x00\x0f\x00\x1f\x00\x0f\x00\x1f\x00\x0f\x00\x1f\x80\x0f\x00\x1f\x80\x0f\x00\x1f\xc0\x0f\x00\x1d\xe0\x0f\x00\x1d\xe0\x0f\x00\x1f\xf0\x0f\x00\x1e\xf0\x0f\x00\x1e\xf8\x0f\x00\x1ex\x0f\x00\x1e|\x0f\x00\x1e>\x0f\x00\x1e\x1e\x0f\x00\x1e\x1f\x0f\x00\x1e\x0f\x0f\x00\x1e\x0f\x8f\x00\x1e\x07\xcf\x00\x1e\x07\xcf\x00\x1e\x03\xef\x00\x1e\x01\xef\x00\x1e\x01\xff\x00\x1e\x00\xf7\x00\x1e\x00\xf7\x00\x1e\x00\x7f\x00\x1e\x00?\x00\x1e\x00?\x00\x1e\x00\x1f\x00\x1e\x00\x1f\x00\x1e\x00\x0f\x00\x1e\x00\x07\x00\x1e\x00\x07\x00\x00\x00\x00\x00\x00\x00\x00\x00\x00\x00\x00\x00\x00\x00\x00\x00\x00\x00\x00\x00\x00\x00\x00\x00\x00\x00\x00\x00\x00\x00\x00\x00\x00\x00\x00\x00\x00\x00\x00\x00\x00\x00\x00\x00\x00\x00\x00\x00\x1b',
  210:b'\x01\xf0\x00\x00\x00\xf8\x00\x00\x00|\x00\x00\x00>\x00\x00\x00\x1e\x00\x00\x00\x07\x00\x00\x00\x00\x80\x00\x00\x00\x00\x00\x00\x00\x00\x00\x00?\x80\x00\x00\xff\xe0\x00\x01\xff\xf8\x00\x03\xe0\xfc\x00\x07\xc0<\x00\x0f\x80>\x00\x0f\x00\x1f\x00\x0f\x00\x0f\x00\x1e\x00\x0f\x00\x1e\x00\x0f\x00\x1e\x00\x07\x80\x1e\x00\x07\x80<\x00\x07\x80<\x00\x07\x80<\x00\x07\x80<\x00\x07\x80<\x00\x07\x80<\x00\x07\x80<\x00\x07\x80<\x00\x07\x80<\x00\x07\x80<\x00\x07\x80<\x00\x07\x80\x1e\x00\x07\x80\x1e\x00\x07\x80\x1e\x00\x0f\x00\x1e\x00\x0f\x00\x0f\x00\x0f\x00\x0f\x00\x1f\x00\x0f\x80\x1e\x00\x07\xc0<\x00\x03\xe0\xfc\x00\x01\xff\xf8\x00\x00\xff\xe0\x00\x00?\x80\x00\x00\x00\x00\x00\x00\x00\x00\x00\x00\x00\x00\x00\x00\x00\x00\x00\x00\x00\x00\x00\x00\x00\x00\x00\x00\x00\x00\x00\x00\x00\x00\x00\x00\x00\x00\x00\x00\x00\x00\x00\x00\x00\x00\x00\x00\x00\x00\x00\x1b',
  211:b'\x00\x00\xfc\x00\x00\x00\xf8\x00\x00\x01\xf0\x00\x00\x03\xc0\x00\x00\x07\x80\x00\x00\x0f\x00\x00\x00\x00\x00\x00\x00\x00\x00\x00\x00\x00\x00\x00\x00?\x80\x00\x00\xff\xe0\x00\x01\xff\xf8\x00\x03\xe0\xfc\x00\x07\xc0<\x00\x0f\x80>\x00\x0f\x00\x1f\x00\x0f\x00\x0f\x00\x1e\x00\x0f\x00\x1e\x00\x0f\x00\x1e\x00\x07\x80\x1e\x00\x07\x80<\x00\x07\x80<\x00\x07\x80<\x00\x07\x80<\x00\x07\x80<\x00\x07\x80<\x00\x07\x80<\x00\x07\x80<\x00\x07\x80<\x00\x07\x80<\x00\x07\x80<\x00\x07\x80\x1e\x00\x07\x80\x1e\x00\x07\x80\x1e\x00\x0f\x00\x1e\x00\x0f\x00\x0f\x00\x0f\x00\x0f\x00\x1f\x00\x0f\x80\x1e\x00\x07\xc0<\x00\x03\xe0\xfc\x00\x01\xff\xf8\x00\x00\xff\xe0\x00\x00?\x80\x00\x00\x00\x00\x00\x00\x00\x00\x00\x00\x00\x00\x00\x00\x00\x00\x00\x00\x00\x00\x00\x00\x00\x00\x00\x00\x00\x00\x00\x00\x00\x00\x00\x00\x00\x00\x00\x00\x00\x00\x00\x00\x00\x00\x00\x00\x00\x00\x00\x1b',
  212:b'\x00\x00\x00\x00\x00\x0f\x00\x00\x00\x1f\x80\x00\x00;\xc0\x00\x00{\xe0\x00\x00\xf1\xf0\x00\x01\xe0\xf0\x00\x00\x00\x00\x00\x00\x00\x00\x00\x00?\x80\x00\x00\xff\xe0\x00\x01\xff\xf8\x00\x03\xe0\xfc\x00\x07\xc0<\x00\x0f\x80>\x00\x0f\x00\x1f\x00\x0f\x00\x0f\x00\x1e\x00\x0f\x00\x1e\x00\x0f\x00\x1e\x00\x07\x80\x1e\x00\x07\x80<\x00\x07\x80<\x00\x07\x80<\x00\x07\x80<\x00\x07\x80<\x00\x07\x80<\x00\x07\x80<\x00\x07\x80<\x00\x07\x80<\x00\x07\x80<\x00\x07\x80<\x00\x07\x80\x1e\x00\x07\x80\x1e\x00\x07\x80\x1e\x00\x0f\x00\x1e\x00\x0f\x00\x0f\x00\x0f\x00\x0f\x00\x1f\x00\x0f\x80\x1e\x00\x07\xc0<\x00\x03\xe0\xfc\x00\x01\xff\xf8\x00\x00\xff\xe0\x00\x00?\x80\x00\x00\x00\x00\x00\x00\x00\x00\x00\x00\x00\x00\x00\x00\x00\x00\x00\x00\x00\x00\x00\x00\x00\x00\x00\x00\x00\x00\x00\x00\x00\x00\x00\x00\x00\x00\x00\x00\x00\x00\x00\x00\x00\x00\x00\x00\x00\x00\x00\x1b',
  213:b'\x00\x00\x00\x00\x00\x00\x00\x00\x00<\x00\x00\x00\xff\x10\x00\x01\xff\xf8\x00\x01\xc7\xf0\x00\x00\x81\xe0\x00\x00\x00\x00\x00\x00\x00\x00\x00\x00?\x80\x00\x00\xff\xe0\x00\x01\xff\xf8\x00\x03\xe0\xfc\x00\x07\xc0<\x00\x0f\x80>\x00\x0f\x00\x1f\x00\x0f\x00\x0f\x00\x1e\x00\x0f\x00\x1e\x00\x0f\x00\x1e\x00\x07\x80\x1e\x00\x07\x80<\x00\x07\x80<\x00\x07\x80<\x00\x07\x80<\x00\x07\x80<\x00\x07\x80<\x00\x07\x80<\x00\x07\x80<\x00\x07\x80<\x00\x07\x80<\x00\x07\x80<\x00\x07\x80\x1e\x00\x07\x80\x1e\x00\x07\x80\x1e\x00\x0f\x00\x1e\x00\x0f\x00\x0f\x00\x0f\x00\x0f\x00\x1f\x00\x0f\x80\x1e\x00\x07\xc0<\x00\x03\xe0\xfc\x00\x01\xff\xf8\x00\x00\xff\xe0\x00\x00?\x80\x00\x00\x00\x00\x00\x00\x00\x00\x00\x00\x00\x00\x00\x00\x00\x00\x00\x00\x00\x00\x00\x00\x00\x00\x00\x00\x00\x00\x00\x00\x00\x00\x00\x00\x00\x00\x00\x00\x00\x00\x00\x00\x00\x00\x00\x00\x00\x00\x00\x1b',
  214:b'\x00\x00\x00\x00\x00\x00\x00\x00\x00\xe0\xe0\x00\x00\xf0\xf0\x00\x01\xf1\xf0\x00\x00\xf0\xf0\x00\x00\xe0\xe0\x00\x00\x00\x00\x00\x00\x00\x00\x00\x00?\x80\x00\x00\xff\xe0\x00\x01\xff\xf8\x00\x03\xe0\xfc\x00\x07\xc0<\x00\x0f\x80>\x00\x0f\x00\x1f\x00\x0f\x00\x0f\x00\x1e\x00\x0f\x00\x1e\x00\x0f\x00\x1e\x00\x07\x80\x1e\x00\x07\x80<\x00\x07\x80<\x00\x07\x80<\x00\x07\x80<\x00\x07\x80<\x00\x07\x80<\x00\x07\x80<\x00\x07\x80<\x00\x07\x80<\x00\x07\x80<\x00\x07\x80<\x00\x07\x80\x1e\x00\x07\x80\x1e\x00\x07\x80\x1e\x00\x0f\x00\x1e\x00\x0f\x00\x0f\x00\x0f\x00\x0f\x00\x1f\x00\x0f\x80\x1e\x00\x07\xc0<\x00\x03\xe0\xfc\x00\x01\xff\xf8\x00\x00\xff\xe0\x00\x00?\x80\x00\x00\x00\x00\x00\x00\x00\x00\x00\x00\x00\x00\x00\x00\x00\x00\x00\x00\x00\x00\x00\x00\x00\x00\x00\x00\x00\x00\x00\x00\x00\x00\x00\x00\x00\x00\x00\x00\x00\x00\x00\x00\x00\x00\x00\x00\x00\x00\x00\x1b',
  215:b'\x00\x00\x00\x00\x00\x00\x00\x00\x00\x00\x00\x00\x00\x00\x00\x00\x00\x00\x00\x00\x00\x00\x00\x00\x00\x00\x00\x00\x00\x00\x00\x00\x00\x00\x00\x00\x00\x00\x00\x00\x00\x00\x00\x00\x00\x00\x00\x00\x00\x00\x00\x00\x00\x00\x04\x01\x00\x0c\x03\x80\x1e\x07\xc0\x0f\x07\x80\x0f\x8f\x00\x07\xdf\x00\x03\xfe\x00\x01\xfc\x00\x00\xf8\x00\x00\xf8\x00\x01\xfc\x00\x03\xfe\x00\x07\xdf\x00\x0f\x8f\x00\x0f\x07\x80\x1e\x03\xc0\x0c\x03\x80\x04\x01\x00\x00\x00\x00\x00\x00\x00\x00\x00\x00\x00\x00\x00\x00\x00\x00\x00\x00\x00\x00\x00\x00\x00\x00\x00\x00\x00\x00\x00\x00\x00\x00\x00\x00\x00\x00\x00\x00\x00\x00\x00\x00\x00\x00\x00\x00\x00\x00\x00\x00\x00\x00\x00\x00\x00\x00\x00\x00\x00\x00\x00\x15',
  216:b'\x00\x00\x00\x00\x00\x00\x00\x00\x00\x00\x00\x00\x00\x00\x00\x00\x00\x00\x00\x00\x00\x00\x00\x00\x00\x00\x00\x00\x00\x00\x00\x00\x00\x00\x00\x00\x00?\x82\x00\x00\xff\xe7\x80\x01\xff\xff\x00\x03\xe0\xfe\x00\x07\xc0>\x00\x0f\x80>\x00\x0f\x00?\x00\x0f\x00?\x00\x1e\x00\x7f\x00\x1e\x00\x7f\x80\x1e\x00\xe7\x80\x1e\x00\xe7\x80<\x01\xc7\x80<\x03\xc7\x80<\x03\x87\x80<\x07\x87\x80<\x07\x07\x80<\x0e\x07\x80<\x0e\x07\x80<\x1c\x07\x80<<\x07\x80<8\x07\x80<x\x07\x80\x1ep\x07\x80\x1e\xe0\x07\x80\x1e\xe0\x0f\x00\x1f\xc0\x0f\x00\x1f\xc0\x0f\x00\x0f\x80\x1f\x00\x0f\x80\x1e\x00\x07\xc0<\x00\x0f\xe0\xfc\x00\x0f\xff\xf8\x00\x1c\xff\xe0\x00\x0c?\x80\x00\x00\x00\x00\x00\x00\x00\x00\x00\x00\x00\x00\x00\x00\x00\x00\x00\x00\x00\x00\x00\x00\x00\x00\x00\x00\x00\x00\x00\x00\x00\x00\x00\x00\x00\x00\x00\x00\x00\x00\x00\x00\x00\x00\x00\x00\x00\x00\x00\x1b',
  217:b'\x01\xf0\x00\x00\x01\xf8\x00\x00\x00|\x00\x00\x00<\x00\x00\x00\x1e\x00\x00\x00\x0f\x00\x00\x00\x00\x00\x00\x00\x00\x00\x00\x00\x00\x00\x00\x1e\x00\x1e\x00\x1e\x00\x1e\x00\x1e\x00\x1e\x00\x1e\x00\x1e\x00\x1e\x00\x1e\x00\x1e\x00\x1e\x00\x1e\x00\x1e\x00\x1e\x00\x1e\x00\x1e\x00\x1e\x00\x1e\x00\x1e\x00\x1e\x00\x1e\x00\x1e\x00\x1e\x00\x1e\x00\x1e\x00\x1e\x00\x1e\x00\x1e\x00\x1e\x00\x1e\x00\x1e\x00\x1e\x00\x1e\x00\x1e\x00\x1e\x00\x1e\x00\x1e\x00\x1e\x00\x1e\x00\x1e\x00\x1e\x00\x1e\x00\x1e\x00\x1e\x00\x1e\x00\x1e\x00\x1e\x00\x1e\x00\x1e\x00\x1e\x00\x1e\x00\x1e\x00\x1e\x00\x1e\x00\x1c\x00\x0f\x00<\x00\x0f\x00<\x00\x0f\x80|\x00\x07\xc0\xf8\x00\x03\xff\xf0\x00\x01\xff\xe0\x00\x00\x7f\x80\x00\x00\x00\x00\x00\x00\x00\x00\x00\x00\x00\x00\x00\x00\x00\x00\x00\x00\x00\x00\x00\x00\x00\x00\x00\x00\x00\x00\x00\x00\x00\x00\x00\x00\x00\x00\x00\x00\x00\x00\x00\x00\x00\x00\x00\x00\x00\x00\x00\x1a',
  218:b'\x00\x01\xf8\x00\x00\x03\xf0\x00\x00\x03\xe0\x00\x00\x07\x80\x00\x00\x0f\x00\x00\x00\x1e\x00\x00\x00\x00\x00\x00\x00\x00\x00\x00\x00\x00\x00\x00\x1e\x00\x1e\x00\x1e\x00\x1e\x00\x1e\x00\x1e\x00\x1e\x00\x1e\x00\x1e\x00\x1e\x00\x1e\x00\x1e\x00\x1e\x00\x1e\x00\x1e\x00\x1e\x00\x1e\x00\x1e\x00\x1e\x00\x1e\x00\x1e\x00\x1e\x00\x1e\x00\x1e\x00\x1e\x00\x1e\x00\x1e\x00\x1e\x00\x1e\x00\x1e\x00\x1e\x00\x1e\x00\x1e\x00\x1e\x00\x1e\x00\x1e\x00\x1e\x00\x1e\x00\x1e\x00\x1e\x00\x1e\x00\x1e\x00\x1e\x00\x1e\x00\x1e\x00\x1e\x00\x1e\x00\x1e\x00\x1e\x00\x1e\x00\x1e\x00\x1e\x00\x1e\x00\x1e\x00\x1e\x00\x1c\x00\x0f\x00<\x00\x0f\x00<\x00\x0f\x80|\x00\x07\xc0\xf8\x00\x03\xff\xf0\x00\x01\xff\xe0\x00\x00\x7f\x80\x00\x00\x00\x00\x00\x00\x00\x00\x00\x00\x00\x00\x00\x00\x00\x00\x00\x00\x00\x00\x00\x00\x00\x00\x00\x00\x00\x00\x00\x00\x00\x00\x00\x00\x00\x00\x00\x00\x00\x00\x00\x00\x00\x00\x00\x00\x00\x00\x00\x1a',
  219:b'\x00\x00\x00\x00\x00\x1e\x00\x00\x00?\x00\x00\x00\x7f\x80\x00\x00\xfb\xc0\x00\x01\xe1\xe0\x00\x01\xc0\xf0\x00\x00\x00\x00\x00\x00\x00\x00\x00\x1e\x00\x1e\x00\x1e\x00\x1e\x00\x1e\x00\x1e\x00\x1e\x00\x1e\x00\x1e\x00\x1e\x00\x1e\x00\x1e\x00\x1e\x00\x1e\x00\x1e\x00\x1e\x00\x1e\x00\x1e\x00\x1e\x00\x1e\x00\x1e\x00\x1e\x00\x1e\x00\x1e\x00\x1e\x00\x1e\x00\x1e\x00\x1e\x00\x1e\x00\x1e\x00\x1e\x00\x1e\x00\x1e\x00\x1e\x00\x1e\x00\x1e\x00\x1e\x00\x1e\x00\x1e\x00\x1e\x00\x1e\x00\x1e\x00\x1e\x00\x1e\x00\x1e\x00\x1e\x00\x1e\x00\x1e\x00\x1e\x00\x1e\x00\x1e\x00\x1e\x00\x1e\x00\x1e\x00\x1e\x00\x1c\x00\x0f\x00<\x00\x0f\x00<\x00\x0f\x80|\x00\x07\xc0\xf8\x00\x03\xff\xf0\x00\x01\xff\xe0\x00\x00\x7f\x80\x00\x00\x00\x00\x00\x00\x00\x00\x00\x00\x00\x00\x00\x00\x00\x00\x00\x00\x00\x00\x00\x00\x00\x00\x00\x00\x00\x00\x00\x00\x00\x00\x00\x00\x00\x00\x00\x00\x00\x00\x00\x00\x00\x00\x00\x00\x00\x00\x00\x1a',
  220:b'\x00\x00\x00\x00\x00\x00\x00\x00\x00\xe1\xc0\x00\x01\xe1\xe0\x00\x01\xe1\xe0\x00\x01\xe1\xe0\x00\x00\xe1\xc0\x00\x00\x00\x00\x00\x00\x00\x00\x00\x1e\x00\x1e\x00\x1e\x00\x1e\x00\x1e\x00\x1e\x00\x1e\x00\x1e\x00\x1e\x00\x1e\x00\x1e\x00\x1e\x00\x1e\x00\x1e\x00\x1e\x00\x1e\x00\x1e\x00\x1e\x00\x1e\x00\x1e\x00\x1e\x00\x1e\x00\x1e\x00\x1e\x00\x1e\x00\x1e\x00\x1e\x00\x1e\x00\x1e\x00\x1e\x00\x1e\x00\x1e\x00\x1e\x00\x1e\x00\x1e\x00\x1e\x00\x1e\x00\x1e\x00\x1e\x00\x1e\x00\x1e\x00\x1e\x00\x1e\x00\x1e\x00\x1e\x00\x1e\x00\x1e\x00\x1e\x00\x1e\x00\x1e\x00\x1e\x00\x1e\x00\x1e\x00\x1e\x00\x1e\x00\x1c\x00\x0f\x00<\x00\x0f\x00<\x00\x0f\x80|\x00\x07\xc0\xf8\x00\x03\xff\xf0\x00\x01\xff\xe0\x00\x00\x7f\x80\x00\x00\x00\x00\x00\x00\x00\x00\x00\x00\x00\x00\x00\x00\x00\x00\x00\x00\x00\x00\x00\x00\x00\x00\x00\x00\x00\x00\x00\x00\x00\x00\x00\x00\x00\x00\x00\x00\x00\x00\x00\x00\x00\x00\x00\x00\x00\x00\x00\x1a',
  221:b'\x00\x03\xe0\x00\x07\xc0\x00\x0f\x80\x00\x1f\x00\x00\x1e\x00\x008\x00\x00@\x00\x00\x00\x00\x00\x00\x00\xf8\x00>x\x00<|\x00x<\x00x>\x00x\x1e\x00\xf0\x1e\x00\xf0\x0f\x01\xe0\x0f\x01\xe0\x0f\x81\xc0\x07\x83\xc0\x07\x83\x80\x03\xc7\x80\x03\xc7\x80\x01\xe7\x00\x01\xef\x00\x00\xee\x00\x00\xee\x00\x00\xfc\x00\x00|\x00\x00|\x00\x008\x00\x008\x00\x008\x00\x008\x00\x008\x00\x008\x00\x008\x00\x008\x00\x008\x00\x008\x00\x008\x00\x008\x00\x008\x00\x008\x00\x00\x00\x00\x00\x00\x00\x00\x00\x00\x00\x00\x00\x00\x00\x00\x00\x00\x00\x00\x00\x00\x00\x00\x00\x00\x00\x00\x00\x00\x00\x00\x00\x00\x00\x00\x00\x17',
  222:b'\x00\x00\x00\x00\x00\x00\x00\x00\x00\x00\x00\x00\x00\x00\x00\x00\x00\x00\x00\x00\x00\x00\x00\x00\x00\x00\x00\x1e\x00\x00\x1e\x00\x00\x1e\x00\x00\x1e\x00\x00\x1f\xfc\x00\x1f\xff\x80\x1f\xff\xc0\x1e\x07\xe0\x1e\x01\xf0\x1e\x00\xf0\x1e\x00\xf8\x1e\x00x\x1e\x00x\x1e\x00x\x1e\x00x\x1e\x00x\x1e\x00x\x1e\x00x\x1e\x00x\x1e\x00\xf0\x1e\x00\xf0\x1e\x01\xf0\x1e\x07\xe0\x1f\xff\xc0\x1f\xff\x00\x1f\xfc\x00\x1e\x00\x00\x1e\x00\x00\x1e\x00\x00\x1e\x00\x00\x1e\x00\x00\x1e\x00\x00\x1e\x00\x00\x1e\x00\x00\x1e\x00\x00\x00\x00\x00\x00\x00\x00\x00\x00\x00\x00\x00\x00\x00\x00\x00\x00\x00\x00\x00\x00\x00\x00\x00\x00\x00\x00\x00\x00\x00\x00\x00\x00\x00\x00\x00\x00\x17',
  223:b'\x00\x00\x00\x00\x00\x00\x00\x00\x00\x00\x00\x00\x00\x00\x00\x00\x00\x00\x00\x00\x00\x00\x00\x00\x00\x00\x00\x00\xfe\x00\x03\xff\x80\x07\xff\xc0\x07\x83\xe0\x0f\x01\xe0\x0f\x01\xe0\x0f\x00\xe0\x0f\x00\xe0\x0f\x01\xe0\x0e\x03\xe0~\x07\xc0~\x07\x80~\x0f\x00\x0e\x1e\x00\x0e\x1c\x00\x0e\x1c\x00\x0e\x1e\x00\x0e\x1e\x00\x0e\x1f\x00\x0e\x0f\x80\x0e\x07\xe0\x0e\x03\xf0\x0e\x01\xf8\x0e\x00|\x0e\x00<\x0e\x00\x1e\x0e\x00\x1e\x0e\x00\x1e\x0e\x00\x1e\x0e\x00\x1e\x0e\x00<\x0e\x10|\x0e?\xf8\x0e?\xf0\x0e\x1f\xc0\x00\x00\x00\x00\x00\x00\x00\x00\x00\x00\x00\x00\x00\x00\x00\x00\x00\x00\x00\x00\x00\x00\x00\x00\x00\x00\x00\x00\x00\x00\x00\x00\x00\x00\x00\x00\x18',
  224:b'\x00\x00\x00\x00\x00\x00\x00\x00\x00\x00\x00\x00\x00\x00\x00\x00\x00\x00\x00\x00\x00\x00\x00\x00\x07\xc0\x00\x03\xc0\x00\x01\xe0\x00\x01\xe0\x00\x00\xe0\x00\x00p\x00\x000\x00\x00\x00\x00\x00\x00\x00\x00\x00\x00\x00\x00\x00\x03\xfc\x00\x1f\xfe\x00\x1f\xff\x00\x1e\x0f\x80\x10\x07\x80\x00\x07\x80\x00\x03\x80\x00\x03\x80\x00\x03\x80\x00\x03\x80\x00\x03\x80\x01\xff\x80\x0f\xff\x80\x1f\xff\x80?\x03\x80<\x03\x808\x03\x80x\x03\x80x\x03\x808\x07\x80<\x07\x80>\x1f\x80\x1f\xfb\x80\x1f\xf3\x80\x07\xe1\xc0\x00\x00\x00\x00\x00\x00\x00\x00\x00\x00\x00\x00\x00\x00\x00\x00\x00\x00\x00\x00\x00\x00\x00\x00\x00\x00\x00\x00\x00\x00\x00\x00\x00\x00\x00\x00\x14',
  225:b'\x00\x00\x00\x00\x00\x00\x00\x00\x00\x00\x00\x00\x00\x00\x00\x00\x00\x00\x00\x00\x00\x00\x00\x00\x00<\x00\x00x\x00\x00x\x00\x00p\x00\x00\xe0\x00\x00\xe0\x00\x00\xc0\x00\x01\x00\x00\x00\x00\x00\x00\x00\x00\x00\x00\x00\x03\xfc\x00\x1f\xfe\x00\x1f\xff\x00\x1e\x0f\x80\x10\x07\x80\x00\x07\x80\x00\x03\x80\x00\x03\x80\x00\x03\x80\x00\x03\x80\x00\x03\x80\x01\xff\x80\x0f\xff\x80\x1f\xff\x80?\x03\x80<\x03\x808\x03\x80x\x03\x80x\x03\x808\x07\x80<\x07\x80>\x1f\x80\x1f\xfb\x80\x1f\xf3\x80\x07\xe1\xc0\x00\x00\x00\x00\x00\x00\x00\x00\x00\x00\x00\x00\x00\x00\x00\x00\x00\x00\x00\x00\x00\x00\x00\x00\x00\x00\x00\x00\x00\x00\x00\x00\x00\x00\x00\x00\x14',
  226:b'\x00\x00\x00\x00\x00\x00\x00\x00\x00\x00\x00\x00\x00\x00\x00\x00\x00\x00\x00\x00\x00\x00p\x00\x00p\x00\x00\xf0\x00\x00\xf8\x00\x01\xd8\x00\x03\x9c\x00\x03\x9c\x00\x07\x0e\x00\x07\x0e\x00\x00\x01\x00\x00\x00\x00\x00\x00\x00\x03\xfc\x00\x1f\xfe\x00\x1f\xff\x00\x1e\x0f\x80\x10\x07\x80\x00\x07\x80\x00\x03\x80\x00\x03\x80\x00\x03\x80\x00\x03\x80\x00\x03\x80\x01\xff\x80\x0f\xff\x80\x1f\xff\x80?\x03\x80<\x03\x808\x03\x80x\x03\x80x\x03\x808\x07\x80<\x07\x80>\x1f\x80\x1f\xfb\x80\x1f\xf3\x80\x07\xe1\xc0\x00\x00\x00\x00\x00\x00\x00\x00\x00\x00\x00\x00\x00\x00\x00\x00\x00\x00\x00\x00\x00\x00\x00\x00\x00\x00\x00\x00\x00\x00\x00\x00\x00\x00\x00\x00\x14',
  227:b'\x00\x00\x00\x00\x00\x00\x00\x00\x00\x00\x00\x00\x00\x00\x00\x00\x00\x00\x00\x00\x00\x00\x00\x00\x00\x00\x00\x01\xc0\x00\x07\xf2\x00\x0f\xff\x00\x04~\x00\x00\x1c\x00\x00\x00\x00\x00\x00\x00\x00\x00\x00\x00\x00\x00\x00\x00\x00\x03\xfc\x00\x1f\xfe\x00\x1f\xff\x00\x1e\x0f\x80\x10\x07\x80\x00\x07\x80\x00\x03\x80\x00\x03\x80\x00\x03\x80\x00\x03\x80\x00\x03\x80\x01\xff\x80\x0f\xff\x80\x1f\xff\x80?\x03\x80<\x03\x808\x03\x80x\x03\x80x\x03\x808\x07\x80<\x07\x80>\x1f\x80\x1f\xfb\x80\x1f\xf3\x80\x07\xe1\xc0\x00\x00\x00\x00\x00\x00\x00\x00\x00\x00\x00\x00\x00\x00\x00\x00\x00\x00\x00\x00\x00\x00\x00\x00\x00\x00\x00\x00\x00\x00\x00\x00\x00\x00\x00\x00\x14',
  228:b'\x00\x00\x00\x00\x00\x00\x00\x00\x00\x00\x00\x00\x00\x00\x00\x00\x00\x00\x00\x00\x00\x00\x00\x00\x00\x00\x00\x06\x06\x00\x0f\x0f\x00\x0f\x0f\x00\x0f\x0f\x00\x06\x06\x00\x00\x00\x00\x00\x00\x00\x00\x00\x00\x00\x00\x00\x00\x00\x00\x03\xfc\x00\x1f\xfe\x00\x1f\xff\x00\x1e\x0f\x80\x10\x07\x80\x00\x07\x80\x00\x03\x80\x00\x03\x80\x00\x03\x80\x00\x03\x80\x00\x03\x80\x01\xff\x80\x0f\xff\x80\x1f\xff\x80?\x03\x80<\x03\x808\x03\x80x\x03\x80x\x03\x808\x07\x80<\x07\x80>\x1f\x80\x1f\xfb\x80\x1f\xf3\x80\x07\xe1\xc0\x00\x00\x00\x00\x00\x00\x00\x00\x00\x00\x00\x00\x00\x00\x00\x00\x00\x00\x00\x00\x00\x00\x00\x00\x00\x00\x00\x00\x00\x00\x00\x00\x00\x00\x00\x00\x14',
  229:b'\x00\x00\x00\x00\x00\x00\x00\x00\x00\x00\x00\x00\x00\x00\x00\x00\x00\x00\x00\x00\x00\x00\xf0\x00\x01\xf8\x00\x03\x9c\x00\x03\x0c\x00\x03\x0c\x00\x03\x1c\x00\x03\x9c\x00\x01\xf8\x00\x00\xf0\x00\x00\x00\x00\x00\x00\x00\x00\x00\x00\x03\xfc\x00\x1f\xfe\x00\x1f\xff\x00\x1e\x0f\x80\x10\x07\x80\x00\x07\x80\x00\x03\x80\x00\x03\x80\x00\x03\x80\x00\x03\x80\x00\x03\x80\x01\xff\x80\x0f\xff\x80\x1f\xff\x80?\x03\x80<\x03\x808\x03\x80x\x03\x80x\x03\x808\x07\x80<\x07\x80>\x1f\x80\x1f\xfb\x80\x1f\xf3\x80\x07\xe1\xc0\x00\x00\x00\x00\x00\x00\x00\x00\x00\x00\x00\x00\x00\x00\x00\x00\x00\x00\x00\x00\x00\x00\x00\x00\x00\x00\x00\x00\x00\x00\x00\x00\x00\x00\x00\x00\x14',
  230:b'\x00\x00\x00\x00\x00\x00\x00\x00\x00\x00\x00\x00\x00\x00\x00\x00\x00\x00\x00\x00\x00\x00\x00\x00\x00\x00\x00\x00\x00\x00\x00\x00\x00\x00\x00\x00\x00\x00\x00\x00\x00\x00\x00\x00\x00\x00\x00\x00\x00\x00\x00\x00\x00\x00\x00\x00\x00\x00\x00\x00\x00\x00\x00\x00\x00\x00\x00\x00\x00\x00\x00\x00\x00\x00\x00\x00\x03\xf8\x1f\xc0\x0f\xfe\x7f\xe0\x1f\xff\xff\xf0\x1e\x0f\xf0\xf8\x10\x07\xe0x\x00\x07\xc0<\x00\x03\xc0<\x00\x03\xc0<\x00\x03\x80\x1c\x00\x03\x80\x1c\x00\x03\xff\xfc\x01\xff\xff\xfc\x0f\xff\xff\xfc\x1f\xff\x80\x00?\x03\x80\x00<\x03\x80\x008\x03\x80\x00x\x03\xc0\x00x\x03\xc0\x008\x07\xc0\x00<\x0f\xe0\x10>\x1d\xf88\x1f\xfc\xff\xf8\x1f\xf8\x7f\xf0\x07\xe0\x1f\xc0\x00\x00\x00\x00\x00\x00\x00\x00\x00\x00\x00\x00\x00\x00\x00\x00\x00\x00\x00\x00\x00\x00\x00\x00\x00\x00\x00\x00\x00\x00\x00\x00\x00\x00\x00\x00\x00\x00\x00\x00\x00\x00\x00\x00\x00\x00\x00\x00 ',
  231:b'\x00\x00\x00\x00\x00\x00\x00\x00\x00\x00\x00\x00\x00\x00\x00\x00\x00\x00\x00\x00\x00\x00\x00\x00\x00\x00\x00\x00\x00\x00\x00\x00\x00\x00\x00\x00\x00\x00\x00\x00\x00\x00\x00\x00\x00\x00\x00\x00\x00\x00\x00\x00\x00\x00\x00\x00\x00\x00\xfe\x00\x03\xff\x00\x07\xff\x00\x0f\x83\x00\x1f\x00\x00\x1e\x00\x00\x1c\x00\x00<\x00\x00<\x00\x00<\x00\x00<\x00\x00<\x00\x00<\x00\x00<\x00\x00<\x00\x00<\x00\x00<\x00\x00<\x00\x00>\x00\x00\x1e\x00\x00\x1f\x00\x00\x0f\x83\x00\x0f\xff\x00\x07\xff\x80\x01\xfc\x00\x00p\x00\x00p\x00\x00\xf8\x00\x00\xfc\x00\x00<\x00\x00\x1e\x00\x00\x1e\x00\x00\x1c\x00\x00\xf8\x00\x01\xf0\x00\x00\x00\x00\x00\x00\x00\x12',
  232:b'\x00\x00\x00\x00\x00\x00\x00\x00\x00\x00\x00\x00\x00\x00\x00\x00\x00\x00\x00\x00\x00\x00\x00\x00\x03\xe0\x00\x01\xe0\x00\x01\xe0\x00\x00\xf0\x00\x00p\x00\x000\x00\x00\x18\x00\x00\x00\x00\x00\x00\x00\x00\x00\x00\x00\x00\x00\x00\xfc\x00\x03\xff\x00\x07\xff\x80\x0f\x87\x80\x1e\x03\xc0\x1e\x03\xc0\x1c\x01\xc0<\x01\xc0<\x01\xe0<\x01\xe0?\xff\xe0?\xff\xc0?\xff\xc0<\x00\x00<\x00\x00<\x00\x00<\x00\x00<\x00\x00\x1e\x00\x00\x1e\x00\x00\x1f\x00\x80\x0f\x81\x80\x07\xff\xc0\x03\xff\x80\x00\xfe\x00\x00\x00\x00\x00\x00\x00\x00\x00\x00\x00\x00\x00\x00\x00\x00\x00\x00\x00\x00\x00\x00\x00\x00\x00\x00\x00\x00\x00\x00\x00\x00\x00\x00\x00\x00\x00\x15',
  233:b'\x00\x00\x00\x00\x00\x00\x00\x00\x00\x00\x00\x00\x00\x00\x00\x00\x00\x00\x00\x00\x00\x00\x00\x00\x00\x1f\x00\x00\x1e\x00\x00\x1c\x00\x00<\x00\x008\x00\x000\x00\x00p\x00\x00\x00\x00\x00\x00\x00\x00\x00\x00\x00\x00\x00\x00\xfc\x00\x03\xff\x00\x07\xff\x80\x0f\x87\x80\x1e\x03\xc0\x1e\x03\xc0\x1c\x01\xc0<\x01\xc0<\x01\xe0<\x01\xe0?\xff\xe0?\xff\xc0?\xff\xc0<\x00\x00<\x00\x00<\x00\x00<\x00\x00<\x00\x00\x1e\x00\x00\x1e\x00\x00\x1f\x00\x80\x0f\x81\x80\x07\xff\xc0\x03\xff\x80\x00\xfe\x00\x00\x00\x00\x00\x00\x00\x00\x00\x00\x00\x00\x00\x00\x00\x00\x00\x00\x00\x00\x00\x00\x00\x00\x00\x00\x00\x00\x00\x00\x00\x00\x00\x00\x00\x00\x00\x15',
  234:b'\x00\x00\x00\x00\x00\x00\x00\x00\x00\x00\x00\x00\x00\x00\x00\x00\x00\x00\x00\x00\x00\x000\x00\x00p\x00\x00\xf8\x00\x00\xd8\x00\x01\xdc\x00\x01\xdc\x00\x03\x8e\x00\x03\x8e\x00\x07\x07\x00\x00\x00\x00\x00\x00\x00\x00\x00\x00\x00\xfc\x00\x03\xff\x00\x07\xff\x80\x0f\x87\x80\x1e\x03\xc0\x1e\x03\xc0\x1c\x01\xc0<\x01\xc0<\x01\xe0<\x01\xe0?\xff\xe0?\xff\xc0?\xff\xc0<\x00\x00<\x00\x00<\x00\x00<\x00\x00<\x00\x00\x1e\x00\x00\x1e\x00\x00\x1f\x00\x80\x0f\x81\x80\x07\xff\xc0\x03\xff\x80\x00\xfe\x00\x00\x00\x00\x00\x00\x00\x00\x00\x00\x00\x00\x00\x00\x00\x00\x00\x00\x00\x00\x00\x00\x00\x00\x00\x00\x00\x00\x00\x00\x00\x00\x00\x00\x00\x00\x00\x15',
  235:b'\x00\x00\x00\x00\x00\x00\x00\x00\x00\x00\x00\x00\x00\x00\x00\x00\x00\x00\x00\x00\x00\x00\x00\x00\x00\x00\x00\x07\x07\x00\x07\x87\x80\x07\x87\x80\x07\x87\x80\x07\x07\x00\x00\x00\x00\x00\x00\x00\x00\x00\x00\x00\x00\x00\x00\x00\x00\x00\xfc\x00\x03\xff\x00\x07\xff\x80\x0f\x87\x80\x1e\x03\xc0\x1e\x03\xc0\x1c\x01\xc0<\x01\xc0<\x01\xe0<\x01\xe0?\xff\xe0?\xff\xc0?\xff\xc0<\x00\x00<\x00\x00<\x00\x00<\x00\x00<\x00\x00\x1e\x00\x00\x1e\x00\x00\x1f\x00\x80\x0f\x81\x80\x07\xff\xc0\x03\xff\x80\x00\xfe\x00\x00\x00\x00\x00\x00\x00\x00\x00\x00\x00\x00\x00\x00\x00\x00\x00\x00\x00\x00\x00\x00\x00\x00\x00\x00\x00\x00\x00\x00\x00\x00\x00\x00\x00\x00\x00\x15',
  236:b'\x00\x00\x00\x00\x00\x00\x00\x00\x00\x00\x00\x00\x00\x00\x00\x00\xf8\x00x\x00x\x00<\x00\x1c\x00\x0c\x00\x06\x00\x00\x00\x00\x00\x00\x00\x00\x00\x0e\x00\x0e\x00\x0e\x00\x0e\x00\x0e\x00\x0e\x00\x0e\x00\x0e\x00\x0e\x00\x0e\x00\x0e\x00\x0e\x00\x0e\x00\x0e\x00\x0e\x00\x0e\x00\x0e\x00\x0e\x00\x0e\x00\x0e\x00\x0e\x00\x0e\x00\x0e\x00\x0e\x00\x0e\x00\x00\x00\x00\x00\x00\x00\x00\x00\x00\x00\x00\x00\x00\x00\x00\x00\x00\x00\x00\x00\x00\x00\x00\x00\x0b',
  237:b'\x00\x00\x00\x00\x00\x00\x00\x00\x00\x00\x00\x00\x00\x00\x00\x00\x03\xc0\x03\xc0\x07\x80\x07\x00\x07\x00\x0e\x00\x0c\x00\x00\x00\x00\x00\x00\x00\x00\x00\x0e\x00\x0e\x00\x0e\x00\x0e\x00\x0e\x00\x0e\x00\x0e\x00\x0e\x00\x0e\x00\x0e\x00\x0e\x00\x0e\x00\x0e\x00\x0e\x00\x0e\x00\x0e\x00\x0e\x00\x0e\x00\x0e\x00\x0e\x00\x0e\x00\x0e\x00\x0e\x00\x0e\x00\x0e\x00\x00\x00\x00\x00\x00\x00\x00\x00\x00\x00\x00\x00\x00\x00\x00\x00\x00\x00\x00\x00\x00\x00\x00\x00\x0b',
  238:b'\x00\x00\x00\x00\x00\x00\x00\x00\x00\x00\x00\x00\x00\x00\x0e\x00\x0e\x00\x1f\x00\x1b\x00;\x80;\x80q\xc0q\xc0\xe1\xe0\x00\x00\x00\x00\x00\x00\x0e\x00\x0e\x00\x0e\x00\x0e\x00\x0e\x00\x0e\x00\x0e\x00\x0e\x00\x0e\x00\x0e\x00\x0e\x00\x0e\x00\x0e\x00\x0e\x00\x0e\x00\x0e\x00\x0e\x00\x0e\x00\x0e\x00\x0e\x00\x0e\x00\x0e\x00\x0e\x00\x0e\x00\x0e\x00\x00\x00\x00\x00\x00\x00\x00\x00\x00\x00\x00\x00\x00\x00\x00\x00\x00\x00\x00\x00\x00\x00\x00\x00\x0b',
  239:b'\x00\x00\x00\x00\x00\x00\x00\x00\x00\x00\x00\x00\x00\x00\x00\x00\x00\x00pp\xf0\xf0\xf8\xf8\xf8\xf0pp\x00\x00\x00\x00\x00\x00\x00\x00\x00\x00\x07\x00\x07\x00\x07\x00\x07\x00\x07\x00\x07\x00\x07\x00\x07\x00\x07\x00\x07\x00\x07\x00\x07\x00\x07\x00\x07\x00\x07\x00\x07\x00\x07\x00\x07\x00\x07\x00\x07\x00\x07\x00\x07\x00\x07\x00\x07\x00\x07\x00\x00\x00\x00\x00\x00\x00\x00\x00\x00\x00\x00\x00\x00\x00\x00\x00\x00\x00\x00\x00\x00\x00\x00\x00\r',
  240:b'\x00\x00\x00\x00\x00\x00\x00\x00\x00\x00\x00\x00\x00\x00\x00\x00\x00\x00\x00\x00\x00\x00\x00\x00\x00\x00\x00\x00@\x00\x00p\x80\x00\xfb\xc0\x00\x7f\x80\x00\x1f\x00\x00?\x00\x00\xf7\x80\x00c\xc0\x00\x01\xc0\x00\x01\xe0\x00\xfc\xe0\x03\xff\xe0\x07\xff\xf0\x0f\x83\xf0\x0f\x00\xf0\x1e\x00p\x1e\x00p\x1c\x00p<\x00p<\x00p<\x00p<\x00p<\x00p<\x00p<\x00p<\x00p<\x00\xf0\x1c\x00\xf0\x1e\x00\xe0\x1e\x01\xe0\x0f\x01\xc0\x0f\x87\xc0\x07\xff\x80\x03\xff\x00\x00\xfc\x00\x00\x00\x00\x00\x00\x00\x00\x00\x00\x00\x00\x00\x00\x00\x00\x00\x00\x00\x00\x00\x00\x00\x00\x00\x00\x00\x00\x00\x00\x00\x00\x00\x00\x00\x00\x00\x17',
  241:b'\x00\x00\x00\x00\x00\x00\x00\x00\x00\x00\x00\x00\x00\x00\x00\x00\x00\x00\x00\x00\x00\x00\x00\x00\x00\x00\x00\x00\xe0\x00\x03\xf9\x00\x07\xff\x80\x02?\x00\x00\x0e\x00\x00\x00\x00\x00\x00\x00\x00\x00\x00\x00\x00\x00\x00\x00\x00\x1c?\x00\x1c\xff\x80\x1d\xff\xc0\x1f\x83\xe0\x1f\x01\xe0\x1e\x01\xe0\x1e\x01\xe0\x1e\x00\xe0\x1e\x00\xe0\x1e\x00\xe0\x1e\x00\xe0\x1e\x00\xe0\x1e\x00\xe0\x1e\x00\xe0\x1e\x00\xe0\x1e\x00\xe0\x1e\x00\xe0\x1e\x00\xe0\x1e\x00\xe0\x1e\x00\xe0\x1e\x00\xe0\x1e\x00\xe0\x1e\x00\xe0\x1e\x00\xe0\x1e\x00\xe0\x00\x00\x00\x00\x00\x00\x00\x00\x00\x00\x00\x00\x00\x00\x00\x00\x00\x00\x00\x00\x00\x00\x00\x00\x00\x00\x00\x00\x00\x00\x00\x00\x00\x00\x00\x00\x16',
  242:b'\x00\x00\x00\x00\x00\x00\x00\x00\x00\x00\x00\x00\x00\x00\x00\x00\x00\x00\x00\x00\x00\x00\x00\x00\x03\xc0\x00\x03\xe0\x00\x01\xe0\x00\x00\xe0\x00\x00p\x00\x00p\x00\x008\x00\x00\x00\x00\x00\x00\x00\x00\x00\x00\x00\x00\x00\x00\xfc\x00\x03\xff\x00\x07\xff\x80\x0f\x87\xc0\x1e\x03\xc0\x1e\x01\xe0\x1c\x01\xe0<\x01\xe0<\x00\xe0<\x00\xf0<\x00\xf0<\x00\xf0<\x00\xf0<\x00\xf0<\x00\xf0<\x00\xf0<\x00\xe0<\x01\xe0<\x01\xe0\x1e\x01\xe0\x1f\x03\xc0\x0f\x87\xc0\x0f\xff\x80\x03\xff\x00\x01\xfc\x00\x00\x00\x00\x00\x00\x00\x00\x00\x00\x00\x00\x00\x00\x00\x00\x00\x00\x00\x00\x00\x00\x00\x00\x00\x00\x00\x00\x00\x00\x00\x00\x00\x00\x00\x00\x00\x16',
  243:b'\x00\x00\x00\x00\x00\x00\x00\x00\x00\x00\x00\x00\x00\x00\x00\x00\x00\x00\x00\x00\x00\x00\x00\x00\x00\x1e\x00\x00\x1e\x00\x00<\x00\x00<\x00\x008\x00\x00p\x00\x00p\x00\x00\x00\x00\x00\x00\x00\x00\x00\x00\x00\x00\x00\x00\xfc\x00\x03\xff\x00\x07\xff\x80\x0f\x87\xc0\x1e\x03\xc0\x1e\x01\xe0\x1c\x01\xe0<\x01\xe0<\x00\xe0<\x00\xf0<\x00\xf0<\x00\xf0<\x00\xf0<\x00\xf0<\x00\xf0<\x00\xf0<\x00\xe0<\x01\xe0<\x01\xe0\x1e\x01\xe0\x1f\x03\xc0\x0f\x87\xc0\x0f\xff\x80\x03\xff\x00\x01\xfc\x00\x00\x00\x00\x00\x00\x00\x00\x00\x00\x00\x00\x00\x00\x00\x00\x00\x00\x00\x00\x00\x00\x00\x00\x00\x00\x00\x00\x00\x00\x00\x00\x00\x00\x00\x00\x00\x16',
  244:b'\x00\x00\x00\x00\x00\x00\x00\x00\x00\x00\x00\x00\x00\x00\x00\x00\x00\x00\x00\x00\x00\x000\x00\x00x\x00\x00x\x00\x00\xfc\x00\x00\xdc\x00\x01\xce\x00\x01\xce\x00\x03\x87\x00\x03\x87\x00\x04\x00\x80\x00\x00\x00\x00\x00\x00\x00\xfc\x00\x03\xff\x00\x07\xff\x80\x0f\x87\xc0\x1e\x03\xc0\x1e\x01\xe0\x1c\x01\xe0<\x01\xe0<\x00\xe0<\x00\xf0<\x00\xf0<\x00\xf0<\x00\xf0<\x00\xf0<\x00\xf0<\x00\xf0<\x00\xe0<\x01\xe0<\x01\xe0\x1e\x01\xe0\x1f\x03\xc0\x0f\x87\xc0\x0f\xff\x80\x03\xff\x00\x01\xfc\x00\x00\x00\x00\x00\x00\x00\x00\x00\x00\x00\x00\x00\x00\x00\x00\x00\x00\x00\x00\x00\x00\x00\x00\x00\x00\x00\x00\x00\x00\x00\x00\x00\x00\x00\x00\x00\x16',
  245:b'\x00\x00\x00\x00\x00\x00\x00\x00\x00\x00\x00\x00\x00\x00\x00\x00\x00\x00\x00\x00\x00\x00\x00\x00\x00\x00\x00\x01\xe0\x00\x03\xf1\x00\x07\xff\x80\x06?\x00\x00\x1e\x00\x00\x00\x00\x00\x00\x00\x00\x00\x00\x00\x00\x00\x00\x00\x00\x00\xfc\x00\x03\xff\x00\x07\xff\x80\x0f\x87\xc0\x1e\x03\xc0\x1e\x01\xe0\x1c\x01\xe0<\x01\xe0<\x00\xe0<\x00\xf0<\x00\xf0<\x00\xf0<\x00\xf0<\x00\xf0<\x00\xf0<\x00\xf0<\x00\xe0<\x01\xe0<\x01\xe0\x1e\x01\xe0\x1f\x03\xc0\x0f\x87\xc0\x0f\xff\x80\x03\xff\x00\x01\xfc\x00\x00\x00\x00\x00\x00\x00\x00\x00\x00\x00\x00\x00\x00\x00\x00\x00\x00\x00\x00\x00\x00\x00\x00\x00\x00\x00\x00\x00\x00\x00\x00\x00\x00\x00\x00\x00\x16',
  246:b'\x00\x00\x00\x00\x00\x00\x00\x00\x00\x00\x00\x00\x00\x00\x00\x00\x00\x00\x00\x00\x00\x00\x00\x00\x00\x00\x00\x07\x07\x00\x07\x87\x80\x07\x87\x80\x07\x87\x80\x07\x07\x00\x00\x00\x00\x00\x00\x00\x00\x00\x00\x00\x00\x00\x00\x00\x00\x00\xfc\x00\x03\xff\x00\x07\xff\x80\x0f\x87\xc0\x1e\x03\xc0\x1e\x01\xe0\x1c\x01\xe0<\x01\xe0<\x00\xe0<\x00\xf0<\x00\xf0<\x00\xf0<\x00\xf0<\x00\xf0<\x00\xf0<\x00\xf0<\x00\xe0<\x01\xe0<\x01\xe0\x1e\x01\xe0\x1f\x03\xc0\x0f\x87\xc0\x0f\xff\x80\x03\xff\x00\x01\xfc\x00\x00\x00\x00\x00\x00\x00\x00\x00\x00\x00\x00\x00\x00\x00\x00\x00\x00\x00\x00\x00\x00\x00\x00\x00\x00\x00\x00\x00\x00\x00\x00\x00\x00\x00\x00\x00\x16',
  247:b'\x00\x00\x00\x00\x00\x00\x00\x00\x00\x00\x00\x00\x00\x00\x00\x00\x00\x00\x00\x00\x00\x00\x00\x00\x00\x00\x00\x00\x00\x00\x00\x00\x00\x00\x00\x00\x00\x00\x00\x00\x00\x00\x00\x00\x00\x00\x00\x00\x00p\x00\x00\xf8\x00\x00\xf8\x00\x00\xf8\x00\x00\xf8\x00\x00p\x00\x00\x00\x00\x00\x00\x00\x00\x00\x00\x00\x00\x00?\xff\xe0?\xff\xe0?\xff\xe0\x00\x00\x00\x00\x00\x00\x00\x00\x00\x00\x00\x00\x00p\x00\x00\xf8\x00\x00\xf8\x00\x00\xf8\x00\x00\xf8\x00\x00p\x00\x00\x00\x00\x00\x00\x00\x00\x00\x00\x00\x00\x00\x00\x00\x00\x00\x00\x00\x00\x00\x00\x00\x00\x00\x00\x00\x00\x00\x00\x00\x00\x00\x00\x00\x00\x00\x00\x00\x00\x00\x00\x00\x00\x00\x00\x00\x00\x00\x00\x00\x00\x15',
  248:b'\x00\x00\x00\x00\x00\x00\x00\x00\x00\x00\x00\x00\x00\x00\x00\x00\x00\x00\x00\x00\x00\x00\x00\x00\x00\x00\x00\x00\x00\x00\x00\x00\x00\x00\x00\x00\x00\x00\x00\x00\x00\x00\x00\x00\x00\x00\x00\x00\x00\x00\x00\x00\x00\x00\x00\x00\x00\x00\xfc\xc0\x03\xff\xe0\x07\xff\xe0\x0f\x87\xc0\x1f\x03\xc0\x1e\x07\xe0\x1e\x07\xe0<\x0e\xe0<\x0e\xf0<\x1c\xf0<<\xf0<8\xf0<p\xf0<p\xf0<\xe0\xf0<\xc0\xf0=\xc0\xf0?\x80\xe0\x1f\x81\xe0\x1f\x01\xe0\x1f\x03\xc0\x0f\x87\xc0\x1f\xff\x80?\xff\x00\x08\xfc\x00\x00\x00\x00\x00\x00\x00\x00\x00\x00\x00\x00\x00\x00\x00\x00\x00\x00\x00\x00\x00\x00\x00\x00\x00\x00\x00\x00\x00\x00\x00\x00\x00\x00\x00\x00\x00\x16',
  249:b'\x00\x00\x00\x00\x00\x00\x00\x00\x00\x00\x00\x00\x00\x00\x00\x00\x00\x00\x00\x00\x00\x00\x00\x00\x03\xc0\x00\x03\xc0\x00\x01\xe0\x00\x00\xe0\x00\x00\xf0\x00\x00p\x00\x000\x00\x00\x00\x00\x00\x00\x00\x00\x00\x00\x00\x00\x00\x1c\x01\xe0\x1c\x01\xe0\x1c\x01\xe0\x1c\x01\xe0\x1c\x01\xe0\x1c\x01\xe0\x1c\x01\xe0\x1c\x01\xe0\x1c\x01\xe0\x1c\x01\xe0\x1c\x01\xe0\x1c\x01\xe0\x1c\x01\xe0\x1c\x01\xe0\x1c\x01\xe0\x1c\x01\xe0\x1c\x01\xe0\x1c\x01\xe0\x1c\x03\xe0\x1e\x03\xe0\x1e\x07\xe0\x1f\x0e\xe0\x0f\xfe\xe0\x07\xfc\xe0\x03\xf0`\x00\x00\x00\x00\x00\x00\x00\x00\x00\x00\x00\x00\x00\x00\x00\x00\x00\x00\x00\x00\x00\x00\x00\x00\x00\x00\x00\x00\x00\x00\x00\x00\x00\x00\x00\x00\x16',
  250:b'\x00\x00\x00\x00\x00\x00\x00\x00\x00\x00\x00\x00\x00\x00\x00\x00\x00\x00\x00\x00\x00\x00\x00\x00\x00\x1e\x00\x00\x1e\x00\x00<\x00\x00<\x00\x008\x00\x00p\x00\x00`\x00\x00\x00\x00\x00\x00\x00\x00\x00\x00\x00\x00\x00\x1c\x01\xe0\x1c\x01\xe0\x1c\x01\xe0\x1c\x01\xe0\x1c\x01\xe0\x1c\x01\xe0\x1c\x01\xe0\x1c\x01\xe0\x1c\x01\xe0\x1c\x01\xe0\x1c\x01\xe0\x1c\x01\xe0\x1c\x01\xe0\x1c\x01\xe0\x1c\x01\xe0\x1c\x01\xe0\x1c\x01\xe0\x1c\x01\xe0\x1c\x03\xe0\x1e\x03\xe0\x1e\x07\xe0\x1f\x0e\xe0\x0f\xfe\xe0\x07\xfc\xe0\x03\xf0`\x00\x00\x00\x00\x00\x00\x00\x00\x00\x00\x00\x00\x00\x00\x00\x00\x00\x00\x00\x00\x00\x00\x00\x00\x00\x00\x00\x00\x00\x00\x00\x00\x00\x00\x00\x00\x16',
  251:b'\x00\x00\x00\x00\x00\x00\x00\x00\x00\x00\x00\x00\x00\x00\x00\x00\x00\x00\x00\x00\x00\x000\x00\x00x\x00\x00x\x00\x00\xfc\x00\x00\xdc\x00\x01\xce\x00\x01\xce\x00\x03\x8f\x00\x07\x07\x00\x00\x00\x00\x00\x00\x00\x00\x00\x00\x1c\x01\xe0\x1c\x01\xe0\x1c\x01\xe0\x1c\x01\xe0\x1c\x01\xe0\x1c\x01\xe0\x1c\x01\xe0\x1c\x01\xe0\x1c\x01\xe0\x1c\x01\xe0\x1c\x01\xe0\x1c\x01\xe0\x1c\x01\xe0\x1c\x01\xe0\x1c\x01\xe0\x1c\x01\xe0\x1c\x01\xe0\x1c\x01\xe0\x1c\x03\xe0\x1e\x03\xe0\x1e\x07\xe0\x1f\x0e\xe0\x0f\xfe\xe0\x07\xfc\xe0\x03\xf0`\x00\x00\x00\x00\x00\x00\x00\x00\x00\x00\x00\x00\x00\x00\x00\x00\x00\x00\x00\x00\x00\x00\x00\x00\x00\x00\x00\x00\x00\x00\x00\x00\x00\x00\x00\x00\x16',
  252:b'\x00\x00\x00\x00\x00\x00\x00\x00\x00\x00\x00\x00\x00\x00\x00\x00\x00\x00\x00\x00\x00\x00\x00\x00\x00\x00\x00\x03\x07\x00\x07\x87\x80\x07\x87\x80\x07\x87\x80\x07\x07\x00\x00\x00\x00\x00\x00\x00\x00\x00\x00\x00\x00\x00\x00\x00\x00\x1c\x01\xe0\x1c\x01\xe0\x1c\x01\xe0\x1c\x01\xe0\x1c\x01\xe0\x1c\x01\xe0\x1c\x01\xe0\x1c\x01\xe0\x1c\x01\xe0\x1c\x01\xe0\x1c\x01\xe0\x1c\x01\xe0\x1c\x01\xe0\x1c\x01\xe0\x1c\x01\xe0\x1c\x01\xe0\x1c\x01\xe0\x1c\x01\xe0\x1c\x03\xe0\x1e\x03\xe0\x1e\x07\xe0\x1f\x0e\xe0\x0f\xfe\xe0\x07\xfc\xe0\x03\xf0`\x00\x00\x00\x00\x00\x00\x00\x00\x00\x00\x00\x00\x00\x00\x00\x00\x00\x00\x00\x00\x00\x00\x00\x00\x00\x00\x00\x00\x00\x00\x00\x00\x00\x00\x00\x00\x16',
  253:b'\x00\x00\x00\x00\x00\x00\x00\x00\x00\x00\x00\x00\x00\x00\x00\x00\x00\x00\x00\x00\x00\x00\x00\x00\x00\x1e\x00\x00>\x00\x00<\x00\x008\x00\x00p\x00\x00p\x00\x00`\x00\x00\x00\x00\x00\x00\x00\x00\x00\x00\x00\x00\x00\xf8\x01\xe0x\x01\xc0x\x03\xc0x\x03\xc0<\x03\x80<\x03\x80<\x07\x80\x1e\x07\x80\x1e\x07\x00\x1e\x07\x00\x0f\x0f\x00\x0f\x0f\x00\x0f\x0e\x00\x07\x0e\x00\x07\x8e\x00\x07\x9e\x00\x03\x9c\x00\x03\x9c\x00\x03\xdc\x00\x01\xd8\x00\x01\xf8\x00\x01\xf8\x00\x00\xf8\x00\x00\xf0\x00\x00\xf0\x00\x00\xf0\x00\x00\xf0\x00\x00\xe0\x00\x00\xe0\x00\x01\xe0\x00\x01\xc0\x00\x03\xc0\x00\x1f\x80\x00\x1f\x00\x00\x1e\x00\x00\x00\x00\x00\x00\x00\x00\x13',
  254:b'\x00\x00\x00\x00\x00\x00\x00\x00\x00\x00\x00\x00\x00\x00\x00\x00\x00\x00\x00\x00\x00\x00\x00\x00\x00\x00\x00\x1e\x00\x00\x1e\x00\x00\x1e\x00\x00\x1e\x00\x00\x1e\x00\x00\x1e\x00\x00\x1e\x00\x00\x1e\x00\x00\x1e\x00\x00\x1e\x00\x00\x1e~\x00\x1e\xff\x80\x1f\xff\xc0\x1f\x87\xc0\x1f\x03\xe0\x1e\x01\xe0\x1e\x01\xe0\x1e\x00\xf0\x1e\x00\xf0\x1e\x00\xf0\x1e\x00\xf0\x1e\x00\xf0\x1e\x00\xf0\x1e\x00\xf0\x1e\x00\xf0\x1e\x00\xf0\x1e\x00\xe0\x1e\x01\xe0\x1e\x01\xe0\x1e\x01\xe0\x1e\x03\xc0\x1f\x0f\x80\x1f\xff\x80\x1f\xfe\x00\x1f\xfc\x00\x1e\x00\x00\x1e\x00\x00\x1e\x00\x00\x1e\x00\x00\x1e\x00\x00\x1e\x00\x00\x1e\x00\x00\x1e\x00\x00\x1e\x00\x00\x1e\x00\x00\x00\x00\x00\x00\x00\x00\x16',
  255:b'\x00\x00\x00\x00\x00\x00\x00\x00\x00\x00\x00\x00\x00\x00\x00\x00\x00\x00\x00\x00\x00\x00\x00\x00\x00\x00\x00\x0e\x0e\x00\x1e\x1e\x00\x1f\x1f\x00\x1e\x1e\x00\x0e\x0e\x00\x00\x00\x00\x00\x00\x00\x00\x00\x00\x00\x00\x00\x00\x00\x00\xf8\x01\xe0x\x01\xc0x\x03\xc0x\x03\xc0<\x03\x80<\x03\x80<\x07\x80\x1e\x07\x80\x1e\x07\x00\x1e\x07\x00\x0f\x0f\x00\x0f\x0f\x00\x0f\x0e\x00\x07\x0e\x00\x07\x8e\x00\x07\x9e\x00\x03\x9c\x00\x03\x9c\x00\x03\xdc\x00\x01\xd8\x00\x01\xf8\x00\x01\xf8\x00\x00\xf8\x00\x00\xf0\x00\x00\xf0\x00\x00\xf0\x00\x00\xf0\x00\x00\xe0\x00\x00\xe0\x00\x01\xe0\x00\x01\xc0\x00\x03\xc0\x00\x1f\x80\x00\x1f\x00\x00\x1e\x00\x00\x00\x00\x00\x00\x00\x00\x13',
}

def get_ch(ch):
    c = ord(ch)
    if c not in _g.keys():
        return None, 0, 0
    return memoryview(_g[c]), 56, int(_g[c][-1])
